0 verbose cli C:\Program Files\nodejs\node.exe C:\Program Files\nodejs\node_modules\npm\bin\npm-cli.js
1 info using npm@11.16.0
2 info using node@v24.18.0
3 silly config load:file:C:\Program Files\nodejs\node_modules\npm\npmrc
4 silly config load:file:D:\Axion\dashboard\.npmrc
5 silly config load:file:C:\Users\ADMIN\.npmrc
6 silly config load:file:C:\Users\ADMIN\AppData\Roaming\npm\etc\npmrc
7 verbose title npm install
8 verbose argv "install" "--cache" ".npm-cache"
9 verbose logfile logs-max:10 dir:D:\Axion\dashboard\.npm-cache\_logs\2026-07-30T17_45_26_605Z-
10 verbose logfile D:\Axion\dashboard\.npm-cache\_logs\2026-07-30T17_45_26_605Z-debug-0.log
11 silly logfile done cleaning log files
12 silly packumentCache heap:4496293888 maxSize:1124073472 maxEntrySize:562036736
13 silly idealTree buildDeps
14 silly fetch manifest @xyflow/react@^12.8.2
15 silly packumentCache full:https://registry.npmjs.org/@xyflow%2freact cache-miss
16 http fetch GET 200 https://registry.npmjs.org/@xyflow%2freact 795ms (cache revalidated)
17 silly packumentCache full:https://registry.npmjs.org/@xyflow%2freact set size:268363 disposed:false
18 silly fetch manifest @types/react@^19.0.3
19 silly packumentCache full:https://registry.npmjs.org/@types%2freact cache-miss
20 http fetch GET 200 https://registry.npmjs.org/@types%2freact 62ms (cache revalidated)
21 silly packumentCache full:https://registry.npmjs.org/@types%2freact set size:2632776 disposed:false
22 silly fetch manifest @types/react-dom@^19.0.2
23 silly packumentCache full:https://registry.npmjs.org/@types%2freact-dom cache-miss
24 http fetch GET 200 https://registry.npmjs.org/@types%2freact-dom 44ms (cache revalidated)
25 silly packumentCache full:https://registry.npmjs.org/@types%2freact-dom set size:429026 disposed:false
26 silly fetch manifest react@^19.1.0
27 silly packumentCache full:https://registry.npmjs.org/react cache-miss
28 http fetch GET 200 https://registry.npmjs.org/react 65ms (cache revalidated)
29 silly packumentCache full:https://registry.npmjs.org/react set size:6849402 disposed:false
30 silly fetch manifest react-dom@^19.1.0
31 silly packumentCache full:https://registry.npmjs.org/react-dom cache-miss
32 http fetch GET 200 https://registry.npmjs.org/react-dom 109ms (cache revalidated)
33 silly packumentCache full:https://registry.npmjs.org/react-dom set size:9191033 disposed:false
34 silly fetch manifest framer-motion@^12.23.12
35 silly packumentCache full:https://registry.npmjs.org/framer-motion cache-miss
36 http fetch GET 200 https://registry.npmjs.org/framer-motion 119ms (cache revalidated)
37 silly packumentCache full:https://registry.npmjs.org/framer-motion set size:10035490 disposed:false
38 silly fetch manifest @emotion/is-prop-valid@*
39 silly packumentCache full:https://registry.npmjs.org/@emotion%2fis-prop-valid cache-miss
40 http fetch GET 200 https://registry.npmjs.org/@emotion%2fis-prop-valid 411ms (cache revalidated)
41 silly packumentCache full:https://registry.npmjs.org/@emotion%2fis-prop-valid set size:96539 disposed:false
42 silly fetch manifest lucide-react@^0.468.0
43 silly packumentCache full:https://registry.npmjs.org/lucide-react cache-miss
44 http fetch GET 200 https://registry.npmjs.org/lucide-react 146ms (cache revalidated)
45 silly packumentCache full:https://registry.npmjs.org/lucide-react set size:2302993 disposed:false
46 silly fetch manifest next@^15.4.4
47 silly packumentCache full:https://registry.npmjs.org/next cache-miss
48 http fetch GET 200 https://registry.npmjs.org/next 432ms (cache revalidated)
49 silly packumentCache full:https://registry.npmjs.org/next set size:31016633 disposed:false
50 silly fetch manifest @opentelemetry/api@^1.1.0
51 silly packumentCache full:https://registry.npmjs.org/@opentelemetry%2fapi cache-miss
52 http fetch GET 200 https://registry.npmjs.org/@opentelemetry%2fapi 302ms (cache revalidated)
53 silly packumentCache full:https://registry.npmjs.org/@opentelemetry%2fapi set size:272967 disposed:false
54 silly fetch manifest @playwright/test@^1.51.1
55 silly packumentCache full:https://registry.npmjs.org/@playwright%2ftest cache-miss
56 http fetch GET 200 https://registry.npmjs.org/@playwright%2ftest 370ms (cache revalidated)
57 silly packumentCache full:https://registry.npmjs.org/@playwright%2ftest set size:9387384 disposed:false
58 silly fetch manifest babel-plugin-react-compiler@*
59 silly packumentCache full:https://registry.npmjs.org/babel-plugin-react-compiler cache-miss
60 http fetch GET 200 https://registry.npmjs.org/babel-plugin-react-compiler 83ms (cache revalidated)
61 silly packumentCache full:https://registry.npmjs.org/babel-plugin-react-compiler set size:1356999 disposed:false
62 silly fetch manifest sass@^1.3.0
63 silly packumentCache full:https://registry.npmjs.org/sass cache-miss
64 http fetch GET 200 https://registry.npmjs.org/sass 79ms (cache revalidated)
65 silly packumentCache full:https://registry.npmjs.org/sass set size:743214 disposed:false
66 silly fetch manifest @eslint/eslintrc@^3.3.1
67 silly packumentCache full:https://registry.npmjs.org/@eslint%2feslintrc cache-miss
68 http fetch GET 200 https://registry.npmjs.org/@eslint%2feslintrc 87ms (cache revalidated)
69 silly packumentCache full:https://registry.npmjs.org/@eslint%2feslintrc set size:171352 disposed:false
70 silly fetch manifest @testing-library/jest-dom@^6.6.3
71 silly packumentCache full:https://registry.npmjs.org/@testing-library%2fjest-dom cache-miss
72 http fetch GET 200 https://registry.npmjs.org/@testing-library%2fjest-dom 435ms (cache revalidated)
73 silly packumentCache full:https://registry.npmjs.org/@testing-library%2fjest-dom set size:432748 disposed:false
74 silly fetch manifest @testing-library/react@^16.3.0
75 silly packumentCache full:https://registry.npmjs.org/@testing-library%2freact cache-miss
76 http fetch GET 200 https://registry.npmjs.org/@testing-library%2freact 187ms (cache revalidated)
77 silly packumentCache full:https://registry.npmjs.org/@testing-library%2freact set size:620176 disposed:false
78 silly fetch manifest @testing-library/dom@^10.0.0
79 silly packumentCache full:https://registry.npmjs.org/@testing-library%2fdom cache-miss
80 http fetch GET 200 https://registry.npmjs.org/@testing-library%2fdom 391ms (cache revalidated)
81 silly packumentCache full:https://registry.npmjs.org/@testing-library%2fdom set size:1097547 disposed:false
82 silly fetch manifest @types/node@^22.10.5
83 silly packumentCache full:https://registry.npmjs.org/@types%2fnode cache-miss
84 http fetch GET 200 https://registry.npmjs.org/@types%2fnode 166ms (cache revalidated)
85 silly packumentCache full:https://registry.npmjs.org/@types%2fnode set size:11084776 disposed:false
86 silly fetch manifest @vitejs/plugin-react@^4.3.4
87 silly packumentCache full:https://registry.npmjs.org/@vitejs%2fplugin-react cache-miss
88 http fetch GET 200 https://registry.npmjs.org/@vitejs%2fplugin-react 100ms (cache revalidated)
89 silly packumentCache full:https://registry.npmjs.org/@vitejs%2fplugin-react set size:276693 disposed:false
90 silly fetch manifest vite@^6.0.7
91 silly packumentCache full:https://registry.npmjs.org/vite cache-miss
92 http fetch GET 200 https://registry.npmjs.org/vite 839ms (cache revalidated)
93 silly packumentCache full:https://registry.npmjs.org/vite set size:38918610 disposed:false
94 silly fetch manifest jiti@>=1.21.0
95 silly packumentCache full:https://registry.npmjs.org/jiti cache-miss
96 http fetch GET 200 https://registry.npmjs.org/jiti 222ms (cache revalidated)
97 silly packumentCache full:https://registry.npmjs.org/jiti set size:387989 disposed:false
98 silly fetch manifest less@*
99 silly packumentCache full:https://registry.npmjs.org/less cache-miss
100 http fetch GET 200 https://registry.npmjs.org/less 143ms (cache revalidated)
101 silly packumentCache full:https://registry.npmjs.org/less set size:492138 disposed:false
102 silly fetch manifest lightningcss@^1.21.0
103 silly packumentCache full:https://registry.npmjs.org/lightningcss cache-miss
104 http fetch GET 200 https://registry.npmjs.org/lightningcss 129ms (cache revalidated)
105 silly packumentCache full:https://registry.npmjs.org/lightningcss set size:191065 disposed:false
106 silly fetch manifest sass@*
107 silly packumentCache full:https://registry.npmjs.org/sass cache-hit
108 silly fetch manifest sass-embedded@*
109 silly packumentCache full:https://registry.npmjs.org/sass-embedded cache-miss
110 http fetch GET 200 https://registry.npmjs.org/sass-embedded 186ms (cache revalidated)
111 silly packumentCache full:https://registry.npmjs.org/sass-embedded set size:419718 disposed:false
112 silly fetch manifest stylus@*
113 silly packumentCache full:https://registry.npmjs.org/stylus cache-miss
114 http fetch GET 200 https://registry.npmjs.org/stylus 259ms (cache revalidated)
115 silly packumentCache full:https://registry.npmjs.org/stylus set size:286766 disposed:false
116 silly fetch manifest sugarss@*
117 silly packumentCache full:https://registry.npmjs.org/sugarss cache-miss
118 http fetch GET 200 https://registry.npmjs.org/sugarss 135ms (cache revalidated)
119 silly packumentCache full:https://registry.npmjs.org/sugarss set size:44975 disposed:false
120 silly fetch manifest postcss@^8.4.49
121 silly packumentCache full:https://registry.npmjs.org/postcss cache-miss
122 http fetch GET 200 https://registry.npmjs.org/postcss 129ms (cache revalidated)
123 silly packumentCache full:https://registry.npmjs.org/postcss set size:756623 disposed:false
124 silly fetch manifest terser@^5.16.0
125 silly packumentCache full:https://registry.npmjs.org/terser cache-miss
126 http fetch GET 200 https://registry.npmjs.org/terser 183ms (cache revalidated)
127 silly packumentCache full:https://registry.npmjs.org/terser set size:806866 disposed:false
128 silly fetch manifest tsx@^4.8.1
129 silly packumentCache full:https://registry.npmjs.org/tsx cache-miss
130 http fetch GET 200 https://registry.npmjs.org/tsx 77ms (cache revalidated)
131 silly packumentCache full:https://registry.npmjs.org/tsx set size:312195 disposed:false
132 silly fetch manifest yaml@^2.4.2
133 silly packumentCache full:https://registry.npmjs.org/yaml cache-miss
134 http fetch GET 200 https://registry.npmjs.org/yaml 91ms (cache revalidated)
135 silly packumentCache full:https://registry.npmjs.org/yaml set size:385754 disposed:false
136 silly fetch manifest autoprefixer@^10.4.20
137 silly packumentCache full:https://registry.npmjs.org/autoprefixer cache-miss
138 http fetch GET 200 https://registry.npmjs.org/autoprefixer 335ms (cache revalidated)
139 silly packumentCache full:https://registry.npmjs.org/autoprefixer set size:1366815 disposed:false
140 silly fetch manifest eslint@^9.17.0
141 silly packumentCache full:https://registry.npmjs.org/eslint cache-miss
142 http fetch GET 200 https://registry.npmjs.org/eslint 140ms (cache revalidated)
143 silly packumentCache full:https://registry.npmjs.org/eslint set size:2040662 disposed:false
144 silly fetch manifest jiti@*
145 silly packumentCache full:https://registry.npmjs.org/jiti cache-hit
146 silly fetch manifest eslint-config-next@^15.4.4
147 silly packumentCache full:https://registry.npmjs.org/eslint-config-next cache-miss
148 http fetch GET 200 https://registry.npmjs.org/eslint-config-next 244ms (cache revalidated)
149 silly packumentCache full:https://registry.npmjs.org/eslint-config-next set size:6981957 disposed:false
150 silly fetch manifest typescript@^5.7.2
151 silly packumentCache full:https://registry.npmjs.org/typescript cache-miss
152 http fetch GET 200 https://registry.npmjs.org/typescript 267ms (cache revalidated)
153 silly packumentCache full:https://registry.npmjs.org/typescript set size:15493019 disposed:false
154 silly fetch manifest jsdom@^25.0.1
155 silly packumentCache full:https://registry.npmjs.org/jsdom cache-miss
156 http fetch GET 200 https://registry.npmjs.org/jsdom 112ms (cache revalidated)
157 silly packumentCache full:https://registry.npmjs.org/jsdom set size:1074418 disposed:false
158 silly fetch manifest canvas@^2.11.2
159 silly packumentCache full:https://registry.npmjs.org/canvas cache-miss
160 http fetch GET 200 https://registry.npmjs.org/canvas 74ms (cache revalidated)
161 silly packumentCache full:https://registry.npmjs.org/canvas set size:346176 disposed:false
162 silly fetch manifest tailwindcss@^3.4.17
163 silly packumentCache full:https://registry.npmjs.org/tailwindcss cache-miss
164 http fetch GET 200 https://registry.npmjs.org/tailwindcss 257ms (cache revalidated)
165 silly packumentCache full:https://registry.npmjs.org/tailwindcss set size:10785871 disposed:false
166 silly fetch manifest vitest@^2.1.8
167 silly packumentCache full:https://registry.npmjs.org/vitest cache-miss
168 http fetch GET 200 https://registry.npmjs.org/vitest 182ms (cache revalidated)
169 silly packumentCache full:https://registry.npmjs.org/vitest set size:2224337 disposed:false
170 silly fetch manifest @edge-runtime/vm@*
171 silly packumentCache full:https://registry.npmjs.org/@edge-runtime%2fvm cache-miss
172 http fetch GET 200 https://registry.npmjs.org/@edge-runtime%2fvm 137ms (cache revalidated)
173 silly packumentCache full:https://registry.npmjs.org/@edge-runtime%2fvm set size:269934 disposed:false
174 silly fetch manifest @vitest/browser@2.1.9
175 silly packumentCache full:https://registry.npmjs.org/@vitest%2fbrowser cache-miss
176 http fetch GET 200 https://registry.npmjs.org/@vitest%2fbrowser 83ms (cache revalidated)
177 silly packumentCache full:https://registry.npmjs.org/@vitest%2fbrowser set size:786640 disposed:false
178 silly fetch manifest playwright@*
179 silly packumentCache full:https://registry.npmjs.org/playwright cache-miss
180 http fetch GET 200 https://registry.npmjs.org/playwright 216ms (cache revalidated)
181 silly packumentCache full:https://registry.npmjs.org/playwright set size:16583480 disposed:false
182 silly fetch manifest webdriverio@*
183 silly packumentCache full:https://registry.npmjs.org/webdriverio cache-miss
184 http fetch GET 200 https://registry.npmjs.org/webdriverio 284ms (cache revalidated)
185 silly packumentCache full:https://registry.npmjs.org/webdriverio set size:3144295 disposed:false
186 silly fetch manifest puppeteer-core@>=22.x || <=24.x
187 silly packumentCache full:https://registry.npmjs.org/puppeteer-core cache-miss
188 http fetch GET 200 https://registry.npmjs.org/puppeteer-core 151ms (cache revalidated)
189 silly packumentCache full:https://registry.npmjs.org/puppeteer-core set size:1554071 disposed:false
190 silly fetch manifest @vitest/ui@2.1.9
191 silly packumentCache full:https://registry.npmjs.org/@vitest%2fui cache-miss
192 http fetch GET 200 https://registry.npmjs.org/@vitest%2fui 220ms (cache revalidated)
193 silly packumentCache full:https://registry.npmjs.org/@vitest%2fui set size:1275474 disposed:false
194 silly fetch manifest happy-dom@*
195 silly packumentCache full:https://registry.npmjs.org/happy-dom cache-miss
196 http fetch GET 200 https://registry.npmjs.org/happy-dom 88ms (cache revalidated)
197 silly packumentCache full:https://registry.npmjs.org/happy-dom set size:2478647 disposed:false
198 silly placeDep ROOT @eslint/eslintrc@3.3.6 OK for: axion-skilltree-dashboard@1.0.0 want: ^3.3.1
199 silly placeDep ROOT @testing-library/jest-dom@6.9.1 OK for: axion-skilltree-dashboard@1.0.0 want: ^6.6.3
200 silly placeDep ROOT @testing-library/react@16.3.2 OK for: axion-skilltree-dashboard@1.0.0 want: ^16.3.0
201 silly placeDep ROOT @testing-library/dom@10.4.1 OK for: @testing-library/react@16.3.2 want: ^10.0.0
202 silly placeDep ROOT react@19.2.8 OK for: @testing-library/react@16.3.2 want: ^18.0.0 || ^19.0.0
203 silly placeDep ROOT react-dom@19.2.8 OK for: @testing-library/react@16.3.2 want: ^18.0.0 || ^19.0.0
204 silly placeDep ROOT @types/node@22.20.1 OK for: axion-skilltree-dashboard@1.0.0 want: ^22.10.5
205 silly placeDep ROOT @types/react@19.2.17 OK for: axion-skilltree-dashboard@1.0.0 want: ^19.0.3
206 silly placeDep ROOT @types/react-dom@19.2.3 OK for: axion-skilltree-dashboard@1.0.0 want: ^19.0.2
207 silly placeDep ROOT @vitejs/plugin-react@4.7.0 OK for: axion-skilltree-dashboard@1.0.0 want: ^4.3.4
208 silly placeDep ROOT vite@6.4.3 OK for: @vitejs/plugin-react@4.7.0 want: ^4.2.0 || ^5.0.0 || ^6.0.0 || ^7.0.0
209 silly placeDep ROOT @xyflow/react@12.11.2 OK for: axion-skilltree-dashboard@1.0.0 want: ^12.8.2
210 silly placeDep ROOT autoprefixer@10.5.4 OK for: axion-skilltree-dashboard@1.0.0 want: ^10.4.20
211 silly placeDep ROOT postcss@8.5.25 OK for: autoprefixer@10.5.4 want: ^8.1.0
212 silly placeDep ROOT eslint@9.39.5 OK for: axion-skilltree-dashboard@1.0.0 want: ^9.17.0
213 silly placeDep ROOT eslint-config-next@15.5.22 OK for: axion-skilltree-dashboard@1.0.0 want: ^15.4.4
214 silly placeDep ROOT framer-motion@12.43.0 OK for: axion-skilltree-dashboard@1.0.0 want: ^12.23.12
215 silly placeDep ROOT jsdom@25.0.1 OK for: axion-skilltree-dashboard@1.0.0 want: ^25.0.1
216 silly placeDep ROOT lucide-react@0.468.0 OK for: axion-skilltree-dashboard@1.0.0 want: ^0.468.0
217 silly placeDep ROOT next@15.5.22 OK for: axion-skilltree-dashboard@1.0.0 want: ^15.4.4
218 silly placeDep ROOT tailwindcss@3.4.19 OK for: axion-skilltree-dashboard@1.0.0 want: ^3.4.17
219 silly placeDep ROOT typescript@5.9.3 OK for: axion-skilltree-dashboard@1.0.0 want: ^5.7.2
220 silly placeDep ROOT vitest@2.1.9 OK for: axion-skilltree-dashboard@1.0.0 want: ^2.1.8
221 silly fetch manifest ajv@^6.14.0
222 silly packumentCache full:https://registry.npmjs.org/ajv cache-miss
223 silly fetch manifest debug@^4.3.2
224 silly packumentCache full:https://registry.npmjs.org/debug cache-miss
225 silly fetch manifest espree@^10.0.1
226 silly packumentCache full:https://registry.npmjs.org/espree cache-miss
227 silly fetch manifest globals@^14.0.0
228 silly packumentCache full:https://registry.npmjs.org/globals cache-miss
229 silly fetch manifest ignore@^5.2.0
230 silly packumentCache full:https://registry.npmjs.org/ignore cache-miss
231 silly fetch manifest import-fresh@^3.2.1
232 silly packumentCache full:https://registry.npmjs.org/import-fresh cache-miss
233 silly fetch manifest js-yaml@^4.3.0
234 silly packumentCache full:https://registry.npmjs.org/js-yaml cache-miss
235 silly fetch manifest minimatch@^3.1.5
236 silly packumentCache full:https://registry.npmjs.org/minimatch cache-miss
237 silly fetch manifest strip-json-comments@^3.1.1
238 silly packumentCache full:https://registry.npmjs.org/strip-json-comments cache-miss
239 silly fetch manifest redent@^3.0.0
240 silly packumentCache full:https://registry.npmjs.org/redent cache-miss
241 silly fetch manifest aria-query@^5.0.0
242 silly packumentCache full:https://registry.npmjs.org/aria-query cache-miss
243 http fetch GET 200 https://registry.npmjs.org/ignore 1188ms (cache revalidated)
244 silly packumentCache full:https://registry.npmjs.org/ignore set size:240910 disposed:false
245 silly fetch manifest css.escape@^1.5.1
246 silly packumentCache full:https://registry.npmjs.org/css.escape cache-miss
247 http fetch GET 200 https://registry.npmjs.org/espree 1231ms (cache revalidated)
248 silly packumentCache full:https://registry.npmjs.org/espree set size:326080 disposed:false
249 silly fetch manifest picocolors@^1.1.1
250 silly packumentCache full:https://registry.npmjs.org/picocolors cache-miss
251 http fetch GET 200 https://registry.npmjs.org/debug 1292ms (cache revalidated)
252 silly packumentCache full:https://registry.npmjs.org/debug set size:195840 disposed:false
253 silly fetch manifest @adobe/css-tools@^4.4.0
254 silly packumentCache full:https://registry.npmjs.org/@adobe%2fcss-tools cache-miss
255 http fetch GET 200 https://registry.npmjs.org/globals 1343ms (cache revalidated)
256 silly packumentCache full:https://registry.npmjs.org/globals set size:323528 disposed:false
257 silly fetch manifest dom-accessibility-api@^0.6.3
258 silly packumentCache full:https://registry.npmjs.org/dom-accessibility-api cache-miss
259 http fetch GET 200 https://registry.npmjs.org/minimatch 1362ms (cache revalidated)
260 silly packumentCache full:https://registry.npmjs.org/minimatch set size:377924 disposed:false
261 silly fetch manifest @babel/runtime@^7.12.5
262 silly packumentCache full:https://registry.npmjs.org/@babel%2fruntime cache-miss
263 http fetch GET 200 https://registry.npmjs.org/import-fresh 1453ms (cache revalidated)
264 silly packumentCache full:https://registry.npmjs.org/import-fresh set size:24604 disposed:false
265 silly fetch manifest scheduler@^0.27.0
266 silly packumentCache full:https://registry.npmjs.org/scheduler cache-miss
267 http fetch GET 200 https://registry.npmjs.org/js-yaml 1463ms (cache revalidated)
268 silly packumentCache full:https://registry.npmjs.org/js-yaml set size:175381 disposed:false
269 silly fetch manifest lz-string@^1.5.0
270 silly packumentCache full:https://registry.npmjs.org/lz-string cache-miss
271 http fetch GET 200 https://registry.npmjs.org/aria-query 1463ms (cache revalidated)
272 silly packumentCache full:https://registry.npmjs.org/aria-query set size:98864 disposed:false
273 silly fetch manifest aria-query@5.3.0
274 silly packumentCache full:https://registry.npmjs.org/aria-query cache-hit
275 silly fetch manifest picocolors@1.1.1
276 silly packumentCache full:https://registry.npmjs.org/picocolors cache-miss
277 http fetch GET 200 https://registry.npmjs.org/strip-json-comments 1507ms (cache revalidated)
278 silly packumentCache full:https://registry.npmjs.org/strip-json-comments set size:43569 disposed:false
279 silly fetch manifest pretty-format@^27.0.2
280 silly packumentCache full:https://registry.npmjs.org/pretty-format cache-miss
281 http fetch GET 200 https://registry.npmjs.org/ajv 1595ms (cache revalidated)
282 silly packumentCache full:https://registry.npmjs.org/ajv set size:1142658 disposed:false
283 silly fetch manifest @babel/runtime@^7.12.5
284 silly packumentCache full:https://registry.npmjs.org/@babel%2fruntime cache-miss
285 http fetch GET 200 https://registry.npmjs.org/redent 1617ms (cache revalidated)
286 silly packumentCache full:https://registry.npmjs.org/redent set size:10478 disposed:false
287 silly fetch manifest @babel/code-frame@^7.10.4
288 silly packumentCache full:https://registry.npmjs.org/@babel%2fcode-frame cache-miss
289 http fetch GET 200 https://registry.npmjs.org/picocolors 598ms (cache revalidated)
290 silly packumentCache full:https://registry.npmjs.org/picocolors set size:16648 disposed:false
291 silly fetch manifest @types/aria-query@^5.0.1
292 silly packumentCache full:https://registry.npmjs.org/@types%2faria-query cache-miss
293 http fetch GET 200 https://registry.npmjs.org/dom-accessibility-api 514ms (cache revalidated)
294 silly packumentCache full:https://registry.npmjs.org/dom-accessibility-api set size:175425 disposed:false
295 silly fetch manifest dom-accessibility-api@^0.5.9
296 silly packumentCache full:https://registry.npmjs.org/dom-accessibility-api cache-hit
297 silly fetch manifest undici-types@~6.21.0
298 silly packumentCache full:https://registry.npmjs.org/undici-types cache-miss
299 http fetch GET 200 https://registry.npmjs.org/@babel%2fruntime 575ms (cache revalidated)
300 silly packumentCache full:https://registry.npmjs.org/@babel%2fruntime set size:3471810 disposed:false
301 silly fetch manifest csstype@^3.2.2
302 silly packumentCache full:https://registry.npmjs.org/csstype cache-miss
303 http fetch GET 200 https://registry.npmjs.org/picocolors 693ms (cache revalidated)
304 silly packumentCache full:https://registry.npmjs.org/picocolors set size:16648 disposed:false
305 silly packumentCache full:https://registry.npmjs.org/picocolors dispose
306 silly fetch manifest @babel/core@^7.28.0
307 silly packumentCache full:https://registry.npmjs.org/@babel%2fcore cache-miss
308 http fetch GET 200 https://registry.npmjs.org/pretty-format 707ms (cache revalidated)
309 silly packumentCache full:https://registry.npmjs.org/pretty-format set size:598313 disposed:false
310 silly fetch manifest react-refresh@^0.17.0
311 silly packumentCache full:https://registry.npmjs.org/react-refresh cache-miss
312 http fetch GET 200 https://registry.npmjs.org/@babel%2fruntime 699ms (cache revalidated)
313 silly packumentCache full:https://registry.npmjs.org/@babel%2fruntime set size:3471810 disposed:false
314 silly fetch manifest @types/babel__core@^7.20.5
315 silly packumentCache full:https://registry.npmjs.org/@types%2fbabel__core cache-miss
316 http fetch GET 200 https://registry.npmjs.org/scheduler 1110ms (cache revalidated)
317 silly packumentCache full:https://registry.npmjs.org/scheduler set size:5655610 disposed:false
318 silly fetch manifest @rolldown/pluginutils@1.0.0-beta.27
319 silly packumentCache full:https://registry.npmjs.org/@rolldown%2fpluginutils cache-miss
320 http fetch GET 200 https://registry.npmjs.org/@babel%2fcode-frame 1175ms (cache revalidated)
321 silly packumentCache full:https://registry.npmjs.org/@babel%2fcode-frame set size:206617 disposed:false
322 silly fetch manifest @babel/plugin-transform-react-jsx-self@^7.27.1
323 silly packumentCache full:https://registry.npmjs.org/@babel%2fplugin-transform-react-jsx-self cache-miss
324 http fetch GET 200 https://registry.npmjs.org/css.escape 1704ms (cache revalidated)
325 silly packumentCache full:https://registry.npmjs.org/css.escape set size:18160 disposed:false
326 silly fetch manifest @babel/plugin-transform-react-jsx-source@^7.27.1
327 silly packumentCache full:https://registry.npmjs.org/@babel%2fplugin-transform-react-jsx-source cache-miss
328 http fetch GET 200 https://registry.npmjs.org/@adobe%2fcss-tools 1609ms (cache revalidated)
329 silly packumentCache full:https://registry.npmjs.org/@adobe%2fcss-tools set size:93694 disposed:false
330 silly fetch manifest fdir@^6.4.4
331 silly packumentCache full:https://registry.npmjs.org/fdir cache-miss
332 http fetch GET 200 https://registry.npmjs.org/lz-string 1441ms (cache revalidated)
333 silly packumentCache full:https://registry.npmjs.org/lz-string set size:16381 disposed:false
334 silly fetch manifest rollup@^4.34.9
335 silly packumentCache full:https://registry.npmjs.org/rollup cache-miss
336 http fetch GET 200 https://registry.npmjs.org/@types%2faria-query 1256ms (cache revalidated)
337 silly packumentCache full:https://registry.npmjs.org/@types%2faria-query set size:21095 disposed:false
338 silly fetch manifest esbuild@^0.25.0
339 silly packumentCache full:https://registry.npmjs.org/esbuild cache-miss
340 http fetch GET 200 https://registry.npmjs.org/csstype 1026ms (cache revalidated)
341 silly packumentCache full:https://registry.npmjs.org/csstype set size:274189 disposed:false
342 silly fetch manifest postcss@^8.5.3
343 silly packumentCache full:https://registry.npmjs.org/postcss cache-hit
344 silly fetch manifest picomatch@^4.0.2
345 silly packumentCache full:https://registry.npmjs.org/picomatch cache-miss
346 http fetch GET 200 https://registry.npmjs.org/@types%2fbabel__core 796ms (cache revalidated)
347 silly packumentCache full:https://registry.npmjs.org/@types%2fbabel__core set size:88676 disposed:false
348 silly fetch manifest tinyglobby@^0.2.13
349 silly packumentCache full:https://registry.npmjs.org/tinyglobby cache-miss
350 http fetch GET 200 https://registry.npmjs.org/@rolldown%2fpluginutils 599ms (cache revalidated)
351 silly packumentCache full:https://registry.npmjs.org/@rolldown%2fpluginutils set size:300388 disposed:false
352 silly fetch manifest fsevents@~2.3.3
353 silly packumentCache full:https://registry.npmjs.org/fsevents cache-miss
354 http fetch GET 200 https://registry.npmjs.org/@babel%2fplugin-transform-react-jsx-self 559ms (cache revalidated)
355 silly packumentCache full:https://registry.npmjs.org/@babel%2fplugin-transform-react-jsx-self set size:200274 disposed:false
356 silly fetch manifest classcat@^5.0.3
357 silly packumentCache full:https://registry.npmjs.org/classcat cache-miss
358 http fetch GET 200 https://registry.npmjs.org/fdir 537ms (cache revalidated)
359 silly packumentCache full:https://registry.npmjs.org/fdir set size:136182 disposed:false
360 silly fetch manifest zustand@^4.4.0
361 silly packumentCache full:https://registry.npmjs.org/zustand cache-miss
362 http fetch GET 200 https://registry.npmjs.org/rollup 571ms (cache revalidated)
363 silly packumentCache full:https://registry.npmjs.org/rollup set size:6266245 disposed:false
364 silly fetch manifest @xyflow/system@0.0.79
365 silly packumentCache full:https://registry.npmjs.org/@xyflow%2fsystem cache-miss
366 http fetch GET 200 https://registry.npmjs.org/@babel%2fplugin-transform-react-jsx-source 752ms (cache revalidated)
367 silly packumentCache full:https://registry.npmjs.org/@babel%2fplugin-transform-react-jsx-source set size:205288 disposed:false
368 silly fetch manifest fraction.js@^5.3.4
369 silly packumentCache full:https://registry.npmjs.org/fraction.js cache-miss
370 http fetch GET 200 https://registry.npmjs.org/@babel%2fcore 1642ms (cache revalidated)
371 silly packumentCache full:https://registry.npmjs.org/@babel%2fcore set size:788273 disposed:false
372 silly fetch manifest browserslist@^4.28.6
373 silly packumentCache full:https://registry.npmjs.org/browserslist cache-miss
374 http fetch GET 200 https://registry.npmjs.org/react-refresh 1682ms (cache revalidated)
375 silly packumentCache full:https://registry.npmjs.org/react-refresh set size:6502470 disposed:false
376 silly fetch manifest caniuse-lite@^1.0.30001806
377 silly packumentCache full:https://registry.npmjs.org/caniuse-lite cache-miss
378 http fetch GET 200 https://registry.npmjs.org/undici-types 2382ms (cache revalidated)
379 silly packumentCache full:https://registry.npmjs.org/undici-types set size:247750 disposed:false
380 silly fetch manifest postcss-value-parser@^4.2.0
381 silly packumentCache full:https://registry.npmjs.org/postcss-value-parser cache-miss
382 http fetch GET 200 https://registry.npmjs.org/esbuild 1312ms (cache revalidated)
383 silly packumentCache full:https://registry.npmjs.org/esbuild set size:1259608 disposed:false
384 silly fetch manifest nanoid@^3.3.16
385 silly packumentCache full:https://registry.npmjs.org/nanoid cache-miss
386 http fetch GET 200 https://registry.npmjs.org/picomatch 1590ms (cache revalidated)
387 silly packumentCache full:https://registry.npmjs.org/picomatch set size:128942 disposed:false
388 silly fetch manifest source-map-js@^1.2.1
389 silly packumentCache full:https://registry.npmjs.org/source-map-js cache-miss
390 http fetch GET 200 https://registry.npmjs.org/tinyglobby 1631ms (cache revalidated)
391 silly packumentCache full:https://registry.npmjs.org/tinyglobby set size:54291 disposed:false
392 silly fetch manifest chalk@^4.0.0
393 silly packumentCache full:https://registry.npmjs.org/chalk cache-miss
394 http fetch GET 200 https://registry.npmjs.org/fsevents 1528ms (cache revalidated)
395 silly packumentCache full:https://registry.npmjs.org/fsevents set size:182472 disposed:false
396 silly fetch manifest espree@^10.4.0
397 silly packumentCache full:https://registry.npmjs.org/espree cache-hit
398 silly fetch manifest esquery@^1.5.0
399 silly packumentCache full:https://registry.npmjs.org/esquery cache-miss
400 http fetch GET 200 https://registry.npmjs.org/classcat 1515ms (cache revalidated)
401 silly packumentCache full:https://registry.npmjs.org/classcat set size:85975 disposed:false
402 silly fetch manifest esutils@^2.0.2
403 silly packumentCache full:https://registry.npmjs.org/esutils cache-miss
404 http fetch GET 200 https://registry.npmjs.org/zustand 1516ms (cache revalidated)
405 silly packumentCache full:https://registry.npmjs.org/zustand set size:486775 disposed:false
406 silly fetch manifest find-up@^5.0.0
407 silly packumentCache full:https://registry.npmjs.org/find-up cache-miss
408 http fetch GET 200 https://registry.npmjs.org/fraction.js 1342ms (cache revalidated)
409 silly packumentCache full:https://registry.npmjs.org/fraction.js set size:149386 disposed:false
410 silly fetch manifest is-glob@^4.0.0
411 silly packumentCache full:https://registry.npmjs.org/is-glob cache-miss
412 http fetch GET 200 https://registry.npmjs.org/browserslist 1153ms (cache revalidated)
413 silly packumentCache full:https://registry.npmjs.org/browserslist set size:516369 disposed:false
414 silly fetch manifest @eslint/js@9.39.5
415 silly packumentCache full:https://registry.npmjs.org/@eslint%2fjs cache-miss
416 http fetch GET 200 https://registry.npmjs.org/postcss-value-parser 785ms (cache revalidated)
417 silly packumentCache full:https://registry.npmjs.org/postcss-value-parser set size:73526 disposed:false
418 silly fetch manifest optionator@^0.9.3
419 silly packumentCache full:https://registry.npmjs.org/optionator cache-miss
420 http fetch GET 200 https://registry.npmjs.org/caniuse-lite 873ms (cache revalidated)
421 silly packumentCache full:https://registry.npmjs.org/caniuse-lite set size:2306880 disposed:false
422 silly fetch manifest cross-spawn@^7.0.6
423 silly packumentCache full:https://registry.npmjs.org/cross-spawn cache-miss
424 http fetch GET 200 https://registry.npmjs.org/@xyflow%2fsystem 1640ms (cache revalidated)
425 silly packumentCache full:https://registry.npmjs.org/@xyflow%2fsystem set size:215003 disposed:false
426 silly fetch manifest glob-parent@^6.0.2
427 silly packumentCache full:https://registry.npmjs.org/glob-parent cache-miss
428 http fetch GET 200 https://registry.npmjs.org/nanoid 687ms (cache revalidated)
429 silly packumentCache full:https://registry.npmjs.org/nanoid set size:335912 disposed:false
430 silly fetch manifest imurmurhash@^0.1.4
431 silly packumentCache full:https://registry.npmjs.org/imurmurhash cache-miss
432 http fetch GET 200 https://registry.npmjs.org/chalk 600ms (cache revalidated)
433 silly packumentCache full:https://registry.npmjs.org/chalk set size:134775 disposed:false
434 silly fetch manifest @eslint/core@^0.17.0
435 silly packumentCache full:https://registry.npmjs.org/@eslint%2fcore cache-miss
436 http fetch GET 200 https://registry.npmjs.org/esquery 595ms (cache revalidated)
437 silly packumentCache full:https://registry.npmjs.org/esquery set size:48888 disposed:false
438 silly fetch manifest eslint-scope@^8.4.0
439 silly packumentCache full:https://registry.npmjs.org/eslint-scope cache-miss
440 http fetch GET 200 https://registry.npmjs.org/esutils 593ms (cache revalidated)
441 silly packumentCache full:https://registry.npmjs.org/esutils set size:29522 disposed:false
442 silly fetch manifest lodash.merge@^4.6.2
443 silly packumentCache full:https://registry.npmjs.org/lodash.merge cache-miss
444 http fetch GET 200 https://registry.npmjs.org/source-map-js 767ms (cache revalidated)
445 silly packumentCache full:https://registry.npmjs.org/source-map-js set size:62640 disposed:false
446 silly fetch manifest @humanfs/node@^0.16.6
447 silly packumentCache full:https://registry.npmjs.org/@humanfs%2fnode cache-miss
448 http fetch GET 200 https://registry.npmjs.org/is-glob 579ms (cache revalidated)
449 silly packumentCache full:https://registry.npmjs.org/is-glob set size:40530 disposed:false
450 silly fetch manifest @types/estree@^1.0.6
451 silly packumentCache full:https://registry.npmjs.org/@types%2festree cache-miss
452 http fetch GET 200 https://registry.npmjs.org/find-up 614ms (cache revalidated)
453 silly packumentCache full:https://registry.npmjs.org/find-up set size:42620 disposed:false
454 silly fetch manifest fast-deep-equal@^3.1.3
455 silly packumentCache full:https://registry.npmjs.org/fast-deep-equal cache-miss
456 http fetch GET 200 https://registry.npmjs.org/optionator 610ms (cache revalidated)
457 silly packumentCache full:https://registry.npmjs.org/optionator set size:49651 disposed:false
458 silly fetch manifest natural-compare@^1.4.0
459 silly packumentCache full:https://registry.npmjs.org/natural-compare cache-miss
460 http fetch GET 200 https://registry.npmjs.org/@eslint%2fjs 642ms (cache revalidated)
461 silly packumentCache full:https://registry.npmjs.org/@eslint%2fjs set size:141633 disposed:false
462 silly fetch manifest file-entry-cache@^8.0.0
463 silly packumentCache full:https://registry.npmjs.org/file-entry-cache cache-miss
464 http fetch GET 200 https://registry.npmjs.org/cross-spawn 605ms (cache revalidated)
465 silly packumentCache full:https://registry.npmjs.org/cross-spawn set size:109066 disposed:false
466 silly fetch manifest @eslint/plugin-kit@^0.4.1
467 silly packumentCache full:https://registry.npmjs.org/@eslint%2fplugin-kit cache-miss
468 http fetch GET 200 https://registry.npmjs.org/glob-parent 654ms (cache revalidated)
469 silly packumentCache full:https://registry.npmjs.org/glob-parent set size:42445 disposed:false
470 silly fetch manifest eslint-visitor-keys@^4.2.1
471 silly packumentCache full:https://registry.npmjs.org/eslint-visitor-keys cache-miss
472 http fetch GET 200 https://registry.npmjs.org/imurmurhash 700ms (cache revalidated)
473 silly packumentCache full:https://registry.npmjs.org/imurmurhash set size:35819 disposed:false
474 silly fetch manifest @eslint/config-array@^0.21.2
475 silly packumentCache full:https://registry.npmjs.org/@eslint%2fconfig-array cache-miss
476 http fetch GET 200 https://registry.npmjs.org/lodash.merge 625ms (cache revalidated)
477 silly packumentCache full:https://registry.npmjs.org/lodash.merge set size:78575 disposed:false
478 silly fetch manifest @humanwhocodes/retry@^0.4.2
479 silly packumentCache full:https://registry.npmjs.org/@humanwhocodes%2fretry cache-miss
480 http fetch GET 200 https://registry.npmjs.org/eslint-scope 742ms (cache revalidated)
481 silly packumentCache full:https://registry.npmjs.org/eslint-scope set size:98867 disposed:false
482 silly fetch manifest escape-string-regexp@^4.0.0
483 silly packumentCache full:https://registry.npmjs.org/escape-string-regexp cache-miss
484 http fetch GET 200 https://registry.npmjs.org/fast-deep-equal 745ms (cache revalidated)
485 silly packumentCache full:https://registry.npmjs.org/fast-deep-equal set size:48634 disposed:false
486 silly fetch manifest @eslint/config-helpers@^0.4.2
487 silly packumentCache full:https://registry.npmjs.org/@eslint%2fconfig-helpers cache-miss
488 http fetch GET 200 https://registry.npmjs.org/@types%2festree 848ms (cache revalidated)
489 silly packumentCache full:https://registry.npmjs.org/@types%2festree set size:76072 disposed:false
490 silly fetch manifest @eslint-community/regexpp@^4.12.1
491 silly packumentCache full:https://registry.npmjs.org/@eslint-community%2fregexpp cache-miss
492 http fetch GET 200 https://registry.npmjs.org/@eslint%2fcore 1113ms (cache revalidated)
493 silly packumentCache full:https://registry.npmjs.org/@eslint%2fcore set size:58023 disposed:false
494 silly fetch manifest @eslint-community/eslint-utils@^4.8.0
495 silly packumentCache full:https://registry.npmjs.org/@eslint-community%2feslint-utils cache-miss
496 http fetch GET 200 https://registry.npmjs.org/natural-compare 970ms (cache revalidated)
497 silly packumentCache full:https://registry.npmjs.org/natural-compare set size:7852 disposed:false
498 silly fetch manifest @humanwhocodes/module-importer@^1.0.1
499 silly packumentCache full:https://registry.npmjs.org/@humanwhocodes%2fmodule-importer cache-miss
500 http fetch GET 200 https://registry.npmjs.org/file-entry-cache 955ms (cache revalidated)
501 silly packumentCache full:https://registry.npmjs.org/file-entry-cache set size:127645 disposed:false
502 silly fetch manifest json-stable-stringify-without-jsonify@^1.0.1
503 silly packumentCache full:https://registry.npmjs.org/json-stable-stringify-without-jsonify cache-miss
504 http fetch GET 200 https://registry.npmjs.org/@humanfs%2fnode 1134ms (cache revalidated)
505 silly packumentCache full:https://registry.npmjs.org/@humanfs%2fnode set size:39629 disposed:false
506 silly fetch manifest eslint-plugin-react@^7.37.0
507 silly packumentCache full:https://registry.npmjs.org/eslint-plugin-react cache-miss
508 http fetch GET 200 https://registry.npmjs.org/@eslint%2fplugin-kit 949ms (cache revalidated)
509 silly packumentCache full:https://registry.npmjs.org/@eslint%2fplugin-kit set size:76057 disposed:false
510 silly fetch manifest eslint-plugin-import@^2.31.0
511 silly packumentCache full:https://registry.npmjs.org/eslint-plugin-import cache-miss
512 http fetch GET 200 https://registry.npmjs.org/eslint-visitor-keys 1002ms (cache revalidated)
513 silly packumentCache full:https://registry.npmjs.org/eslint-visitor-keys set size:69949 disposed:false
514 silly fetch manifest eslint-plugin-jsx-a11y@^6.10.0
515 silly packumentCache full:https://registry.npmjs.org/eslint-plugin-jsx-a11y cache-miss
516 http fetch GET 200 https://registry.npmjs.org/@eslint%2fconfig-array 969ms (cache revalidated)
517 silly packumentCache full:https://registry.npmjs.org/@eslint%2fconfig-array set size:74140 disposed:false
518 silly fetch manifest @rushstack/eslint-patch@^1.10.3
519 silly packumentCache full:https://registry.npmjs.org/@rushstack%2feslint-patch cache-miss
520 http fetch GET 200 https://registry.npmjs.org/@humanwhocodes%2fretry 1206ms (cache revalidated)
521 silly packumentCache full:https://registry.npmjs.org/@humanwhocodes%2fretry set size:42348 disposed:false
522 silly fetch manifest @next/eslint-plugin-next@15.5.22
523 silly packumentCache full:https://registry.npmjs.org/@next%2feslint-plugin-next cache-miss
524 http fetch GET 200 https://registry.npmjs.org/escape-string-regexp 1096ms (cache revalidated)
525 silly packumentCache full:https://registry.npmjs.org/escape-string-regexp set size:22244 disposed:false
526 silly fetch manifest @typescript-eslint/parser@^5.4.2 || ^6.0.0 || ^7.0.0 || ^8.0.0
527 silly packumentCache full:https://registry.npmjs.org/@typescript-eslint%2fparser cache-miss
528 http fetch GET 200 https://registry.npmjs.org/@eslint%2fconfig-helpers 1062ms (cache revalidated)
529 silly packumentCache full:https://registry.npmjs.org/@eslint%2fconfig-helpers set size:55216 disposed:false
530 silly fetch manifest eslint-plugin-react-hooks@^5.0.0
531 silly packumentCache full:https://registry.npmjs.org/eslint-plugin-react-hooks cache-miss
532 http fetch GET 200 https://registry.npmjs.org/@eslint-community%2fregexpp 961ms (cache revalidated)
533 silly packumentCache full:https://registry.npmjs.org/@eslint-community%2fregexpp set size:106609 disposed:false
534 silly fetch manifest eslint-import-resolver-node@^0.3.6
535 silly packumentCache full:https://registry.npmjs.org/eslint-import-resolver-node cache-miss
536 http fetch GET 200 https://registry.npmjs.org/json-stable-stringify-without-jsonify 834ms (cache revalidated)
537 silly packumentCache full:https://registry.npmjs.org/json-stable-stringify-without-jsonify set size:5808 disposed:false
538 silly fetch manifest @typescript-eslint/eslint-plugin@^5.4.2 || ^6.0.0 || ^7.0.0 || ^8.0.0
539 silly packumentCache full:https://registry.npmjs.org/@typescript-eslint%2feslint-plugin cache-miss
540 http fetch GET 200 https://registry.npmjs.org/eslint-plugin-react 865ms (cache revalidated)
541 silly packumentCache full:https://registry.npmjs.org/eslint-plugin-react set size:646827 disposed:false
542 silly fetch manifest eslint-import-resolver-typescript@^3.5.2
543 silly packumentCache full:https://registry.npmjs.org/eslint-import-resolver-typescript cache-miss
544 http fetch GET 200 https://registry.npmjs.org/@humanwhocodes%2fmodule-importer 985ms (cache revalidated)
545 silly packumentCache full:https://registry.npmjs.org/@humanwhocodes%2fmodule-importer set size:9516 disposed:false
546 silly fetch manifest tslib@^2.4.0
547 silly packumentCache full:https://registry.npmjs.org/tslib cache-miss
548 http fetch GET 200 https://registry.npmjs.org/eslint-plugin-import 954ms (cache revalidated)
549 silly packumentCache full:https://registry.npmjs.org/eslint-plugin-import set size:484928 disposed:false
550 silly fetch manifest motion-dom@^12.43.0
551 silly packumentCache full:https://registry.npmjs.org/motion-dom cache-miss
552 http fetch GET 200 https://registry.npmjs.org/@eslint-community%2feslint-utils 1125ms (cache revalidated)
553 silly packumentCache full:https://registry.npmjs.org/@eslint-community%2feslint-utils set size:108339 disposed:false
554 silly fetch manifest motion-utils@^12.39.0
555 silly packumentCache full:https://registry.npmjs.org/motion-utils cache-miss
556 http fetch GET 200 https://registry.npmjs.org/@rushstack%2feslint-patch 778ms (cache revalidated)
557 silly packumentCache full:https://registry.npmjs.org/@rushstack%2feslint-patch set size:114289 disposed:false
558 silly fetch manifest ws@^8.18.0
559 silly packumentCache full:https://registry.npmjs.org/ws cache-miss
560 http fetch GET 200 https://registry.npmjs.org/eslint-plugin-jsx-a11y 927ms (cache revalidated)
561 silly packumentCache full:https://registry.npmjs.org/eslint-plugin-jsx-a11y set size:280052 disposed:false
562 silly fetch manifest saxes@^6.0.0
563 silly packumentCache full:https://registry.npmjs.org/saxes cache-miss
564 http fetch GET 200 https://registry.npmjs.org/eslint-import-resolver-node 656ms (cache revalidated)
565 silly packumentCache full:https://registry.npmjs.org/eslint-import-resolver-node set size:39118 disposed:false
566 silly fetch manifest nwsapi@^2.2.12
567 silly packumentCache full:https://registry.npmjs.org/nwsapi cache-miss
568 http fetch GET 200 https://registry.npmjs.org/eslint-plugin-react-hooks 806ms (cache revalidated)
569 silly packumentCache full:https://registry.npmjs.org/eslint-plugin-react-hooks set size:7628320 disposed:false
570 silly fetch manifest parse5@^7.1.2
571 silly packumentCache full:https://registry.npmjs.org/parse5 cache-miss
572 http fetch GET 200 https://registry.npmjs.org/@next%2feslint-plugin-next 1181ms (cache revalidated)
573 silly packumentCache full:https://registry.npmjs.org/@next%2feslint-plugin-next set size:7001926 disposed:false
574 silly fetch manifest cssstyle@^4.1.0
575 silly packumentCache full:https://registry.npmjs.org/cssstyle cache-miss
576 http fetch GET 200 https://registry.npmjs.org/@typescript-eslint%2fparser 1622ms (cache revalidated)
577 silly packumentCache full:https://registry.npmjs.org/@typescript-eslint%2fparser set size:15587938 disposed:false
578 silly fetch manifest data-urls@^5.0.0
579 silly packumentCache full:https://registry.npmjs.org/data-urls cache-miss
580 http fetch GET 200 https://registry.npmjs.org/tslib 1862ms (cache revalidated)
581 silly packumentCache full:https://registry.npmjs.org/tslib set size:108843 disposed:false
582 silly fetch manifest form-data@^4.0.0
583 silly packumentCache full:https://registry.npmjs.org/form-data cache-miss
584 http fetch GET 200 https://registry.npmjs.org/motion-dom 1871ms (cache revalidated)
585 silly packumentCache full:https://registry.npmjs.org/motion-dom set size:287495 disposed:false
586 silly fetch manifest decimal.js@^10.4.3
587 silly packumentCache full:https://registry.npmjs.org/decimal.js cache-miss
588 http fetch GET 200 https://registry.npmjs.org/@typescript-eslint%2feslint-plugin 2193ms (cache revalidated)
589 silly packumentCache full:https://registry.npmjs.org/@typescript-eslint%2feslint-plugin set size:18474001 disposed:false
590 silly fetch manifest whatwg-url@^14.0.0
591 silly packumentCache full:https://registry.npmjs.org/whatwg-url cache-miss
592 http fetch GET 200 https://registry.npmjs.org/eslint-import-resolver-typescript 2497ms (cache revalidated)
593 silly packumentCache full:https://registry.npmjs.org/eslint-import-resolver-typescript set size:337167 disposed:false
594 silly fetch manifest rrweb-cssom@^0.7.1
595 silly packumentCache full:https://registry.npmjs.org/rrweb-cssom cache-miss
596 http fetch GET 200 https://registry.npmjs.org/saxes 2285ms (cache revalidated)
597 silly packumentCache full:https://registry.npmjs.org/saxes set size:228593 disposed:false
598 silly fetch manifest symbol-tree@^3.2.4
599 silly packumentCache full:https://registry.npmjs.org/symbol-tree cache-miss
600 http fetch GET 200 https://registry.npmjs.org/ws 2426ms (cache revalidated)
601 silly packumentCache full:https://registry.npmjs.org/ws set size:426890 disposed:false
602 silly fetch manifest tough-cookie@^5.0.0
603 silly packumentCache full:https://registry.npmjs.org/tough-cookie cache-miss
604 http fetch GET 200 https://registry.npmjs.org/motion-utils 2503ms (cache revalidated)
605 silly packumentCache full:https://registry.npmjs.org/motion-utils set size:66443 disposed:false
606 silly fetch manifest whatwg-encoding@^3.1.1
607 silly packumentCache full:https://registry.npmjs.org/whatwg-encoding cache-miss
608 http fetch GET 200 https://registry.npmjs.org/nwsapi 2209ms (cache revalidated)
609 silly packumentCache full:https://registry.npmjs.org/nwsapi set size:92042 disposed:false
610 silly fetch manifest whatwg-mimetype@^4.0.0
611 silly packumentCache full:https://registry.npmjs.org/whatwg-mimetype cache-miss
612 http fetch GET 200 https://registry.npmjs.org/parse5 1904ms (cache revalidated)
613 silly packumentCache full:https://registry.npmjs.org/parse5 set size:123116 disposed:false
614 silly fetch manifest http-proxy-agent@^7.0.2
615 silly packumentCache full:https://registry.npmjs.org/http-proxy-agent cache-miss
616 http fetch GET 200 https://registry.npmjs.org/data-urls 1028ms (cache revalidated)
617 silly packumentCache full:https://registry.npmjs.org/data-urls set size:37311 disposed:false
618 silly fetch manifest https-proxy-agent@^7.0.5
619 silly packumentCache full:https://registry.npmjs.org/https-proxy-agent cache-miss
620 http fetch GET 200 https://registry.npmjs.org/cssstyle 1640ms (cache revalidated)
621 silly packumentCache full:https://registry.npmjs.org/cssstyle set size:165320 disposed:false
622 silly fetch manifest w3c-xmlserializer@^5.0.0
623 silly packumentCache full:https://registry.npmjs.org/w3c-xmlserializer cache-miss
624 http fetch GET 200 https://registry.npmjs.org/decimal.js 964ms (cache revalidated)
625 silly packumentCache full:https://registry.npmjs.org/decimal.js set size:107790 disposed:false
626 silly fetch manifest webidl-conversions@^7.0.0
627 silly packumentCache full:https://registry.npmjs.org/webidl-conversions cache-miss
628 http fetch GET 200 https://registry.npmjs.org/form-data 1076ms (cache revalidated)
629 silly packumentCache full:https://registry.npmjs.org/form-data set size:153174 disposed:false
630 silly fetch manifest xml-name-validator@^5.0.0
631 silly packumentCache full:https://registry.npmjs.org/xml-name-validator cache-miss
632 http fetch GET 200 https://registry.npmjs.org/whatwg-url 568ms (cache revalidated)
633 silly packumentCache full:https://registry.npmjs.org/whatwg-url set size:177251 disposed:false
634 silly fetch manifest html-encoding-sniffer@^4.0.0
635 silly packumentCache full:https://registry.npmjs.org/html-encoding-sniffer cache-miss
636 http fetch GET 200 https://registry.npmjs.org/tough-cookie 563ms (cache revalidated)
637 silly packumentCache full:https://registry.npmjs.org/tough-cookie set size:152921 disposed:false
638 silly fetch manifest is-potential-custom-element-name@^1.0.1
639 silly packumentCache full:https://registry.npmjs.org/is-potential-custom-element-name cache-miss
640 http fetch GET 200 https://registry.npmjs.org/symbol-tree 609ms (cache revalidated)
641 silly packumentCache full:https://registry.npmjs.org/symbol-tree set size:60614 disposed:false
642 silly fetch manifest postcss@8.4.31
643 silly packumentCache full:https://registry.npmjs.org/postcss cache-hit
644 silly fetch manifest @next/env@15.5.22
645 silly packumentCache full:https://registry.npmjs.org/@next%2fenv cache-miss
646 http fetch GET 200 https://registry.npmjs.org/whatwg-encoding 560ms (cache revalidated)
647 silly packumentCache full:https://registry.npmjs.org/whatwg-encoding set size:25704 disposed:false
648 silly fetch manifest styled-jsx@5.1.6
649 silly packumentCache full:https://registry.npmjs.org/styled-jsx cache-miss
650 http fetch GET 200 https://registry.npmjs.org/rrweb-cssom 762ms (cache revalidated)
651 silly packumentCache full:https://registry.npmjs.org/rrweb-cssom set size:10104 disposed:false
652 silly fetch manifest @swc/helpers@0.5.15
653 silly packumentCache full:https://registry.npmjs.org/@swc%2fhelpers cache-miss
654 http fetch GET 200 https://registry.npmjs.org/whatwg-mimetype 630ms (cache revalidated)
655 silly packumentCache full:https://registry.npmjs.org/whatwg-mimetype set size:28179 disposed:false
656 silly fetch manifest caniuse-lite@^1.0.30001579
657 silly packumentCache full:https://registry.npmjs.org/caniuse-lite cache-miss
658 http fetch GET 200 https://registry.npmjs.org/http-proxy-agent 619ms (cache revalidated)
659 silly packumentCache full:https://registry.npmjs.org/http-proxy-agent set size:57253 disposed:false
660 silly fetch manifest sharp@^0.34.3
661 silly packumentCache full:https://registry.npmjs.org/sharp cache-miss
662 http fetch GET 200 https://registry.npmjs.org/https-proxy-agent 625ms (cache revalidated)
663 silly packumentCache full:https://registry.npmjs.org/https-proxy-agent set size:83792 disposed:false
664 silly fetch manifest @next/swc-darwin-x64@15.5.22
665 silly packumentCache full:https://registry.npmjs.org/@next%2fswc-darwin-x64 cache-miss
666 http fetch GET 200 https://registry.npmjs.org/w3c-xmlserializer 538ms (cache revalidated)
667 silly packumentCache full:https://registry.npmjs.org/w3c-xmlserializer set size:36375 disposed:false
668 silly fetch manifest @next/swc-darwin-arm64@15.5.22
669 silly packumentCache full:https://registry.npmjs.org/@next%2fswc-darwin-arm64 cache-miss
670 http fetch GET 200 https://registry.npmjs.org/webidl-conversions 514ms (cache revalidated)
671 silly packumentCache full:https://registry.npmjs.org/webidl-conversions set size:46073 disposed:false
672 silly fetch manifest @next/swc-linux-x64-gnu@15.5.22
673 silly packumentCache full:https://registry.npmjs.org/@next%2fswc-linux-x64-gnu cache-miss
674 http fetch GET 200 https://registry.npmjs.org/html-encoding-sniffer 445ms (cache revalidated)
675 silly packumentCache full:https://registry.npmjs.org/html-encoding-sniffer set size:23370 disposed:false
676 silly fetch manifest @next/swc-linux-x64-musl@15.5.22
677 silly packumentCache full:https://registry.npmjs.org/@next%2fswc-linux-x64-musl cache-miss
678 http fetch GET 200 https://registry.npmjs.org/is-potential-custom-element-name 381ms (cache revalidated)
679 silly packumentCache full:https://registry.npmjs.org/is-potential-custom-element-name set size:6810 disposed:false
680 silly fetch manifest @next/swc-win32-x64-msvc@15.5.22
681 silly packumentCache full:https://registry.npmjs.org/@next%2fswc-win32-x64-msvc cache-miss
682 http fetch GET 200 https://registry.npmjs.org/styled-jsx 372ms (cache revalidated)
683 silly packumentCache full:https://registry.npmjs.org/styled-jsx set size:436113 disposed:false
684 silly fetch manifest @next/swc-linux-arm64-gnu@15.5.22
685 silly packumentCache full:https://registry.npmjs.org/@next%2fswc-linux-arm64-gnu cache-miss
686 http cache https://registry.npmjs.org/caniuse-lite 231ms (cache hit)
687 silly packumentCache full:https://registry.npmjs.org/caniuse-lite set size:2306880 disposed:false
688 silly fetch manifest @next/swc-linux-arm64-musl@15.5.22
689 silly packumentCache full:https://registry.npmjs.org/@next%2fswc-linux-arm64-musl cache-miss
690 http fetch GET 200 https://registry.npmjs.org/@next%2fenv 536ms (cache revalidated)
691 silly packumentCache full:https://registry.npmjs.org/@next%2fenv set size:7492437 disposed:false
692 silly fetch manifest @next/swc-win32-arm64-msvc@15.5.22
693 silly packumentCache full:https://registry.npmjs.org/@next%2fswc-win32-arm64-msvc cache-miss
694 http fetch GET 200 https://registry.npmjs.org/xml-name-validator 1004ms (cache revalidated)
695 silly packumentCache full:https://registry.npmjs.org/xml-name-validator set size:11085 disposed:false
696 silly fetch manifest arg@^5.0.2
697 silly packumentCache full:https://registry.npmjs.org/arg cache-miss
698 http fetch GET 200 https://registry.npmjs.org/sharp 599ms (cache revalidated)
699 silly packumentCache full:https://registry.npmjs.org/sharp set size:1201295 disposed:false
700 silly fetch manifest dlv@^1.1.3
701 silly packumentCache full:https://registry.npmjs.org/dlv cache-miss
702 http fetch GET 200 https://registry.npmjs.org/@next%2fswc-darwin-arm64 602ms (cache revalidated)
703 silly packumentCache full:https://registry.npmjs.org/@next%2fswc-darwin-arm64 set size:5461135 disposed:false
704 silly fetch manifest jiti@^1.21.7
705 silly packumentCache full:https://registry.npmjs.org/jiti cache-hit
706 silly fetch manifest is-glob@^4.0.3
707 silly packumentCache full:https://registry.npmjs.org/is-glob cache-hit
708 silly fetch manifest resolve@^1.22.8
709 silly packumentCache full:https://registry.npmjs.org/resolve cache-miss
710 http fetch GET 200 https://registry.npmjs.org/@swc%2fhelpers 951ms (cache revalidated)
711 silly packumentCache full:https://registry.npmjs.org/@swc%2fhelpers set size:775458 disposed:false
712 silly fetch manifest sucrase@^3.35.0
713 silly packumentCache full:https://registry.npmjs.org/sucrase cache-miss
714 http fetch GET 200 https://registry.npmjs.org/@next%2fswc-linux-x64-gnu 884ms (cache revalidated)
715 silly packumentCache full:https://registry.npmjs.org/@next%2fswc-linux-x64-gnu set size:5513017 disposed:false
716 silly fetch manifest chokidar@^3.6.0
717 silly packumentCache full:https://registry.npmjs.org/chokidar cache-miss
718 http fetch GET 200 https://registry.npmjs.org/@next%2fswc-darwin-x64 1066ms (cache revalidated)
719 silly packumentCache full:https://registry.npmjs.org/@next%2fswc-darwin-x64 set size:5402210 disposed:false
720 silly fetch manifest fast-glob@^3.3.2
721 silly packumentCache full:https://registry.npmjs.org/fast-glob cache-miss
722 http fetch GET 200 https://registry.npmjs.org/@next%2fswc-linux-x64-musl 1116ms (cache revalidated)
723 silly packumentCache full:https://registry.npmjs.org/@next%2fswc-linux-x64-musl set size:5268741 disposed:false
724 silly fetch manifest lilconfig@^3.1.3
725 silly packumentCache full:https://registry.npmjs.org/lilconfig cache-miss
726 http fetch GET 200 https://registry.npmjs.org/@next%2fswc-win32-x64-msvc 1276ms (cache revalidated)
727 silly packumentCache full:https://registry.npmjs.org/@next%2fswc-win32-x64-msvc set size:5484109 disposed:false
728 silly fetch manifest didyoumean@^1.2.2
729 silly packumentCache full:https://registry.npmjs.org/didyoumean cache-miss
730 http fetch GET 200 https://registry.npmjs.org/@next%2fswc-linux-arm64-gnu 1600ms (cache revalidated)
731 silly packumentCache full:https://registry.npmjs.org/@next%2fswc-linux-arm64-gnu set size:5317177 disposed:false
732 silly fetch manifest micromatch@^4.0.8
733 silly packumentCache full:https://registry.npmjs.org/micromatch cache-miss
734 http fetch GET 200 https://registry.npmjs.org/@next%2fswc-linux-arm64-musl 1929ms (cache revalidated)
735 silly packumentCache full:https://registry.npmjs.org/@next%2fswc-linux-arm64-musl set size:5336103 disposed:false
736 silly fetch manifest postcss-js@^4.0.1
737 silly packumentCache full:https://registry.npmjs.org/postcss-js cache-miss
738 http fetch GET 200 https://registry.npmjs.org/arg 1707ms (cache revalidated)
739 silly packumentCache full:https://registry.npmjs.org/arg set size:67036 disposed:false
740 silly fetch manifest object-hash@^3.0.0
741 silly packumentCache full:https://registry.npmjs.org/object-hash cache-miss
742 http fetch GET 200 https://registry.npmjs.org/resolve 1574ms (cache revalidated)
743 silly packumentCache full:https://registry.npmjs.org/resolve set size:244568 disposed:false
744 silly fetch manifest normalize-path@^3.0.0
745 silly packumentCache full:https://registry.npmjs.org/normalize-path cache-miss
746 http fetch GET 200 https://registry.npmjs.org/dlv 1697ms (cache revalidated)
747 silly packumentCache full:https://registry.npmjs.org/dlv set size:16709 disposed:false
748 silly fetch manifest postcss-import@^15.1.0
749 silly packumentCache full:https://registry.npmjs.org/postcss-import cache-miss
750 http fetch GET 200 https://registry.npmjs.org/fast-glob 1224ms (cache revalidated)
751 silly packumentCache full:https://registry.npmjs.org/fast-glob set size:220556 disposed:false
752 silly fetch manifest postcss-nested@^6.2.0
753 silly packumentCache full:https://registry.npmjs.org/postcss-nested cache-miss
754 http fetch GET 200 https://registry.npmjs.org/lilconfig 1157ms (cache revalidated)
755 silly packumentCache full:https://registry.npmjs.org/lilconfig set size:45636 disposed:false
756 silly fetch manifest @alloc/quick-lru@^5.2.0
757 silly packumentCache full:https://registry.npmjs.org/@alloc%2fquick-lru cache-miss
758 http fetch GET 200 https://registry.npmjs.org/@next%2fswc-win32-arm64-msvc 1947ms (cache revalidated)
759 silly packumentCache full:https://registry.npmjs.org/@next%2fswc-win32-arm64-msvc set size:5298675 disposed:false
760 silly fetch manifest postcss-load-config@^4.0.2 || ^5.0 || ^6.0
761 silly packumentCache full:https://registry.npmjs.org/postcss-load-config cache-miss
762 http fetch GET 200 https://registry.npmjs.org/sucrase 1733ms (cache revalidated)
763 silly packumentCache full:https://registry.npmjs.org/sucrase set size:449399 disposed:false
764 silly fetch manifest postcss-selector-parser@^6.1.2
765 silly packumentCache full:https://registry.npmjs.org/postcss-selector-parser cache-miss
766 http fetch GET 200 https://registry.npmjs.org/chokidar 1607ms (cache revalidated)
767 silly packumentCache full:https://registry.npmjs.org/chokidar set size:255902 disposed:false
768 silly fetch manifest chai@^5.1.2
769 silly packumentCache full:https://registry.npmjs.org/chai cache-miss
770 http fetch GET 200 https://registry.npmjs.org/didyoumean 1583ms (cache revalidated)
771 silly packumentCache full:https://registry.npmjs.org/didyoumean set size:11446 disposed:false
772 silly fetch manifest vite@^5.0.0
773 silly packumentCache full:https://registry.npmjs.org/vite cache-miss
774 http fetch GET 200 https://registry.npmjs.org/micromatch 1175ms (cache revalidated)
775 silly packumentCache full:https://registry.npmjs.org/micromatch set size:240630 disposed:false
776 silly fetch manifest debug@^4.3.7
777 silly packumentCache full:https://registry.npmjs.org/debug cache-hit
778 silly fetch manifest pathe@^1.1.2
779 silly packumentCache full:https://registry.npmjs.org/pathe cache-miss
780 http fetch GET 200 https://registry.npmjs.org/postcss-js 1082ms (cache revalidated)
781 silly packumentCache full:https://registry.npmjs.org/postcss-js set size:51308 disposed:false
782 silly fetch manifest std-env@^3.8.0
783 silly packumentCache full:https://registry.npmjs.org/std-env cache-miss
784 http fetch GET 200 https://registry.npmjs.org/postcss-import 1049ms (cache revalidated)
785 silly packumentCache full:https://registry.npmjs.org/postcss-import set size:120971 disposed:false
786 silly fetch manifest tinyexec@^0.3.1
787 silly packumentCache full:https://registry.npmjs.org/tinyexec cache-miss
788 http fetch GET 200 https://registry.npmjs.org/normalize-path 1105ms (cache revalidated)
789 silly packumentCache full:https://registry.npmjs.org/normalize-path set size:28713 disposed:false
790 silly fetch manifest tinypool@^1.0.1
791 silly packumentCache full:https://registry.npmjs.org/tinypool cache-miss
792 http fetch GET 200 https://registry.npmjs.org/object-hash 1135ms (cache revalidated)
793 silly packumentCache full:https://registry.npmjs.org/object-hash set size:100564 disposed:false
794 silly fetch manifest tinybench@^2.9.0
795 silly packumentCache full:https://registry.npmjs.org/tinybench cache-miss
796 http fetch GET 200 https://registry.npmjs.org/postcss-nested 1043ms (cache revalidated)
797 silly packumentCache full:https://registry.npmjs.org/postcss-nested set size:81194 disposed:false
798 silly fetch manifest vite-node@2.1.9
799 silly packumentCache full:https://registry.npmjs.org/vite-node cache-miss
800 http fetch GET 200 https://registry.npmjs.org/postcss-selector-parser 890ms (cache revalidated)
801 silly packumentCache full:https://registry.npmjs.org/postcss-selector-parser set size:193966 disposed:false
802 silly fetch manifest @vitest/spy@2.1.9
803 silly packumentCache full:https://registry.npmjs.org/@vitest%2fspy cache-miss
804 http fetch GET 200 https://registry.npmjs.org/chai 900ms (cache revalidated)
805 silly packumentCache full:https://registry.npmjs.org/chai set size:232540 disposed:false
806 silly fetch manifest expect-type@^1.1.0
807 silly packumentCache full:https://registry.npmjs.org/expect-type cache-miss
808 http fetch GET 200 https://registry.npmjs.org/@alloc%2fquick-lru 1249ms (cache revalidated)
809 silly packumentCache full:https://registry.npmjs.org/@alloc%2fquick-lru set size:7269 disposed:false
810 silly fetch manifest tinyrainbow@^1.2.0
811 silly packumentCache full:https://registry.npmjs.org/tinyrainbow cache-miss
812 http cache https://registry.npmjs.org/vite 1010ms (cache hit)
813 silly packumentCache full:https://registry.npmjs.org/vite set size:38918610 disposed:false
814 silly fetch manifest magic-string@^0.30.12
815 silly packumentCache full:https://registry.npmjs.org/magic-string cache-miss
816 http fetch GET 200 https://registry.npmjs.org/std-env 1920ms (cache revalidated)
817 silly packumentCache full:https://registry.npmjs.org/std-env set size:90491 disposed:false
818 silly fetch manifest @vitest/utils@2.1.9
819 silly packumentCache full:https://registry.npmjs.org/@vitest%2futils cache-miss
820 http fetch GET 200 https://registry.npmjs.org/pathe 2025ms (cache revalidated)
821 silly packumentCache full:https://registry.npmjs.org/pathe set size:68788 disposed:false
822 silly fetch manifest @vitest/expect@2.1.9
823 silly packumentCache full:https://registry.npmjs.org/@vitest%2fexpect cache-miss
824 http fetch GET 200 https://registry.npmjs.org/tinypool 1937ms (cache revalidated)
825 silly packumentCache full:https://registry.npmjs.org/tinypool set size:90796 disposed:false
826 silly fetch manifest @vitest/mocker@2.1.9
827 silly packumentCache full:https://registry.npmjs.org/@vitest%2fmocker cache-miss
828 http fetch GET 200 https://registry.npmjs.org/tinybench 1968ms (cache revalidated)
829 silly packumentCache full:https://registry.npmjs.org/tinybench set size:173197 disposed:false
830 silly fetch manifest @vitest/runner@2.1.9
831 silly packumentCache full:https://registry.npmjs.org/@vitest%2frunner cache-miss
832 http fetch GET 200 https://registry.npmjs.org/postcss-load-config 2915ms (cache revalidated)
833 silly packumentCache full:https://registry.npmjs.org/postcss-load-config set size:86425 disposed:false
834 silly fetch manifest @vitest/snapshot@2.1.9
835 silly packumentCache full:https://registry.npmjs.org/@vitest%2fsnapshot cache-miss
836 http fetch GET 200 https://registry.npmjs.org/tinyexec 2158ms (cache revalidated)
837 silly packumentCache full:https://registry.npmjs.org/tinyexec set size:63398 disposed:false
838 silly fetch manifest why-is-node-running@^2.3.0
839 silly packumentCache full:https://registry.npmjs.org/why-is-node-running cache-miss
840 http fetch GET 200 https://registry.npmjs.org/vite-node 2150ms (cache revalidated)
841 silly packumentCache full:https://registry.npmjs.org/vite-node set size:1079451 disposed:false
842 silly fetch manifest @vitest/pretty-format@^2.1.9
843 silly packumentCache full:https://registry.npmjs.org/@vitest%2fpretty-format cache-miss
844 http fetch GET 200 https://registry.npmjs.org/expect-type 2230ms (cache revalidated)
845 silly packumentCache full:https://registry.npmjs.org/expect-type set size:191241 disposed:false
846 http fetch GET 200 https://registry.npmjs.org/@vitest%2fspy 2311ms (cache revalidated)
847 silly packumentCache full:https://registry.npmjs.org/@vitest%2fspy set size:449888 disposed:false
848 http fetch GET 200 https://registry.npmjs.org/tinyrainbow 2622ms (cache revalidated)
849 silly packumentCache full:https://registry.npmjs.org/tinyrainbow set size:31061 disposed:false
850 http fetch GET 200 https://registry.npmjs.org/magic-string 1232ms (cache revalidated)
851 silly packumentCache full:https://registry.npmjs.org/magic-string set size:336545 disposed:false
852 http fetch GET 200 https://registry.npmjs.org/@vitest%2fexpect 1190ms (cache revalidated)
853 silly packumentCache full:https://registry.npmjs.org/@vitest%2fexpect set size:485781 disposed:false
854 http fetch GET 200 https://registry.npmjs.org/@vitest%2futils 1264ms (cache revalidated)
855 silly packumentCache full:https://registry.npmjs.org/@vitest%2futils set size:583797 disposed:false
856 http fetch GET 200 https://registry.npmjs.org/@vitest%2fmocker 1210ms (cache revalidated)
857 silly packumentCache full:https://registry.npmjs.org/@vitest%2fmocker set size:333143 disposed:false
858 http fetch GET 200 https://registry.npmjs.org/@vitest%2frunner 1196ms (cache revalidated)
859 silly packumentCache full:https://registry.npmjs.org/@vitest%2frunner set size:466000 disposed:false
860 http fetch GET 200 https://registry.npmjs.org/@vitest%2fpretty-format 889ms (cache revalidated)
861 silly packumentCache full:https://registry.npmjs.org/@vitest%2fpretty-format set size:284380 disposed:false
862 http fetch GET 200 https://registry.npmjs.org/why-is-node-running 1174ms (cache revalidated)
863 silly packumentCache full:https://registry.npmjs.org/why-is-node-running set size:50482 disposed:false
864 http fetch GET 200 https://registry.npmjs.org/@vitest%2fsnapshot 1460ms (cache revalidated)
865 silly packumentCache full:https://registry.npmjs.org/@vitest%2fsnapshot set size:460165 disposed:false
866 silly placeDep ROOT ajv@6.15.0 OK for: @eslint/eslintrc@3.3.6 want: ^6.14.0
867 silly placeDep ROOT debug@4.4.3 OK for: @eslint/eslintrc@3.3.6 want: ^4.3.2
868 silly placeDep ROOT espree@10.4.0 OK for: @eslint/eslintrc@3.3.6 want: ^10.0.1
869 silly placeDep ROOT globals@14.0.0 OK for: @eslint/eslintrc@3.3.6 want: ^14.0.0
870 silly placeDep ROOT ignore@5.3.2 OK for: @eslint/eslintrc@3.3.6 want: ^5.2.0
871 silly placeDep ROOT import-fresh@3.3.1 OK for: @eslint/eslintrc@3.3.6 want: ^3.2.1
872 silly placeDep ROOT js-yaml@4.3.0 OK for: @eslint/eslintrc@3.3.6 want: ^4.3.0
873 silly placeDep ROOT minimatch@3.1.5 OK for: @eslint/eslintrc@3.3.6 want: ^3.1.5
874 silly placeDep ROOT strip-json-comments@3.1.1 OK for: @eslint/eslintrc@3.3.6 want: ^3.1.1
875 silly fetch manifest uri-js@^4.2.2
876 silly packumentCache full:https://registry.npmjs.org/uri-js cache-miss
877 silly fetch manifest fast-deep-equal@^3.1.1
878 silly packumentCache full:https://registry.npmjs.org/fast-deep-equal cache-hit
879 silly fetch manifest json-schema-traverse@^0.4.1
880 silly packumentCache full:https://registry.npmjs.org/json-schema-traverse cache-miss
881 silly fetch manifest fast-json-stable-stringify@^2.0.0
882 silly packumentCache full:https://registry.npmjs.org/fast-json-stable-stringify cache-miss
883 silly fetch manifest ms@^2.1.3
884 silly packumentCache full:https://registry.npmjs.org/ms cache-miss
885 silly fetch manifest acorn@^8.15.0
886 silly packumentCache full:https://registry.npmjs.org/acorn cache-miss
887 silly fetch manifest acorn-jsx@^5.3.2
888 silly packumentCache full:https://registry.npmjs.org/acorn-jsx cache-miss
889 silly fetch manifest resolve-from@^4.0.0
890 silly packumentCache full:https://registry.npmjs.org/resolve-from cache-miss
891 silly fetch manifest parent-module@^1.0.0
892 silly packumentCache full:https://registry.npmjs.org/parent-module cache-miss
893 silly fetch manifest argparse@^2.0.1
894 silly packumentCache full:https://registry.npmjs.org/argparse cache-miss
895 silly fetch manifest brace-expansion@^1.1.7
896 silly packumentCache full:https://registry.npmjs.org/brace-expansion cache-miss
897 http fetch GET 200 https://registry.npmjs.org/json-schema-traverse 480ms (cache revalidated)
898 silly packumentCache full:https://registry.npmjs.org/json-schema-traverse set size:23537 disposed:false
899 http fetch GET 200 https://registry.npmjs.org/acorn 478ms (cache revalidated)
900 silly packumentCache full:https://registry.npmjs.org/acorn set size:383439 disposed:false
901 http fetch GET 200 https://registry.npmjs.org/uri-js 525ms (cache revalidated)
902 silly packumentCache full:https://registry.npmjs.org/uri-js set size:42559 disposed:false
903 http fetch GET 200 https://registry.npmjs.org/fast-json-stable-stringify 525ms (cache revalidated)
904 silly packumentCache full:https://registry.npmjs.org/fast-json-stable-stringify set size:11337 disposed:false
905 http fetch GET 200 https://registry.npmjs.org/acorn-jsx 517ms (cache revalidated)
906 silly packumentCache full:https://registry.npmjs.org/acorn-jsx set size:71068 disposed:false
907 http fetch GET 200 https://registry.npmjs.org/ms 538ms (cache revalidated)
908 silly packumentCache full:https://registry.npmjs.org/ms set size:92208 disposed:false
909 http fetch GET 200 https://registry.npmjs.org/argparse 524ms (cache revalidated)
910 silly packumentCache full:https://registry.npmjs.org/argparse set size:51348 disposed:false
911 http fetch GET 200 https://registry.npmjs.org/brace-expansion 514ms (cache revalidated)
912 silly packumentCache full:https://registry.npmjs.org/brace-expansion set size:101024 disposed:false
913 http fetch GET 200 https://registry.npmjs.org/parent-module 605ms (cache revalidated)
914 silly packumentCache full:https://registry.npmjs.org/parent-module set size:18255 disposed:false
915 http fetch GET 200 https://registry.npmjs.org/resolve-from 987ms (cache revalidated)
916 silly packumentCache full:https://registry.npmjs.org/resolve-from set size:12911 disposed:false
917 silly placeDep ROOT @babel/code-frame@7.29.7 OK for: @testing-library/dom@10.4.1 want: ^7.10.4
918 silly placeDep ROOT @babel/runtime@7.29.7 OK for: @testing-library/dom@10.4.1 want: ^7.12.5
919 silly placeDep ROOT @types/aria-query@5.0.4 OK for: @testing-library/dom@10.4.1 want: ^5.0.1
920 silly placeDep ROOT aria-query@5.3.0 OK for: @testing-library/dom@10.4.1 want: 5.3.0
921 silly placeDep ROOT dom-accessibility-api@0.5.16 OK for: @testing-library/dom@10.4.1 want: ^0.5.9
922 silly placeDep ROOT lz-string@1.5.0 OK for: @testing-library/dom@10.4.1 want: ^1.5.0
923 silly placeDep ROOT picocolors@1.1.1 OK for: @testing-library/dom@10.4.1 want: 1.1.1
924 silly placeDep ROOT pretty-format@27.5.1 OK for: @testing-library/dom@10.4.1 want: ^27.0.2
925 silly fetch manifest js-tokens@^4.0.0
926 silly packumentCache full:https://registry.npmjs.org/js-tokens cache-miss
927 silly fetch manifest @babel/helper-validator-identifier@^7.29.7
928 silly packumentCache full:https://registry.npmjs.org/@babel%2fhelper-validator-identifier cache-miss
929 silly fetch manifest dequal@^2.0.3
930 silly packumentCache full:https://registry.npmjs.org/dequal cache-miss
931 silly fetch manifest react-is@^17.0.1
932 silly packumentCache full:https://registry.npmjs.org/react-is cache-miss
933 silly fetch manifest ansi-regex@^5.0.1
934 silly packumentCache full:https://registry.npmjs.org/ansi-regex cache-miss
935 silly fetch manifest ansi-styles@^5.0.0
936 silly packumentCache full:https://registry.npmjs.org/ansi-styles cache-miss
937 http fetch GET 200 https://registry.npmjs.org/js-tokens 342ms (cache revalidated)
938 silly packumentCache full:https://registry.npmjs.org/js-tokens set size:41947 disposed:false
939 http fetch GET 200 https://registry.npmjs.org/@babel%2fhelper-validator-identifier 355ms (cache revalidated)
940 silly packumentCache full:https://registry.npmjs.org/@babel%2fhelper-validator-identifier set size:130133 disposed:false
941 http fetch GET 200 https://registry.npmjs.org/ansi-styles 351ms (cache revalidated)
942 silly packumentCache full:https://registry.npmjs.org/ansi-styles set size:71772 disposed:false
943 http fetch GET 200 https://registry.npmjs.org/dequal 367ms (cache revalidated)
944 silly packumentCache full:https://registry.npmjs.org/dequal set size:24037 disposed:false
945 http fetch GET 200 https://registry.npmjs.org/ansi-regex 376ms (cache revalidated)
946 silly packumentCache full:https://registry.npmjs.org/ansi-regex set size:43572 disposed:false
947 http fetch GET 200 https://registry.npmjs.org/react-is 445ms (cache revalidated)
948 silly packumentCache full:https://registry.npmjs.org/react-is set size:5541898 disposed:false
949 silly placeDep ROOT @babel/helper-validator-identifier@7.29.7 OK for: @babel/code-frame@7.29.7 want: ^7.29.7
950 silly placeDep ROOT js-tokens@4.0.0 OK for: @babel/code-frame@7.29.7 want: ^4.0.0
951 silly placeDep ROOT @adobe/css-tools@4.5.0 OK for: @testing-library/jest-dom@6.9.1 want: ^4.4.0
952 silly placeDep ROOT css.escape@1.5.1 OK for: @testing-library/jest-dom@6.9.1 want: ^1.5.1
953 silly placeDep node_modules/@testing-library/jest-dom dom-accessibility-api@0.6.3 OK for: @testing-library/jest-dom@6.9.1 want: ^0.6.3
954 silly placeDep ROOT redent@3.0.0 OK for: @testing-library/jest-dom@6.9.1 want: ^3.0.0
955 silly fetch manifest indent-string@^4.0.0
956 silly packumentCache full:https://registry.npmjs.org/indent-string cache-miss
957 silly fetch manifest strip-indent@^3.0.0
958 silly packumentCache full:https://registry.npmjs.org/strip-indent cache-miss
959 http fetch GET 200 https://registry.npmjs.org/strip-indent 216ms (cache revalidated)
960 silly packumentCache full:https://registry.npmjs.org/strip-indent set size:21841 disposed:false
961 http fetch GET 200 https://registry.npmjs.org/indent-string 387ms (cache revalidated)
962 silly packumentCache full:https://registry.npmjs.org/indent-string set size:28547 disposed:false
963 silly placeDep ROOT undici-types@6.21.0 OK for: @types/node@22.20.1 want: ~6.21.0
964 silly placeDep ROOT csstype@3.2.3 OK for: @types/react@19.2.17 want: ^3.2.2
965 silly placeDep ROOT @babel/core@7.29.7 OK for: @vitejs/plugin-react@4.7.0 want: ^7.28.0
966 silly placeDep ROOT @babel/plugin-transform-react-jsx-self@7.29.7 OK for: @vitejs/plugin-react@4.7.0 want: ^7.27.1
967 silly placeDep ROOT @babel/plugin-transform-react-jsx-source@7.29.7 OK for: @vitejs/plugin-react@4.7.0 want: ^7.27.1
968 silly placeDep ROOT @rolldown/pluginutils@1.0.0-beta.27 OK for: @vitejs/plugin-react@4.7.0 want: 1.0.0-beta.27
969 silly placeDep ROOT @types/babel__core@7.20.5 OK for: @vitejs/plugin-react@4.7.0 want: ^7.20.5
970 silly placeDep ROOT react-refresh@0.17.0 OK for: @vitejs/plugin-react@4.7.0 want: ^0.17.0
971 silly fetch manifest json5@^2.2.3
972 silly packumentCache full:https://registry.npmjs.org/json5 cache-miss
973 silly fetch manifest semver@^6.3.1
974 silly packumentCache full:https://registry.npmjs.org/semver cache-miss
975 silly fetch manifest gensync@^1.0.0-beta.2
976 silly packumentCache full:https://registry.npmjs.org/gensync cache-miss
977 silly fetch manifest @babel/types@^7.29.7
978 silly packumentCache full:https://registry.npmjs.org/@babel%2ftypes cache-miss
979 silly fetch manifest @babel/parser@^7.29.7
980 silly packumentCache full:https://registry.npmjs.org/@babel%2fparser cache-miss
981 silly fetch manifest @babel/helpers@^7.29.7
982 silly packumentCache full:https://registry.npmjs.org/@babel%2fhelpers cache-miss
983 silly fetch manifest @babel/template@^7.29.7
984 silly packumentCache full:https://registry.npmjs.org/@babel%2ftemplate cache-miss
985 silly fetch manifest @babel/traverse@^7.29.7
986 silly packumentCache full:https://registry.npmjs.org/@babel%2ftraverse cache-miss
987 silly fetch manifest @babel/generator@^7.29.7
988 silly packumentCache full:https://registry.npmjs.org/@babel%2fgenerator cache-miss
989 silly fetch manifest convert-source-map@^2.0.0
990 silly packumentCache full:https://registry.npmjs.org/convert-source-map cache-miss
991 silly fetch manifest @jridgewell/remapping@^2.3.5
992 silly packumentCache full:https://registry.npmjs.org/@jridgewell%2fremapping cache-miss
993 http fetch GET 200 https://registry.npmjs.org/semver 769ms (cache revalidated)
994 silly packumentCache full:https://registry.npmjs.org/semver set size:246069 disposed:false
995 silly fetch manifest @babel/helper-module-transforms@^7.29.7
996 silly packumentCache full:https://registry.npmjs.org/@babel%2fhelper-module-transforms cache-miss
997 http fetch GET 200 https://registry.npmjs.org/json5 818ms (cache revalidated)
998 silly packumentCache full:https://registry.npmjs.org/json5 set size:86136 disposed:false
999 silly fetch manifest @babel/helper-compilation-targets@^7.29.7
1000 silly packumentCache full:https://registry.npmjs.org/@babel%2fhelper-compilation-targets cache-miss
1001 http fetch GET 200 https://registry.npmjs.org/@babel%2ftypes 841ms (cache revalidated)
1002 silly packumentCache full:https://registry.npmjs.org/@babel%2ftypes set size:500625 disposed:false
1003 silly fetch manifest @babel/helper-plugin-utils@^7.29.7
1004 silly packumentCache full:https://registry.npmjs.org/@babel%2fhelper-plugin-utils cache-miss
1005 http fetch GET 200 https://registry.npmjs.org/@babel%2fparser 913ms (cache revalidated)
1006 silly packumentCache full:https://registry.npmjs.org/@babel%2fparser set size:735431 disposed:false
1007 silly fetch manifest @babel/helper-plugin-utils@^7.29.7
1008 silly packumentCache full:https://registry.npmjs.org/@babel%2fhelper-plugin-utils cache-miss
1009 http fetch GET 200 https://registry.npmjs.org/gensync 999ms (cache revalidated)
1010 silly packumentCache full:https://registry.npmjs.org/gensync set size:15068 disposed:false
1011 silly fetch manifest @babel/types@^7.20.7
1012 silly packumentCache full:https://registry.npmjs.org/@babel%2ftypes cache-hit
1013 silly fetch manifest @babel/parser@^7.20.7
1014 silly packumentCache full:https://registry.npmjs.org/@babel%2fparser cache-hit
1015 silly fetch manifest @types/babel__template@*
1016 silly packumentCache full:https://registry.npmjs.org/@types%2fbabel__template cache-miss
1017 http fetch GET 200 https://registry.npmjs.org/@babel%2ftemplate 1066ms (cache revalidated)
1018 silly packumentCache full:https://registry.npmjs.org/@babel%2ftemplate set size:237074 disposed:false
1019 silly fetch manifest @types/babel__traverse@*
1020 silly packumentCache full:https://registry.npmjs.org/@types%2fbabel__traverse cache-miss
1021 http fetch GET 200 https://registry.npmjs.org/@babel%2fhelpers 1147ms (cache revalidated)
1022 silly packumentCache full:https://registry.npmjs.org/@babel%2fhelpers set size:398496 disposed:false
1023 silly fetch manifest @types/babel__generator@*
1024 silly packumentCache full:https://registry.npmjs.org/@types%2fbabel__generator cache-miss
1025 http fetch GET 200 https://registry.npmjs.org/@babel%2ftraverse 1296ms (cache revalidated)
1026 silly packumentCache full:https://registry.npmjs.org/@babel%2ftraverse set size:562384 disposed:false
1027 http fetch GET 200 https://registry.npmjs.org/convert-source-map 1320ms (cache revalidated)
1028 silly packumentCache full:https://registry.npmjs.org/convert-source-map set size:66997 disposed:false
1029 http fetch GET 200 https://registry.npmjs.org/@jridgewell%2fremapping 1345ms (cache revalidated)
1030 silly packumentCache full:https://registry.npmjs.org/@jridgewell%2fremapping set size:23809 disposed:false
1031 http fetch GET 200 https://registry.npmjs.org/@babel%2fgenerator 1414ms (cache revalidated)
1032 silly packumentCache full:https://registry.npmjs.org/@babel%2fgenerator set size:520504 disposed:false
1033 http fetch GET 200 https://registry.npmjs.org/@babel%2fhelper-compilation-targets 855ms (cache revalidated)
1034 silly packumentCache full:https://registry.npmjs.org/@babel%2fhelper-compilation-targets set size:229541 disposed:false
1035 http fetch GET 200 https://registry.npmjs.org/@babel%2fhelper-plugin-utils 741ms (cache revalidated)
1036 silly packumentCache full:https://registry.npmjs.org/@babel%2fhelper-plugin-utils set size:175564 disposed:false
1037 http fetch GET 200 https://registry.npmjs.org/@babel%2fhelper-module-transforms 935ms (cache revalidated)
1038 silly packumentCache full:https://registry.npmjs.org/@babel%2fhelper-module-transforms set size:346454 disposed:false
1039 http fetch GET 200 https://registry.npmjs.org/@types%2fbabel__generator 552ms (cache revalidated)
1040 silly packumentCache full:https://registry.npmjs.org/@types%2fbabel__generator set size:31587 disposed:false
1041 http fetch GET 200 https://registry.npmjs.org/@types%2fbabel__template 733ms (cache revalidated)
1042 silly packumentCache full:https://registry.npmjs.org/@types%2fbabel__template set size:22631 disposed:false
1043 http fetch GET 200 https://registry.npmjs.org/@babel%2fhelper-plugin-utils 906ms (cache revalidated)
1044 silly packumentCache full:https://registry.npmjs.org/@babel%2fhelper-plugin-utils set size:175564 disposed:false
1045 silly packumentCache full:https://registry.npmjs.org/@babel%2fhelper-plugin-utils dispose
1046 http fetch GET 200 https://registry.npmjs.org/@types%2fbabel__traverse 757ms (cache revalidated)
1047 silly packumentCache full:https://registry.npmjs.org/@types%2fbabel__traverse set size:107819 disposed:false
1048 silly fetch manifest @babel/core@^7.0.0
1049 silly packumentCache full:https://registry.npmjs.org/@babel%2fcore cache-hit
1050 silly placeDep ROOT @babel/generator@7.29.7 OK for: @babel/core@7.29.7 want: ^7.29.7
1051 silly placeDep ROOT @babel/helper-compilation-targets@7.29.7 OK for: @babel/core@7.29.7 want: ^7.29.7
1052 silly placeDep ROOT @babel/helper-module-transforms@7.29.7 OK for: @babel/core@7.29.7 want: ^7.29.7
1053 silly placeDep ROOT @babel/helpers@7.29.7 OK for: @babel/core@7.29.7 want: ^7.29.7
1054 silly placeDep ROOT @babel/parser@7.29.7 OK for: @babel/core@7.29.7 want: ^7.29.7
1055 silly placeDep ROOT @babel/template@7.29.7 OK for: @babel/core@7.29.7 want: ^7.29.7
1056 silly placeDep ROOT @babel/traverse@7.29.7 OK for: @babel/core@7.29.7 want: ^7.29.7
1057 silly placeDep ROOT @babel/types@7.29.7 OK for: @babel/core@7.29.7 want: ^7.29.7
1058 silly placeDep ROOT @jridgewell/remapping@2.3.5 OK for: @babel/core@7.29.7 want: ^2.3.5
1059 silly placeDep ROOT convert-source-map@2.0.0 OK for: @babel/core@7.29.7 want: ^2.0.0
1060 silly placeDep ROOT gensync@1.0.0-beta.2 OK for: @babel/core@7.29.7 want: ^1.0.0-beta.2
1061 silly placeDep ROOT json5@2.2.3 OK for: @babel/core@7.29.7 want: ^2.2.3
1062 silly placeDep ROOT semver@6.3.1 OK for: @babel/core@7.29.7 want: ^6.3.1
1063 silly fetch manifest jsesc@^3.0.2
1064 silly packumentCache full:https://registry.npmjs.org/jsesc cache-miss
1065 silly fetch manifest @jridgewell/gen-mapping@^0.3.12
1066 silly packumentCache full:https://registry.npmjs.org/@jridgewell%2fgen-mapping cache-miss
1067 silly fetch manifest @jridgewell/trace-mapping@^0.3.28
1068 silly packumentCache full:https://registry.npmjs.org/@jridgewell%2ftrace-mapping cache-miss
1069 silly fetch manifest lru-cache@^5.1.1
1070 silly packumentCache full:https://registry.npmjs.org/lru-cache cache-miss
1071 silly fetch manifest browserslist@^4.24.0
1072 silly packumentCache full:https://registry.npmjs.org/browserslist cache-hit
1073 silly fetch manifest @babel/compat-data@^7.29.7
1074 silly packumentCache full:https://registry.npmjs.org/@babel%2fcompat-data cache-miss
1075 silly fetch manifest @babel/helper-validator-option@^7.29.7
1076 silly packumentCache full:https://registry.npmjs.org/@babel%2fhelper-validator-option cache-miss
1077 silly fetch manifest @babel/helper-module-imports@^7.29.7
1078 silly packumentCache full:https://registry.npmjs.org/@babel%2fhelper-module-imports cache-miss
1079 silly fetch manifest @babel/helper-globals@^7.29.7
1080 silly packumentCache full:https://registry.npmjs.org/@babel%2fhelper-globals cache-miss
1081 silly fetch manifest @babel/helper-string-parser@^7.29.7
1082 silly packumentCache full:https://registry.npmjs.org/@babel%2fhelper-string-parser cache-miss
1083 silly fetch manifest @jridgewell/gen-mapping@^0.3.5
1084 silly packumentCache full:https://registry.npmjs.org/@jridgewell%2fgen-mapping cache-miss
1085 silly fetch manifest @jridgewell/trace-mapping@^0.3.24
1086 silly packumentCache full:https://registry.npmjs.org/@jridgewell%2ftrace-mapping cache-miss
1087 http fetch GET 200 https://registry.npmjs.org/@babel%2fcompat-data 584ms (cache revalidated)
1088 silly packumentCache full:https://registry.npmjs.org/@babel%2fcompat-data set size:318807 disposed:false
1089 http fetch GET 200 https://registry.npmjs.org/@jridgewell%2fgen-mapping 622ms (cache revalidated)
1090 silly packumentCache full:https://registry.npmjs.org/@jridgewell%2fgen-mapping set size:75941 disposed:false
1091 http fetch GET 200 https://registry.npmjs.org/@jridgewell%2ftrace-mapping 642ms (cache revalidated)
1092 silly packumentCache full:https://registry.npmjs.org/@jridgewell%2ftrace-mapping set size:170909 disposed:false
1093 http fetch GET 200 https://registry.npmjs.org/lru-cache 681ms (cache revalidated)
1094 silly packumentCache full:https://registry.npmjs.org/lru-cache set size:460407 disposed:false
1095 http fetch GET 200 https://registry.npmjs.org/@jridgewell%2ftrace-mapping 636ms (cache revalidated)
1096 silly packumentCache full:https://registry.npmjs.org/@jridgewell%2ftrace-mapping set size:170909 disposed:false
1097 silly packumentCache full:https://registry.npmjs.org/@jridgewell%2ftrace-mapping dispose
1098 http fetch GET 200 https://registry.npmjs.org/jsesc 751ms (cache revalidated)
1099 silly packumentCache full:https://registry.npmjs.org/jsesc set size:61512 disposed:false
1100 http fetch GET 200 https://registry.npmjs.org/@babel%2fhelper-validator-option 736ms (cache revalidated)
1101 silly packumentCache full:https://registry.npmjs.org/@babel%2fhelper-validator-option set size:101303 disposed:false
1102 http fetch GET 200 https://registry.npmjs.org/@jridgewell%2fgen-mapping 702ms (cache revalidated)
1103 silly packumentCache full:https://registry.npmjs.org/@jridgewell%2fgen-mapping set size:75941 disposed:false
1104 silly packumentCache full:https://registry.npmjs.org/@jridgewell%2fgen-mapping dispose
1105 http fetch GET 200 https://registry.npmjs.org/@babel%2fhelper-globals 735ms (cache revalidated)
1106 silly packumentCache full:https://registry.npmjs.org/@babel%2fhelper-globals set size:25155 disposed:false
1107 http fetch GET 200 https://registry.npmjs.org/@babel%2fhelper-string-parser 744ms (cache revalidated)
1108 silly packumentCache full:https://registry.npmjs.org/@babel%2fhelper-string-parser set size:91563 disposed:false
1109 http fetch GET 200 https://registry.npmjs.org/@babel%2fhelper-module-imports 808ms (cache revalidated)
1110 silly packumentCache full:https://registry.npmjs.org/@babel%2fhelper-module-imports set size:203392 disposed:false
1111 silly placeDep ROOT @jridgewell/gen-mapping@0.3.13 OK for: @babel/generator@7.29.7 want: ^0.3.12
1112 silly placeDep ROOT @jridgewell/trace-mapping@0.3.31 OK for: @babel/generator@7.29.7 want: ^0.3.28
1113 silly placeDep ROOT jsesc@3.1.0 OK for: @babel/generator@7.29.7 want: ^3.0.2
1114 silly fetch manifest @jridgewell/sourcemap-codec@^1.5.0
1115 silly packumentCache full:https://registry.npmjs.org/@jridgewell%2fsourcemap-codec cache-miss
1116 silly fetch manifest @jridgewell/resolve-uri@^3.1.0
1117 silly packumentCache full:https://registry.npmjs.org/@jridgewell%2fresolve-uri cache-miss
1118 silly fetch manifest @jridgewell/sourcemap-codec@^1.4.14
1119 silly packumentCache full:https://registry.npmjs.org/@jridgewell%2fsourcemap-codec cache-miss
1120 http fetch GET 200 https://registry.npmjs.org/@jridgewell%2fsourcemap-codec 421ms (cache revalidated)
1121 silly packumentCache full:https://registry.npmjs.org/@jridgewell%2fsourcemap-codec set size:51856 disposed:false
1122 http fetch GET 200 https://registry.npmjs.org/@jridgewell%2fresolve-uri 473ms (cache revalidated)
1123 silly packumentCache full:https://registry.npmjs.org/@jridgewell%2fresolve-uri set size:57361 disposed:false
1124 http fetch GET 200 https://registry.npmjs.org/@jridgewell%2fsourcemap-codec 489ms (cache revalidated)
1125 silly packumentCache full:https://registry.npmjs.org/@jridgewell%2fsourcemap-codec set size:51856 disposed:false
1126 silly packumentCache full:https://registry.npmjs.org/@jridgewell%2fsourcemap-codec dispose
1127 silly placeDep ROOT @babel/compat-data@7.29.7 OK for: @babel/helper-compilation-targets@7.29.7 want: ^7.29.7
1128 silly placeDep ROOT @babel/helper-validator-option@7.29.7 OK for: @babel/helper-compilation-targets@7.29.7 want: ^7.29.7
1129 silly placeDep ROOT browserslist@4.28.7 OK for: @babel/helper-compilation-targets@7.29.7 want: ^4.24.0
1130 silly placeDep ROOT lru-cache@5.1.1 OK for: @babel/helper-compilation-targets@7.29.7 want: ^5.1.1
1131 silly fetch manifest node-releases@^2.0.51
1132 silly packumentCache full:https://registry.npmjs.org/node-releases cache-miss
1133 silly fetch manifest electron-to-chromium@^1.5.393
1134 silly packumentCache full:https://registry.npmjs.org/electron-to-chromium cache-miss
1135 silly fetch manifest update-browserslist-db@^1.2.3
1136 silly packumentCache full:https://registry.npmjs.org/update-browserslist-db cache-miss
1137 silly fetch manifest baseline-browser-mapping@^2.10.44
1138 silly packumentCache full:https://registry.npmjs.org/baseline-browser-mapping cache-miss
1139 silly fetch manifest yallist@^3.0.2
1140 silly packumentCache full:https://registry.npmjs.org/yallist cache-miss
1141 http fetch GET 200 https://registry.npmjs.org/node-releases 332ms (cache revalidated)
1142 silly packumentCache full:https://registry.npmjs.org/node-releases set size:290209 disposed:false
1143 http fetch GET 200 https://registry.npmjs.org/update-browserslist-db 336ms (cache revalidated)
1144 silly packumentCache full:https://registry.npmjs.org/update-browserslist-db set size:62000 disposed:false
1145 http fetch GET 200 https://registry.npmjs.org/baseline-browser-mapping 340ms (cache revalidated)
1146 silly packumentCache full:https://registry.npmjs.org/baseline-browser-mapping set size:572786 disposed:false
1147 http fetch GET 200 https://registry.npmjs.org/electron-to-chromium 407ms (cache revalidated)
1148 silly packumentCache full:https://registry.npmjs.org/electron-to-chromium set size:4879275 disposed:false
1149 http fetch GET 200 https://registry.npmjs.org/yallist 541ms (cache revalidated)
1150 silly packumentCache full:https://registry.npmjs.org/yallist set size:34610 disposed:false
1151 silly placeDep ROOT @babel/helper-module-imports@7.29.7 OK for: @babel/helper-module-transforms@7.29.7 want: ^7.29.7
1152 silly placeDep ROOT @babel/helper-plugin-utils@7.29.7 OK for: @babel/plugin-transform-react-jsx-self@7.29.7 want: ^7.29.7
1153 silly placeDep ROOT @babel/helper-globals@7.29.7 OK for: @babel/traverse@7.29.7 want: ^7.29.7
1154 silly placeDep ROOT @babel/helper-string-parser@7.29.7 OK for: @babel/types@7.29.7 want: ^7.29.7
1155 silly placeDep ROOT @jridgewell/sourcemap-codec@1.5.5 OK for: @jridgewell/gen-mapping@0.3.13 want: ^1.5.0
1156 silly placeDep ROOT @jridgewell/resolve-uri@3.1.2 OK for: @jridgewell/trace-mapping@0.3.31 want: ^3.1.0
1157 silly placeDep ROOT @types/babel__generator@7.27.0 OK for: @types/babel__core@7.20.5 want: *
1158 silly placeDep ROOT @types/babel__template@7.4.4 OK for: @types/babel__core@7.20.5 want: *
1159 silly placeDep ROOT @types/babel__traverse@7.28.0 OK for: @types/babel__core@7.20.5 want: *
1160 silly fetch manifest @types/react@>=17
1161 silly packumentCache full:https://registry.npmjs.org/@types%2freact cache-miss
1162 http cache https://registry.npmjs.org/@types%2freact 87ms (cache hit)
1163 silly packumentCache full:https://registry.npmjs.org/@types%2freact set size:2632776 disposed:false
1164 silly fetch manifest immer@>=9.0.6
1165 silly packumentCache full:https://registry.npmjs.org/immer cache-miss
1166 http fetch GET 200 https://registry.npmjs.org/immer 249ms (cache revalidated)
1167 silly packumentCache full:https://registry.npmjs.org/immer set size:787228 disposed:false
1168 silly fetch manifest react@>=17
1169 silly packumentCache full:https://registry.npmjs.org/react cache-miss
1170 http cache https://registry.npmjs.org/react 214ms (cache hit)
1171 silly packumentCache full:https://registry.npmjs.org/react set size:6849402 disposed:false
1172 silly placeDep ROOT @xyflow/system@0.0.79 OK for: @xyflow/react@12.11.2 want: 0.0.79
1173 silly placeDep ROOT classcat@5.0.5 OK for: @xyflow/react@12.11.2 want: ^5.0.3
1174 silly placeDep ROOT zustand@4.5.7 OK for: @xyflow/react@12.11.2 want: ^4.4.0
1175 silly fetch manifest @types/d3-drag@^3.0.7
1176 silly packumentCache full:https://registry.npmjs.org/@types%2fd3-drag cache-miss
1177 silly fetch manifest @types/d3-interpolate@^3.0.4
1178 silly packumentCache full:https://registry.npmjs.org/@types%2fd3-interpolate cache-miss
1179 silly fetch manifest @types/d3-selection@^3.0.10
1180 silly packumentCache full:https://registry.npmjs.org/@types%2fd3-selection cache-miss
1181 silly fetch manifest @types/d3-transition@^3.0.8
1182 silly packumentCache full:https://registry.npmjs.org/@types%2fd3-transition cache-miss
1183 silly fetch manifest @types/d3-zoom@^3.0.8
1184 silly packumentCache full:https://registry.npmjs.org/@types%2fd3-zoom cache-miss
1185 silly fetch manifest d3-drag@^3.0.0
1186 silly packumentCache full:https://registry.npmjs.org/d3-drag cache-miss
1187 silly fetch manifest d3-interpolate@^3.0.1
1188 silly packumentCache full:https://registry.npmjs.org/d3-interpolate cache-miss
1189 silly fetch manifest d3-selection@^3.0.0
1190 silly packumentCache full:https://registry.npmjs.org/d3-selection cache-miss
1191 silly fetch manifest d3-zoom@^3.0.0
1192 silly packumentCache full:https://registry.npmjs.org/d3-zoom cache-miss
1193 silly fetch manifest use-sync-external-store@^1.2.2
1194 silly packumentCache full:https://registry.npmjs.org/use-sync-external-store cache-miss
1195 http fetch GET 200 https://registry.npmjs.org/@types%2fd3-transition 646ms (cache revalidated)
1196 silly packumentCache full:https://registry.npmjs.org/@types%2fd3-transition set size:88488 disposed:false
1197 http fetch GET 200 https://registry.npmjs.org/@types%2fd3-zoom 663ms (cache revalidated)
1198 silly packumentCache full:https://registry.npmjs.org/@types%2fd3-zoom set size:93285 disposed:false
1199 http fetch GET 200 https://registry.npmjs.org/@types%2fd3-interpolate 704ms (cache revalidated)
1200 silly packumentCache full:https://registry.npmjs.org/@types%2fd3-interpolate set size:56692 disposed:false
1201 http fetch GET 200 https://registry.npmjs.org/d3-interpolate 686ms (cache revalidated)
1202 silly packumentCache full:https://registry.npmjs.org/d3-interpolate set size:162337 disposed:false
1203 http fetch GET 200 https://registry.npmjs.org/d3-drag 727ms (cache revalidated)
1204 silly packumentCache full:https://registry.npmjs.org/d3-drag set size:116130 disposed:false
1205 http fetch GET 200 https://registry.npmjs.org/d3-selection 733ms (cache revalidated)
1206 silly packumentCache full:https://registry.npmjs.org/d3-selection set size:436645 disposed:false
1207 http fetch GET 200 https://registry.npmjs.org/use-sync-external-store 785ms (cache revalidated)
1208 silly packumentCache full:https://registry.npmjs.org/use-sync-external-store set size:4883053 disposed:false
1209 http fetch GET 200 https://registry.npmjs.org/@types%2fd3-selection 939ms (cache revalidated)
1210 silly packumentCache full:https://registry.npmjs.org/@types%2fd3-selection set size:96309 disposed:false
1211 http fetch GET 200 https://registry.npmjs.org/@types%2fd3-drag 968ms (cache revalidated)
1212 silly packumentCache full:https://registry.npmjs.org/@types%2fd3-drag set size:61692 disposed:false
1213 http fetch GET 200 https://registry.npmjs.org/d3-zoom 925ms (cache revalidated)
1214 silly packumentCache full:https://registry.npmjs.org/d3-zoom set size:176377 disposed:false
1215 silly placeDep ROOT @types/d3-drag@3.0.7 OK for: @xyflow/system@0.0.79 want: ^3.0.7
1216 silly placeDep ROOT @types/d3-interpolate@3.0.4 OK for: @xyflow/system@0.0.79 want: ^3.0.4
1217 silly placeDep ROOT @types/d3-selection@3.0.11 OK for: @xyflow/system@0.0.79 want: ^3.0.10
1218 silly placeDep ROOT @types/d3-transition@3.0.9 OK for: @xyflow/system@0.0.79 want: ^3.0.8
1219 silly placeDep ROOT @types/d3-zoom@3.0.8 OK for: @xyflow/system@0.0.79 want: ^3.0.8
1220 silly placeDep ROOT d3-drag@3.0.0 OK for: @xyflow/system@0.0.79 want: ^3.0.0
1221 silly placeDep ROOT d3-interpolate@3.0.1 OK for: @xyflow/system@0.0.79 want: ^3.0.1
1222 silly placeDep ROOT d3-selection@3.0.0 OK for: @xyflow/system@0.0.79 want: ^3.0.0
1223 silly placeDep ROOT d3-zoom@3.0.0 OK for: @xyflow/system@0.0.79 want: ^3.0.0
1224 silly fetch manifest @types/d3-selection@*
1225 silly packumentCache full:https://registry.npmjs.org/@types%2fd3-selection cache-hit
1226 silly fetch manifest @types/d3-color@*
1227 silly packumentCache full:https://registry.npmjs.org/@types%2fd3-color cache-miss
1228 silly fetch manifest d3-dispatch@1 - 3
1229 silly packumentCache full:https://registry.npmjs.org/d3-dispatch cache-miss
1230 silly fetch manifest d3-selection@3
1231 silly packumentCache full:https://registry.npmjs.org/d3-selection cache-hit
1232 silly fetch manifest d3-color@1 - 3
1233 silly packumentCache full:https://registry.npmjs.org/d3-color cache-miss
1234 silly fetch manifest d3-dispatch@1 - 3
1235 silly packumentCache full:https://registry.npmjs.org/d3-dispatch cache-miss
1236 silly fetch manifest d3-transition@2 - 3
1237 silly packumentCache full:https://registry.npmjs.org/d3-transition cache-miss
1238 http fetch GET 200 https://registry.npmjs.org/d3-color 138ms (cache revalidated)
1239 silly packumentCache full:https://registry.npmjs.org/d3-color set size:142335 disposed:false
1240 http fetch GET 200 https://registry.npmjs.org/@types%2fd3-color 158ms (cache revalidated)
1241 silly packumentCache full:https://registry.npmjs.org/@types%2fd3-color set size:69998 disposed:false
1242 http fetch GET 200 https://registry.npmjs.org/d3-transition 190ms (cache revalidated)
1243 silly packumentCache full:https://registry.npmjs.org/d3-transition set size:440595 disposed:false
1244 http fetch GET 200 https://registry.npmjs.org/d3-dispatch 357ms (cache revalidated)
1245 silly packumentCache full:https://registry.npmjs.org/d3-dispatch set size:82955 disposed:false
1246 http fetch GET 200 https://registry.npmjs.org/d3-dispatch 427ms (cache revalidated)
1247 silly packumentCache full:https://registry.npmjs.org/d3-dispatch set size:82955 disposed:false
1248 silly packumentCache full:https://registry.npmjs.org/d3-dispatch dispose
1249 silly placeDep ROOT @types/d3-color@3.1.3 OK for: @types/d3-interpolate@3.0.4 want: *
1250 silly placeDep ROOT fast-deep-equal@3.1.3 OK for: ajv@6.15.0 want: ^3.1.1
1251 silly placeDep ROOT fast-json-stable-stringify@2.1.0 OK for: ajv@6.15.0 want: ^2.0.0
1252 silly placeDep ROOT json-schema-traverse@0.4.1 OK for: ajv@6.15.0 want: ^0.4.1
1253 silly placeDep ROOT uri-js@4.4.1 OK for: ajv@6.15.0 want: ^4.2.2
1254 silly fetch manifest punycode@^2.1.0
1255 silly packumentCache full:https://registry.npmjs.org/punycode cache-miss
1256 http fetch GET 200 https://registry.npmjs.org/punycode 95ms (cache revalidated)
1257 silly packumentCache full:https://registry.npmjs.org/punycode set size:61278 disposed:false
1258 silly placeDep ROOT dequal@2.0.3 OK for: aria-query@5.3.0 want: ^2.0.3
1259 silly placeDep ROOT caniuse-lite@1.0.30001806 OK for: autoprefixer@10.5.4 want: ^1.0.30001806
1260 silly placeDep ROOT fraction.js@5.3.4 OK for: autoprefixer@10.5.4 want: ^5.3.4
1261 silly placeDep ROOT postcss-value-parser@4.2.0 OK for: autoprefixer@10.5.4 want: ^4.2.0
1262 silly fetch manifest browserslist@>= 4.21.0
1263 silly packumentCache full:https://registry.npmjs.org/browserslist cache-hit
1264 silly placeDep ROOT baseline-browser-mapping@2.11.8 OK for: browserslist@4.28.7 want: ^2.10.44
1265 silly placeDep ROOT electron-to-chromium@1.5.398 OK for: browserslist@4.28.7 want: ^1.5.393
1266 silly placeDep ROOT node-releases@2.0.51 OK for: browserslist@4.28.7 want: ^2.0.51
1267 silly placeDep ROOT update-browserslist-db@1.2.3 OK for: browserslist@4.28.7 want: ^1.2.3
1268 silly fetch manifest escalade@^3.2.0
1269 silly packumentCache full:https://registry.npmjs.org/escalade cache-miss
1270 http fetch GET 200 https://registry.npmjs.org/escalade 203ms (cache revalidated)
1271 silly packumentCache full:https://registry.npmjs.org/escalade set size:33724 disposed:false
1272 silly placeDep ROOT d3-dispatch@3.0.1 OK for: d3-drag@3.0.0 want: 1 - 3
1273 silly placeDep ROOT d3-color@3.1.0 OK for: d3-interpolate@3.0.1 want: 1 - 3
1274 silly fetch manifest d3-selection@2 - 3
1275 silly packumentCache full:https://registry.npmjs.org/d3-selection cache-hit
1276 silly placeDep ROOT d3-transition@3.0.1 OK for: d3-zoom@3.0.0 want: 2 - 3
1277 silly fetch manifest d3-ease@1 - 3
1278 silly packumentCache full:https://registry.npmjs.org/d3-ease cache-miss
1279 silly fetch manifest d3-timer@1 - 3
1280 silly packumentCache full:https://registry.npmjs.org/d3-timer cache-miss
1281 http fetch GET 200 https://registry.npmjs.org/d3-ease 153ms (cache revalidated)
1282 silly packumentCache full:https://registry.npmjs.org/d3-ease set size:109490 disposed:false
1283 http fetch GET 200 https://registry.npmjs.org/d3-timer 188ms (cache revalidated)
1284 silly packumentCache full:https://registry.npmjs.org/d3-timer set size:101516 disposed:false
1285 silly placeDep ROOT d3-ease@3.0.1 OK for: d3-transition@3.0.1 want: 1 - 3
1286 silly placeDep ROOT d3-timer@3.0.1 OK for: d3-transition@3.0.1 want: 1 - 3
1287 silly placeDep ROOT ms@2.1.3 OK for: debug@4.4.3 want: ^2.1.3
1288 silly fetch manifest eslint@^6.0.0 || ^7.0.0 || >=8.0.0
1289 silly packumentCache full:https://registry.npmjs.org/eslint cache-miss
1290 http cache https://registry.npmjs.org/eslint 107ms (cache hit)
1291 silly packumentCache full:https://registry.npmjs.org/eslint set size:2040662 disposed:false
1292 silly placeDep ROOT @eslint-community/eslint-utils@4.10.1 OK for: eslint@9.39.5 want: ^4.8.0
1293 silly placeDep ROOT @eslint-community/regexpp@4.12.2 OK for: eslint@9.39.5 want: ^4.12.1
1294 silly placeDep ROOT @eslint/config-array@0.21.2 OK for: eslint@9.39.5 want: ^0.21.2
1295 silly placeDep ROOT @eslint/config-helpers@0.4.2 OK for: eslint@9.39.5 want: ^0.4.2
1296 silly placeDep ROOT @eslint/core@0.17.0 OK for: eslint@9.39.5 want: ^0.17.0
1297 silly placeDep ROOT @eslint/js@9.39.5 OK for: eslint@9.39.5 want: 9.39.5
1298 silly placeDep ROOT @eslint/plugin-kit@0.4.1 OK for: eslint@9.39.5 want: ^0.4.1
1299 silly placeDep ROOT @humanfs/node@0.16.8 OK for: eslint@9.39.5 want: ^0.16.6
1300 silly placeDep ROOT @humanwhocodes/module-importer@1.0.1 OK for: eslint@9.39.5 want: ^1.0.1
1301 silly placeDep ROOT @humanwhocodes/retry@0.4.3 OK for: eslint@9.39.5 want: ^0.4.2
1302 silly placeDep ROOT @types/estree@1.0.9 OK for: eslint@9.39.5 want: ^1.0.6
1303 silly placeDep ROOT chalk@4.1.2 OK for: eslint@9.39.5 want: ^4.0.0
1304 silly placeDep ROOT cross-spawn@7.0.6 OK for: eslint@9.39.5 want: ^7.0.6
1305 silly placeDep ROOT escape-string-regexp@4.0.0 OK for: eslint@9.39.5 want: ^4.0.0
1306 silly placeDep ROOT eslint-scope@8.4.0 OK for: eslint@9.39.5 want: ^8.4.0
1307 silly placeDep ROOT eslint-visitor-keys@4.2.1 OK for: eslint@9.39.5 want: ^4.2.1
1308 silly placeDep ROOT esquery@1.7.0 OK for: eslint@9.39.5 want: ^1.5.0
1309 silly placeDep ROOT esutils@2.0.3 OK for: eslint@9.39.5 want: ^2.0.2
1310 silly placeDep ROOT file-entry-cache@8.0.0 OK for: eslint@9.39.5 want: ^8.0.0
1311 silly placeDep ROOT find-up@5.0.0 OK for: eslint@9.39.5 want: ^5.0.0
1312 silly placeDep ROOT glob-parent@6.0.2 OK for: eslint@9.39.5 want: ^6.0.2
1313 silly placeDep ROOT imurmurhash@0.1.4 OK for: eslint@9.39.5 want: ^0.1.4
1314 silly placeDep ROOT is-glob@4.0.3 OK for: eslint@9.39.5 want: ^4.0.0
1315 silly placeDep ROOT json-stable-stringify-without-jsonify@1.0.1 OK for: eslint@9.39.5 want: ^1.0.1
1316 silly placeDep ROOT lodash.merge@4.6.2 OK for: eslint@9.39.5 want: ^4.6.2
1317 silly placeDep ROOT natural-compare@1.4.0 OK for: eslint@9.39.5 want: ^1.4.0
1318 silly placeDep ROOT optionator@0.9.4 OK for: eslint@9.39.5 want: ^0.9.3
1319 silly fetch manifest eslint-visitor-keys@^3.4.3
1320 silly packumentCache full:https://registry.npmjs.org/eslint-visitor-keys cache-hit
1321 silly fetch manifest @eslint/object-schema@^2.1.7
1322 silly packumentCache full:https://registry.npmjs.org/@eslint%2fobject-schema cache-miss
1323 silly fetch manifest @types/json-schema@^7.0.15
1324 silly packumentCache full:https://registry.npmjs.org/@types%2fjson-schema cache-miss
1325 silly fetch manifest levn@^0.4.1
1326 silly packumentCache full:https://registry.npmjs.org/levn cache-miss
1327 silly fetch manifest @humanwhocodes/retry@^0.4.0
1328 silly packumentCache full:https://registry.npmjs.org/@humanwhocodes%2fretry cache-hit
1329 silly fetch manifest @humanfs/core@^0.19.2
1330 silly packumentCache full:https://registry.npmjs.org/@humanfs%2fcore cache-miss
1331 silly fetch manifest @humanfs/types@^0.15.0
1332 silly packumentCache full:https://registry.npmjs.org/@humanfs%2ftypes cache-miss
1333 silly fetch manifest ansi-styles@^4.1.0
1334 silly packumentCache full:https://registry.npmjs.org/ansi-styles cache-hit
1335 silly fetch manifest supports-color@^7.1.0
1336 silly packumentCache full:https://registry.npmjs.org/supports-color cache-miss
1337 silly fetch manifest which@^2.0.1
1338 silly packumentCache full:https://registry.npmjs.org/which cache-miss
1339 silly fetch manifest path-key@^3.1.0
1340 silly packumentCache full:https://registry.npmjs.org/path-key cache-miss
1341 silly fetch manifest shebang-command@^2.0.0
1342 silly packumentCache full:https://registry.npmjs.org/shebang-command cache-miss
1343 silly fetch manifest esrecurse@^4.3.0
1344 silly packumentCache full:https://registry.npmjs.org/esrecurse cache-miss
1345 silly fetch manifest estraverse@^5.2.0
1346 silly packumentCache full:https://registry.npmjs.org/estraverse cache-miss
1347 http fetch GET 200 https://registry.npmjs.org/path-key 320ms (cache revalidated)
1348 silly packumentCache full:https://registry.npmjs.org/path-key set size:16975 disposed:false
1349 silly fetch manifest estraverse@^5.1.0
1350 silly packumentCache full:https://registry.npmjs.org/estraverse cache-miss
1351 http fetch GET 200 https://registry.npmjs.org/@humanfs%2ftypes 378ms (cache revalidated)
1352 silly packumentCache full:https://registry.npmjs.org/@humanfs%2ftypes set size:19212 disposed:false
1353 silly fetch manifest flat-cache@^4.0.0
1354 silly packumentCache full:https://registry.npmjs.org/flat-cache cache-miss
1355 http fetch GET 200 https://registry.npmjs.org/@eslint%2fobject-schema 420ms (cache revalidated)
1356 silly packumentCache full:https://registry.npmjs.org/@eslint%2fobject-schema set size:38535 disposed:false
1357 silly fetch manifest locate-path@^6.0.0
1358 silly packumentCache full:https://registry.npmjs.org/locate-path cache-miss
1359 http fetch GET 200 https://registry.npmjs.org/which 397ms (cache revalidated)
1360 silly packumentCache full:https://registry.npmjs.org/which set size:70087 disposed:false
1361 silly fetch manifest path-exists@^4.0.0
1362 silly packumentCache full:https://registry.npmjs.org/path-exists cache-miss
1363 http fetch GET 200 https://registry.npmjs.org/@humanfs%2fcore 431ms (cache revalidated)
1364 silly packumentCache full:https://registry.npmjs.org/@humanfs%2fcore set size:37261 disposed:false
1365 silly fetch manifest is-extglob@^2.1.1
1366 silly packumentCache full:https://registry.npmjs.org/is-extglob cache-miss
1367 http fetch GET 200 https://registry.npmjs.org/estraverse 360ms (cache revalidated)
1368 silly packumentCache full:https://registry.npmjs.org/estraverse set size:62412 disposed:false
1369 silly fetch manifest prelude-ls@^1.2.1
1370 silly packumentCache full:https://registry.npmjs.org/prelude-ls cache-miss
1371 http fetch GET 200 https://registry.npmjs.org/@types%2fjson-schema 483ms (cache revalidated)
1372 silly packumentCache full:https://registry.npmjs.org/@types%2fjson-schema set size:44704 disposed:false
1373 silly fetch manifest deep-is@^0.1.3
1374 silly packumentCache full:https://registry.npmjs.org/deep-is cache-miss
1375 http fetch GET 200 https://registry.npmjs.org/supports-color 465ms (cache revalidated)
1376 silly packumentCache full:https://registry.npmjs.org/supports-color set size:124169 disposed:false
1377 silly fetch manifest word-wrap@^1.2.5
1378 silly packumentCache full:https://registry.npmjs.org/word-wrap cache-miss
1379 http fetch GET 200 https://registry.npmjs.org/levn 498ms (cache revalidated)
1380 silly packumentCache full:https://registry.npmjs.org/levn set size:28223 disposed:false
1381 silly fetch manifest type-check@^0.4.0
1382 silly packumentCache full:https://registry.npmjs.org/type-check cache-miss
1383 http fetch GET 200 https://registry.npmjs.org/esrecurse 433ms (cache revalidated)
1384 silly packumentCache full:https://registry.npmjs.org/esrecurse set size:29005 disposed:false
1385 silly fetch manifest fast-levenshtein@^2.0.6
1386 silly packumentCache full:https://registry.npmjs.org/fast-levenshtein cache-miss
1387 http fetch GET 200 https://registry.npmjs.org/shebang-command 705ms (cache revalidated)
1388 silly packumentCache full:https://registry.npmjs.org/shebang-command set size:8525 disposed:false
1389 http cache https://registry.npmjs.org/estraverse 474ms (cache hit)
1390 silly packumentCache full:https://registry.npmjs.org/estraverse set size:62412 disposed:false
1391 silly packumentCache full:https://registry.npmjs.org/estraverse dispose
1392 http fetch GET 200 https://registry.npmjs.org/locate-path 474ms (cache revalidated)
1393 silly packumentCache full:https://registry.npmjs.org/locate-path set size:31329 disposed:false
1394 http fetch GET 200 https://registry.npmjs.org/is-extglob 465ms (cache revalidated)
1395 silly packumentCache full:https://registry.npmjs.org/is-extglob set size:11766 disposed:false
1396 http fetch GET 200 https://registry.npmjs.org/prelude-ls 461ms (cache revalidated)
1397 silly packumentCache full:https://registry.npmjs.org/prelude-ls set size:25777 disposed:false
1398 http fetch GET 200 https://registry.npmjs.org/flat-cache 524ms (cache revalidated)
1399 silly packumentCache full:https://registry.npmjs.org/flat-cache set size:160061 disposed:false
1400 http fetch GET 200 https://registry.npmjs.org/deep-is 454ms (cache revalidated)
1401 silly packumentCache full:https://registry.npmjs.org/deep-is set size:10205 disposed:false
1402 http fetch GET 200 https://registry.npmjs.org/word-wrap 444ms (cache revalidated)
1403 silly packumentCache full:https://registry.npmjs.org/word-wrap set size:37835 disposed:false
1404 http fetch GET 200 https://registry.npmjs.org/fast-levenshtein 426ms (cache revalidated)
1405 silly packumentCache full:https://registry.npmjs.org/fast-levenshtein set size:39317 disposed:false
1406 http fetch GET 200 https://registry.npmjs.org/path-exists 528ms (cache revalidated)
1407 silly packumentCache full:https://registry.npmjs.org/path-exists set size:13704 disposed:false
1408 http fetch GET 200 https://registry.npmjs.org/type-check 456ms (cache revalidated)
1409 silly packumentCache full:https://registry.npmjs.org/type-check set size:21221 disposed:false
1410 silly placeDep node_modules/@eslint-community/eslint-utils eslint-visitor-keys@3.4.3 OK for: @eslint-community/eslint-utils@4.10.1 want: ^3.4.3
1411 silly placeDep ROOT @eslint/object-schema@2.1.7 OK for: @eslint/config-array@0.21.2 want: ^2.1.7
1412 silly placeDep ROOT @types/json-schema@7.0.15 OK for: @eslint/core@0.17.0 want: ^7.0.15
1413 silly placeDep ROOT levn@0.4.1 OK for: @eslint/plugin-kit@0.4.1 want: ^0.4.1
1414 silly fetch manifest type-check@~0.4.0
1415 silly packumentCache full:https://registry.npmjs.org/type-check cache-hit
1416 silly placeDep ROOT @humanfs/core@0.19.2 OK for: @humanfs/node@0.16.8 want: ^0.19.2
1417 silly placeDep ROOT @humanfs/types@0.15.0 OK for: @humanfs/node@0.16.8 want: ^0.15.0
1418 silly placeDep ROOT ansi-styles@4.3.0 OK for: chalk@4.1.2 want: ^4.1.0
1419 silly placeDep ROOT supports-color@7.2.0 OK for: chalk@4.1.2 want: ^7.1.0
1420 silly fetch manifest color-convert@^2.0.1
1421 silly packumentCache full:https://registry.npmjs.org/color-convert cache-miss
1422 silly fetch manifest has-flag@^4.0.0
1423 silly packumentCache full:https://registry.npmjs.org/has-flag cache-miss
1424 http fetch GET 200 https://registry.npmjs.org/color-convert 126ms (cache revalidated)
1425 silly packumentCache full:https://registry.npmjs.org/color-convert set size:72663 disposed:false
1426 http fetch GET 200 https://registry.npmjs.org/has-flag 140ms (cache revalidated)
1427 silly packumentCache full:https://registry.npmjs.org/has-flag set size:15180 disposed:false
1428 silly placeDep ROOT color-convert@2.0.1 OK for: ansi-styles@4.3.0 want: ^2.0.1
1429 silly fetch manifest color-name@~1.1.4
1430 silly packumentCache full:https://registry.npmjs.org/color-name cache-miss
1431 http fetch GET 200 https://registry.npmjs.org/color-name 76ms (cache revalidated)
1432 silly packumentCache full:https://registry.npmjs.org/color-name set size:20968 disposed:false
1433 silly placeDep ROOT color-name@1.1.4 OK for: color-convert@2.0.1 want: ~1.1.4
1434 silly placeDep ROOT path-key@3.1.1 OK for: cross-spawn@7.0.6 want: ^3.1.0
1435 silly placeDep ROOT shebang-command@2.0.0 OK for: cross-spawn@7.0.6 want: ^2.0.0
1436 silly placeDep ROOT which@2.0.2 OK for: cross-spawn@7.0.6 want: ^2.0.1
1437 silly fetch manifest shebang-regex@^3.0.0
1438 silly packumentCache full:https://registry.npmjs.org/shebang-regex cache-miss
1439 silly fetch manifest isexe@^2.0.0
1440 silly packumentCache full:https://registry.npmjs.org/isexe cache-miss
1441 http fetch GET 200 https://registry.npmjs.org/shebang-regex 100ms (cache revalidated)
1442 silly packumentCache full:https://registry.npmjs.org/shebang-regex set size:9763 disposed:false
1443 http fetch GET 200 https://registry.npmjs.org/isexe 109ms (cache revalidated)
1444 silly packumentCache full:https://registry.npmjs.org/isexe set size:31756 disposed:false
1445 silly fetch manifest eslint@^7.23.0 || ^8.0.0 || ^9.0.0
1446 silly packumentCache full:https://registry.npmjs.org/eslint cache-miss
1447 http cache https://registry.npmjs.org/eslint 49ms (cache hit)
1448 silly packumentCache full:https://registry.npmjs.org/eslint set size:2040662 disposed:false
1449 silly fetch manifest typescript@>=3.3.1
1450 silly packumentCache full:https://registry.npmjs.org/typescript cache-miss
1451 http cache https://registry.npmjs.org/typescript 238ms (cache hit)
1452 silly packumentCache full:https://registry.npmjs.org/typescript set size:15493019 disposed:false
1453 silly fetch manifest typescript@>=4.8.4 <6.1.0
1454 silly packumentCache full:https://registry.npmjs.org/typescript cache-miss
1455 http cache https://registry.npmjs.org/typescript 237ms (cache hit)
1456 silly packumentCache full:https://registry.npmjs.org/typescript set size:15493019 disposed:false
1457 silly fetch manifest eslint-plugin-import-x@*
1458 silly packumentCache full:https://registry.npmjs.org/eslint-plugin-import-x cache-miss
1459 http fetch GET 200 https://registry.npmjs.org/eslint-plugin-import-x 380ms (cache revalidated)
1460 silly packumentCache full:https://registry.npmjs.org/eslint-plugin-import-x set size:276235 disposed:false
1461 silly fetch manifest @typescript-eslint/utils@^8.56.0
1462 silly packumentCache full:https://registry.npmjs.org/@typescript-eslint%2futils cache-miss
1463 http fetch GET 200 https://registry.npmjs.org/@typescript-eslint%2futils 659ms (cache revalidated)
1464 silly packumentCache full:https://registry.npmjs.org/@typescript-eslint%2futils set size:10602878 disposed:false
1465 silly placeDep ROOT @next/eslint-plugin-next@15.5.22 OK for: eslint-config-next@15.5.22 want: 15.5.22
1466 silly placeDep ROOT @rushstack/eslint-patch@1.16.1 OK for: eslint-config-next@15.5.22 want: ^1.10.3
1467 silly placeDep ROOT @typescript-eslint/eslint-plugin@8.65.0 OK for: eslint-config-next@15.5.22 want: ^5.4.2 || ^6.0.0 || ^7.0.0 || ^8.0.0
1468 silly placeDep ROOT @typescript-eslint/parser@8.65.0 OK for: @typescript-eslint/eslint-plugin@8.65.0 want: ^8.65.0
1469 silly placeDep ROOT eslint-import-resolver-node@0.3.10 OK for: eslint-config-next@15.5.22 want: ^0.3.6
1470 silly placeDep ROOT eslint-import-resolver-typescript@3.10.1 OK for: eslint-config-next@15.5.22 want: ^3.5.2
1471 silly placeDep ROOT eslint-plugin-import@2.32.0 OK for: eslint-config-next@15.5.22 want: ^2.31.0
1472 silly placeDep ROOT eslint-plugin-jsx-a11y@6.10.2 OK for: eslint-config-next@15.5.22 want: ^6.10.0
1473 silly placeDep ROOT eslint-plugin-react@7.37.5 OK for: eslint-config-next@15.5.22 want: ^7.37.0
1474 silly placeDep ROOT eslint-plugin-react-hooks@5.2.0 OK for: eslint-config-next@15.5.22 want: ^5.0.0
1475 silly fetch manifest fast-glob@3.3.1
1476 silly packumentCache full:https://registry.npmjs.org/fast-glob cache-hit
1477 silly fetch manifest ignore@^7.0.5
1478 silly packumentCache full:https://registry.npmjs.org/ignore cache-hit
1479 silly fetch manifest ts-api-utils@^2.5.0
1480 silly packumentCache full:https://registry.npmjs.org/ts-api-utils cache-miss
1481 silly fetch manifest @typescript-eslint/utils@8.65.0
1482 silly packumentCache full:https://registry.npmjs.org/@typescript-eslint%2futils cache-miss
1483 silly fetch manifest @typescript-eslint/type-utils@8.65.0
1484 silly packumentCache full:https://registry.npmjs.org/@typescript-eslint%2ftype-utils cache-miss
1485 silly fetch manifest @typescript-eslint/visitor-keys@8.65.0
1486 silly packumentCache full:https://registry.npmjs.org/@typescript-eslint%2fvisitor-keys cache-miss
1487 silly fetch manifest @typescript-eslint/scope-manager@8.65.0
1488 silly packumentCache full:https://registry.npmjs.org/@typescript-eslint%2fscope-manager cache-miss
1489 silly fetch manifest @typescript-eslint/types@8.65.0
1490 silly packumentCache full:https://registry.npmjs.org/@typescript-eslint%2ftypes cache-miss
1491 silly fetch manifest @typescript-eslint/visitor-keys@8.65.0
1492 silly packumentCache full:https://registry.npmjs.org/@typescript-eslint%2fvisitor-keys cache-miss
1493 silly fetch manifest @typescript-eslint/scope-manager@8.65.0
1494 silly packumentCache full:https://registry.npmjs.org/@typescript-eslint%2fscope-manager cache-miss
1495 silly fetch manifest @typescript-eslint/typescript-estree@8.65.0
1496 silly packumentCache full:https://registry.npmjs.org/@typescript-eslint%2ftypescript-estree cache-miss
1497 silly fetch manifest debug@^3.2.7
1498 silly packumentCache full:https://registry.npmjs.org/debug cache-hit
1499 silly fetch manifest resolve@^2.0.0-next.6
1500 silly packumentCache full:https://registry.npmjs.org/resolve cache-hit
1501 silly fetch manifest is-core-module@^2.16.1
1502 silly packumentCache full:https://registry.npmjs.org/is-core-module cache-miss
1503 silly fetch manifest stable-hash@^0.0.5
1504 silly packumentCache full:https://registry.npmjs.org/stable-hash cache-miss
1505 http cache https://registry.npmjs.org/@typescript-eslint%2futils 764ms (cache hit)
1506 silly packumentCache full:https://registry.npmjs.org/@typescript-eslint%2futils set size:10602878 disposed:false
1507 silly fetch manifest get-tsconfig@^4.10.0
1508 silly packumentCache full:https://registry.npmjs.org/get-tsconfig cache-miss
1509 http fetch GET 200 https://registry.npmjs.org/ts-api-utils 1206ms (cache revalidated)
1510 silly packumentCache full:https://registry.npmjs.org/ts-api-utils set size:226785 disposed:false
1511 silly fetch manifest is-bun-module@^2.0.0
1512 silly packumentCache full:https://registry.npmjs.org/is-bun-module cache-miss
1513 http fetch GET 200 https://registry.npmjs.org/@typescript-eslint%2fvisitor-keys 1422ms (cache revalidated)
1514 silly packumentCache full:https://registry.npmjs.org/@typescript-eslint%2fvisitor-keys set size:12210584 disposed:false
1515 silly fetch manifest unrs-resolver@^1.6.2
1516 silly packumentCache full:https://registry.npmjs.org/unrs-resolver cache-miss
1517 http fetch GET 200 https://registry.npmjs.org/@typescript-eslint%2ftypes 1866ms (cache revalidated)
1518 silly packumentCache full:https://registry.npmjs.org/@typescript-eslint%2ftypes set size:12661067 disposed:false
1519 silly fetch manifest @nolyfill/is-core-module@1.0.39
1520 silly packumentCache full:https://registry.npmjs.org/@nolyfill%2fis-core-module cache-miss
1521 http fetch GET 200 https://registry.npmjs.org/@typescript-eslint%2fvisitor-keys 2390ms (cache revalidated)
1522 silly packumentCache full:https://registry.npmjs.org/@typescript-eslint%2fvisitor-keys set size:12210584 disposed:false
1523 silly fetch manifest @rtsao/scc@^1.1.0
1524 silly packumentCache full:https://registry.npmjs.org/@rtsao%2fscc cache-miss
1525 http fetch GET 200 https://registry.npmjs.org/@typescript-eslint%2ftypescript-estree 2759ms (cache revalidated)
1526 silly packumentCache full:https://registry.npmjs.org/@typescript-eslint%2ftypescript-estree set size:16831210 disposed:false
1527 silly fetch manifest array-includes@^3.1.9
1528 silly packumentCache full:https://registry.npmjs.org/array-includes cache-miss
1529 http fetch GET 200 https://registry.npmjs.org/@typescript-eslint%2fscope-manager 4137ms (cache revalidated)
1530 silly packumentCache full:https://registry.npmjs.org/@typescript-eslint%2fscope-manager set size:12840966 disposed:false
1531 silly fetch manifest array.prototype.findlastindex@^1.2.6
1532 silly packumentCache full:https://registry.npmjs.org/array.prototype.findlastindex cache-miss
1533 http fetch GET 200 https://registry.npmjs.org/@typescript-eslint%2fscope-manager 4914ms (cache revalidated)
1534 silly packumentCache full:https://registry.npmjs.org/@typescript-eslint%2fscope-manager set size:12840966 disposed:false
1535 silly fetch manifest array.prototype.flat@^1.3.3
1536 silly packumentCache full:https://registry.npmjs.org/array.prototype.flat cache-miss
1537 http fetch GET 200 https://registry.npmjs.org/stable-hash 5176ms (cache revalidated)
1538 silly packumentCache full:https://registry.npmjs.org/stable-hash set size:18359 disposed:false
1539 silly fetch manifest array.prototype.flatmap@^1.3.3
1540 silly packumentCache full:https://registry.npmjs.org/array.prototype.flatmap cache-miss
1541 http fetch GET 200 https://registry.npmjs.org/is-core-module 5217ms (cache revalidated)
1542 silly packumentCache full:https://registry.npmjs.org/is-core-module set size:74378 disposed:false
1543 silly fetch manifest doctrine@^2.1.0
1544 silly packumentCache full:https://registry.npmjs.org/doctrine cache-miss
1545 http fetch GET 200 https://registry.npmjs.org/@typescript-eslint%2ftype-utils 5472ms (cache revalidated)
1546 silly packumentCache full:https://registry.npmjs.org/@typescript-eslint%2ftype-utils set size:9714302 disposed:false
1547 silly fetch manifest eslint-module-utils@^2.12.1
1548 silly packumentCache full:https://registry.npmjs.org/eslint-module-utils cache-miss
1549 http fetch GET 200 https://registry.npmjs.org/get-tsconfig 5067ms (cache revalidated)
1550 silly packumentCache full:https://registry.npmjs.org/get-tsconfig set size:128095 disposed:false
1551 silly fetch manifest hasown@^2.0.2
1552 silly packumentCache full:https://registry.npmjs.org/hasown cache-miss
1553 http fetch GET 200 https://registry.npmjs.org/array-includes 2174ms (cache revalidated)
1554 silly packumentCache full:https://registry.npmjs.org/array-includes set size:77143 disposed:false
1555 silly fetch manifest object.fromentries@^2.0.8
1556 silly packumentCache full:https://registry.npmjs.org/object.fromentries cache-miss
1557 http fetch GET 200 https://registry.npmjs.org/array.prototype.findlastindex 1465ms (cache revalidated)
1558 silly packumentCache full:https://registry.npmjs.org/array.prototype.findlastindex set size:44828 disposed:false
1559 silly fetch manifest object.groupby@^1.0.3
1560 silly packumentCache full:https://registry.npmjs.org/object.groupby cache-miss
1561 http fetch GET 200 https://registry.npmjs.org/@rtsao%2fscc 3643ms (cache revalidated)
1562 silly packumentCache full:https://registry.npmjs.org/@rtsao%2fscc set size:6332 disposed:false
1563 silly fetch manifest object.values@^1.2.1
1564 silly packumentCache full:https://registry.npmjs.org/object.values cache-miss
1565 http fetch GET 200 https://registry.npmjs.org/array.prototype.flat 1101ms (cache revalidated)
1566 silly packumentCache full:https://registry.npmjs.org/array.prototype.flat set size:38327 disposed:false
1567 silly fetch manifest string.prototype.trimend@^1.0.9
1568 silly packumentCache full:https://registry.npmjs.org/string.prototype.trimend cache-miss
1569 http fetch GET 200 https://registry.npmjs.org/array.prototype.flatmap 1076ms (cache revalidated)
1570 silly packumentCache full:https://registry.npmjs.org/array.prototype.flatmap set size:51458 disposed:false
1571 silly fetch manifest tsconfig-paths@^3.15.0
1572 silly packumentCache full:https://registry.npmjs.org/tsconfig-paths cache-miss
1573 http fetch GET 200 https://registry.npmjs.org/doctrine 1032ms (cache revalidated)
1574 silly packumentCache full:https://registry.npmjs.org/doctrine set size:64052 disposed:false
1575 silly fetch manifest aria-query@^5.3.2
1576 silly packumentCache full:https://registry.npmjs.org/aria-query cache-hit
1577 silly fetch manifest array-includes@^3.1.8
1578 silly packumentCache full:https://registry.npmjs.org/array-includes cache-hit
1579 silly fetch manifest array.prototype.flatmap@^1.3.2
1580 silly packumentCache full:https://registry.npmjs.org/array.prototype.flatmap cache-hit
1581 silly fetch manifest ast-types-flow@^0.0.8
1582 silly packumentCache full:https://registry.npmjs.org/ast-types-flow cache-miss
1583 http fetch GET 200 https://registry.npmjs.org/eslint-module-utils 579ms (cache revalidated)
1584 silly packumentCache full:https://registry.npmjs.org/eslint-module-utils set size:83654 disposed:false
1585 silly fetch manifest axe-core@^4.10.0
1586 silly packumentCache full:https://registry.npmjs.org/axe-core cache-miss
1587 http fetch GET 200 https://registry.npmjs.org/is-bun-module 5208ms (cache revalidated)
1588 silly packumentCache full:https://registry.npmjs.org/is-bun-module set size:19768 disposed:false
1589 silly fetch manifest axobject-query@^4.1.0
1590 silly packumentCache full:https://registry.npmjs.org/axobject-query cache-miss
1591 http fetch GET 200 https://registry.npmjs.org/unrs-resolver 4753ms (cache revalidated)
1592 silly packumentCache full:https://registry.npmjs.org/unrs-resolver set size:151128 disposed:false
1593 silly fetch manifest damerau-levenshtein@^1.0.8
1594 silly packumentCache full:https://registry.npmjs.org/damerau-levenshtein cache-miss
1595 http fetch GET 200 https://registry.npmjs.org/@nolyfill%2fis-core-module 4256ms (cache revalidated)
1596 silly packumentCache full:https://registry.npmjs.org/@nolyfill%2fis-core-module set size:10461 disposed:false
1597 silly fetch manifest emoji-regex@^9.2.2
1598 silly packumentCache full:https://registry.npmjs.org/emoji-regex cache-miss
1599 http fetch GET 200 https://registry.npmjs.org/hasown 709ms (cache revalidated)
1600 silly packumentCache full:https://registry.npmjs.org/hasown set size:18361 disposed:false
1601 silly fetch manifest jsx-ast-utils@^3.3.5
1602 silly packumentCache full:https://registry.npmjs.org/jsx-ast-utils cache-miss
1603 http fetch GET 200 https://registry.npmjs.org/object.groupby 718ms (cache revalidated)
1604 silly packumentCache full:https://registry.npmjs.org/object.groupby set size:15504 disposed:false
1605 silly fetch manifest language-tags@^1.0.9
1606 silly packumentCache full:https://registry.npmjs.org/language-tags cache-miss
1607 http fetch GET 200 https://registry.npmjs.org/object.fromentries 798ms (cache revalidated)
1608 silly packumentCache full:https://registry.npmjs.org/object.fromentries set size:37686 disposed:false
1609 silly fetch manifest safe-regex-test@^1.0.3
1610 silly packumentCache full:https://registry.npmjs.org/safe-regex-test cache-miss
1611 http fetch GET 200 https://registry.npmjs.org/string.prototype.trimend 710ms (cache revalidated)
1612 silly packumentCache full:https://registry.npmjs.org/string.prototype.trimend set size:44009 disposed:false
1613 silly fetch manifest string.prototype.includes@^2.0.1
1614 silly packumentCache full:https://registry.npmjs.org/string.prototype.includes cache-miss
1615 http fetch GET 200 https://registry.npmjs.org/object.values 748ms (cache revalidated)
1616 silly packumentCache full:https://registry.npmjs.org/object.values set size:49009 disposed:false
1617 silly fetch manifest array.prototype.findlast@^1.2.5
1618 silly packumentCache full:https://registry.npmjs.org/array.prototype.findlast cache-miss
1619 http fetch GET 200 https://registry.npmjs.org/tsconfig-paths 739ms (cache revalidated)
1620 silly packumentCache full:https://registry.npmjs.org/tsconfig-paths set size:192565 disposed:false
1621 silly fetch manifest array.prototype.tosorted@^1.1.4
1622 silly packumentCache full:https://registry.npmjs.org/array.prototype.tosorted cache-miss
1623 http fetch GET 200 https://registry.npmjs.org/ast-types-flow 727ms (cache revalidated)
1624 silly packumentCache full:https://registry.npmjs.org/ast-types-flow set size:15144 disposed:false
1625 silly fetch manifest es-iterator-helpers@^1.2.1
1626 silly packumentCache full:https://registry.npmjs.org/es-iterator-helpers cache-miss
1627 http fetch GET 200 https://registry.npmjs.org/axobject-query 677ms (cache revalidated)
1628 silly packumentCache full:https://registry.npmjs.org/axobject-query set size:75032 disposed:false
1629 silly fetch manifest estraverse@^5.3.0
1630 silly packumentCache full:https://registry.npmjs.org/estraverse cache-hit
1631 silly fetch manifest jsx-ast-utils@^2.4.1 || ^3.0.0
1632 silly packumentCache full:https://registry.npmjs.org/jsx-ast-utils cache-miss
1633 http fetch GET 200 https://registry.npmjs.org/emoji-regex 637ms (cache revalidated)
1634 silly packumentCache full:https://registry.npmjs.org/emoji-regex set size:89064 disposed:false
1635 silly fetch manifest object.entries@^1.1.9
1636 silly packumentCache full:https://registry.npmjs.org/object.entries cache-miss
1637 http fetch GET 200 https://registry.npmjs.org/damerau-levenshtein 674ms (cache revalidated)
1638 silly packumentCache full:https://registry.npmjs.org/damerau-levenshtein set size:23390 disposed:false
1639 silly fetch manifest prop-types@^15.8.1
1640 silly packumentCache full:https://registry.npmjs.org/prop-types cache-miss
1641 http fetch GET 200 https://registry.npmjs.org/axe-core 909ms (cache revalidated)
1642 silly packumentCache full:https://registry.npmjs.org/axe-core set size:9710990 disposed:false
1643 silly fetch manifest resolve@^2.0.0-next.5
1644 silly packumentCache full:https://registry.npmjs.org/resolve cache-hit
1645 silly fetch manifest string.prototype.matchall@^4.0.12
1646 silly packumentCache full:https://registry.npmjs.org/string.prototype.matchall cache-miss
1647 http fetch GET 200 https://registry.npmjs.org/jsx-ast-utils 775ms (cache revalidated)
1648 silly packumentCache full:https://registry.npmjs.org/jsx-ast-utils set size:115998 disposed:false
1649 silly fetch manifest string.prototype.repeat@^1.0.0
1650 silly packumentCache full:https://registry.npmjs.org/string.prototype.repeat cache-miss
1651 http fetch GET 200 https://registry.npmjs.org/safe-regex-test 687ms (cache revalidated)
1652 silly packumentCache full:https://registry.npmjs.org/safe-regex-test set size:17412 disposed:false
1653 http fetch GET 200 https://registry.npmjs.org/language-tags 728ms (cache revalidated)
1654 silly packumentCache full:https://registry.npmjs.org/language-tags set size:38675 disposed:false
1655 http fetch GET 200 https://registry.npmjs.org/array.prototype.findlast 684ms (cache revalidated)
1656 silly packumentCache full:https://registry.npmjs.org/array.prototype.findlast set size:40323 disposed:false
1657 http fetch GET 200 https://registry.npmjs.org/string.prototype.includes 721ms (cache revalidated)
1658 silly packumentCache full:https://registry.npmjs.org/string.prototype.includes set size:10217 disposed:false
1659 http fetch GET 200 https://registry.npmjs.org/es-iterator-helpers 660ms (cache revalidated)
1660 silly packumentCache full:https://registry.npmjs.org/es-iterator-helpers set size:281513 disposed:false
1661 http fetch GET 200 https://registry.npmjs.org/array.prototype.tosorted 696ms (cache revalidated)
1662 silly packumentCache full:https://registry.npmjs.org/array.prototype.tosorted set size:24661 disposed:false
1663 http fetch GET 200 https://registry.npmjs.org/jsx-ast-utils 611ms (cache revalidated)
1664 silly packumentCache full:https://registry.npmjs.org/jsx-ast-utils set size:115998 disposed:false
1665 silly packumentCache full:https://registry.npmjs.org/jsx-ast-utils dispose
1666 http fetch GET 200 https://registry.npmjs.org/prop-types 602ms (cache revalidated)
1667 silly packumentCache full:https://registry.npmjs.org/prop-types set size:76747 disposed:false
1668 http fetch GET 200 https://registry.npmjs.org/string.prototype.matchall 237ms (cache revalidated)
1669 silly packumentCache full:https://registry.npmjs.org/string.prototype.matchall set size:63239 disposed:false
1670 http fetch GET 200 https://registry.npmjs.org/string.prototype.repeat 182ms (cache revalidated)
1671 silly packumentCache full:https://registry.npmjs.org/string.prototype.repeat set size:8608 disposed:false
1672 http fetch GET 200 https://registry.npmjs.org/object.entries 769ms (cache revalidated)
1673 silly packumentCache full:https://registry.npmjs.org/object.entries set size:50037 disposed:false
1674 silly placeDep ROOT fast-glob@3.3.1 OK for: @next/eslint-plugin-next@15.5.22 want: 3.3.1
1675 silly fetch manifest merge2@^1.3.0
1676 silly packumentCache full:https://registry.npmjs.org/merge2 cache-miss
1677 silly fetch manifest micromatch@^4.0.4
1678 silly packumentCache full:https://registry.npmjs.org/micromatch cache-hit
1679 silly fetch manifest glob-parent@^5.1.2
1680 silly packumentCache full:https://registry.npmjs.org/glob-parent cache-hit
1681 silly fetch manifest @nodelib/fs.stat@^2.0.2
1682 silly packumentCache full:https://registry.npmjs.org/@nodelib%2ffs.stat cache-miss
1683 silly fetch manifest @nodelib/fs.walk@^1.2.3
1684 silly packumentCache full:https://registry.npmjs.org/@nodelib%2ffs.walk cache-miss
1685 http fetch GET 200 https://registry.npmjs.org/merge2 81ms (cache revalidated)
1686 silly packumentCache full:https://registry.npmjs.org/merge2 set size:46159 disposed:false
1687 http fetch GET 200 https://registry.npmjs.org/@nodelib%2ffs.walk 95ms (cache revalidated)
1688 silly packumentCache full:https://registry.npmjs.org/@nodelib%2ffs.walk set size:41589 disposed:false
1689 http fetch GET 200 https://registry.npmjs.org/@nodelib%2ffs.stat 124ms (cache revalidated)
1690 silly packumentCache full:https://registry.npmjs.org/@nodelib%2ffs.stat set size:36993 disposed:false
1691 silly fetch manifest eslint@^8.57.0 || ^9.0.0 || ^10.0.0
1692 silly packumentCache full:https://registry.npmjs.org/eslint cache-miss
1693 http cache https://registry.npmjs.org/eslint 42ms (cache hit)
1694 silly packumentCache full:https://registry.npmjs.org/eslint set size:2040662 disposed:false
1695 silly placeDep ROOT @typescript-eslint/scope-manager@8.65.0 OK for: @typescript-eslint/eslint-plugin@8.65.0 want: 8.65.0
1696 silly placeDep ROOT @typescript-eslint/type-utils@8.65.0 OK for: @typescript-eslint/eslint-plugin@8.65.0 want: 8.65.0
1697 silly placeDep ROOT @typescript-eslint/utils@8.65.0 OK for: @typescript-eslint/eslint-plugin@8.65.0 want: 8.65.0
1698 silly placeDep ROOT @typescript-eslint/visitor-keys@8.65.0 OK for: @typescript-eslint/eslint-plugin@8.65.0 want: 8.65.0
1699 silly placeDep node_modules/@typescript-eslint/eslint-plugin ignore@7.0.6 OK for: @typescript-eslint/eslint-plugin@8.65.0 want: ^7.0.5
1700 silly placeDep ROOT ts-api-utils@2.5.0 OK for: @typescript-eslint/eslint-plugin@8.65.0 want: ^2.5.0
1701 silly fetch manifest eslint-visitor-keys@^5.0.0
1702 silly packumentCache full:https://registry.npmjs.org/eslint-visitor-keys cache-hit
1703 silly placeDep ROOT @typescript-eslint/types@8.65.0 OK for: @typescript-eslint/parser@8.65.0 want: 8.65.0
1704 silly placeDep ROOT @typescript-eslint/typescript-estree@8.65.0 OK for: @typescript-eslint/parser@8.65.0 want: 8.65.0
1705 silly fetch manifest semver@^7.7.3
1706 silly packumentCache full:https://registry.npmjs.org/semver cache-hit
1707 silly fetch manifest minimatch@^10.2.2
1708 silly packumentCache full:https://registry.npmjs.org/minimatch cache-hit
1709 silly fetch manifest tinyglobby@^0.2.15
1710 silly packumentCache full:https://registry.npmjs.org/tinyglobby cache-hit
1711 silly fetch manifest @typescript-eslint/tsconfig-utils@8.65.0
1712 silly packumentCache full:https://registry.npmjs.org/@typescript-eslint%2ftsconfig-utils cache-miss
1713 silly fetch manifest @typescript-eslint/project-service@8.65.0
1714 silly packumentCache full:https://registry.npmjs.org/@typescript-eslint%2fproject-service cache-miss
1715 http fetch GET 200 https://registry.npmjs.org/@typescript-eslint%2ftsconfig-utils 114ms (cache revalidated)
1716 silly packumentCache full:https://registry.npmjs.org/@typescript-eslint%2ftsconfig-utils set size:1627246 disposed:false
1717 http fetch GET 200 https://registry.npmjs.org/@typescript-eslint%2fproject-service 156ms (cache revalidated)
1718 silly packumentCache full:https://registry.npmjs.org/@typescript-eslint%2fproject-service set size:1729232 disposed:false
1719 silly placeDep ROOT @typescript-eslint/project-service@8.65.0 OK for: @typescript-eslint/typescript-estree@8.65.0 want: 8.65.0
1720 silly placeDep ROOT @typescript-eslint/tsconfig-utils@8.65.0 OK for: @typescript-eslint/typescript-estree@8.65.0 want: 8.65.0
1721 silly placeDep node_modules/@typescript-eslint/typescript-estree minimatch@10.2.6 OK for: @typescript-eslint/typescript-estree@8.65.0 want: ^10.2.2
1722 silly placeDep node_modules/@typescript-eslint/typescript-estree semver@7.8.5 OK for: @typescript-eslint/typescript-estree@8.65.0 want: ^7.7.3
1723 silly placeDep ROOT tinyglobby@0.2.17 OK for: @typescript-eslint/typescript-estree@8.65.0 want: ^0.2.15
1724 silly fetch manifest @typescript-eslint/tsconfig-utils@^8.65.0
1725 silly packumentCache full:https://registry.npmjs.org/@typescript-eslint%2ftsconfig-utils cache-miss
1726 silly fetch manifest brace-expansion@^5.0.8
1727 silly packumentCache full:https://registry.npmjs.org/brace-expansion cache-hit
1728 silly fetch manifest fdir@^6.5.0
1729 silly packumentCache full:https://registry.npmjs.org/fdir cache-hit
1730 silly fetch manifest picomatch@^4.0.4
1731 silly packumentCache full:https://registry.npmjs.org/picomatch cache-hit
1732 http cache https://registry.npmjs.org/@typescript-eslint%2ftsconfig-utils 87ms (cache hit)
1733 silly packumentCache full:https://registry.npmjs.org/@typescript-eslint%2ftsconfig-utils set size:1627246 disposed:false
1734 silly placeDep node_modules/@typescript-eslint/visitor-keys eslint-visitor-keys@5.0.1 OK for: @typescript-eslint/visitor-keys@8.65.0 want: ^5.0.0
1735 silly placeDep node_modules/eslint-import-resolver-node debug@3.2.7 OK for: eslint-import-resolver-node@0.3.10 want: ^3.2.7
1736 silly placeDep ROOT is-core-module@2.16.2 OK for: eslint-import-resolver-node@0.3.10 want: ^2.16.1
1737 silly placeDep ROOT resolve@2.0.0-next.7 OK for: eslint-import-resolver-node@0.3.10 want: ^2.0.0-next.6
1738 silly fetch manifest hasown@^2.0.3
1739 silly packumentCache full:https://registry.npmjs.org/hasown cache-hit
1740 silly fetch manifest es-errors@^1.3.0
1741 silly packumentCache full:https://registry.npmjs.org/es-errors cache-miss
1742 silly fetch manifest node-exports-info@^1.6.0
1743 silly packumentCache full:https://registry.npmjs.org/node-exports-info cache-miss
1744 silly fetch manifest object-keys@^1.1.1
1745 silly packumentCache full:https://registry.npmjs.org/object-keys cache-miss
1746 silly fetch manifest path-parse@^1.0.7
1747 silly packumentCache full:https://registry.npmjs.org/path-parse cache-miss
1748 silly fetch manifest supports-preserve-symlinks-flag@^1.0.0
1749 silly packumentCache full:https://registry.npmjs.org/supports-preserve-symlinks-flag cache-miss
1750 http fetch GET 200 https://registry.npmjs.org/supports-preserve-symlinks-flag 129ms (cache revalidated)
1751 silly packumentCache full:https://registry.npmjs.org/supports-preserve-symlinks-flag set size:6802 disposed:false
1752 http fetch GET 200 https://registry.npmjs.org/es-errors 138ms (cache revalidated)
1753 silly packumentCache full:https://registry.npmjs.org/es-errors set size:16918 disposed:false
1754 http fetch GET 200 https://registry.npmjs.org/path-parse 137ms (cache revalidated)
1755 silly packumentCache full:https://registry.npmjs.org/path-parse set size:14523 disposed:false
1756 http fetch GET 200 https://registry.npmjs.org/node-exports-info 143ms (cache revalidated)
1757 silly packumentCache full:https://registry.npmjs.org/node-exports-info set size:69480 disposed:false
1758 http fetch GET 200 https://registry.npmjs.org/object-keys 338ms (cache revalidated)
1759 silly packumentCache full:https://registry.npmjs.org/object-keys set size:67744 disposed:false
1760 silly placeDep ROOT @nolyfill/is-core-module@1.0.39 OK for: eslint-import-resolver-typescript@3.10.1 want: 1.0.39
1761 silly placeDep ROOT get-tsconfig@4.14.0 OK for: eslint-import-resolver-typescript@3.10.1 want: ^4.10.0
1762 silly placeDep ROOT is-bun-module@2.0.0 OK for: eslint-import-resolver-typescript@3.10.1 want: ^2.0.0
1763 silly placeDep ROOT stable-hash@0.0.5 OK for: eslint-import-resolver-typescript@3.10.1 want: ^0.0.5
1764 silly placeDep ROOT unrs-resolver@1.12.2 OK for: eslint-import-resolver-typescript@3.10.1 want: ^1.6.2
1765 silly fetch manifest resolve-pkg-maps@^1.0.0
1766 silly packumentCache full:https://registry.npmjs.org/resolve-pkg-maps cache-miss
1767 silly fetch manifest semver@^7.7.1
1768 silly packumentCache full:https://registry.npmjs.org/semver cache-hit
1769 silly fetch manifest napi-postinstall@^0.3.4
1770 silly packumentCache full:https://registry.npmjs.org/napi-postinstall cache-miss
1771 silly fetch manifest @unrs/resolver-binding-darwin-arm64@1.12.2
1772 silly packumentCache full:https://registry.npmjs.org/@unrs%2fresolver-binding-darwin-arm64 cache-miss
1773 silly fetch manifest @unrs/resolver-binding-android-arm64@1.12.2
1774 silly packumentCache full:https://registry.npmjs.org/@unrs%2fresolver-binding-android-arm64 cache-miss
1775 silly fetch manifest @unrs/resolver-binding-win32-arm64-msvc@1.12.2
1776 silly packumentCache full:https://registry.npmjs.org/@unrs%2fresolver-binding-win32-arm64-msvc cache-miss
1777 silly fetch manifest @unrs/resolver-binding-linux-arm64-gnu@1.12.2
1778 silly packumentCache full:https://registry.npmjs.org/@unrs%2fresolver-binding-linux-arm64-gnu cache-miss
1779 silly fetch manifest @unrs/resolver-binding-linux-arm64-musl@1.12.2
1780 silly packumentCache full:https://registry.npmjs.org/@unrs%2fresolver-binding-linux-arm64-musl cache-miss
1781 silly fetch manifest @unrs/resolver-binding-openharmony-arm64@1.12.2
1782 silly packumentCache full:https://registry.npmjs.org/@unrs%2fresolver-binding-openharmony-arm64 cache-miss
1783 silly fetch manifest @unrs/resolver-binding-android-arm-eabi@1.12.2
1784 silly packumentCache full:https://registry.npmjs.org/@unrs%2fresolver-binding-android-arm-eabi cache-miss
1785 silly fetch manifest @unrs/resolver-binding-linux-arm-gnueabihf@1.12.2
1786 silly packumentCache full:https://registry.npmjs.org/@unrs%2fresolver-binding-linux-arm-gnueabihf cache-miss
1787 silly fetch manifest @unrs/resolver-binding-linux-arm-musleabihf@1.12.2
1788 silly packumentCache full:https://registry.npmjs.org/@unrs%2fresolver-binding-linux-arm-musleabihf cache-miss
1789 http fetch GET 200 https://registry.npmjs.org/napi-postinstall 571ms (cache revalidated)
1790 silly packumentCache full:https://registry.npmjs.org/napi-postinstall set size:41400 disposed:false
1791 silly fetch manifest @unrs/resolver-binding-win32-ia32-msvc@1.12.2
1792 silly packumentCache full:https://registry.npmjs.org/@unrs%2fresolver-binding-win32-ia32-msvc cache-miss
1793 http fetch GET 200 https://registry.npmjs.org/@unrs%2fresolver-binding-linux-arm64-gnu 567ms (cache revalidated)
1794 silly packumentCache full:https://registry.npmjs.org/@unrs%2fresolver-binding-linux-arm64-gnu set size:65047 disposed:false
1795 silly fetch manifest @unrs/resolver-binding-linux-loong64-gnu@1.12.2
1796 silly packumentCache full:https://registry.npmjs.org/@unrs%2fresolver-binding-linux-loong64-gnu cache-miss
1797 http fetch GET 200 https://registry.npmjs.org/resolve-pkg-maps 613ms (cache revalidated)
1798 silly packumentCache full:https://registry.npmjs.org/resolve-pkg-maps set size:11615 disposed:false
1799 silly fetch manifest @unrs/resolver-binding-linux-loong64-musl@1.12.2
1800 silly packumentCache full:https://registry.npmjs.org/@unrs%2fresolver-binding-linux-loong64-musl cache-miss
1801 http fetch GET 200 https://registry.npmjs.org/@unrs%2fresolver-binding-win32-arm64-msvc 609ms (cache revalidated)
1802 silly packumentCache full:https://registry.npmjs.org/@unrs%2fresolver-binding-win32-arm64-msvc set size:64613 disposed:false
1803 silly fetch manifest @unrs/resolver-binding-linux-ppc64-gnu@1.12.2
1804 silly packumentCache full:https://registry.npmjs.org/@unrs%2fresolver-binding-linux-ppc64-gnu cache-miss
1805 http fetch GET 200 https://registry.npmjs.org/@unrs%2fresolver-binding-linux-arm-musleabihf 583ms (cache revalidated)
1806 silly packumentCache full:https://registry.npmjs.org/@unrs%2fresolver-binding-linux-arm-musleabihf set size:65533 disposed:false
1807 silly fetch manifest @unrs/resolver-binding-linux-riscv64-gnu@1.12.2
1808 silly packumentCache full:https://registry.npmjs.org/@unrs%2fresolver-binding-linux-riscv64-gnu cache-miss
1809 http fetch GET 200 https://registry.npmjs.org/@unrs%2fresolver-binding-android-arm64 653ms (cache revalidated)
1810 silly packumentCache full:https://registry.npmjs.org/@unrs%2fresolver-binding-android-arm64 set size:17616 disposed:false
1811 silly fetch manifest @unrs/resolver-binding-linux-riscv64-musl@1.12.2
1812 silly packumentCache full:https://registry.npmjs.org/@unrs%2fresolver-binding-linux-riscv64-musl cache-miss
1813 http fetch GET 200 https://registry.npmjs.org/@unrs%2fresolver-binding-android-arm-eabi 731ms (cache revalidated)
1814 silly packumentCache full:https://registry.npmjs.org/@unrs%2fresolver-binding-android-arm-eabi set size:17797 disposed:false
1815 silly fetch manifest @unrs/resolver-binding-linux-s390x-gnu@1.12.2
1816 silly packumentCache full:https://registry.npmjs.org/@unrs%2fresolver-binding-linux-s390x-gnu cache-miss
1817 http fetch GET 200 https://registry.npmjs.org/@unrs%2fresolver-binding-darwin-arm64 832ms (cache revalidated)
1818 silly packumentCache full:https://registry.npmjs.org/@unrs%2fresolver-binding-darwin-arm64 set size:63676 disposed:false
1819 silly fetch manifest @unrs/resolver-binding-wasm32-wasi@1.12.2
1820 silly packumentCache full:https://registry.npmjs.org/@unrs%2fresolver-binding-wasm32-wasi cache-miss
1821 http fetch GET 200 https://registry.npmjs.org/@unrs%2fresolver-binding-openharmony-arm64 949ms (cache revalidated)
1822 silly packumentCache full:https://registry.npmjs.org/@unrs%2fresolver-binding-openharmony-arm64 set size:7350 disposed:false
1823 silly fetch manifest @unrs/resolver-binding-darwin-x64@1.12.2
1824 silly packumentCache full:https://registry.npmjs.org/@unrs%2fresolver-binding-darwin-x64 cache-miss
1825 http fetch GET 200 https://registry.npmjs.org/@unrs%2fresolver-binding-linux-arm-gnueabihf 960ms (cache revalidated)
1826 silly packumentCache full:https://registry.npmjs.org/@unrs%2fresolver-binding-linux-arm-gnueabihf set size:65279 disposed:false
1827 silly fetch manifest @unrs/resolver-binding-win32-x64-msvc@1.12.2
1828 silly packumentCache full:https://registry.npmjs.org/@unrs%2fresolver-binding-win32-x64-msvc cache-miss
1829 http fetch GET 200 https://registry.npmjs.org/@unrs%2fresolver-binding-linux-arm64-musl 1011ms (cache revalidated)
1830 silly packumentCache full:https://registry.npmjs.org/@unrs%2fresolver-binding-linux-arm64-musl set size:65257 disposed:false
1831 silly fetch manifest @unrs/resolver-binding-freebsd-x64@1.12.2
1832 silly packumentCache full:https://registry.npmjs.org/@unrs%2fresolver-binding-freebsd-x64 cache-miss
1833 http fetch GET 200 https://registry.npmjs.org/@unrs%2fresolver-binding-win32-ia32-msvc 530ms (cache revalidated)
1834 silly packumentCache full:https://registry.npmjs.org/@unrs%2fresolver-binding-win32-ia32-msvc set size:64317 disposed:false
1835 silly fetch manifest @unrs/resolver-binding-linux-x64-gnu@1.12.2
1836 silly packumentCache full:https://registry.npmjs.org/@unrs%2fresolver-binding-linux-x64-gnu cache-miss
1837 http fetch GET 200 https://registry.npmjs.org/@unrs%2fresolver-binding-linux-loong64-musl 502ms (cache revalidated)
1838 silly packumentCache full:https://registry.npmjs.org/@unrs%2fresolver-binding-linux-loong64-musl set size:4124 disposed:false
1839 silly fetch manifest @unrs/resolver-binding-linux-x64-musl@1.12.2
1840 silly packumentCache full:https://registry.npmjs.org/@unrs%2fresolver-binding-linux-x64-musl cache-miss
1841 http fetch GET 200 https://registry.npmjs.org/@unrs%2fresolver-binding-linux-riscv64-musl 577ms (cache revalidated)
1842 silly packumentCache full:https://registry.npmjs.org/@unrs%2fresolver-binding-linux-riscv64-musl set size:45710 disposed:false
1843 http fetch GET 200 https://registry.npmjs.org/@unrs%2fresolver-binding-linux-x64-gnu 151ms (cache revalidated)
1844 silly packumentCache full:https://registry.npmjs.org/@unrs%2fresolver-binding-linux-x64-gnu set size:64469 disposed:false
1845 http fetch GET 200 https://registry.npmjs.org/@unrs%2fresolver-binding-linux-x64-musl 157ms (cache revalidated)
1846 silly packumentCache full:https://registry.npmjs.org/@unrs%2fresolver-binding-linux-x64-musl set size:64685 disposed:false
1847 http fetch GET 200 https://registry.npmjs.org/@unrs%2fresolver-binding-linux-loong64-gnu 696ms (cache revalidated)
1848 silly packumentCache full:https://registry.npmjs.org/@unrs%2fresolver-binding-linux-loong64-gnu set size:4107 disposed:false
1849 http fetch GET 200 https://registry.npmjs.org/@unrs%2fresolver-binding-linux-riscv64-gnu 710ms (cache revalidated)
1850 silly packumentCache full:https://registry.npmjs.org/@unrs%2fresolver-binding-linux-riscv64-gnu set size:56387 disposed:false
1851 http fetch GET 200 https://registry.npmjs.org/@unrs%2fresolver-binding-win32-x64-msvc 402ms (cache revalidated)
1852 silly packumentCache full:https://registry.npmjs.org/@unrs%2fresolver-binding-win32-x64-msvc set size:64034 disposed:false
1853 http fetch GET 200 https://registry.npmjs.org/@unrs%2fresolver-binding-linux-s390x-gnu 644ms (cache revalidated)
1854 silly packumentCache full:https://registry.npmjs.org/@unrs%2fresolver-binding-linux-s390x-gnu set size:65047 disposed:false
1855 http fetch GET 200 https://registry.npmjs.org/@unrs%2fresolver-binding-freebsd-x64 437ms (cache revalidated)
1856 silly packumentCache full:https://registry.npmjs.org/@unrs%2fresolver-binding-freebsd-x64 set size:63388 disposed:false
1857 http fetch GET 200 https://registry.npmjs.org/@unrs%2fresolver-binding-linux-ppc64-gnu 886ms (cache revalidated)
1858 silly packumentCache full:https://registry.npmjs.org/@unrs%2fresolver-binding-linux-ppc64-gnu set size:65057 disposed:false
1859 http fetch GET 200 https://registry.npmjs.org/@unrs%2fresolver-binding-wasm32-wasi 804ms (cache revalidated)
1860 silly packumentCache full:https://registry.npmjs.org/@unrs%2fresolver-binding-wasm32-wasi set size:67358 disposed:false
1861 http fetch GET 200 https://registry.npmjs.org/@unrs%2fresolver-binding-darwin-x64 729ms (cache revalidated)
1862 silly packumentCache full:https://registry.npmjs.org/@unrs%2fresolver-binding-darwin-x64 set size:63092 disposed:false
1863 silly placeDep ROOT @rtsao/scc@1.1.0 OK for: eslint-plugin-import@2.32.0 want: ^1.1.0
1864 silly placeDep ROOT array-includes@3.1.9 OK for: eslint-plugin-import@2.32.0 want: ^3.1.9
1865 silly placeDep ROOT array.prototype.findlastindex@1.2.6 OK for: eslint-plugin-import@2.32.0 want: ^1.2.6
1866 silly placeDep ROOT array.prototype.flat@1.3.3 OK for: eslint-plugin-import@2.32.0 want: ^1.3.3
1867 silly placeDep ROOT array.prototype.flatmap@1.3.3 OK for: eslint-plugin-import@2.32.0 want: ^1.3.3
1868 silly placeDep node_modules/eslint-plugin-import debug@3.2.7 OK for: eslint-plugin-import@2.32.0 want: ^3.2.7
1869 silly placeDep ROOT doctrine@2.1.0 OK for: eslint-plugin-import@2.32.0 want: ^2.1.0
1870 silly placeDep ROOT eslint-module-utils@2.14.0 OK for: eslint-plugin-import@2.32.0 want: ^2.12.1
1871 silly placeDep ROOT hasown@2.0.4 OK for: eslint-plugin-import@2.32.0 want: ^2.0.2
1872 silly placeDep ROOT object.fromentries@2.0.8 OK for: eslint-plugin-import@2.32.0 want: ^2.0.8
1873 silly placeDep ROOT object.groupby@1.0.3 OK for: eslint-plugin-import@2.32.0 want: ^1.0.3
1874 silly placeDep ROOT object.values@1.2.1 OK for: eslint-plugin-import@2.32.0 want: ^1.2.1
1875 silly placeDep ROOT string.prototype.trimend@1.0.10 OK for: eslint-plugin-import@2.32.0 want: ^1.0.9
1876 silly placeDep ROOT tsconfig-paths@3.15.0 OK for: eslint-plugin-import@2.32.0 want: ^3.15.0
1877 silly fetch manifest call-bind@^1.0.8
1878 silly packumentCache full:https://registry.npmjs.org/call-bind cache-miss
1879 silly fetch manifest call-bound@^1.0.4
1880 silly packumentCache full:https://registry.npmjs.org/call-bound cache-miss
1881 silly fetch manifest define-properties@^1.2.1
1882 silly packumentCache full:https://registry.npmjs.org/define-properties cache-miss
1883 silly fetch manifest es-abstract@^1.24.0
1884 silly packumentCache full:https://registry.npmjs.org/es-abstract cache-miss
1885 silly fetch manifest es-object-atoms@^1.1.1
1886 silly packumentCache full:https://registry.npmjs.org/es-object-atoms cache-miss
1887 silly fetch manifest get-intrinsic@^1.3.0
1888 silly packumentCache full:https://registry.npmjs.org/get-intrinsic cache-miss
1889 silly fetch manifest is-string@^1.1.1
1890 silly packumentCache full:https://registry.npmjs.org/is-string cache-miss
1891 silly fetch manifest math-intrinsics@^1.1.0
1892 silly packumentCache full:https://registry.npmjs.org/math-intrinsics cache-miss
1893 silly fetch manifest call-bind@^1.0.8
1894 silly packumentCache full:https://registry.npmjs.org/call-bind cache-miss
1895 silly fetch manifest call-bound@^1.0.4
1896 silly packumentCache full:https://registry.npmjs.org/call-bound cache-miss
1897 silly fetch manifest define-properties@^1.2.1
1898 silly packumentCache full:https://registry.npmjs.org/define-properties cache-miss
1899 http fetch GET 200 https://registry.npmjs.org/es-abstract 543ms (cache revalidated)
1900 silly packumentCache full:https://registry.npmjs.org/es-abstract set size:384124 disposed:false
1901 silly fetch manifest es-abstract@^1.23.9
1902 silly packumentCache full:https://registry.npmjs.org/es-abstract cache-hit
1903 silly fetch manifest es-object-atoms@^1.1.1
1904 silly packumentCache full:https://registry.npmjs.org/es-object-atoms cache-miss
1905 http fetch GET 200 https://registry.npmjs.org/call-bind 607ms (cache revalidated)
1906 silly packumentCache full:https://registry.npmjs.org/call-bind set size:32985 disposed:false
1907 silly fetch manifest es-shim-unscopables@^1.1.0
1908 silly packumentCache full:https://registry.npmjs.org/es-shim-unscopables cache-miss
1909 http fetch GET 200 https://registry.npmjs.org/math-intrinsics 623ms (cache revalidated)
1910 silly packumentCache full:https://registry.npmjs.org/math-intrinsics set size:9265 disposed:false
1911 silly fetch manifest define-properties@^1.2.1
1912 silly packumentCache full:https://registry.npmjs.org/define-properties cache-miss
1913 http fetch GET 200 https://registry.npmjs.org/es-object-atoms 669ms (cache revalidated)
1914 silly packumentCache full:https://registry.npmjs.org/es-object-atoms set size:18278 disposed:false
1915 silly fetch manifest es-abstract@^1.23.5
1916 silly packumentCache full:https://registry.npmjs.org/es-abstract cache-hit
1917 silly fetch manifest es-shim-unscopables@^1.0.2
1918 silly packumentCache full:https://registry.npmjs.org/es-shim-unscopables cache-miss
1919 http fetch GET 200 https://registry.npmjs.org/is-string 669ms (cache revalidated)
1920 silly packumentCache full:https://registry.npmjs.org/is-string set size:29636 disposed:false
1921 silly fetch manifest define-properties@^1.2.1
1922 silly packumentCache full:https://registry.npmjs.org/define-properties cache-miss
1923 http fetch GET 200 https://registry.npmjs.org/define-properties 693ms (cache revalidated)
1924 silly packumentCache full:https://registry.npmjs.org/define-properties set size:31491 disposed:false
1925 silly fetch manifest es-shim-unscopables@^1.0.2
1926 silly packumentCache full:https://registry.npmjs.org/es-shim-unscopables cache-miss
1927 http fetch GET 200 https://registry.npmjs.org/get-intrinsic 703ms (cache revalidated)
1928 silly packumentCache full:https://registry.npmjs.org/get-intrinsic set size:60985 disposed:false
1929 silly fetch manifest function-bind@^1.1.2
1930 silly packumentCache full:https://registry.npmjs.org/function-bind cache-miss
1931 http fetch GET 200 https://registry.npmjs.org/define-properties 699ms (cache revalidated)
1932 silly packumentCache full:https://registry.npmjs.org/define-properties set size:31491 disposed:false
1933 silly packumentCache full:https://registry.npmjs.org/define-properties dispose
1934 silly fetch manifest call-bind@^1.0.7
1935 silly packumentCache full:https://registry.npmjs.org/call-bind cache-hit
1936 silly fetch manifest es-abstract@^1.23.2
1937 silly packumentCache full:https://registry.npmjs.org/es-abstract cache-hit
1938 silly fetch manifest es-object-atoms@^1.0.0
1939 silly packumentCache full:https://registry.npmjs.org/es-object-atoms cache-hit
1940 silly fetch manifest call-bound@^1.0.3
1941 silly packumentCache full:https://registry.npmjs.org/call-bound cache-miss
1942 http fetch GET 200 https://registry.npmjs.org/call-bound 762ms (cache revalidated)
1943 silly packumentCache full:https://registry.npmjs.org/call-bound set size:15317 disposed:false
1944 silly fetch manifest call-bind@^1.0.9
1945 silly packumentCache full:https://registry.npmjs.org/call-bind cache-hit
1946 silly fetch manifest es-object-atoms@^1.1.2
1947 silly packumentCache full:https://registry.npmjs.org/es-object-atoms cache-hit
1948 silly fetch manifest json5@^1.0.2
1949 silly packumentCache full:https://registry.npmjs.org/json5 cache-hit
1950 silly fetch manifest minimist@^1.2.6
1951 silly packumentCache full:https://registry.npmjs.org/minimist cache-miss
1952 http fetch GET 200 https://registry.npmjs.org/call-bound 802ms (cache revalidated)
1953 silly packumentCache full:https://registry.npmjs.org/call-bound set size:15317 disposed:false
1954 silly packumentCache full:https://registry.npmjs.org/call-bound dispose
1955 silly fetch manifest strip-bom@^3.0.0
1956 silly packumentCache full:https://registry.npmjs.org/strip-bom cache-miss
1957 http fetch GET 200 https://registry.npmjs.org/call-bind 883ms (cache revalidated)
1958 silly packumentCache full:https://registry.npmjs.org/call-bind set size:32985 disposed:false
1959 silly packumentCache full:https://registry.npmjs.org/call-bind dispose
1960 silly fetch manifest @types/json5@^0.0.29
1961 silly packumentCache full:https://registry.npmjs.org/@types%2fjson5 cache-miss
1962 http cache https://registry.npmjs.org/define-properties 466ms (cache hit)
1963 silly packumentCache full:https://registry.npmjs.org/define-properties set size:31491 disposed:true
1964 silly packumentCache full:https://registry.npmjs.org/define-properties dispose
1965 http cache https://registry.npmjs.org/es-object-atoms 581ms (cache hit)
1966 silly packumentCache full:https://registry.npmjs.org/es-object-atoms set size:18278 disposed:false
1967 silly packumentCache full:https://registry.npmjs.org/es-object-atoms dispose
1968 http cache https://registry.npmjs.org/define-properties 633ms (cache hit)
1969 silly packumentCache full:https://registry.npmjs.org/define-properties set size:31491 disposed:true
1970 silly packumentCache full:https://registry.npmjs.org/define-properties dispose
1971 http cache https://registry.npmjs.org/call-bound 622ms (cache hit)
1972 silly packumentCache full:https://registry.npmjs.org/call-bound set size:15317 disposed:true
1973 silly packumentCache full:https://registry.npmjs.org/call-bound dispose
1974 http fetch GET 200 https://registry.npmjs.org/es-shim-unscopables 767ms (cache revalidated)
1975 silly packumentCache full:https://registry.npmjs.org/es-shim-unscopables set size:13965 disposed:false
1976 http fetch GET 200 https://registry.npmjs.org/es-shim-unscopables 749ms (cache revalidated)
1977 silly packumentCache full:https://registry.npmjs.org/es-shim-unscopables set size:13965 disposed:false
1978 silly packumentCache full:https://registry.npmjs.org/es-shim-unscopables dispose
1979 http fetch GET 200 https://registry.npmjs.org/strip-bom 628ms (cache revalidated)
1980 silly packumentCache full:https://registry.npmjs.org/strip-bom set size:19359 disposed:false
1981 http fetch GET 200 https://registry.npmjs.org/es-shim-unscopables 802ms (cache revalidated)
1982 silly packumentCache full:https://registry.npmjs.org/es-shim-unscopables set size:13965 disposed:true
1983 silly packumentCache full:https://registry.npmjs.org/es-shim-unscopables dispose
1984 http fetch GET 200 https://registry.npmjs.org/minimist 697ms (cache revalidated)
1985 silly packumentCache full:https://registry.npmjs.org/minimist set size:77063 disposed:false
1986 http fetch GET 200 https://registry.npmjs.org/function-bind 790ms (cache revalidated)
1987 silly packumentCache full:https://registry.npmjs.org/function-bind set size:15733 disposed:false
1988 http fetch GET 200 https://registry.npmjs.org/@types%2fjson5 635ms (cache revalidated)
1989 silly packumentCache full:https://registry.npmjs.org/@types%2fjson5 set size:19581 disposed:false
1990 silly placeDep ROOT call-bind@1.0.9 OK for: array-includes@3.1.9 want: ^1.0.8
1991 silly placeDep ROOT call-bound@1.0.4 OK for: array-includes@3.1.9 want: ^1.0.4
1992 silly placeDep ROOT define-properties@1.2.1 OK for: array-includes@3.1.9 want: ^1.2.1
1993 silly placeDep ROOT es-abstract@1.24.2 OK for: array-includes@3.1.9 want: ^1.24.0
1994 silly placeDep ROOT es-object-atoms@1.1.2 OK for: array-includes@3.1.9 want: ^1.1.1
1995 silly placeDep ROOT get-intrinsic@1.3.0 OK for: array-includes@3.1.9 want: ^1.3.0
1996 silly placeDep ROOT is-string@1.1.1 OK for: array-includes@3.1.9 want: ^1.1.1
1997 silly placeDep ROOT math-intrinsics@1.1.0 OK for: array-includes@3.1.9 want: ^1.1.0
1998 silly fetch manifest call-bind-apply-helpers@^1.0.2
1999 silly packumentCache full:https://registry.npmjs.org/call-bind-apply-helpers cache-miss
2000 silly fetch manifest es-define-property@^1.0.1
2001 silly packumentCache full:https://registry.npmjs.org/es-define-property cache-miss
2002 silly fetch manifest set-function-length@^1.2.2
2003 silly packumentCache full:https://registry.npmjs.org/set-function-length cache-miss
2004 silly fetch manifest call-bind-apply-helpers@^1.0.2
2005 silly packumentCache full:https://registry.npmjs.org/call-bind-apply-helpers cache-miss
2006 silly fetch manifest define-data-property@^1.0.1
2007 silly packumentCache full:https://registry.npmjs.org/define-data-property cache-miss
2008 silly fetch manifest has-property-descriptors@^1.0.0
2009 silly packumentCache full:https://registry.npmjs.org/has-property-descriptors cache-miss
2010 silly fetch manifest array-buffer-byte-length@^1.0.2
2011 silly packumentCache full:https://registry.npmjs.org/array-buffer-byte-length cache-miss
2012 silly fetch manifest arraybuffer.prototype.slice@^1.0.4
2013 silly packumentCache full:https://registry.npmjs.org/arraybuffer.prototype.slice cache-miss
2014 silly fetch manifest available-typed-arrays@^1.0.7
2015 silly packumentCache full:https://registry.npmjs.org/available-typed-arrays cache-miss
2016 silly fetch manifest data-view-buffer@^1.0.2
2017 silly packumentCache full:https://registry.npmjs.org/data-view-buffer cache-miss
2018 silly fetch manifest data-view-byte-length@^1.0.2
2019 silly packumentCache full:https://registry.npmjs.org/data-view-byte-length cache-miss
2020 http fetch GET 200 https://registry.npmjs.org/call-bind-apply-helpers 323ms (cache revalidated)
2021 silly packumentCache full:https://registry.npmjs.org/call-bind-apply-helpers set size:12744 disposed:false
2022 silly fetch manifest data-view-byte-offset@^1.0.1
2023 silly packumentCache full:https://registry.npmjs.org/data-view-byte-offset cache-miss
2024 http fetch GET 200 https://registry.npmjs.org/call-bind-apply-helpers 330ms (cache revalidated)
2025 silly packumentCache full:https://registry.npmjs.org/call-bind-apply-helpers set size:12744 disposed:false
2026 silly packumentCache full:https://registry.npmjs.org/call-bind-apply-helpers dispose
2027 silly fetch manifest es-define-property@^1.0.1
2028 silly packumentCache full:https://registry.npmjs.org/es-define-property cache-miss
2029 http fetch GET 200 https://registry.npmjs.org/set-function-length 346ms (cache revalidated)
2030 silly packumentCache full:https://registry.npmjs.org/set-function-length set size:24261 disposed:false
2031 silly fetch manifest es-set-tostringtag@^2.1.0
2032 silly packumentCache full:https://registry.npmjs.org/es-set-tostringtag cache-miss
2033 http fetch GET 200 https://registry.npmjs.org/has-property-descriptors 357ms (cache revalidated)
2034 silly packumentCache full:https://registry.npmjs.org/has-property-descriptors set size:12452 disposed:false
2035 silly fetch manifest es-to-primitive@^1.3.0
2036 silly packumentCache full:https://registry.npmjs.org/es-to-primitive cache-miss
2037 http fetch GET 200 https://registry.npmjs.org/data-view-byte-length 356ms (cache revalidated)
2038 silly packumentCache full:https://registry.npmjs.org/data-view-byte-length set size:12269 disposed:false
2039 silly fetch manifest function.prototype.name@^1.1.8
2040 silly packumentCache full:https://registry.npmjs.org/function.prototype.name cache-miss
2041 http fetch GET 200 https://registry.npmjs.org/define-data-property 401ms (cache revalidated)
2042 silly packumentCache full:https://registry.npmjs.org/define-data-property set size:28048 disposed:false
2043 silly fetch manifest get-proto@^1.0.1
2044 silly packumentCache full:https://registry.npmjs.org/get-proto cache-miss
2045 http fetch GET 200 https://registry.npmjs.org/es-define-property 427ms (cache revalidated)
2046 silly packumentCache full:https://registry.npmjs.org/es-define-property set size:8542 disposed:false
2047 silly fetch manifest get-symbol-description@^1.1.0
2048 silly packumentCache full:https://registry.npmjs.org/get-symbol-description cache-miss
2049 http fetch GET 200 https://registry.npmjs.org/array-buffer-byte-length 424ms (cache revalidated)
2050 silly packumentCache full:https://registry.npmjs.org/array-buffer-byte-length set size:13099 disposed:false
2051 silly fetch manifest globalthis@^1.0.4
2052 silly packumentCache full:https://registry.npmjs.org/globalthis cache-miss
2053 http fetch GET 200 https://registry.npmjs.org/arraybuffer.prototype.slice 437ms (cache revalidated)
2054 silly packumentCache full:https://registry.npmjs.org/arraybuffer.prototype.slice set size:20917 disposed:false
2055 silly fetch manifest gopd@^1.2.0
2056 silly packumentCache full:https://registry.npmjs.org/gopd cache-miss
2057 http fetch GET 200 https://registry.npmjs.org/data-view-buffer 453ms (cache revalidated)
2058 silly packumentCache full:https://registry.npmjs.org/data-view-buffer set size:11789 disposed:false
2059 silly fetch manifest has-property-descriptors@^1.0.2
2060 silly packumentCache full:https://registry.npmjs.org/has-property-descriptors cache-hit
2061 silly fetch manifest has-proto@^1.2.0
2062 silly packumentCache full:https://registry.npmjs.org/has-proto cache-miss
2063 http cache https://registry.npmjs.org/es-define-property 276ms (cache hit)
2064 silly packumentCache full:https://registry.npmjs.org/es-define-property set size:8542 disposed:false
2065 silly packumentCache full:https://registry.npmjs.org/es-define-property dispose
2066 silly fetch manifest has-symbols@^1.1.0
2067 silly packumentCache full:https://registry.npmjs.org/has-symbols cache-miss
2068 http fetch GET 200 https://registry.npmjs.org/available-typed-arrays 725ms (cache revalidated)
2069 silly packumentCache full:https://registry.npmjs.org/available-typed-arrays set size:31390 disposed:false
2070 silly fetch manifest internal-slot@^1.1.0
2071 silly packumentCache full:https://registry.npmjs.org/internal-slot cache-miss
2072 http fetch GET 200 https://registry.npmjs.org/data-view-byte-offset 445ms (cache revalidated)
2073 silly packumentCache full:https://registry.npmjs.org/data-view-byte-offset set size:9200 disposed:false
2074 silly fetch manifest is-array-buffer@^3.0.5
2075 silly packumentCache full:https://registry.npmjs.org/is-array-buffer cache-miss
2076 http fetch GET 200 https://registry.npmjs.org/es-set-tostringtag 455ms (cache revalidated)
2077 silly packumentCache full:https://registry.npmjs.org/es-set-tostringtag set size:22094 disposed:false
2078 silly fetch manifest is-callable@^1.2.7
2079 silly packumentCache full:https://registry.npmjs.org/is-callable cache-miss
2080 http fetch GET 200 https://registry.npmjs.org/es-to-primitive 472ms (cache revalidated)
2081 silly packumentCache full:https://registry.npmjs.org/es-to-primitive set size:35315 disposed:false
2082 silly fetch manifest is-data-view@^1.0.2
2083 silly packumentCache full:https://registry.npmjs.org/is-data-view cache-miss
2084 http fetch GET 200 https://registry.npmjs.org/get-symbol-description 428ms (cache revalidated)
2085 silly packumentCache full:https://registry.npmjs.org/get-symbol-description set size:15540 disposed:false
2086 silly fetch manifest is-negative-zero@^2.0.3
2087 silly packumentCache full:https://registry.npmjs.org/is-negative-zero cache-miss
2088 http fetch GET 200 https://registry.npmjs.org/gopd 420ms (cache revalidated)
2089 silly packumentCache full:https://registry.npmjs.org/gopd set size:11483 disposed:false
2090 silly fetch manifest is-regex@^1.2.1
2091 silly packumentCache full:https://registry.npmjs.org/is-regex cache-miss
2092 http fetch GET 200 https://registry.npmjs.org/function.prototype.name 501ms (cache revalidated)
2093 silly packumentCache full:https://registry.npmjs.org/function.prototype.name set size:48566 disposed:false
2094 silly fetch manifest is-set@^2.0.3
2095 silly packumentCache full:https://registry.npmjs.org/is-set cache-miss
2096 http fetch GET 200 https://registry.npmjs.org/get-proto 488ms (cache revalidated)
2097 silly packumentCache full:https://registry.npmjs.org/get-proto set size:8300 disposed:false
2098 silly fetch manifest is-shared-array-buffer@^1.0.4
2099 silly packumentCache full:https://registry.npmjs.org/is-shared-array-buffer cache-miss
2100 http fetch GET 200 https://registry.npmjs.org/globalthis 486ms (cache revalidated)
2101 silly packumentCache full:https://registry.npmjs.org/globalthis set size:22522 disposed:false
2102 silly fetch manifest is-typed-array@^1.1.15
2103 silly packumentCache full:https://registry.npmjs.org/is-typed-array cache-miss
2104 http fetch GET 200 https://registry.npmjs.org/has-proto 491ms (cache revalidated)
2105 silly packumentCache full:https://registry.npmjs.org/has-proto set size:21527 disposed:false
2106 silly fetch manifest is-weakref@^1.1.1
2107 silly packumentCache full:https://registry.npmjs.org/is-weakref cache-miss
2108 http fetch GET 200 https://registry.npmjs.org/has-symbols 718ms (cache revalidated)
2109 silly packumentCache full:https://registry.npmjs.org/has-symbols set size:21550 disposed:false
2110 silly fetch manifest object-inspect@^1.13.4
2111 silly packumentCache full:https://registry.npmjs.org/object-inspect cache-miss
2112 http fetch GET 200 https://registry.npmjs.org/internal-slot 740ms (cache revalidated)
2113 silly packumentCache full:https://registry.npmjs.org/internal-slot set size:30267 disposed:false
2114 silly fetch manifest object.assign@^4.1.7
2115 silly packumentCache full:https://registry.npmjs.org/object.assign cache-miss
2116 http fetch GET 200 https://registry.npmjs.org/is-callable 733ms (cache revalidated)
2117 silly packumentCache full:https://registry.npmjs.org/is-callable set size:66606 disposed:false
2118 silly fetch manifest own-keys@^1.0.1
2119 silly packumentCache full:https://registry.npmjs.org/own-keys cache-miss
2120 http fetch GET 200 https://registry.npmjs.org/is-array-buffer 793ms (cache revalidated)
2121 silly packumentCache full:https://registry.npmjs.org/is-array-buffer set size:33562 disposed:false
2122 silly fetch manifest regexp.prototype.flags@^1.5.4
2123 silly packumentCache full:https://registry.npmjs.org/regexp.prototype.flags cache-miss
2124 http fetch GET 200 https://registry.npmjs.org/is-data-view 766ms (cache revalidated)
2125 silly packumentCache full:https://registry.npmjs.org/is-data-view set size:13756 disposed:false
2126 silly fetch manifest safe-array-concat@^1.1.3
2127 silly packumentCache full:https://registry.npmjs.org/safe-array-concat cache-miss
2128 http fetch GET 200 https://registry.npmjs.org/is-negative-zero 782ms (cache revalidated)
2129 silly packumentCache full:https://registry.npmjs.org/is-negative-zero set size:22152 disposed:false
2130 silly fetch manifest safe-push-apply@^1.0.0
2131 silly packumentCache full:https://registry.npmjs.org/safe-push-apply cache-miss
2132 http fetch GET 200 https://registry.npmjs.org/is-regex 796ms (cache revalidated)
2133 silly packumentCache full:https://registry.npmjs.org/is-regex set size:42924 disposed:false
2134 silly fetch manifest safe-regex-test@^1.1.0
2135 silly packumentCache full:https://registry.npmjs.org/safe-regex-test cache-hit
2136 silly fetch manifest set-proto@^1.0.0
2137 silly packumentCache full:https://registry.npmjs.org/set-proto cache-miss
2138 http fetch GET 200 https://registry.npmjs.org/is-set 805ms (cache revalidated)
2139 silly packumentCache full:https://registry.npmjs.org/is-set set size:16614 disposed:false
2140 silly fetch manifest stop-iteration-iterator@^1.1.0
2141 silly packumentCache full:https://registry.npmjs.org/stop-iteration-iterator cache-miss
2142 http fetch GET 200 https://registry.npmjs.org/is-shared-array-buffer 801ms (cache revalidated)
2143 silly packumentCache full:https://registry.npmjs.org/is-shared-array-buffer set size:19880 disposed:false
2144 silly fetch manifest string.prototype.trim@^1.2.10
2145 silly packumentCache full:https://registry.npmjs.org/string.prototype.trim cache-miss
2146 http fetch GET 200 https://registry.npmjs.org/is-typed-array 819ms (cache revalidated)
2147 silly packumentCache full:https://registry.npmjs.org/is-typed-array set size:79965 disposed:false
2148 silly fetch manifest string.prototype.trimstart@^1.0.8
2149 silly packumentCache full:https://registry.npmjs.org/string.prototype.trimstart cache-miss
2150 http fetch GET 200 https://registry.npmjs.org/is-weakref 799ms (cache revalidated)
2151 silly packumentCache full:https://registry.npmjs.org/is-weakref set size:18473 disposed:false
2152 silly fetch manifest typed-array-buffer@^1.0.3
2153 silly packumentCache full:https://registry.npmjs.org/typed-array-buffer cache-miss
2154 http fetch GET 200 https://registry.npmjs.org/object-inspect 767ms (cache revalidated)
2155 silly packumentCache full:https://registry.npmjs.org/object-inspect set size:101927 disposed:false
2156 silly fetch manifest typed-array-byte-length@^1.0.3
2157 silly packumentCache full:https://registry.npmjs.org/typed-array-byte-length cache-miss
2158 http fetch GET 200 https://registry.npmjs.org/object.assign 756ms (cache revalidated)
2159 silly packumentCache full:https://registry.npmjs.org/object.assign set size:85907 disposed:false
2160 silly fetch manifest typed-array-byte-offset@^1.0.4
2161 silly packumentCache full:https://registry.npmjs.org/typed-array-byte-offset cache-miss
2162 http fetch GET 200 https://registry.npmjs.org/own-keys 729ms (cache revalidated)
2163 silly packumentCache full:https://registry.npmjs.org/own-keys set size:11888 disposed:false
2164 silly fetch manifest typed-array-length@^1.0.7
2165 silly packumentCache full:https://registry.npmjs.org/typed-array-length cache-miss
2166 http fetch GET 200 https://registry.npmjs.org/regexp.prototype.flags 706ms (cache revalidated)
2167 silly packumentCache full:https://registry.npmjs.org/regexp.prototype.flags set size:60621 disposed:false
2168 silly fetch manifest unbox-primitive@^1.1.0
2169 silly packumentCache full:https://registry.npmjs.org/unbox-primitive cache-miss
2170 http fetch GET 200 https://registry.npmjs.org/safe-array-concat 712ms (cache revalidated)
2171 silly packumentCache full:https://registry.npmjs.org/safe-array-concat set size:25516 disposed:false
2172 silly fetch manifest which-typed-array@^1.1.19
2173 silly packumentCache full:https://registry.npmjs.org/which-typed-array cache-miss
2174 http fetch GET 200 https://registry.npmjs.org/safe-push-apply 698ms (cache revalidated)
2175 silly packumentCache full:https://registry.npmjs.org/safe-push-apply set size:5759 disposed:false
2176 silly fetch manifest has-tostringtag@^1.0.2
2177 silly packumentCache full:https://registry.npmjs.org/has-tostringtag cache-miss
2178 http fetch GET 200 https://registry.npmjs.org/set-proto 682ms (cache revalidated)
2179 silly packumentCache full:https://registry.npmjs.org/set-proto set size:5334 disposed:false
2180 http fetch GET 200 https://registry.npmjs.org/string.prototype.trim 653ms (cache revalidated)
2181 silly packumentCache full:https://registry.npmjs.org/string.prototype.trim set size:57416 disposed:false
2182 http fetch GET 200 https://registry.npmjs.org/typed-array-buffer 603ms (cache revalidated)
2183 silly packumentCache full:https://registry.npmjs.org/typed-array-buffer set size:14045 disposed:false
2184 http fetch GET 200 https://registry.npmjs.org/string.prototype.trimstart 629ms (cache revalidated)
2185 silly packumentCache full:https://registry.npmjs.org/string.prototype.trimstart set size:38291 disposed:false
2186 http fetch GET 200 https://registry.npmjs.org/stop-iteration-iterator 833ms (cache revalidated)
2187 silly packumentCache full:https://registry.npmjs.org/stop-iteration-iterator set size:9160 disposed:false
2188 http fetch GET 200 https://registry.npmjs.org/typed-array-byte-length 447ms (cache revalidated)
2189 silly packumentCache full:https://registry.npmjs.org/typed-array-byte-length set size:18382 disposed:false
2190 http fetch GET 200 https://registry.npmjs.org/typed-array-byte-offset 330ms (cache revalidated)
2191 silly packumentCache full:https://registry.npmjs.org/typed-array-byte-offset set size:21714 disposed:false
2192 http fetch GET 200 https://registry.npmjs.org/unbox-primitive 278ms (cache revalidated)
2193 silly packumentCache full:https://registry.npmjs.org/unbox-primitive set size:15669 disposed:false
2194 http fetch GET 200 https://registry.npmjs.org/typed-array-length 299ms (cache revalidated)
2195 silly packumentCache full:https://registry.npmjs.org/typed-array-length set size:35665 disposed:false
2196 http fetch GET 200 https://registry.npmjs.org/has-tostringtag 240ms (cache revalidated)
2197 silly packumentCache full:https://registry.npmjs.org/has-tostringtag set size:13945 disposed:false
2198 http fetch GET 200 https://registry.npmjs.org/which-typed-array 451ms (cache revalidated)
2199 silly packumentCache full:https://registry.npmjs.org/which-typed-array set size:101551 disposed:false
2200 silly placeDep ROOT es-errors@1.3.0 OK for: array.prototype.findlastindex@1.2.6 want: ^1.3.0
2201 silly placeDep ROOT es-shim-unscopables@1.1.0 OK for: array.prototype.findlastindex@1.2.6 want: ^1.1.0
2202 silly placeDep ROOT call-bind-apply-helpers@1.0.2 OK for: call-bind@1.0.9 want: ^1.0.2
2203 silly placeDep ROOT es-define-property@1.0.1 OK for: call-bind@1.0.9 want: ^1.0.1
2204 silly placeDep ROOT set-function-length@1.2.2 OK for: call-bind@1.0.9 want: ^1.2.2
2205 silly fetch manifest define-data-property@^1.1.4
2206 silly packumentCache full:https://registry.npmjs.org/define-data-property cache-hit
2207 silly fetch manifest gopd@^1.0.1
2208 silly packumentCache full:https://registry.npmjs.org/gopd cache-hit
2209 silly placeDep ROOT function-bind@1.1.2 OK for: call-bind-apply-helpers@1.0.2 want: ^1.1.2
2210 silly placeDep ROOT define-data-property@1.1.4 OK for: define-properties@1.2.1 want: ^1.0.1
2211 silly placeDep ROOT has-property-descriptors@1.0.2 OK for: define-properties@1.2.1 want: ^1.0.0
2212 silly placeDep ROOT object-keys@1.1.1 OK for: define-properties@1.2.1 want: ^1.1.1
2213 silly placeDep ROOT gopd@1.2.0 OK for: define-data-property@1.1.4 want: ^1.0.1
2214 silly placeDep ROOT array-buffer-byte-length@1.0.2 OK for: es-abstract@1.24.2 want: ^1.0.2
2215 silly placeDep ROOT arraybuffer.prototype.slice@1.0.4 OK for: es-abstract@1.24.2 want: ^1.0.4
2216 silly placeDep ROOT available-typed-arrays@1.0.7 OK for: es-abstract@1.24.2 want: ^1.0.7
2217 silly placeDep ROOT data-view-buffer@1.0.2 OK for: es-abstract@1.24.2 want: ^1.0.2
2218 silly placeDep ROOT data-view-byte-length@1.0.2 OK for: es-abstract@1.24.2 want: ^1.0.2
2219 silly placeDep ROOT data-view-byte-offset@1.0.1 OK for: es-abstract@1.24.2 want: ^1.0.1
2220 silly placeDep ROOT es-set-tostringtag@2.1.0 OK for: es-abstract@1.24.2 want: ^2.1.0
2221 silly placeDep ROOT es-to-primitive@1.3.4 OK for: es-abstract@1.24.2 want: ^1.3.0
2222 silly placeDep ROOT function.prototype.name@1.2.0 OK for: es-abstract@1.24.2 want: ^1.1.8
2223 silly placeDep ROOT get-proto@1.0.1 OK for: es-abstract@1.24.2 want: ^1.0.1
2224 silly placeDep ROOT get-symbol-description@1.1.0 OK for: es-abstract@1.24.2 want: ^1.1.0
2225 silly placeDep ROOT globalthis@1.0.4 OK for: es-abstract@1.24.2 want: ^1.0.4
2226 silly placeDep ROOT has-proto@1.2.0 OK for: es-abstract@1.24.2 want: ^1.2.0
2227 silly placeDep ROOT has-symbols@1.1.0 OK for: es-abstract@1.24.2 want: ^1.1.0
2228 silly placeDep ROOT internal-slot@1.1.0 OK for: es-abstract@1.24.2 want: ^1.1.0
2229 silly placeDep ROOT is-array-buffer@3.0.5 OK for: es-abstract@1.24.2 want: ^3.0.5
2230 silly placeDep ROOT is-callable@1.2.7 OK for: es-abstract@1.24.2 want: ^1.2.7
2231 silly placeDep ROOT is-data-view@1.0.2 OK for: es-abstract@1.24.2 want: ^1.0.2
2232 silly placeDep ROOT is-negative-zero@2.0.3 OK for: es-abstract@1.24.2 want: ^2.0.3
2233 silly placeDep ROOT is-regex@1.2.1 OK for: es-abstract@1.24.2 want: ^1.2.1
2234 silly placeDep ROOT is-set@2.0.3 OK for: es-abstract@1.24.2 want: ^2.0.3
2235 silly placeDep ROOT is-shared-array-buffer@1.0.4 OK for: es-abstract@1.24.2 want: ^1.0.4
2236 silly placeDep ROOT is-typed-array@1.1.15 OK for: es-abstract@1.24.2 want: ^1.1.15
2237 silly placeDep ROOT is-weakref@1.1.1 OK for: es-abstract@1.24.2 want: ^1.1.1
2238 silly placeDep ROOT object-inspect@1.13.4 OK for: es-abstract@1.24.2 want: ^1.13.4
2239 silly placeDep ROOT object.assign@4.1.7 OK for: es-abstract@1.24.2 want: ^4.1.7
2240 silly placeDep ROOT own-keys@1.0.2 OK for: es-abstract@1.24.2 want: ^1.0.1
2241 silly placeDep ROOT regexp.prototype.flags@1.5.4 OK for: es-abstract@1.24.2 want: ^1.5.4
2242 silly placeDep ROOT safe-array-concat@1.1.4 OK for: es-abstract@1.24.2 want: ^1.1.3
2243 silly placeDep ROOT safe-push-apply@1.0.0 OK for: es-abstract@1.24.2 want: ^1.0.0
2244 silly placeDep ROOT safe-regex-test@1.1.0 OK for: es-abstract@1.24.2 want: ^1.1.0
2245 silly placeDep ROOT set-proto@1.0.0 OK for: es-abstract@1.24.2 want: ^1.0.0
2246 silly placeDep ROOT stop-iteration-iterator@1.1.0 OK for: es-abstract@1.24.2 want: ^1.1.0
2247 silly placeDep ROOT string.prototype.trim@1.2.11 OK for: es-abstract@1.24.2 want: ^1.2.10
2248 silly placeDep ROOT string.prototype.trimstart@1.0.8 OK for: es-abstract@1.24.2 want: ^1.0.8
2249 silly placeDep ROOT typed-array-buffer@1.0.3 OK for: es-abstract@1.24.2 want: ^1.0.3
2250 silly placeDep ROOT typed-array-byte-length@1.0.3 OK for: es-abstract@1.24.2 want: ^1.0.3
2251 silly placeDep ROOT typed-array-byte-offset@1.0.4 OK for: es-abstract@1.24.2 want: ^1.0.4
2252 silly placeDep ROOT typed-array-length@1.0.8 OK for: es-abstract@1.24.2 want: ^1.0.7
2253 silly placeDep ROOT unbox-primitive@1.1.0 OK for: es-abstract@1.24.2 want: ^1.1.0
2254 silly placeDep ROOT which-typed-array@1.1.22 OK for: es-abstract@1.24.2 want: ^1.1.19
2255 silly fetch manifest is-array-buffer@^3.0.4
2256 silly packumentCache full:https://registry.npmjs.org/is-array-buffer cache-hit
2257 silly fetch manifest possible-typed-array-names@^1.0.0
2258 silly packumentCache full:https://registry.npmjs.org/possible-typed-array-names cache-miss
2259 silly fetch manifest is-data-view@^1.0.1
2260 silly packumentCache full:https://registry.npmjs.org/is-data-view cache-hit
2261 silly fetch manifest is-symbol@^1.1.1
2262 silly packumentCache full:https://registry.npmjs.org/is-symbol cache-miss
2263 silly fetch manifest is-date-object@^1.1.0
2264 silly packumentCache full:https://registry.npmjs.org/is-date-object cache-miss
2265 silly fetch manifest es-abstract-get@^1.0.0
2266 silly packumentCache full:https://registry.npmjs.org/es-abstract-get cache-miss
2267 silly fetch manifest is-document.all@^1.0.0
2268 silly packumentCache full:https://registry.npmjs.org/is-document.all cache-miss
2269 silly fetch manifest functions-have-names@^1.2.3
2270 silly packumentCache full:https://registry.npmjs.org/functions-have-names cache-miss
2271 silly fetch manifest dunder-proto@^1.0.1
2272 silly packumentCache full:https://registry.npmjs.org/dunder-proto cache-miss
2273 silly fetch manifest dunder-proto@^1.0.0
2274 silly packumentCache full:https://registry.npmjs.org/dunder-proto cache-miss
2275 silly fetch manifest side-channel@^1.1.0
2276 silly packumentCache full:https://registry.npmjs.org/side-channel cache-miss
2277 silly fetch manifest is-typed-array@^1.1.13
2278 silly packumentCache full:https://registry.npmjs.org/is-typed-array cache-hit
2279 silly fetch manifest which-typed-array@^1.1.16
2280 silly packumentCache full:https://registry.npmjs.org/which-typed-array cache-hit
2281 silly fetch manifest set-function-name@^2.0.2
2282 silly packumentCache full:https://registry.npmjs.org/set-function-name cache-miss
2283 silly fetch manifest isarray@^2.0.5
2284 silly packumentCache full:https://registry.npmjs.org/isarray cache-miss
2285 http fetch GET 200 https://registry.npmjs.org/is-date-object 494ms (cache revalidated)
2286 silly packumentCache full:https://registry.npmjs.org/is-date-object set size:25050 disposed:false
2287 silly fetch manifest isarray@^2.0.5
2288 silly packumentCache full:https://registry.npmjs.org/isarray cache-miss
2289 http fetch GET 200 https://registry.npmjs.org/is-document.all 514ms (cache revalidated)
2290 silly packumentCache full:https://registry.npmjs.org/is-document.all set size:5283 disposed:false
2291 silly fetch manifest dunder-proto@^1.0.1
2292 silly packumentCache full:https://registry.npmjs.org/dunder-proto cache-miss
2293 http fetch GET 200 https://registry.npmjs.org/is-symbol 551ms (cache revalidated)
2294 silly packumentCache full:https://registry.npmjs.org/is-symbol set size:22675 disposed:false
2295 silly fetch manifest for-each@^0.3.3
2296 silly packumentCache full:https://registry.npmjs.org/for-each cache-miss
2297 http fetch GET 200 https://registry.npmjs.org/possible-typed-array-names 582ms (cache revalidated)
2298 silly packumentCache full:https://registry.npmjs.org/possible-typed-array-names set size:9167 disposed:false
2299 silly fetch manifest for-each@^0.3.3
2300 silly packumentCache full:https://registry.npmjs.org/for-each cache-miss
2301 http fetch GET 200 https://registry.npmjs.org/functions-have-names 550ms (cache revalidated)
2302 silly packumentCache full:https://registry.npmjs.org/functions-have-names set size:24196 disposed:false
2303 silly fetch manifest reflect.getprototypeof@^1.0.9
2304 silly packumentCache full:https://registry.npmjs.org/reflect.getprototypeof cache-miss
2305 http fetch GET 200 https://registry.npmjs.org/es-abstract-get 585ms (cache revalidated)
2306 silly packumentCache full:https://registry.npmjs.org/es-abstract-get set size:7156 disposed:false
2307 silly fetch manifest for-each@^0.3.5
2308 silly packumentCache full:https://registry.npmjs.org/for-each cache-miss
2309 http fetch GET 200 https://registry.npmjs.org/isarray 552ms (cache revalidated)
2310 silly packumentCache full:https://registry.npmjs.org/isarray set size:17392 disposed:false
2311 silly fetch manifest possible-typed-array-names@^1.1.0
2312 silly packumentCache full:https://registry.npmjs.org/possible-typed-array-names cache-hit
2313 silly fetch manifest reflect.getprototypeof@^1.0.10
2314 silly packumentCache full:https://registry.npmjs.org/reflect.getprototypeof cache-miss
2315 http fetch GET 200 https://registry.npmjs.org/side-channel 578ms (cache revalidated)
2316 silly packumentCache full:https://registry.npmjs.org/side-channel set size:27650 disposed:false
2317 silly fetch manifest has-bigints@^1.0.2
2318 silly packumentCache full:https://registry.npmjs.org/has-bigints cache-miss
2319 http fetch GET 200 https://registry.npmjs.org/set-function-name 573ms (cache revalidated)
2320 silly packumentCache full:https://registry.npmjs.org/set-function-name set size:13766 disposed:false
2321 silly fetch manifest which-boxed-primitive@^1.1.1
2322 silly packumentCache full:https://registry.npmjs.org/which-boxed-primitive cache-miss
2323 http fetch GET 200 https://registry.npmjs.org/dunder-proto 601ms (cache revalidated)
2324 silly packumentCache full:https://registry.npmjs.org/dunder-proto set size:8256 disposed:false
2325 silly fetch manifest for-each@^0.3.5
2326 silly packumentCache full:https://registry.npmjs.org/for-each cache-miss
2327 http fetch GET 200 https://registry.npmjs.org/dunder-proto 607ms (cache revalidated)
2328 silly packumentCache full:https://registry.npmjs.org/dunder-proto set size:8256 disposed:false
2329 silly packumentCache full:https://registry.npmjs.org/dunder-proto dispose
2330 http cache https://registry.npmjs.org/dunder-proto 366ms (cache hit)
2331 silly packumentCache full:https://registry.npmjs.org/dunder-proto set size:8256 disposed:true
2332 silly packumentCache full:https://registry.npmjs.org/dunder-proto dispose
2333 http cache https://registry.npmjs.org/isarray 427ms (cache hit)
2334 silly packumentCache full:https://registry.npmjs.org/isarray set size:17392 disposed:false
2335 silly packumentCache full:https://registry.npmjs.org/isarray dispose
2336 http fetch GET 200 https://registry.npmjs.org/for-each 453ms (cache revalidated)
2337 silly packumentCache full:https://registry.npmjs.org/for-each set size:14327 disposed:false
2338 http fetch GET 200 https://registry.npmjs.org/for-each 464ms (cache revalidated)
2339 silly packumentCache full:https://registry.npmjs.org/for-each set size:14327 disposed:false
2340 silly packumentCache full:https://registry.npmjs.org/for-each dispose
2341 http fetch GET 200 https://registry.npmjs.org/reflect.getprototypeof 454ms (cache revalidated)
2342 silly packumentCache full:https://registry.npmjs.org/reflect.getprototypeof set size:44083 disposed:false
2343 http fetch GET 200 https://registry.npmjs.org/for-each 447ms (cache revalidated)
2344 silly packumentCache full:https://registry.npmjs.org/for-each set size:14327 disposed:true
2345 silly packumentCache full:https://registry.npmjs.org/for-each dispose
2346 http fetch GET 200 https://registry.npmjs.org/for-each 421ms (cache revalidated)
2347 silly packumentCache full:https://registry.npmjs.org/for-each set size:14327 disposed:true
2348 silly packumentCache full:https://registry.npmjs.org/for-each dispose
2349 http fetch GET 200 https://registry.npmjs.org/reflect.getprototypeof 448ms (cache revalidated)
2350 silly packumentCache full:https://registry.npmjs.org/reflect.getprototypeof set size:44083 disposed:false
2351 silly packumentCache full:https://registry.npmjs.org/reflect.getprototypeof dispose
2352 http fetch GET 200 https://registry.npmjs.org/which-boxed-primitive 429ms (cache revalidated)
2353 silly packumentCache full:https://registry.npmjs.org/which-boxed-primitive set size:19407 disposed:false
2354 http fetch GET 200 https://registry.npmjs.org/has-bigints 446ms (cache revalidated)
2355 silly packumentCache full:https://registry.npmjs.org/has-bigints set size:14176 disposed:false
2356 silly placeDep ROOT possible-typed-array-names@1.1.0 OK for: available-typed-arrays@1.0.7 want: ^1.0.0
2357 silly placeDep ROOT has-tostringtag@1.0.2 OK for: es-set-tostringtag@2.1.0 want: ^1.0.2
2358 silly placeDep ROOT es-abstract-get@1.0.0 OK for: es-to-primitive@1.3.4 want: ^1.0.0
2359 silly placeDep ROOT is-date-object@1.1.0 OK for: es-to-primitive@1.3.4 want: ^1.1.0
2360 silly placeDep ROOT is-symbol@1.1.1 OK for: es-to-primitive@1.3.4 want: ^1.1.1
2361 silly placeDep node_modules/eslint-module-utils debug@3.2.7 OK for: eslint-module-utils@2.14.0 want: ^3.2.7
2362 silly placeDep node_modules/eslint-plugin-jsx-a11y aria-query@5.3.2 OK for: eslint-plugin-jsx-a11y@6.10.2 want: ^5.3.2
2363 silly placeDep ROOT ast-types-flow@0.0.8 OK for: eslint-plugin-jsx-a11y@6.10.2 want: ^0.0.8
2364 silly placeDep ROOT axe-core@4.12.1 OK for: eslint-plugin-jsx-a11y@6.10.2 want: ^4.10.0
2365 silly placeDep ROOT axobject-query@4.1.0 OK for: eslint-plugin-jsx-a11y@6.10.2 want: ^4.1.0
2366 silly placeDep ROOT damerau-levenshtein@1.0.8 OK for: eslint-plugin-jsx-a11y@6.10.2 want: ^1.0.8
2367 silly placeDep ROOT emoji-regex@9.2.2 OK for: eslint-plugin-jsx-a11y@6.10.2 want: ^9.2.2
2368 silly placeDep ROOT jsx-ast-utils@3.3.5 OK for: eslint-plugin-jsx-a11y@6.10.2 want: ^3.3.5
2369 silly placeDep ROOT language-tags@1.0.9 OK for: eslint-plugin-jsx-a11y@6.10.2 want: ^1.0.9
2370 silly placeDep ROOT string.prototype.includes@2.0.1 OK for: eslint-plugin-jsx-a11y@6.10.2 want: ^2.0.1
2371 silly fetch manifest language-subtag-registry@^0.3.20
2372 silly packumentCache full:https://registry.npmjs.org/language-subtag-registry cache-miss
2373 http fetch GET 200 https://registry.npmjs.org/language-subtag-registry 86ms (cache revalidated)
2374 silly packumentCache full:https://registry.npmjs.org/language-subtag-registry set size:46437 disposed:false
2375 silly placeDep ROOT array.prototype.findlast@1.2.5 OK for: eslint-plugin-react@7.37.5 want: ^1.2.5
2376 silly placeDep ROOT array.prototype.tosorted@1.1.4 OK for: eslint-plugin-react@7.37.5 want: ^1.1.4
2377 silly placeDep ROOT es-iterator-helpers@1.4.0 OK for: eslint-plugin-react@7.37.5 want: ^1.2.1
2378 silly placeDep ROOT estraverse@5.3.0 OK for: eslint-plugin-react@7.37.5 want: ^5.3.0
2379 silly placeDep ROOT object.entries@1.1.9 OK for: eslint-plugin-react@7.37.5 want: ^1.1.9
2380 silly placeDep ROOT prop-types@15.8.1 OK for: eslint-plugin-react@7.37.5 want: ^15.8.1
2381 silly placeDep ROOT string.prototype.matchall@4.0.12 OK for: eslint-plugin-react@7.37.5 want: ^4.0.12
2382 silly placeDep ROOT string.prototype.repeat@1.0.0 OK for: eslint-plugin-react@7.37.5 want: ^1.0.0
2383 silly fetch manifest iterator.prototype@^1.1.5
2384 silly packumentCache full:https://registry.npmjs.org/iterator.prototype cache-miss
2385 silly fetch manifest loose-envify@^1.4.0
2386 silly packumentCache full:https://registry.npmjs.org/loose-envify cache-miss
2387 silly fetch manifest object-assign@^4.1.1
2388 silly packumentCache full:https://registry.npmjs.org/object-assign cache-miss
2389 silly fetch manifest react-is@^16.13.1
2390 silly packumentCache full:https://registry.npmjs.org/react-is cache-miss
2391 http cache https://registry.npmjs.org/react-is 116ms (cache hit)
2392 silly packumentCache full:https://registry.npmjs.org/react-is set size:5541898 disposed:false
2393 http fetch GET 200 https://registry.npmjs.org/loose-envify 371ms (cache revalidated)
2394 silly packumentCache full:https://registry.npmjs.org/loose-envify set size:12559 disposed:false
2395 http fetch GET 200 https://registry.npmjs.org/iterator.prototype 377ms (cache revalidated)
2396 silly packumentCache full:https://registry.npmjs.org/iterator.prototype set size:26870 disposed:false
2397 http fetch GET 200 https://registry.npmjs.org/object-assign 378ms (cache revalidated)
2398 silly packumentCache full:https://registry.npmjs.org/object-assign set size:28988 disposed:false
2399 silly placeDep ROOT iterator.prototype@1.1.5 OK for: es-iterator-helpers@1.4.0 want: ^1.1.5
2400 silly placeDep ROOT esrecurse@4.3.0 OK for: eslint-scope@8.4.0 want: ^4.3.0
2401 silly placeDep ROOT acorn@8.18.0 OK for: espree@10.4.0 want: ^8.15.0
2402 silly placeDep ROOT acorn-jsx@5.3.2 OK for: espree@10.4.0 want: ^5.3.2
2403 silly placeDep ROOT @nodelib/fs.stat@2.0.5 OK for: fast-glob@3.3.1 want: ^2.0.2
2404 silly placeDep ROOT @nodelib/fs.walk@1.2.8 OK for: fast-glob@3.3.1 want: ^1.2.3
2405 silly placeDep node_modules/fast-glob glob-parent@5.1.2 OK for: fast-glob@3.3.1 want: ^5.1.2
2406 silly placeDep ROOT merge2@1.4.1 OK for: fast-glob@3.3.1 want: ^1.3.0
2407 silly placeDep ROOT micromatch@4.0.8 OK for: fast-glob@3.3.1 want: ^4.0.4
2408 silly fetch manifest fastq@^1.6.0
2409 silly packumentCache full:https://registry.npmjs.org/fastq cache-miss
2410 silly fetch manifest @nodelib/fs.scandir@2.1.5
2411 silly packumentCache full:https://registry.npmjs.org/@nodelib%2ffs.scandir cache-miss
2412 silly fetch manifest braces@^3.0.3
2413 silly packumentCache full:https://registry.npmjs.org/braces cache-miss
2414 silly fetch manifest picomatch@^2.3.1
2415 silly packumentCache full:https://registry.npmjs.org/picomatch cache-hit
2416 http fetch GET 200 https://registry.npmjs.org/fastq 129ms (cache revalidated)
2417 silly packumentCache full:https://registry.npmjs.org/fastq set size:78301 disposed:false
2418 http fetch GET 200 https://registry.npmjs.org/@nodelib%2ffs.scandir 176ms (cache revalidated)
2419 silly packumentCache full:https://registry.npmjs.org/@nodelib%2ffs.scandir set size:49256 disposed:false
2420 http fetch GET 200 https://registry.npmjs.org/braces 374ms (cache revalidated)
2421 silly packumentCache full:https://registry.npmjs.org/braces set size:114529 disposed:false
2422 silly placeDep ROOT @nodelib/fs.scandir@2.1.5 OK for: @nodelib/fs.walk@1.2.8 want: 2.1.5
2423 silly placeDep ROOT fastq@1.20.1 OK for: @nodelib/fs.walk@1.2.8 want: ^1.6.0
2424 silly fetch manifest run-parallel@^1.1.9
2425 silly packumentCache full:https://registry.npmjs.org/run-parallel cache-miss
2426 silly fetch manifest reusify@^1.0.4
2427 silly packumentCache full:https://registry.npmjs.org/reusify cache-miss
2428 http fetch GET 200 https://registry.npmjs.org/reusify 131ms (cache revalidated)
2429 silly packumentCache full:https://registry.npmjs.org/reusify set size:14249 disposed:false
2430 http fetch GET 200 https://registry.npmjs.org/run-parallel 150ms (cache revalidated)
2431 silly packumentCache full:https://registry.npmjs.org/run-parallel set size:35172 disposed:false
2432 silly placeDep ROOT run-parallel@1.2.0 OK for: @nodelib/fs.scandir@2.1.5 want: ^1.1.9
2433 silly fetch manifest queue-microtask@^1.2.2
2434 silly packumentCache full:https://registry.npmjs.org/queue-microtask cache-miss
2435 http fetch GET 200 https://registry.npmjs.org/queue-microtask 100ms (cache revalidated)
2436 silly packumentCache full:https://registry.npmjs.org/queue-microtask set size:36088 disposed:false
2437 silly placeDep ROOT reusify@1.1.0 OK for: fastq@1.20.1 want: ^1.0.4
2438 silly placeDep ROOT flat-cache@4.0.1 OK for: file-entry-cache@8.0.0 want: ^4.0.0
2439 silly fetch manifest keyv@^4.5.4
2440 silly packumentCache full:https://registry.npmjs.org/keyv cache-miss
2441 silly fetch manifest flatted@^3.2.9
2442 silly packumentCache full:https://registry.npmjs.org/flatted cache-miss
2443 http fetch GET 200 https://registry.npmjs.org/flatted 105ms (cache revalidated)
2444 silly packumentCache full:https://registry.npmjs.org/flatted set size:143283 disposed:false
2445 http fetch GET 200 https://registry.npmjs.org/keyv 125ms (cache revalidated)
2446 silly packumentCache full:https://registry.npmjs.org/keyv set size:224095 disposed:false
2447 silly placeDep ROOT locate-path@6.0.0 OK for: find-up@5.0.0 want: ^6.0.0
2448 silly placeDep ROOT path-exists@4.0.0 OK for: find-up@5.0.0 want: ^4.0.0
2449 silly fetch manifest p-locate@^5.0.0
2450 silly packumentCache full:https://registry.npmjs.org/p-locate cache-miss
2451 http fetch GET 200 https://registry.npmjs.org/p-locate 123ms (cache revalidated)
2452 silly packumentCache full:https://registry.npmjs.org/p-locate set size:22488 disposed:false
2453 silly placeDep ROOT flatted@3.4.4 OK for: flat-cache@4.0.1 want: ^3.2.9
2454 silly placeDep ROOT keyv@4.5.4 OK for: flat-cache@4.0.1 want: ^4.5.4
2455 silly fetch manifest json-buffer@3.0.1
2456 silly packumentCache full:https://registry.npmjs.org/json-buffer cache-miss
2457 http fetch GET 200 https://registry.npmjs.org/json-buffer 118ms (cache revalidated)
2458 silly packumentCache full:https://registry.npmjs.org/json-buffer set size:23474 disposed:false
2459 silly placeDep ROOT motion-dom@12.43.0 OK for: framer-motion@12.43.0 want: ^12.43.0
2460 silly placeDep ROOT motion-utils@12.39.0 OK for: framer-motion@12.43.0 want: ^12.39.0
2461 silly placeDep ROOT tslib@2.8.1 OK for: framer-motion@12.43.0 want: ^2.4.0
2462 silly placeDep ROOT functions-have-names@1.2.3 OK for: function.prototype.name@1.2.0 want: ^1.2.3
2463 silly placeDep ROOT is-document.all@1.0.0 OK for: function.prototype.name@1.2.0 want: ^1.0.0
2464 silly placeDep ROOT dunder-proto@1.0.1 OK for: get-proto@1.0.1 want: ^1.0.1
2465 silly placeDep ROOT resolve-pkg-maps@1.0.0 OK for: get-tsconfig@4.14.0 want: ^1.0.0
2466 silly placeDep ROOT parent-module@1.0.1 OK for: import-fresh@3.3.1 want: ^1.0.0
2467 silly placeDep ROOT resolve-from@4.0.0 OK for: import-fresh@3.3.1 want: ^4.0.0
2468 silly fetch manifest callsites@^3.0.0
2469 silly packumentCache full:https://registry.npmjs.org/callsites cache-miss
2470 http fetch GET 200 https://registry.npmjs.org/callsites 241ms (cache revalidated)
2471 silly packumentCache full:https://registry.npmjs.org/callsites set size:21349 disposed:false
2472 silly placeDep ROOT side-channel@1.1.1 OK for: internal-slot@1.1.0 want: ^1.1.0
2473 silly fetch manifest side-channel-list@^1.0.1
2474 silly packumentCache full:https://registry.npmjs.org/side-channel-list cache-miss
2475 silly fetch manifest side-channel-map@^1.0.1
2476 silly packumentCache full:https://registry.npmjs.org/side-channel-map cache-miss
2477 silly fetch manifest side-channel-weakmap@^1.0.2
2478 silly packumentCache full:https://registry.npmjs.org/side-channel-weakmap cache-miss
2479 http fetch GET 200 https://registry.npmjs.org/side-channel-weakmap 620ms (cache revalidated)
2480 silly packumentCache full:https://registry.npmjs.org/side-channel-weakmap set size:12620 disposed:false
2481 http fetch GET 200 https://registry.npmjs.org/side-channel-list 673ms (cache revalidated)
2482 silly packumentCache full:https://registry.npmjs.org/side-channel-list set size:9021 disposed:false
2483 http fetch GET 200 https://registry.npmjs.org/side-channel-map 683ms (cache revalidated)
2484 silly packumentCache full:https://registry.npmjs.org/side-channel-map set size:9126 disposed:false
2485 silly placeDep node_modules/is-bun-module semver@7.8.5 OK for: is-bun-module@2.0.0 want: ^7.7.1
2486 silly placeDep ROOT is-extglob@2.1.1 OK for: is-glob@4.0.3 want: ^2.1.1
2487 silly placeDep ROOT set-function-name@2.0.2 OK for: iterator.prototype@1.1.5 want: ^2.0.2
2488 silly placeDep ROOT argparse@2.0.1 OK for: js-yaml@4.3.0 want: ^2.0.1
2489 silly fetch manifest bufferutil@^4.0.1
2490 silly packumentCache full:https://registry.npmjs.org/bufferutil cache-miss
2491 http fetch GET 200 https://registry.npmjs.org/bufferutil 69ms (cache revalidated)
2492 silly packumentCache full:https://registry.npmjs.org/bufferutil set size:52763 disposed:false
2493 silly fetch manifest utf-8-validate@>=5.0.2
2494 silly packumentCache full:https://registry.npmjs.org/utf-8-validate cache-miss
2495 http fetch GET 200 https://registry.npmjs.org/utf-8-validate 118ms (cache revalidated)
2496 silly packumentCache full:https://registry.npmjs.org/utf-8-validate set size:77148 disposed:false
2497 silly placeDep ROOT cssstyle@4.6.0 OK for: jsdom@25.0.1 want: ^4.1.0
2498 silly placeDep ROOT data-urls@5.0.0 OK for: jsdom@25.0.1 want: ^5.0.0
2499 silly placeDep ROOT decimal.js@10.6.0 OK for: jsdom@25.0.1 want: ^10.4.3
2500 silly placeDep ROOT form-data@4.0.6 OK for: jsdom@25.0.1 want: ^4.0.0
2501 silly placeDep ROOT html-encoding-sniffer@4.0.0 OK for: jsdom@25.0.1 want: ^4.0.0
2502 silly placeDep ROOT http-proxy-agent@7.0.2 OK for: jsdom@25.0.1 want: ^7.0.2
2503 silly placeDep ROOT https-proxy-agent@7.0.6 OK for: jsdom@25.0.1 want: ^7.0.5
2504 silly placeDep ROOT is-potential-custom-element-name@1.0.1 OK for: jsdom@25.0.1 want: ^1.0.1
2505 silly placeDep ROOT nwsapi@2.2.24 OK for: jsdom@25.0.1 want: ^2.2.12
2506 silly placeDep ROOT parse5@7.3.0 OK for: jsdom@25.0.1 want: ^7.1.2
2507 silly placeDep ROOT rrweb-cssom@0.7.1 OK for: jsdom@25.0.1 want: ^0.7.1
2508 silly placeDep ROOT saxes@6.0.0 OK for: jsdom@25.0.1 want: ^6.0.0
2509 silly placeDep ROOT symbol-tree@3.2.4 OK for: jsdom@25.0.1 want: ^3.2.4
2510 silly placeDep ROOT tough-cookie@5.1.2 OK for: jsdom@25.0.1 want: ^5.0.0
2511 silly placeDep ROOT w3c-xmlserializer@5.0.0 OK for: jsdom@25.0.1 want: ^5.0.0
2512 silly placeDep ROOT webidl-conversions@7.0.0 OK for: jsdom@25.0.1 want: ^7.0.0
2513 silly placeDep ROOT whatwg-encoding@3.1.1 OK for: jsdom@25.0.1 want: ^3.1.1
2514 silly placeDep ROOT whatwg-mimetype@4.0.0 OK for: jsdom@25.0.1 want: ^4.0.0
2515 silly placeDep ROOT whatwg-url@14.2.0 OK for: jsdom@25.0.1 want: ^14.0.0
2516 silly placeDep ROOT ws@8.21.1 OK for: jsdom@25.0.1 want: ^8.18.0
2517 silly placeDep ROOT xml-name-validator@5.0.0 OK for: jsdom@25.0.1 want: ^5.0.0
2518 silly fetch manifest rrweb-cssom@^0.8.0
2519 silly packumentCache full:https://registry.npmjs.org/rrweb-cssom cache-hit
2520 silly fetch manifest @asamuzakjp/css-color@^3.2.0
2521 silly packumentCache full:https://registry.npmjs.org/@asamuzakjp%2fcss-color cache-miss
2522 silly fetch manifest asynckit@^0.4.0
2523 silly packumentCache full:https://registry.npmjs.org/asynckit cache-miss
2524 silly fetch manifest mime-types@^2.1.35
2525 silly packumentCache full:https://registry.npmjs.org/mime-types cache-miss
2526 silly fetch manifest combined-stream@^1.0.8
2527 silly packumentCache full:https://registry.npmjs.org/combined-stream cache-miss
2528 silly fetch manifest agent-base@^7.1.0
2529 silly packumentCache full:https://registry.npmjs.org/agent-base cache-miss
2530 silly fetch manifest agent-base@^7.1.2
2531 silly packumentCache full:https://registry.npmjs.org/agent-base cache-miss
2532 silly fetch manifest entities@^6.0.0
2533 silly packumentCache full:https://registry.npmjs.org/entities cache-miss
2534 silly fetch manifest xmlchars@^2.2.0
2535 silly packumentCache full:https://registry.npmjs.org/xmlchars cache-miss
2536 silly fetch manifest tldts@^6.1.32
2537 silly packumentCache full:https://registry.npmjs.org/tldts cache-miss
2538 silly fetch manifest iconv-lite@0.6.3
2539 silly packumentCache full:https://registry.npmjs.org/iconv-lite cache-miss
2540 silly fetch manifest tr46@^5.1.0
2541 silly packumentCache full:https://registry.npmjs.org/tr46 cache-miss
2542 http fetch GET 200 https://registry.npmjs.org/combined-stream 385ms (cache revalidated)
2543 silly packumentCache full:https://registry.npmjs.org/combined-stream set size:40337 disposed:false
2544 http fetch GET 200 https://registry.npmjs.org/asynckit 402ms (cache revalidated)
2545 silly packumentCache full:https://registry.npmjs.org/asynckit set size:18932 disposed:false
2546 http fetch GET 200 https://registry.npmjs.org/entities 436ms (cache revalidated)
2547 silly packumentCache full:https://registry.npmjs.org/entities set size:101550 disposed:false
2548 http fetch GET 200 https://registry.npmjs.org/mime-types 470ms (cache revalidated)
2549 silly packumentCache full:https://registry.npmjs.org/mime-types set size:139110 disposed:false
2550 http fetch GET 200 https://registry.npmjs.org/iconv-lite 505ms (cache revalidated)
2551 silly packumentCache full:https://registry.npmjs.org/iconv-lite set size:126462 disposed:false
2552 http fetch GET 200 https://registry.npmjs.org/agent-base 546ms (cache revalidated)
2553 silly packumentCache full:https://registry.npmjs.org/agent-base set size:72085 disposed:false
2554 http fetch GET 200 https://registry.npmjs.org/agent-base 566ms (cache revalidated)
2555 silly packumentCache full:https://registry.npmjs.org/agent-base set size:72085 disposed:false
2556 silly packumentCache full:https://registry.npmjs.org/agent-base dispose
2557 http fetch GET 200 https://registry.npmjs.org/tldts 569ms (cache revalidated)
2558 silly packumentCache full:https://registry.npmjs.org/tldts set size:3470385 disposed:false
2559 http fetch GET 200 https://registry.npmjs.org/tr46 685ms (cache revalidated)
2560 silly packumentCache full:https://registry.npmjs.org/tr46 set size:47377 disposed:false
2561 http fetch GET 200 https://registry.npmjs.org/xmlchars 707ms (cache revalidated)
2562 silly packumentCache full:https://registry.npmjs.org/xmlchars set size:33578 disposed:false
2563 http fetch GET 200 https://registry.npmjs.org/@asamuzakjp%2fcss-color 754ms (cache revalidated)
2564 silly packumentCache full:https://registry.npmjs.org/@asamuzakjp%2fcss-color set size:212259 disposed:false
2565 silly placeDep ROOT @asamuzakjp/css-color@3.2.0 OK for: cssstyle@4.6.0 want: ^3.2.0
2566 silly placeDep node_modules/cssstyle rrweb-cssom@0.8.0 OK for: cssstyle@4.6.0 want: ^0.8.0
2567 silly fetch manifest lru-cache@^10.4.3
2568 silly packumentCache full:https://registry.npmjs.org/lru-cache cache-hit
2569 silly fetch manifest @csstools/css-calc@^2.1.3
2570 silly packumentCache full:https://registry.npmjs.org/@csstools%2fcss-calc cache-miss
2571 silly fetch manifest @csstools/css-tokenizer@^3.0.3
2572 silly packumentCache full:https://registry.npmjs.org/@csstools%2fcss-tokenizer cache-miss
2573 silly fetch manifest @csstools/css-color-parser@^3.0.9
2574 silly packumentCache full:https://registry.npmjs.org/@csstools%2fcss-color-parser cache-miss
2575 silly fetch manifest @csstools/css-parser-algorithms@^3.0.4
2576 silly packumentCache full:https://registry.npmjs.org/@csstools%2fcss-parser-algorithms cache-miss
2577 http fetch GET 200 https://registry.npmjs.org/@csstools%2fcss-tokenizer 639ms (cache revalidated)
2578 silly packumentCache full:https://registry.npmjs.org/@csstools%2fcss-tokenizer set size:61164 disposed:false
2579 http fetch GET 200 https://registry.npmjs.org/@csstools%2fcss-parser-algorithms 693ms (cache revalidated)
2580 silly packumentCache full:https://registry.npmjs.org/@csstools%2fcss-parser-algorithms set size:66140 disposed:false
2581 http fetch GET 200 https://registry.npmjs.org/@csstools%2fcss-color-parser 715ms (cache revalidated)
2582 silly packumentCache full:https://registry.npmjs.org/@csstools%2fcss-color-parser set size:127212 disposed:false
2583 http fetch GET 200 https://registry.npmjs.org/@csstools%2fcss-calc 803ms (cache revalidated)
2584 silly packumentCache full:https://registry.npmjs.org/@csstools%2fcss-calc set size:78369 disposed:false
2585 silly placeDep ROOT @csstools/css-calc@2.1.4 OK for: @asamuzakjp/css-color@3.2.0 want: ^2.1.3
2586 silly placeDep ROOT @csstools/css-tokenizer@3.0.4 OK for: @csstools/css-calc@2.1.4 want: ^3.0.4
2587 silly placeDep ROOT @csstools/css-parser-algorithms@3.0.5 OK for: @csstools/css-calc@2.1.4 want: ^3.0.5
2588 silly placeDep ROOT @csstools/css-color-parser@3.1.0 OK for: @asamuzakjp/css-color@3.2.0 want: ^3.0.9
2589 silly placeDep node_modules/@asamuzakjp/css-color lru-cache@10.4.3 OK for: @asamuzakjp/css-color@3.2.0 want: ^10.4.3
2590 silly fetch manifest @csstools/color-helpers@^5.1.0
2591 silly packumentCache full:https://registry.npmjs.org/@csstools%2fcolor-helpers cache-miss
2592 http fetch GET 200 https://registry.npmjs.org/@csstools%2fcolor-helpers 658ms (cache revalidated)
2593 silly packumentCache full:https://registry.npmjs.org/@csstools%2fcolor-helpers set size:44954 disposed:false
2594 silly placeDep ROOT @csstools/color-helpers@5.1.0 OK for: @csstools/css-color-parser@3.1.0 want: ^5.1.0
2595 silly placeDep ROOT asynckit@0.4.0 OK for: form-data@4.0.6 want: ^0.4.0
2596 silly placeDep ROOT combined-stream@1.0.8 OK for: form-data@4.0.6 want: ^1.0.8
2597 silly placeDep ROOT mime-types@2.1.35 OK for: form-data@4.0.6 want: ^2.1.35
2598 silly fetch manifest delayed-stream@~1.0.0
2599 silly packumentCache full:https://registry.npmjs.org/delayed-stream cache-miss
2600 silly fetch manifest mime-db@1.52.0
2601 silly packumentCache full:https://registry.npmjs.org/mime-db cache-miss
2602 http fetch GET 200 https://registry.npmjs.org/mime-db 195ms (cache revalidated)
2603 silly packumentCache full:https://registry.npmjs.org/mime-db set size:164953 disposed:false
2604 http fetch GET 200 https://registry.npmjs.org/delayed-stream 786ms (cache revalidated)
2605 silly packumentCache full:https://registry.npmjs.org/delayed-stream set size:15820 disposed:false
2606 silly placeDep ROOT delayed-stream@1.0.0 OK for: combined-stream@1.0.8 want: ~1.0.0
2607 silly placeDep ROOT agent-base@7.1.4 OK for: http-proxy-agent@7.0.2 want: ^7.1.0
2608 silly placeDep ROOT json-buffer@3.0.1 OK for: keyv@4.5.4 want: 3.0.1
2609 silly placeDep ROOT language-subtag-registry@0.3.23 OK for: language-tags@1.0.9 want: ^0.3.20
2610 silly placeDep ROOT prelude-ls@1.2.1 OK for: levn@0.4.1 want: ^1.2.1
2611 silly placeDep ROOT type-check@0.4.0 OK for: levn@0.4.1 want: ~0.4.0
2612 silly placeDep ROOT p-locate@5.0.0 OK for: locate-path@6.0.0 want: ^5.0.0
2613 silly fetch manifest p-limit@^3.0.2
2614 silly packumentCache full:https://registry.npmjs.org/p-limit cache-miss
2615 http fetch GET 200 https://registry.npmjs.org/p-limit 209ms (cache revalidated)
2616 silly packumentCache full:https://registry.npmjs.org/p-limit set size:63850 disposed:false
2617 silly placeDep ROOT yallist@3.1.1 OK for: lru-cache@5.1.1 want: ^3.0.2
2618 silly placeDep ROOT braces@3.0.3 OK for: micromatch@4.0.8 want: ^3.0.3
2619 silly placeDep ROOT picomatch@2.3.2 OK for: micromatch@4.0.8 want: ^2.3.1
2620 silly fetch manifest fill-range@^7.1.1
2621 silly packumentCache full:https://registry.npmjs.org/fill-range cache-miss
2622 http fetch GET 200 https://registry.npmjs.org/fill-range 184ms (cache revalidated)
2623 silly packumentCache full:https://registry.npmjs.org/fill-range set size:90162 disposed:false
2624 silly placeDep ROOT fill-range@7.1.1 OK for: braces@3.0.3 want: ^7.1.1
2625 silly fetch manifest to-regex-range@^5.0.1
2626 silly packumentCache full:https://registry.npmjs.org/to-regex-range cache-miss
2627 http fetch GET 200 https://registry.npmjs.org/to-regex-range 198ms (cache revalidated)
2628 silly packumentCache full:https://registry.npmjs.org/to-regex-range set size:61569 disposed:false
2629 silly placeDep ROOT to-regex-range@5.0.1 OK for: fill-range@7.1.1 want: ^5.0.1
2630 silly fetch manifest is-number@^7.0.0
2631 silly packumentCache full:https://registry.npmjs.org/is-number cache-miss
2632 http fetch GET 200 https://registry.npmjs.org/is-number 83ms (cache revalidated)
2633 silly packumentCache full:https://registry.npmjs.org/is-number set size:36183 disposed:false
2634 silly placeDep ROOT mime-db@1.52.0 OK for: mime-types@2.1.35 want: 1.52.0
2635 silly placeDep ROOT brace-expansion@1.1.18 OK for: minimatch@3.1.5 want: ^1.1.7
2636 silly fetch manifest concat-map@0.0.1
2637 silly packumentCache full:https://registry.npmjs.org/concat-map cache-miss
2638 silly fetch manifest balanced-match@^1.0.0
2639 silly packumentCache full:https://registry.npmjs.org/balanced-match cache-miss
2640 http fetch GET 200 https://registry.npmjs.org/concat-map 117ms (cache revalidated)
2641 silly packumentCache full:https://registry.npmjs.org/concat-map set size:9290 disposed:false
2642 http fetch GET 200 https://registry.npmjs.org/balanced-match 125ms (cache revalidated)
2643 silly packumentCache full:https://registry.npmjs.org/balanced-match set size:39082 disposed:false
2644 silly placeDep ROOT balanced-match@1.0.2 OK for: brace-expansion@1.1.18 want: ^1.0.0
2645 silly placeDep ROOT concat-map@0.0.1 OK for: brace-expansion@1.1.18 want: 0.0.1
2646 silly fetch manifest react@^18.2.0 || 19.0.0-rc-de68d2f4-20241204 || ^19.0.0
2647 silly packumentCache full:https://registry.npmjs.org/react cache-miss
2648 http cache https://registry.npmjs.org/react 83ms (cache hit)
2649 silly packumentCache full:https://registry.npmjs.org/react set size:6849402 disposed:false
2650 silly placeDep ROOT @next/env@15.5.22 OK for: next@15.5.22 want: 15.5.22
2651 silly placeDep ROOT @next/swc-darwin-arm64@15.5.22 OK for: next@15.5.22 want: 15.5.22
2652 silly placeDep ROOT @next/swc-darwin-x64@15.5.22 OK for: next@15.5.22 want: 15.5.22
2653 silly placeDep ROOT @next/swc-linux-arm64-gnu@15.5.22 OK for: next@15.5.22 want: 15.5.22
2654 silly placeDep ROOT @next/swc-linux-arm64-musl@15.5.22 OK for: next@15.5.22 want: 15.5.22
2655 silly placeDep ROOT @next/swc-linux-x64-gnu@15.5.22 OK for: next@15.5.22 want: 15.5.22
2656 silly placeDep ROOT @next/swc-linux-x64-musl@15.5.22 OK for: next@15.5.22 want: 15.5.22
2657 silly placeDep ROOT @next/swc-win32-arm64-msvc@15.5.22 OK for: next@15.5.22 want: 15.5.22
2658 silly placeDep ROOT @next/swc-win32-x64-msvc@15.5.22 OK for: next@15.5.22 want: 15.5.22
2659 silly placeDep ROOT @swc/helpers@0.5.15 OK for: next@15.5.22 want: 0.5.15
2660 silly placeDep node_modules/next postcss@8.4.31 OK for: next@15.5.22 want: 8.4.31
2661 silly placeDep ROOT sharp@0.34.5 OK for: next@15.5.22 want: ^0.34.3
2662 silly placeDep ROOT styled-jsx@5.1.6 OK for: next@15.5.22 want: 5.1.6
2663 silly fetch manifest nanoid@^3.3.6
2664 silly packumentCache full:https://registry.npmjs.org/nanoid cache-hit
2665 silly fetch manifest source-map-js@^1.0.2
2666 silly packumentCache full:https://registry.npmjs.org/source-map-js cache-hit
2667 silly fetch manifest @img/colour@^1.0.0
2668 silly packumentCache full:https://registry.npmjs.org/@img%2fcolour cache-miss
2669 silly fetch manifest detect-libc@^2.1.2
2670 silly packumentCache full:https://registry.npmjs.org/detect-libc cache-miss
2671 silly fetch manifest @img/sharp-wasm32@0.34.5
2672 silly packumentCache full:https://registry.npmjs.org/@img%2fsharp-wasm32 cache-miss
2673 silly fetch manifest @img/sharp-linux-arm@0.34.5
2674 silly packumentCache full:https://registry.npmjs.org/@img%2fsharp-linux-arm cache-miss
2675 silly fetch manifest @img/sharp-linux-x64@0.34.5
2676 silly packumentCache full:https://registry.npmjs.org/@img%2fsharp-linux-x64 cache-miss
2677 silly fetch manifest @img/sharp-win32-x64@0.34.5
2678 silly packumentCache full:https://registry.npmjs.org/@img%2fsharp-win32-x64 cache-miss
2679 silly fetch manifest @img/sharp-darwin-x64@0.34.5
2680 silly packumentCache full:https://registry.npmjs.org/@img%2fsharp-darwin-x64 cache-miss
2681 silly fetch manifest @img/sharp-win32-ia32@0.34.5
2682 silly packumentCache full:https://registry.npmjs.org/@img%2fsharp-win32-ia32 cache-miss
2683 silly fetch manifest @img/sharp-linux-arm64@0.34.5
2684 silly packumentCache full:https://registry.npmjs.org/@img%2fsharp-linux-arm64 cache-miss
2685 silly fetch manifest @img/sharp-linux-ppc64@0.34.5
2686 silly packumentCache full:https://registry.npmjs.org/@img%2fsharp-linux-ppc64 cache-miss
2687 silly fetch manifest @img/sharp-linux-s390x@0.34.5
2688 silly packumentCache full:https://registry.npmjs.org/@img%2fsharp-linux-s390x cache-miss
2689 http fetch GET 200 https://registry.npmjs.org/@img%2fsharp-win32-ia32 453ms (cache revalidated)
2690 silly packumentCache full:https://registry.npmjs.org/@img%2fsharp-win32-ia32 set size:104482 disposed:false
2691 silly fetch manifest @img/sharp-win32-arm64@0.34.5
2692 silly packumentCache full:https://registry.npmjs.org/@img%2fsharp-win32-arm64 cache-miss
2693 http fetch GET 200 https://registry.npmjs.org/detect-libc 508ms (cache revalidated)
2694 silly packumentCache full:https://registry.npmjs.org/detect-libc set size:47861 disposed:false
2695 silly fetch manifest @img/sharp-darwin-arm64@0.34.5
2696 silly packumentCache full:https://registry.npmjs.org/@img%2fsharp-darwin-arm64 cache-miss
2697 http fetch GET 200 https://registry.npmjs.org/@img%2fcolour 523ms (cache revalidated)
2698 silly packumentCache full:https://registry.npmjs.org/@img%2fcolour set size:9701 disposed:false
2699 silly fetch manifest @img/sharp-linux-riscv64@0.34.5
2700 silly packumentCache full:https://registry.npmjs.org/@img%2fsharp-linux-riscv64 cache-miss
2701 http fetch GET 200 https://registry.npmjs.org/@img%2fsharp-wasm32 549ms (cache revalidated)
2702 silly packumentCache full:https://registry.npmjs.org/@img%2fsharp-wasm32 set size:99309 disposed:false
2703 silly fetch manifest @img/sharp-linuxmusl-x64@0.34.5
2704 silly packumentCache full:https://registry.npmjs.org/@img%2fsharp-linuxmusl-x64 cache-miss
2705 http fetch GET 200 https://registry.npmjs.org/@img%2fsharp-darwin-x64 622ms (cache revalidated)
2706 silly packumentCache full:https://registry.npmjs.org/@img%2fsharp-darwin-x64 set size:104467 disposed:false
2707 silly fetch manifest @img/sharp-linuxmusl-arm64@0.34.5
2708 silly packumentCache full:https://registry.npmjs.org/@img%2fsharp-linuxmusl-arm64 cache-miss
2709 http fetch GET 200 https://registry.npmjs.org/@img%2fsharp-linux-arm64 614ms (cache revalidated)
2710 silly packumentCache full:https://registry.npmjs.org/@img%2fsharp-linux-arm64 set size:103552 disposed:false
2711 silly fetch manifest @img/sharp-libvips-linux-arm@1.2.4
2712 silly packumentCache full:https://registry.npmjs.org/@img%2fsharp-libvips-linux-arm cache-miss
2713 http fetch GET 200 https://registry.npmjs.org/@img%2fsharp-linux-s390x 683ms (cache revalidated)
2714 silly packumentCache full:https://registry.npmjs.org/@img%2fsharp-linux-s390x set size:101430 disposed:false
2715 silly fetch manifest @img/sharp-libvips-linux-x64@1.2.4
2716 silly packumentCache full:https://registry.npmjs.org/@img%2fsharp-libvips-linux-x64 cache-miss
2717 http fetch GET 200 https://registry.npmjs.org/@img%2fsharp-linux-x64 776ms (cache revalidated)
2718 silly packumentCache full:https://registry.npmjs.org/@img%2fsharp-linux-x64 set size:102218 disposed:false
2719 silly fetch manifest @img/sharp-libvips-darwin-x64@1.2.4
2720 silly packumentCache full:https://registry.npmjs.org/@img%2fsharp-libvips-darwin-x64 cache-miss
2721 http fetch GET 200 https://registry.npmjs.org/@img%2fsharp-win32-x64 852ms (cache revalidated)
2722 silly packumentCache full:https://registry.npmjs.org/@img%2fsharp-win32-x64 set size:103513 disposed:false
2723 silly fetch manifest @img/sharp-libvips-linux-arm64@1.2.4
2724 silly packumentCache full:https://registry.npmjs.org/@img%2fsharp-libvips-linux-arm64 cache-miss
2725 http fetch GET 200 https://registry.npmjs.org/@img%2fsharp-linux-arm 886ms (cache revalidated)
2726 silly packumentCache full:https://registry.npmjs.org/@img%2fsharp-linux-arm set size:102715 disposed:false
2727 silly fetch manifest @img/sharp-libvips-linux-ppc64@1.2.4
2728 silly packumentCache full:https://registry.npmjs.org/@img%2fsharp-libvips-linux-ppc64 cache-miss
2729 http fetch GET 200 https://registry.npmjs.org/@img%2fsharp-linux-ppc64 845ms (cache revalidated)
2730 silly packumentCache full:https://registry.npmjs.org/@img%2fsharp-linux-ppc64 set size:68168 disposed:false
2731 silly fetch manifest @img/sharp-libvips-linux-s390x@1.2.4
2732 silly packumentCache full:https://registry.npmjs.org/@img%2fsharp-libvips-linux-s390x cache-miss
2733 http fetch GET 200 https://registry.npmjs.org/@img%2fsharp-win32-arm64 786ms (cache revalidated)
2734 silly packumentCache full:https://registry.npmjs.org/@img%2fsharp-win32-arm64 set size:63462 disposed:false
2735 silly fetch manifest @img/sharp-libvips-darwin-arm64@1.2.4
2736 silly packumentCache full:https://registry.npmjs.org/@img%2fsharp-libvips-darwin-arm64 cache-miss
2737 http fetch GET 200 https://registry.npmjs.org/@img%2fsharp-darwin-arm64 835ms (cache revalidated)
2738 silly packumentCache full:https://registry.npmjs.org/@img%2fsharp-darwin-arm64 set size:105848 disposed:false
2739 silly fetch manifest @img/sharp-libvips-linux-riscv64@1.2.4
2740 silly packumentCache full:https://registry.npmjs.org/@img%2fsharp-libvips-linux-riscv64 cache-miss
2741 http fetch GET 200 https://registry.npmjs.org/@img%2fsharp-linuxmusl-arm64 865ms (cache revalidated)
2742 silly packumentCache full:https://registry.npmjs.org/@img%2fsharp-linuxmusl-arm64 set size:105157 disposed:false
2743 silly fetch manifest @img/sharp-libvips-linuxmusl-x64@1.2.4
2744 silly packumentCache full:https://registry.npmjs.org/@img%2fsharp-libvips-linuxmusl-x64 cache-miss
2745 http fetch GET 200 https://registry.npmjs.org/@img%2fsharp-linux-riscv64 1015ms (cache revalidated)
2746 silly packumentCache full:https://registry.npmjs.org/@img%2fsharp-linux-riscv64 set size:45681 disposed:false
2747 silly fetch manifest @img/sharp-libvips-linuxmusl-arm64@1.2.4
2748 silly packumentCache full:https://registry.npmjs.org/@img%2fsharp-libvips-linuxmusl-arm64 cache-miss
2749 http fetch GET 200 https://registry.npmjs.org/@img%2fsharp-libvips-linux-arm 866ms (cache revalidated)
2750 silly packumentCache full:https://registry.npmjs.org/@img%2fsharp-libvips-linux-arm set size:90480 disposed:false
2751 silly fetch manifest client-only@0.0.1
2752 silly packumentCache full:https://registry.npmjs.org/client-only cache-miss
2753 http fetch GET 200 https://registry.npmjs.org/@img%2fsharp-libvips-linux-x64 823ms (cache revalidated)
2754 silly packumentCache full:https://registry.npmjs.org/@img%2fsharp-libvips-linux-x64 set size:86327 disposed:false
2755 http fetch GET 200 https://registry.npmjs.org/@img%2fsharp-libvips-darwin-x64 784ms (cache revalidated)
2756 silly packumentCache full:https://registry.npmjs.org/@img%2fsharp-libvips-darwin-x64 set size:83096 disposed:false
2757 http fetch GET 200 https://registry.npmjs.org/@img%2fsharp-libvips-linux-s390x 684ms (cache revalidated)
2758 silly packumentCache full:https://registry.npmjs.org/@img%2fsharp-libvips-linux-s390x set size:81565 disposed:false
2759 http fetch GET 200 https://registry.npmjs.org/@img%2fsharp-libvips-linux-arm64 747ms (cache revalidated)
2760 silly packumentCache full:https://registry.npmjs.org/@img%2fsharp-libvips-linux-arm64 set size:87554 disposed:false
2761 http fetch GET 200 https://registry.npmjs.org/@img%2fsharp-linuxmusl-x64 1056ms (cache revalidated)
2762 silly packumentCache full:https://registry.npmjs.org/@img%2fsharp-linuxmusl-x64 set size:103818 disposed:false
2763 http fetch GET 200 https://registry.npmjs.org/@img%2fsharp-libvips-linux-riscv64 339ms (cache revalidated)
2764 silly packumentCache full:https://registry.npmjs.org/@img%2fsharp-libvips-linux-riscv64 set size:58803 disposed:false
2765 http fetch GET 200 https://registry.npmjs.org/@img%2fsharp-libvips-linuxmusl-x64 201ms (cache revalidated)
2766 silly packumentCache full:https://registry.npmjs.org/@img%2fsharp-libvips-linuxmusl-x64 set size:83650 disposed:false
2767 http fetch GET 200 https://registry.npmjs.org/client-only 193ms (cache revalidated)
2768 silly packumentCache full:https://registry.npmjs.org/client-only set size:2750 disposed:false
2769 http fetch GET 200 https://registry.npmjs.org/@img%2fsharp-libvips-linuxmusl-arm64 215ms (cache revalidated)
2770 silly packumentCache full:https://registry.npmjs.org/@img%2fsharp-libvips-linuxmusl-arm64 set size:86720 disposed:false
2771 http fetch GET 200 https://registry.npmjs.org/@img%2fsharp-libvips-linux-ppc64 876ms (cache revalidated)
2772 silly packumentCache full:https://registry.npmjs.org/@img%2fsharp-libvips-linux-ppc64 set size:72601 disposed:false
2773 http fetch GET 200 https://registry.npmjs.org/@img%2fsharp-libvips-darwin-arm64 582ms (cache revalidated)
2774 silly packumentCache full:https://registry.npmjs.org/@img%2fsharp-libvips-darwin-arm64 set size:83997 disposed:false
2775 silly placeDep ROOT deep-is@0.1.4 OK for: optionator@0.9.4 want: ^0.1.3
2776 silly placeDep ROOT fast-levenshtein@2.0.6 OK for: optionator@0.9.4 want: ^2.0.6
2777 silly placeDep ROOT word-wrap@1.2.5 OK for: optionator@0.9.4 want: ^1.2.5
2778 silly placeDep ROOT p-limit@3.1.0 OK for: p-locate@5.0.0 want: ^3.0.2
2779 silly fetch manifest yocto-queue@^0.1.0
2780 silly packumentCache full:https://registry.npmjs.org/yocto-queue cache-miss
2781 http fetch GET 200 https://registry.npmjs.org/yocto-queue 130ms (cache revalidated)
2782 silly packumentCache full:https://registry.npmjs.org/yocto-queue set size:20256 disposed:false
2783 silly placeDep ROOT yocto-queue@0.1.0 OK for: p-limit@3.1.0 want: ^0.1.0
2784 silly placeDep ROOT callsites@3.1.0 OK for: parent-module@1.0.1 want: ^3.0.0
2785 silly placeDep ROOT entities@6.0.1 OK for: parse5@7.3.0 want: ^6.0.0
2786 silly placeDep ROOT nanoid@3.3.16 OK for: postcss@8.5.25 want: ^3.3.16
2787 silly placeDep ROOT source-map-js@1.2.1 OK for: postcss@8.5.25 want: ^1.2.1
2788 silly placeDep ROOT ansi-regex@5.0.1 OK for: pretty-format@27.5.1 want: ^5.0.1
2789 silly placeDep node_modules/pretty-format ansi-styles@5.2.0 OK for: pretty-format@27.5.1 want: ^5.0.0
2790 silly placeDep ROOT react-is@17.0.2 OK for: pretty-format@27.5.1 want: ^17.0.1
2791 silly placeDep ROOT loose-envify@1.4.0 OK for: prop-types@15.8.1 want: ^1.4.0
2792 silly placeDep ROOT object-assign@4.1.1 OK for: prop-types@15.8.1 want: ^4.1.1
2793 silly placeDep node_modules/prop-types react-is@16.13.1 OK for: prop-types@15.8.1 want: ^16.13.1
2794 silly placeDep ROOT scheduler@0.27.0 OK for: react-dom@19.2.8 want: ^0.27.0
2795 silly placeDep ROOT indent-string@4.0.0 OK for: redent@3.0.0 want: ^4.0.0
2796 silly placeDep ROOT strip-indent@3.0.0 OK for: redent@3.0.0 want: ^3.0.0
2797 silly fetch manifest min-indent@^1.0.0
2798 silly packumentCache full:https://registry.npmjs.org/min-indent cache-miss
2799 http fetch GET 200 https://registry.npmjs.org/min-indent 63ms (cache revalidated)
2800 silly packumentCache full:https://registry.npmjs.org/min-indent set size:6021 disposed:false
2801 silly placeDep ROOT node-exports-info@1.6.2 OK for: resolve@2.0.0-next.7 want: ^1.6.0
2802 silly placeDep ROOT path-parse@1.0.7 OK for: resolve@2.0.0-next.7 want: ^1.0.7
2803 silly placeDep ROOT supports-preserve-symlinks-flag@1.0.0 OK for: resolve@2.0.0-next.7 want: ^1.0.0
2804 silly placeDep ROOT queue-microtask@1.2.3 OK for: run-parallel@1.2.0 want: ^1.2.2
2805 silly placeDep ROOT isarray@2.0.5 OK for: safe-array-concat@1.1.4 want: ^2.0.5
2806 silly placeDep ROOT xmlchars@2.2.0 OK for: saxes@6.0.0 want: ^2.2.0
2807 silly placeDep ROOT @img/colour@1.1.0 OK for: sharp@0.34.5 want: ^1.0.0
2808 silly placeDep ROOT @img/sharp-darwin-arm64@0.34.5 OK for: sharp@0.34.5 want: 0.34.5
2809 silly placeDep ROOT @img/sharp-darwin-x64@0.34.5 OK for: sharp@0.34.5 want: 0.34.5
2810 silly placeDep ROOT @img/sharp-libvips-darwin-arm64@1.2.4 OK for: sharp@0.34.5 want: 1.2.4
2811 silly placeDep ROOT @img/sharp-libvips-darwin-x64@1.2.4 OK for: sharp@0.34.5 want: 1.2.4
2812 silly placeDep ROOT @img/sharp-libvips-linux-arm@1.2.4 OK for: sharp@0.34.5 want: 1.2.4
2813 silly placeDep ROOT @img/sharp-libvips-linux-arm64@1.2.4 OK for: sharp@0.34.5 want: 1.2.4
2814 silly placeDep ROOT @img/sharp-libvips-linux-ppc64@1.2.4 OK for: sharp@0.34.5 want: 1.2.4
2815 silly placeDep ROOT @img/sharp-libvips-linux-riscv64@1.2.4 OK for: sharp@0.34.5 want: 1.2.4
2816 silly placeDep ROOT @img/sharp-libvips-linux-s390x@1.2.4 OK for: sharp@0.34.5 want: 1.2.4
2817 silly placeDep ROOT @img/sharp-libvips-linux-x64@1.2.4 OK for: sharp@0.34.5 want: 1.2.4
2818 silly placeDep ROOT @img/sharp-libvips-linuxmusl-arm64@1.2.4 OK for: sharp@0.34.5 want: 1.2.4
2819 silly placeDep ROOT @img/sharp-libvips-linuxmusl-x64@1.2.4 OK for: sharp@0.34.5 want: 1.2.4
2820 silly placeDep ROOT @img/sharp-linux-arm@0.34.5 OK for: sharp@0.34.5 want: 0.34.5
2821 silly placeDep ROOT @img/sharp-linux-arm64@0.34.5 OK for: sharp@0.34.5 want: 0.34.5
2822 silly placeDep ROOT @img/sharp-linux-ppc64@0.34.5 OK for: sharp@0.34.5 want: 0.34.5
2823 silly placeDep ROOT @img/sharp-linux-riscv64@0.34.5 OK for: sharp@0.34.5 want: 0.34.5
2824 silly placeDep ROOT @img/sharp-linux-s390x@0.34.5 OK for: sharp@0.34.5 want: 0.34.5
2825 silly placeDep ROOT @img/sharp-linux-x64@0.34.5 OK for: sharp@0.34.5 want: 0.34.5
2826 silly placeDep ROOT @img/sharp-linuxmusl-arm64@0.34.5 OK for: sharp@0.34.5 want: 0.34.5
2827 silly placeDep ROOT @img/sharp-linuxmusl-x64@0.34.5 OK for: sharp@0.34.5 want: 0.34.5
2828 silly placeDep ROOT @img/sharp-wasm32@0.34.5 OK for: sharp@0.34.5 want: 0.34.5
2829 silly placeDep ROOT @img/sharp-win32-arm64@0.34.5 OK for: sharp@0.34.5 want: 0.34.5
2830 silly placeDep ROOT @img/sharp-win32-ia32@0.34.5 OK for: sharp@0.34.5 want: 0.34.5
2831 silly placeDep ROOT @img/sharp-win32-x64@0.34.5 OK for: sharp@0.34.5 want: 0.34.5
2832 silly placeDep ROOT detect-libc@2.1.2 OK for: sharp@0.34.5 want: ^2.1.2
2833 silly placeDep node_modules/sharp semver@7.8.5 OK for: sharp@0.34.5 want: ^7.7.3
2834 silly fetch manifest @emnapi/runtime@^1.7.0
2835 silly packumentCache full:https://registry.npmjs.org/@emnapi%2fruntime cache-miss
2836 http fetch GET 200 https://registry.npmjs.org/@emnapi%2fruntime 122ms (cache revalidated)
2837 silly packumentCache full:https://registry.npmjs.org/@emnapi%2fruntime set size:122916 disposed:false
2838 silly placeDep ROOT @emnapi/runtime@1.11.3 OK for: @img/sharp-wasm32@0.34.5 want: ^1.7.0
2839 silly placeDep ROOT shebang-regex@3.0.0 OK for: shebang-command@2.0.0 want: ^3.0.0
2840 silly placeDep ROOT side-channel-list@1.0.1 OK for: side-channel@1.1.1 want: ^1.0.1
2841 silly placeDep ROOT side-channel-map@1.0.1 OK for: side-channel@1.1.1 want: ^1.0.1
2842 silly placeDep ROOT side-channel-weakmap@1.0.2 OK for: side-channel@1.1.1 want: ^1.0.2
2843 silly placeDep ROOT min-indent@1.0.1 OK for: strip-indent@3.0.0 want: ^1.0.0
2844 silly placeDep ROOT client-only@0.0.1 OK for: styled-jsx@5.1.6 want: 0.0.1
2845 silly placeDep ROOT has-flag@4.0.0 OK for: supports-color@7.2.0 want: ^4.0.0
2846 silly fetch manifest postcss@^8.4.47
2847 silly packumentCache full:https://registry.npmjs.org/postcss cache-hit
2848 silly placeDep ROOT @alloc/quick-lru@5.2.0 OK for: tailwindcss@3.4.19 want: ^5.2.0
2849 silly placeDep ROOT arg@5.0.2 OK for: tailwindcss@3.4.19 want: ^5.0.2
2850 silly placeDep ROOT chokidar@3.6.0 OK for: tailwindcss@3.4.19 want: ^3.6.0
2851 silly placeDep ROOT didyoumean@1.2.2 OK for: tailwindcss@3.4.19 want: ^1.2.2
2852 silly placeDep ROOT dlv@1.1.3 OK for: tailwindcss@3.4.19 want: ^1.1.3
2853 silly placeDep node_modules/tailwindcss fast-glob@3.3.3 OK for: tailwindcss@3.4.19 want: ^3.3.2
2854 silly placeDep ROOT jiti@1.21.7 OK for: tailwindcss@3.4.19 want: ^1.21.7
2855 silly placeDep ROOT lilconfig@3.1.3 OK for: tailwindcss@3.4.19 want: ^3.1.3
2856 silly placeDep ROOT normalize-path@3.0.0 OK for: tailwindcss@3.4.19 want: ^3.0.0
2857 silly placeDep ROOT object-hash@3.0.0 OK for: tailwindcss@3.4.19 want: ^3.0.0
2858 silly placeDep ROOT postcss-import@15.1.0 OK for: tailwindcss@3.4.19 want: ^15.1.0
2859 silly placeDep ROOT postcss-js@4.1.0 OK for: tailwindcss@3.4.19 want: ^4.0.1
2860 silly placeDep ROOT postcss-load-config@6.0.1 OK for: tailwindcss@3.4.19 want: ^4.0.2 || ^5.0 || ^6.0
2861 silly placeDep ROOT postcss-nested@6.2.0 OK for: tailwindcss@3.4.19 want: ^6.2.0
2862 silly placeDep ROOT postcss-selector-parser@6.1.4 OK for: tailwindcss@3.4.19 want: ^6.1.2
2863 silly placeDep node_modules/tailwindcss resolve@1.22.12 OK for: tailwindcss@3.4.19 want: ^1.22.8
2864 silly placeDep ROOT sucrase@3.35.1 OK for: tailwindcss@3.4.19 want: ^3.35.0
2865 silly fetch manifest anymatch@~3.1.2
2866 silly packumentCache full:https://registry.npmjs.org/anymatch cache-miss
2867 silly fetch manifest readdirp@~3.6.0
2868 silly packumentCache full:https://registry.npmjs.org/readdirp cache-miss
2869 silly fetch manifest glob-parent@~5.1.2
2870 silly packumentCache full:https://registry.npmjs.org/glob-parent cache-hit
2871 silly fetch manifest is-binary-path@~2.1.0
2872 silly packumentCache full:https://registry.npmjs.org/is-binary-path cache-miss
2873 silly fetch manifest normalize-path@~3.0.0
2874 silly packumentCache full:https://registry.npmjs.org/normalize-path cache-hit
2875 silly fetch manifest fsevents@~2.3.2
2876 silly packumentCache full:https://registry.npmjs.org/fsevents cache-hit
2877 silly fetch manifest resolve@^1.1.7
2878 silly packumentCache full:https://registry.npmjs.org/resolve cache-hit
2879 silly fetch manifest read-cache@^1.0.0
2880 silly packumentCache full:https://registry.npmjs.org/read-cache cache-miss
2881 silly fetch manifest camelcase-css@^2.0.1
2882 silly packumentCache full:https://registry.npmjs.org/camelcase-css cache-miss
2883 silly fetch manifest postcss-selector-parser@^6.1.1
2884 silly packumentCache full:https://registry.npmjs.org/postcss-selector-parser cache-hit
2885 silly fetch manifest cssesc@^3.0.0
2886 silly packumentCache full:https://registry.npmjs.org/cssesc cache-miss
2887 silly fetch manifest util-deprecate@^1.0.2
2888 silly packumentCache full:https://registry.npmjs.org/util-deprecate cache-miss
2889 silly fetch manifest commander@^4.0.0
2890 silly packumentCache full:https://registry.npmjs.org/commander cache-miss
2891 silly fetch manifest lines-and-columns@^1.1.6
2892 silly packumentCache full:https://registry.npmjs.org/lines-and-columns cache-miss
2893 silly fetch manifest mz@^2.7.0
2894 silly packumentCache full:https://registry.npmjs.org/mz cache-miss
2895 silly fetch manifest pirates@^4.0.1
2896 silly packumentCache full:https://registry.npmjs.org/pirates cache-miss
2897 http fetch GET 200 https://registry.npmjs.org/commander 625ms (cache revalidated)
2898 silly packumentCache full:https://registry.npmjs.org/commander set size:353115 disposed:false
2899 silly fetch manifest ts-interface-checker@^0.1.9
2900 silly packumentCache full:https://registry.npmjs.org/ts-interface-checker cache-miss
2901 http fetch GET 200 https://registry.npmjs.org/is-binary-path 711ms (cache revalidated)
2902 silly packumentCache full:https://registry.npmjs.org/is-binary-path set size:13475 disposed:false
2903 http fetch GET 200 https://registry.npmjs.org/anymatch 744ms (cache revalidated)
2904 silly packumentCache full:https://registry.npmjs.org/anymatch set size:42974 disposed:false
2905 http fetch GET 200 https://registry.npmjs.org/mz 681ms (cache revalidated)
2906 silly packumentCache full:https://registry.npmjs.org/mz set size:42731 disposed:false
2907 http fetch GET 200 https://registry.npmjs.org/read-cache 717ms (cache revalidated)
2908 silly packumentCache full:https://registry.npmjs.org/read-cache set size:3003 disposed:false
2909 http fetch GET 200 https://registry.npmjs.org/readdirp 759ms (cache revalidated)
2910 silly packumentCache full:https://registry.npmjs.org/readdirp set size:107589 disposed:false
2911 http fetch GET 200 https://registry.npmjs.org/pirates 752ms (cache revalidated)
2912 silly packumentCache full:https://registry.npmjs.org/pirates set size:51327 disposed:false
2913 http fetch GET 200 https://registry.npmjs.org/util-deprecate 801ms (cache revalidated)
2914 silly packumentCache full:https://registry.npmjs.org/util-deprecate set size:6674 disposed:false
2915 http fetch GET 200 https://registry.npmjs.org/camelcase-css 834ms (cache revalidated)
2916 silly packumentCache full:https://registry.npmjs.org/camelcase-css set size:9392 disposed:false
2917 http fetch GET 200 https://registry.npmjs.org/cssesc 845ms (cache revalidated)
2918 silly packumentCache full:https://registry.npmjs.org/cssesc set size:18815 disposed:false
2919 http fetch GET 200 https://registry.npmjs.org/lines-and-columns 846ms (cache revalidated)
2920 silly packumentCache full:https://registry.npmjs.org/lines-and-columns set size:73796 disposed:false
2921 http fetch GET 200 https://registry.npmjs.org/ts-interface-checker 641ms (cache revalidated)
2922 silly packumentCache full:https://registry.npmjs.org/ts-interface-checker set size:58946 disposed:false
2923 silly placeDep ROOT anymatch@3.1.3 OK for: chokidar@3.6.0 want: ~3.1.2
2924 silly placeDep ROOT fsevents@2.3.3 OK for: chokidar@3.6.0 want: ~2.3.2
2925 silly placeDep node_modules/chokidar glob-parent@5.1.2 OK for: chokidar@3.6.0 want: ~5.1.2
2926 silly placeDep ROOT is-binary-path@2.1.0 OK for: chokidar@3.6.0 want: ~2.1.0
2927 silly placeDep ROOT readdirp@3.6.0 OK for: chokidar@3.6.0 want: ~3.6.0
2928 silly fetch manifest binary-extensions@^2.0.0
2929 silly packumentCache full:https://registry.npmjs.org/binary-extensions cache-miss
2930 http fetch GET 200 https://registry.npmjs.org/binary-extensions 102ms (cache revalidated)
2931 silly packumentCache full:https://registry.npmjs.org/binary-extensions set size:51551 disposed:false
2932 silly placeDep ROOT binary-extensions@2.3.0 OK for: is-binary-path@2.1.0 want: ^2.0.0
2933 silly placeDep ROOT read-cache@1.0.0 OK for: postcss-import@15.1.0 want: ^1.0.0
2934 silly placeDep node_modules/postcss-import resolve@1.22.12 OK for: postcss-import@15.1.0 want: ^1.1.7
2935 silly fetch manifest pify@^2.3.0
2936 silly packumentCache full:https://registry.npmjs.org/pify cache-miss
2937 http fetch GET 200 https://registry.npmjs.org/pify 90ms (cache revalidated)
2938 silly packumentCache full:https://registry.npmjs.org/pify set size:33583 disposed:false
2939 silly placeDep ROOT camelcase-css@2.0.1 OK for: postcss-js@4.1.0 want: ^2.0.1
2940 silly placeDep ROOT cssesc@3.0.0 OK for: postcss-selector-parser@6.1.4 want: ^3.0.0
2941 silly placeDep ROOT util-deprecate@1.0.2 OK for: postcss-selector-parser@6.1.4 want: ^1.0.2
2942 silly placeDep ROOT pify@2.3.0 OK for: read-cache@1.0.0 want: ^2.3.0
2943 silly placeDep ROOT commander@4.1.1 OK for: sucrase@3.35.1 want: ^4.0.0
2944 silly placeDep ROOT lines-and-columns@1.2.4 OK for: sucrase@3.35.1 want: ^1.1.6
2945 silly placeDep ROOT mz@2.7.0 OK for: sucrase@3.35.1 want: ^2.7.0
2946 silly placeDep ROOT pirates@4.0.7 OK for: sucrase@3.35.1 want: ^4.0.1
2947 silly placeDep ROOT ts-interface-checker@0.1.13 OK for: sucrase@3.35.1 want: ^0.1.9
2948 silly fetch manifest any-promise@^1.0.0
2949 silly packumentCache full:https://registry.npmjs.org/any-promise cache-miss
2950 silly fetch manifest thenify-all@^1.0.0
2951 silly packumentCache full:https://registry.npmjs.org/thenify-all cache-miss
2952 http fetch GET 200 https://registry.npmjs.org/any-promise 486ms (cache revalidated)
2953 silly packumentCache full:https://registry.npmjs.org/any-promise set size:20233 disposed:false
2954 http fetch GET 200 https://registry.npmjs.org/thenify-all 733ms (cache revalidated)
2955 silly packumentCache full:https://registry.npmjs.org/thenify-all set size:18488 disposed:false
2956 silly placeDep ROOT any-promise@1.3.0 OK for: mz@2.7.0 want: ^1.0.0
2957 silly placeDep ROOT thenify-all@1.6.0 OK for: mz@2.7.0 want: ^1.0.0
2958 silly fetch manifest thenify@>= 3.1.0 < 4
2959 silly packumentCache full:https://registry.npmjs.org/thenify cache-miss
2960 http fetch GET 200 https://registry.npmjs.org/thenify 176ms (cache revalidated)
2961 silly packumentCache full:https://registry.npmjs.org/thenify set size:21379 disposed:false
2962 silly placeDep ROOT thenify@3.3.1 OK for: thenify-all@1.6.0 want: >= 3.1.0 < 4
2963 silly placeDep node_modules/tinyglobby fdir@6.5.0 OK for: tinyglobby@0.2.17 want: ^6.5.0
2964 silly placeDep node_modules/tinyglobby picomatch@4.0.5 OK for: fdir@6.5.0 want: ^3 || ^4
2965 silly placeDep ROOT is-number@7.0.0 OK for: to-regex-range@5.0.1 want: ^7.0.0
2966 silly placeDep ROOT tldts@6.1.86 OK for: tough-cookie@5.1.2 want: ^6.1.32
2967 silly fetch manifest tldts-core@^6.1.86
2968 silly packumentCache full:https://registry.npmjs.org/tldts-core cache-miss
2969 http fetch GET 200 https://registry.npmjs.org/tldts-core 210ms (cache revalidated)
2970 silly packumentCache full:https://registry.npmjs.org/tldts-core set size:3105059 disposed:false
2971 silly placeDep ROOT tldts-core@6.1.86 OK for: tldts@6.1.86 want: ^6.1.86
2972 silly placeDep ROOT @types/json5@0.0.29 OK for: tsconfig-paths@3.15.0 want: ^0.0.29
2973 silly placeDep node_modules/tsconfig-paths json5@1.0.2 OK for: tsconfig-paths@3.15.0 want: ^1.0.2
2974 silly placeDep ROOT minimist@1.2.8 OK for: tsconfig-paths@3.15.0 want: ^1.2.6
2975 silly placeDep ROOT strip-bom@3.0.0 OK for: tsconfig-paths@3.15.0 want: ^3.0.0
2976 silly fetch manifest minimist@^1.2.0
2977 silly packumentCache full:https://registry.npmjs.org/minimist cache-hit
2978 silly placeDep ROOT for-each@0.3.5 OK for: typed-array-byte-length@1.0.3 want: ^0.3.3
2979 silly placeDep ROOT reflect.getprototypeof@1.0.10 OK for: typed-array-byte-offset@1.0.4 want: ^1.0.9
2980 silly fetch manifest which-builtin-type@^1.2.1
2981 silly packumentCache full:https://registry.npmjs.org/which-builtin-type cache-miss
2982 http fetch GET 200 https://registry.npmjs.org/which-builtin-type 258ms (cache revalidated)
2983 silly packumentCache full:https://registry.npmjs.org/which-builtin-type set size:39107 disposed:false
2984 silly placeDep ROOT which-builtin-type@1.2.1 OK for: reflect.getprototypeof@1.0.10 want: ^1.2.1
2985 silly fetch manifest is-async-function@^2.0.0
2986 silly packumentCache full:https://registry.npmjs.org/is-async-function cache-miss
2987 silly fetch manifest is-finalizationregistry@^1.1.0
2988 silly packumentCache full:https://registry.npmjs.org/is-finalizationregistry cache-miss
2989 silly fetch manifest is-generator-function@^1.0.10
2990 silly packumentCache full:https://registry.npmjs.org/is-generator-function cache-miss
2991 silly fetch manifest which-boxed-primitive@^1.1.0
2992 silly packumentCache full:https://registry.npmjs.org/which-boxed-primitive cache-hit
2993 silly fetch manifest which-collection@^1.0.2
2994 silly packumentCache full:https://registry.npmjs.org/which-collection cache-miss
2995 http fetch GET 200 https://registry.npmjs.org/which-collection 157ms (cache revalidated)
2996 silly packumentCache full:https://registry.npmjs.org/which-collection set size:13607 disposed:false
2997 http fetch GET 200 https://registry.npmjs.org/is-finalizationregistry 174ms (cache revalidated)
2998 silly packumentCache full:https://registry.npmjs.org/is-finalizationregistry set size:19800 disposed:false
2999 http fetch GET 200 https://registry.npmjs.org/is-async-function 184ms (cache revalidated)
3000 silly packumentCache full:https://registry.npmjs.org/is-async-function set size:51614 disposed:false
3001 http fetch GET 200 https://registry.npmjs.org/is-generator-function 647ms (cache revalidated)
3002 silly packumentCache full:https://registry.npmjs.org/is-generator-function set size:44643 disposed:false
3003 silly placeDep ROOT has-bigints@1.1.0 OK for: unbox-primitive@1.1.0 want: ^1.0.2
3004 silly placeDep ROOT which-boxed-primitive@1.1.1 OK for: unbox-primitive@1.1.0 want: ^1.1.1
3005 silly fetch manifest is-bigint@^1.1.0
3006 silly packumentCache full:https://registry.npmjs.org/is-bigint cache-miss
3007 silly fetch manifest is-boolean-object@^1.2.1
3008 silly packumentCache full:https://registry.npmjs.org/is-boolean-object cache-miss
3009 silly fetch manifest is-number-object@^1.1.1
3010 silly packumentCache full:https://registry.npmjs.org/is-number-object cache-miss
3011 http fetch GET 200 https://registry.npmjs.org/is-number-object 305ms (cache revalidated)
3012 silly packumentCache full:https://registry.npmjs.org/is-number-object set size:31189 disposed:false
3013 http fetch GET 200 https://registry.npmjs.org/is-boolean-object 338ms (cache revalidated)
3014 silly packumentCache full:https://registry.npmjs.org/is-boolean-object set size:31341 disposed:false
3015 http fetch GET 200 https://registry.npmjs.org/is-bigint 493ms (cache revalidated)
3016 silly packumentCache full:https://registry.npmjs.org/is-bigint set size:20283 disposed:false
3017 silly placeDep ROOT @unrs/resolver-binding-android-arm-eabi@1.12.2 OK for: unrs-resolver@1.12.2 want: 1.12.2
3018 silly placeDep ROOT @unrs/resolver-binding-android-arm64@1.12.2 OK for: unrs-resolver@1.12.2 want: 1.12.2
3019 silly placeDep ROOT @unrs/resolver-binding-darwin-arm64@1.12.2 OK for: unrs-resolver@1.12.2 want: 1.12.2
3020 silly placeDep ROOT @unrs/resolver-binding-darwin-x64@1.12.2 OK for: unrs-resolver@1.12.2 want: 1.12.2
3021 silly placeDep ROOT @unrs/resolver-binding-freebsd-x64@1.12.2 OK for: unrs-resolver@1.12.2 want: 1.12.2
3022 silly placeDep ROOT @unrs/resolver-binding-linux-arm-gnueabihf@1.12.2 OK for: unrs-resolver@1.12.2 want: 1.12.2
3023 silly placeDep ROOT @unrs/resolver-binding-linux-arm-musleabihf@1.12.2 OK for: unrs-resolver@1.12.2 want: 1.12.2
3024 silly placeDep ROOT @unrs/resolver-binding-linux-arm64-gnu@1.12.2 OK for: unrs-resolver@1.12.2 want: 1.12.2
3025 silly placeDep ROOT @unrs/resolver-binding-linux-arm64-musl@1.12.2 OK for: unrs-resolver@1.12.2 want: 1.12.2
3026 silly placeDep ROOT @unrs/resolver-binding-linux-loong64-gnu@1.12.2 OK for: unrs-resolver@1.12.2 want: 1.12.2
3027 silly placeDep ROOT @unrs/resolver-binding-linux-loong64-musl@1.12.2 OK for: unrs-resolver@1.12.2 want: 1.12.2
3028 silly placeDep ROOT @unrs/resolver-binding-linux-ppc64-gnu@1.12.2 OK for: unrs-resolver@1.12.2 want: 1.12.2
3029 silly placeDep ROOT @unrs/resolver-binding-linux-riscv64-gnu@1.12.2 OK for: unrs-resolver@1.12.2 want: 1.12.2
3030 silly placeDep ROOT @unrs/resolver-binding-linux-riscv64-musl@1.12.2 OK for: unrs-resolver@1.12.2 want: 1.12.2
3031 silly placeDep ROOT @unrs/resolver-binding-linux-s390x-gnu@1.12.2 OK for: unrs-resolver@1.12.2 want: 1.12.2
3032 silly placeDep ROOT @unrs/resolver-binding-linux-x64-gnu@1.12.2 OK for: unrs-resolver@1.12.2 want: 1.12.2
3033 silly placeDep ROOT @unrs/resolver-binding-linux-x64-musl@1.12.2 OK for: unrs-resolver@1.12.2 want: 1.12.2
3034 silly placeDep ROOT @unrs/resolver-binding-openharmony-arm64@1.12.2 OK for: unrs-resolver@1.12.2 want: 1.12.2
3035 silly placeDep ROOT @unrs/resolver-binding-wasm32-wasi@1.12.2 OK for: unrs-resolver@1.12.2 want: 1.12.2
3036 silly placeDep ROOT @unrs/resolver-binding-win32-arm64-msvc@1.12.2 OK for: unrs-resolver@1.12.2 want: 1.12.2
3037 silly placeDep ROOT @unrs/resolver-binding-win32-ia32-msvc@1.12.2 OK for: unrs-resolver@1.12.2 want: 1.12.2
3038 silly placeDep ROOT @unrs/resolver-binding-win32-x64-msvc@1.12.2 OK for: unrs-resolver@1.12.2 want: 1.12.2
3039 silly placeDep ROOT napi-postinstall@0.3.4 OK for: unrs-resolver@1.12.2 want: ^0.3.4
3040 silly fetch manifest @napi-rs/wasm-runtime@^1.1.4
3041 silly packumentCache full:https://registry.npmjs.org/@napi-rs%2fwasm-runtime cache-miss
3042 silly fetch manifest @emnapi/core@1.10.0
3043 silly packumentCache full:https://registry.npmjs.org/@emnapi%2fcore cache-miss
3044 silly fetch manifest @emnapi/runtime@1.10.0
3045 silly packumentCache full:https://registry.npmjs.org/@emnapi%2fruntime cache-hit
3046 http fetch GET 200 https://registry.npmjs.org/@napi-rs%2fwasm-runtime 204ms (cache revalidated)
3047 silly packumentCache full:https://registry.npmjs.org/@napi-rs%2fwasm-runtime set size:82241 disposed:false
3048 http fetch GET 200 https://registry.npmjs.org/@emnapi%2fcore 211ms (cache revalidated)
3049 silly packumentCache full:https://registry.npmjs.org/@emnapi%2fcore set size:121716 disposed:false
3050 silly placeDep ROOT @emnapi/core@1.10.0 OK for: @unrs/resolver-binding-wasm32-wasi@1.12.2 want: 1.10.0
3051 silly placeDep node_modules/@unrs/resolver-binding-wasm32-wasi @emnapi/runtime@1.10.0 OK for: @unrs/resolver-binding-wasm32-wasi@1.12.2 want: 1.10.0
3052 silly placeDep ROOT @napi-rs/wasm-runtime@1.2.1 OK for: @unrs/resolver-binding-wasm32-wasi@1.12.2 want: ^1.1.4
3053 silly fetch manifest @emnapi/wasi-threads@1.2.1
3054 silly packumentCache full:https://registry.npmjs.org/@emnapi%2fwasi-threads cache-miss
3055 silly fetch manifest @tybys/wasm-util@^0.10.3
3056 silly packumentCache full:https://registry.npmjs.org/@tybys%2fwasm-util cache-miss
3057 http fetch GET 200 https://registry.npmjs.org/@tybys%2fwasm-util 150ms (cache revalidated)
3058 silly packumentCache full:https://registry.npmjs.org/@tybys%2fwasm-util set size:60108 disposed:false
3059 http fetch GET 200 https://registry.npmjs.org/@emnapi%2fwasi-threads 349ms (cache revalidated)
3060 silly packumentCache full:https://registry.npmjs.org/@emnapi%2fwasi-threads set size:27058 disposed:false
3061 silly placeDep ROOT @emnapi/wasi-threads@1.2.1 OK for: @emnapi/core@1.10.0 want: 1.2.1
3062 silly placeDep ROOT @tybys/wasm-util@0.10.3 OK for: @napi-rs/wasm-runtime@1.2.1 want: ^0.10.3
3063 silly placeDep ROOT escalade@3.2.0 OK for: update-browserslist-db@1.2.3 want: ^3.2.0
3064 silly placeDep ROOT punycode@2.3.1 OK for: uri-js@4.4.1 want: ^2.1.0
3065 silly placeDep ROOT esbuild@0.25.12 OK for: vite@6.4.3 want: ^0.25.0
3066 silly placeDep node_modules/vite fdir@6.5.0 OK for: vite@6.4.3 want: ^6.4.4
3067 silly placeDep node_modules/vite picomatch@4.0.5 OK for: fdir@6.5.0 want: ^3 || ^4
3068 silly placeDep ROOT rollup@4.62.3 OK for: vite@6.4.3 want: ^4.34.9
3069 silly fetch manifest @esbuild/aix-ppc64@0.25.12
3070 silly packumentCache full:https://registry.npmjs.org/@esbuild%2faix-ppc64 cache-miss
3071 silly fetch manifest @esbuild/linux-arm@0.25.12
3072 silly packumentCache full:https://registry.npmjs.org/@esbuild%2flinux-arm cache-miss
3073 silly fetch manifest @esbuild/linux-x64@0.25.12
3074 silly packumentCache full:https://registry.npmjs.org/@esbuild%2flinux-x64 cache-miss
3075 silly fetch manifest @esbuild/sunos-x64@0.25.12
3076 silly packumentCache full:https://registry.npmjs.org/@esbuild%2fsunos-x64 cache-miss
3077 silly fetch manifest @esbuild/win32-x64@0.25.12
3078 silly packumentCache full:https://registry.npmjs.org/@esbuild%2fwin32-x64 cache-miss
3079 silly fetch manifest @esbuild/darwin-x64@0.25.12
3080 silly packumentCache full:https://registry.npmjs.org/@esbuild%2fdarwin-x64 cache-miss
3081 silly fetch manifest @esbuild/linux-ia32@0.25.12
3082 silly packumentCache full:https://registry.npmjs.org/@esbuild%2flinux-ia32 cache-miss
3083 silly fetch manifest @esbuild/netbsd-x64@0.25.12
3084 silly packumentCache full:https://registry.npmjs.org/@esbuild%2fnetbsd-x64 cache-miss
3085 silly fetch manifest @esbuild/win32-ia32@0.25.12
3086 silly packumentCache full:https://registry.npmjs.org/@esbuild%2fwin32-ia32 cache-miss
3087 silly fetch manifest @esbuild/android-arm@0.25.12
3088 silly packumentCache full:https://registry.npmjs.org/@esbuild%2fandroid-arm cache-miss
3089 silly fetch manifest @esbuild/android-x64@0.25.12
3090 silly packumentCache full:https://registry.npmjs.org/@esbuild%2fandroid-x64 cache-miss
3091 http fetch GET 200 https://registry.npmjs.org/@esbuild%2fsunos-x64 510ms (cache revalidated)
3092 silly packumentCache full:https://registry.npmjs.org/@esbuild%2fsunos-x64 set size:197370 disposed:false
3093 silly fetch manifest @esbuild/freebsd-x64@0.25.12
3094 silly packumentCache full:https://registry.npmjs.org/@esbuild%2ffreebsd-x64 cache-miss
3095 http fetch GET 200 https://registry.npmjs.org/@esbuild%2fdarwin-x64 538ms (cache revalidated)
3096 silly packumentCache full:https://registry.npmjs.org/@esbuild%2fdarwin-x64 set size:197848 disposed:false
3097 silly fetch manifest @esbuild/linux-arm64@0.25.12
3098 silly packumentCache full:https://registry.npmjs.org/@esbuild%2flinux-arm64 cache-miss
3099 http fetch GET 200 https://registry.npmjs.org/@esbuild%2flinux-x64 585ms (cache revalidated)
3100 silly packumentCache full:https://registry.npmjs.org/@esbuild%2flinux-x64 set size:197126 disposed:false
3101 silly fetch manifest @esbuild/linux-ppc64@0.25.12
3102 silly packumentCache full:https://registry.npmjs.org/@esbuild%2flinux-ppc64 cache-miss
3103 http fetch GET 200 https://registry.npmjs.org/@esbuild%2flinux-arm 614ms (cache revalidated)
3104 silly packumentCache full:https://registry.npmjs.org/@esbuild%2flinux-arm set size:196784 disposed:false
3105 silly fetch manifest @esbuild/linux-s390x@0.25.12
3106 silly packumentCache full:https://registry.npmjs.org/@esbuild%2flinux-s390x cache-miss
3107 http fetch GET 200 https://registry.npmjs.org/@esbuild%2flinux-ia32 623ms (cache revalidated)
3108 silly packumentCache full:https://registry.npmjs.org/@esbuild%2flinux-ia32 set size:197805 disposed:false
3109 silly fetch manifest @esbuild/openbsd-x64@0.25.12
3110 silly packumentCache full:https://registry.npmjs.org/@esbuild%2fopenbsd-x64 cache-miss
3111 http fetch GET 200 https://registry.npmjs.org/@esbuild%2fwin32-ia32 645ms (cache revalidated)
3112 silly packumentCache full:https://registry.npmjs.org/@esbuild%2fwin32-ia32 set size:198030 disposed:false
3113 silly fetch manifest @esbuild/win32-arm64@0.25.12
3114 silly packumentCache full:https://registry.npmjs.org/@esbuild%2fwin32-arm64 cache-miss
3115 http fetch GET 200 https://registry.npmjs.org/@esbuild%2fnetbsd-x64 676ms (cache revalidated)
3116 silly packumentCache full:https://registry.npmjs.org/@esbuild%2fnetbsd-x64 set size:195514 disposed:false
3117 silly fetch manifest @esbuild/darwin-arm64@0.25.12
3118 silly packumentCache full:https://registry.npmjs.org/@esbuild%2fdarwin-arm64 cache-miss
3119 http fetch GET 200 https://registry.npmjs.org/@esbuild%2fwin32-x64 715ms (cache revalidated)
3120 silly packumentCache full:https://registry.npmjs.org/@esbuild%2fwin32-x64 set size:195722 disposed:false
3121 silly fetch manifest @esbuild/netbsd-arm64@0.25.12
3122 silly packumentCache full:https://registry.npmjs.org/@esbuild%2fnetbsd-arm64 cache-miss
3123 http fetch GET 200 https://registry.npmjs.org/@esbuild%2fandroid-x64 747ms (cache revalidated)
3124 silly packumentCache full:https://registry.npmjs.org/@esbuild%2fandroid-x64 set size:197200 disposed:false
3125 silly fetch manifest @esbuild/android-arm64@0.25.12
3126 silly packumentCache full:https://registry.npmjs.org/@esbuild%2fandroid-arm64 cache-miss
3127 http fetch GET 200 https://registry.npmjs.org/@esbuild%2fandroid-arm 821ms (cache revalidated)
3128 silly packumentCache full:https://registry.npmjs.org/@esbuild%2fandroid-arm set size:223400 disposed:false
3129 silly fetch manifest @esbuild/freebsd-arm64@0.25.12
3130 silly packumentCache full:https://registry.npmjs.org/@esbuild%2ffreebsd-arm64 cache-miss
3131 http fetch GET 200 https://registry.npmjs.org/@esbuild%2faix-ppc64 1043ms (cache revalidated)
3132 silly packumentCache full:https://registry.npmjs.org/@esbuild%2faix-ppc64 set size:65972 disposed:false
3133 silly fetch manifest @esbuild/linux-loong64@0.25.12
3134 silly packumentCache full:https://registry.npmjs.org/@esbuild%2flinux-loong64 cache-miss
3135 http fetch GET 200 https://registry.npmjs.org/@esbuild%2flinux-arm64 723ms (cache revalidated)
3136 silly packumentCache full:https://registry.npmjs.org/@esbuild%2flinux-arm64 set size:198939 disposed:false
3137 silly fetch manifest @esbuild/linux-riscv64@0.25.12
3138 silly packumentCache full:https://registry.npmjs.org/@esbuild%2flinux-riscv64 cache-miss
3139 http fetch GET 200 https://registry.npmjs.org/@esbuild%2flinux-ppc64 761ms (cache revalidated)
3140 silly packumentCache full:https://registry.npmjs.org/@esbuild%2flinux-ppc64 set size:200994 disposed:false
3141 silly fetch manifest @esbuild/openbsd-arm64@0.25.12
3142 silly packumentCache full:https://registry.npmjs.org/@esbuild%2fopenbsd-arm64 cache-miss
3143 http fetch GET 200 https://registry.npmjs.org/@esbuild%2flinux-s390x 771ms (cache revalidated)
3144 silly packumentCache full:https://registry.npmjs.org/@esbuild%2flinux-s390x set size:200463 disposed:false
3145 silly fetch manifest @esbuild/linux-mips64el@0.25.12
3146 silly packumentCache full:https://registry.npmjs.org/@esbuild%2flinux-mips64el cache-miss
3147 http fetch GET 200 https://registry.npmjs.org/@esbuild%2fopenbsd-x64 792ms (cache revalidated)
3148 silly packumentCache full:https://registry.npmjs.org/@esbuild%2fopenbsd-x64 set size:198745 disposed:false
3149 silly fetch manifest @esbuild/openharmony-arm64@0.25.12
3150 silly packumentCache full:https://registry.npmjs.org/@esbuild%2fopenharmony-arm64 cache-miss
3151 http fetch GET 200 https://registry.npmjs.org/@esbuild%2fwin32-arm64 805ms (cache revalidated)
3152 silly packumentCache full:https://registry.npmjs.org/@esbuild%2fwin32-arm64 set size:199171 disposed:false
3153 silly fetch manifest @rollup/rollup-darwin-x64@4.62.3
3154 silly packumentCache full:https://registry.npmjs.org/@rollup%2frollup-darwin-x64 cache-miss
3155 http fetch GET 200 https://registry.npmjs.org/@esbuild%2fdarwin-arm64 794ms (cache revalidated)
3156 silly packumentCache full:https://registry.npmjs.org/@esbuild%2fdarwin-arm64 set size:199630 disposed:false
3157 silly fetch manifest @rollup/rollup-freebsd-x64@4.62.3
3158 silly packumentCache full:https://registry.npmjs.org/@rollup%2frollup-freebsd-x64 cache-miss
3159 http fetch GET 200 https://registry.npmjs.org/@esbuild%2fnetbsd-arm64 801ms (cache revalidated)
3160 silly packumentCache full:https://registry.npmjs.org/@esbuild%2fnetbsd-arm64 set size:42467 disposed:false
3161 silly fetch manifest @rollup/rollup-openbsd-x64@4.62.3
3162 silly packumentCache full:https://registry.npmjs.org/@rollup%2frollup-openbsd-x64 cache-miss
3163 http fetch GET 200 https://registry.npmjs.org/@esbuild%2fandroid-arm64 835ms (cache revalidated)
3164 silly packumentCache full:https://registry.npmjs.org/@esbuild%2fandroid-arm64 set size:202366 disposed:false
3165 silly fetch manifest @rollup/rollup-darwin-arm64@4.62.3
3166 silly packumentCache full:https://registry.npmjs.org/@rollup%2frollup-darwin-arm64 cache-miss
3167 http fetch GET 200 https://registry.npmjs.org/@esbuild%2ffreebsd-x64 1119ms (cache revalidated)
3168 silly packumentCache full:https://registry.npmjs.org/@esbuild%2ffreebsd-x64 set size:198734 disposed:false
3169 silly fetch manifest @rollup/rollup-android-arm64@4.62.3
3170 silly packumentCache full:https://registry.npmjs.org/@rollup%2frollup-android-arm64 cache-miss
3171 http fetch GET 200 https://registry.npmjs.org/@esbuild%2ffreebsd-arm64 874ms (cache revalidated)
3172 silly packumentCache full:https://registry.npmjs.org/@esbuild%2ffreebsd-arm64 set size:200534 disposed:false
3173 silly fetch manifest @rollup/rollup-freebsd-arm64@4.62.3
3174 silly packumentCache full:https://registry.npmjs.org/@rollup%2frollup-freebsd-arm64 cache-miss
3175 http fetch GET 200 https://registry.npmjs.org/@esbuild%2fopenbsd-arm64 523ms (cache revalidated)
3176 silly packumentCache full:https://registry.npmjs.org/@esbuild%2fopenbsd-arm64 set size:47792 disposed:false
3177 silly fetch manifest @rollup/rollup-linux-x64-gnu@4.62.3
3178 silly packumentCache full:https://registry.npmjs.org/@rollup%2frollup-linux-x64-gnu cache-miss
3179 http fetch GET 200 https://registry.npmjs.org/@esbuild%2flinux-riscv64 617ms (cache revalidated)
3180 silly packumentCache full:https://registry.npmjs.org/@esbuild%2flinux-riscv64 set size:200662 disposed:false
3181 silly fetch manifest @rollup/rollup-win32-x64-gnu@4.62.3
3182 silly packumentCache full:https://registry.npmjs.org/@rollup%2frollup-win32-x64-gnu cache-miss
3183 http fetch GET 200 https://registry.npmjs.org/@rollup%2frollup-darwin-x64 497ms (cache revalidated)
3184 silly packumentCache full:https://registry.npmjs.org/@rollup%2frollup-darwin-x64 set size:344144 disposed:false
3185 silly fetch manifest @rollup/rollup-linux-x64-musl@4.62.3
3186 silly packumentCache full:https://registry.npmjs.org/@rollup%2frollup-linux-x64-musl cache-miss
3187 http fetch GET 200 https://registry.npmjs.org/@esbuild%2flinux-mips64el 629ms (cache revalidated)
3188 silly packumentCache full:https://registry.npmjs.org/@esbuild%2flinux-mips64el set size:202764 disposed:false
3189 silly fetch manifest @rollup/rollup-win32-x64-msvc@4.62.3
3190 silly packumentCache full:https://registry.npmjs.org/@rollup%2frollup-win32-x64-msvc cache-miss
3191 http fetch GET 200 https://registry.npmjs.org/@esbuild%2fopenharmony-arm64 691ms (cache revalidated)
3192 silly packumentCache full:https://registry.npmjs.org/@esbuild%2fopenharmony-arm64 set size:31189 disposed:false
3193 silly fetch manifest @rollup/rollup-linux-arm64-gnu@4.62.3
3194 silly packumentCache full:https://registry.npmjs.org/@rollup%2frollup-linux-arm64-gnu cache-miss
3195 http fetch GET 200 https://registry.npmjs.org/@rollup%2frollup-darwin-arm64 559ms (cache revalidated)
3196 silly packumentCache full:https://registry.npmjs.org/@rollup%2frollup-darwin-arm64 set size:349039 disposed:false
3197 silly fetch manifest @rollup/rollup-linux-ppc64-gnu@4.62.3
3198 silly packumentCache full:https://registry.npmjs.org/@rollup%2frollup-linux-ppc64-gnu cache-miss
3199 http fetch GET 200 https://registry.npmjs.org/@esbuild%2flinux-loong64 1304ms (cache revalidated)
3200 silly packumentCache full:https://registry.npmjs.org/@esbuild%2flinux-loong64 set size:253896 disposed:false
3201 silly fetch manifest @rollup/rollup-linux-s390x-gnu@4.62.3
3202 silly packumentCache full:https://registry.npmjs.org/@rollup%2frollup-linux-s390x-gnu cache-miss
3203 http fetch GET 200 https://registry.npmjs.org/@rollup%2frollup-freebsd-arm64 650ms (cache revalidated)
3204 silly packumentCache full:https://registry.npmjs.org/@rollup%2frollup-freebsd-arm64 set size:198792 disposed:false
3205 silly fetch manifest @rollup/rollup-win32-ia32-msvc@4.62.3
3206 silly packumentCache full:https://registry.npmjs.org/@rollup%2frollup-win32-ia32-msvc cache-miss
3207 http fetch GET 200 https://registry.npmjs.org/@rollup%2frollup-openbsd-x64 844ms (cache revalidated)
3208 silly packumentCache full:https://registry.npmjs.org/@rollup%2frollup-openbsd-x64 set size:41533 disposed:false
3209 silly fetch manifest @rollup/rollup-android-arm-eabi@4.62.3
3210 silly packumentCache full:https://registry.npmjs.org/@rollup%2frollup-android-arm-eabi cache-miss
3211 http fetch GET 200 https://registry.npmjs.org/@rollup%2frollup-freebsd-x64 899ms (cache revalidated)
3212 silly packumentCache full:https://registry.npmjs.org/@rollup%2frollup-freebsd-x64 set size:196788 disposed:false
3213 silly fetch manifest @rollup/rollup-linux-arm64-musl@4.62.3
3214 silly packumentCache full:https://registry.npmjs.org/@rollup%2frollup-linux-arm64-musl cache-miss
3215 http fetch GET 200 https://registry.npmjs.org/@rollup%2frollup-android-arm64 801ms (cache revalidated)
3216 silly packumentCache full:https://registry.npmjs.org/@rollup%2frollup-android-arm64 set size:350588 disposed:false
3217 silly fetch manifest @rollup/rollup-linux-ppc64-musl@4.62.3
3218 silly packumentCache full:https://registry.npmjs.org/@rollup%2frollup-linux-ppc64-musl cache-miss
3219 http fetch GET 200 https://registry.npmjs.org/@rollup%2frollup-linux-x64-gnu 632ms (cache revalidated)
3220 silly packumentCache full:https://registry.npmjs.org/@rollup%2frollup-linux-x64-gnu set size:351448 disposed:false
3221 silly fetch manifest @rollup/rollup-win32-arm64-msvc@4.62.3
3222 silly packumentCache full:https://registry.npmjs.org/@rollup%2frollup-win32-arm64-msvc cache-miss
3223 http fetch GET 200 https://registry.npmjs.org/@rollup%2frollup-win32-x64-gnu 666ms (cache revalidated)
3224 silly packumentCache full:https://registry.npmjs.org/@rollup%2frollup-win32-x64-gnu set size:72210 disposed:false
3225 silly fetch manifest @rollup/rollup-linux-loong64-gnu@4.62.3
3226 silly packumentCache full:https://registry.npmjs.org/@rollup%2frollup-linux-loong64-gnu cache-miss
3227 http fetch GET 200 https://registry.npmjs.org/@rollup%2frollup-win32-x64-msvc 583ms (cache revalidated)
3228 silly packumentCache full:https://registry.npmjs.org/@rollup%2frollup-win32-x64-msvc set size:349164 disposed:false
3229 silly fetch manifest @rollup/rollup-linux-riscv64-gnu@4.62.3
3230 silly packumentCache full:https://registry.npmjs.org/@rollup%2frollup-linux-riscv64-gnu cache-miss
3231 http fetch GET 200 https://registry.npmjs.org/@rollup%2frollup-linux-x64-musl 633ms (cache revalidated)
3232 silly packumentCache full:https://registry.npmjs.org/@rollup%2frollup-linux-x64-musl set size:350832 disposed:false
3233 silly fetch manifest @rollup/rollup-openharmony-arm64@4.62.3
3234 silly packumentCache full:https://registry.npmjs.org/@rollup%2frollup-openharmony-arm64 cache-miss
3235 http fetch GET 200 https://registry.npmjs.org/@rollup%2frollup-linux-ppc64-gnu 390ms (cache revalidated)
3236 silly packumentCache full:https://registry.npmjs.org/@rollup%2frollup-linux-ppc64-gnu set size:101087 disposed:false
3237 silly fetch manifest @rollup/rollup-linux-loong64-musl@4.62.3
3238 silly packumentCache full:https://registry.npmjs.org/@rollup%2frollup-linux-loong64-musl cache-miss
3239 http fetch GET 200 https://registry.npmjs.org/@rollup%2frollup-linux-s390x-gnu 358ms (cache revalidated)
3240 silly packumentCache full:https://registry.npmjs.org/@rollup%2frollup-linux-s390x-gnu set size:256252 disposed:false
3241 silly fetch manifest @rollup/rollup-linux-riscv64-musl@4.62.3
3242 silly packumentCache full:https://registry.npmjs.org/@rollup%2frollup-linux-riscv64-musl cache-miss
3243 http fetch GET 200 https://registry.npmjs.org/@rollup%2frollup-linux-arm64-musl 339ms (cache revalidated)
3244 silly packumentCache full:https://registry.npmjs.org/@rollup%2frollup-linux-arm64-musl set size:311828 disposed:false
3245 silly fetch manifest @rollup/rollup-linux-arm-gnueabihf@4.62.3
3246 silly packumentCache full:https://registry.npmjs.org/@rollup%2frollup-linux-arm-gnueabihf cache-miss
3247 http fetch GET 200 https://registry.npmjs.org/@rollup%2frollup-linux-ppc64-musl 351ms (cache revalidated)
3248 silly packumentCache full:https://registry.npmjs.org/@rollup%2frollup-linux-ppc64-musl set size:42649 disposed:false
3249 silly fetch manifest @rollup/rollup-linux-arm-musleabihf@4.62.3
3250 silly packumentCache full:https://registry.npmjs.org/@rollup%2frollup-linux-arm-musleabihf cache-miss
3251 http fetch GET 200 https://registry.npmjs.org/@rollup%2frollup-win32-ia32-msvc 538ms (cache revalidated)
3252 silly packumentCache full:https://registry.npmjs.org/@rollup%2frollup-win32-ia32-msvc set size:352564 disposed:false
3253 http fetch GET 200 https://registry.npmjs.org/@rollup%2frollup-android-arm-eabi 541ms (cache revalidated)
3254 silly packumentCache full:https://registry.npmjs.org/@rollup%2frollup-android-arm-eabi set size:354106 disposed:false
3255 http fetch GET 200 https://registry.npmjs.org/@rollup%2frollup-openharmony-arm64 333ms (cache revalidated)
3256 silly packumentCache full:https://registry.npmjs.org/@rollup%2frollup-openharmony-arm64 set size:81762 disposed:false
3257 http fetch GET 200 https://registry.npmjs.org/@rollup%2frollup-win32-arm64-msvc 455ms (cache revalidated)
3258 silly packumentCache full:https://registry.npmjs.org/@rollup%2frollup-win32-arm64-msvc set size:354097 disposed:false
3259 http fetch GET 200 https://registry.npmjs.org/@rollup%2frollup-linux-loong64-musl 364ms (cache revalidated)
3260 silly packumentCache full:https://registry.npmjs.org/@rollup%2frollup-linux-loong64-musl set size:43003 disposed:false
3261 http fetch GET 200 https://registry.npmjs.org/@rollup%2frollup-linux-arm64-gnu 890ms (cache revalidated)
3262 silly packumentCache full:https://registry.npmjs.org/@rollup%2frollup-linux-arm64-gnu set size:356403 disposed:false
3263 http fetch GET 200 https://registry.npmjs.org/@rollup%2frollup-linux-arm-gnueabihf 362ms (cache revalidated)
3264 silly packumentCache full:https://registry.npmjs.org/@rollup%2frollup-linux-arm-gnueabihf set size:360057 disposed:false
3265 http fetch GET 200 https://registry.npmjs.org/@rollup%2frollup-linux-loong64-gnu 572ms (cache revalidated)
3266 silly packumentCache full:https://registry.npmjs.org/@rollup%2frollup-linux-loong64-gnu set size:80961 disposed:false
3267 http fetch GET 200 https://registry.npmjs.org/@rollup%2frollup-linux-riscv64-gnu 597ms (cache revalidated)
3268 silly packumentCache full:https://registry.npmjs.org/@rollup%2frollup-linux-riscv64-gnu set size:282649 disposed:false
3269 http fetch GET 200 https://registry.npmjs.org/@rollup%2frollup-linux-riscv64-musl 511ms (cache revalidated)
3270 silly packumentCache full:https://registry.npmjs.org/@rollup%2frollup-linux-riscv64-musl set size:128668 disposed:false
3271 http fetch GET 200 https://registry.npmjs.org/@rollup%2frollup-linux-arm-musleabihf 482ms (cache revalidated)
3272 silly packumentCache full:https://registry.npmjs.org/@rollup%2frollup-linux-arm-musleabihf set size:254268 disposed:false
3273 silly placeDep ROOT @esbuild/aix-ppc64@0.25.12 OK for: esbuild@0.25.12 want: 0.25.12
3274 silly placeDep ROOT @esbuild/android-arm@0.25.12 OK for: esbuild@0.25.12 want: 0.25.12
3275 silly placeDep ROOT @esbuild/android-arm64@0.25.12 OK for: esbuild@0.25.12 want: 0.25.12
3276 silly placeDep ROOT @esbuild/android-x64@0.25.12 OK for: esbuild@0.25.12 want: 0.25.12
3277 silly placeDep ROOT @esbuild/darwin-arm64@0.25.12 OK for: esbuild@0.25.12 want: 0.25.12
3278 silly placeDep ROOT @esbuild/darwin-x64@0.25.12 OK for: esbuild@0.25.12 want: 0.25.12
3279 silly placeDep ROOT @esbuild/freebsd-arm64@0.25.12 OK for: esbuild@0.25.12 want: 0.25.12
3280 silly placeDep ROOT @esbuild/freebsd-x64@0.25.12 OK for: esbuild@0.25.12 want: 0.25.12
3281 silly placeDep ROOT @esbuild/linux-arm@0.25.12 OK for: esbuild@0.25.12 want: 0.25.12
3282 silly placeDep ROOT @esbuild/linux-arm64@0.25.12 OK for: esbuild@0.25.12 want: 0.25.12
3283 silly placeDep ROOT @esbuild/linux-ia32@0.25.12 OK for: esbuild@0.25.12 want: 0.25.12
3284 silly placeDep ROOT @esbuild/linux-loong64@0.25.12 OK for: esbuild@0.25.12 want: 0.25.12
3285 silly placeDep ROOT @esbuild/linux-mips64el@0.25.12 OK for: esbuild@0.25.12 want: 0.25.12
3286 silly placeDep ROOT @esbuild/linux-ppc64@0.25.12 OK for: esbuild@0.25.12 want: 0.25.12
3287 silly placeDep ROOT @esbuild/linux-riscv64@0.25.12 OK for: esbuild@0.25.12 want: 0.25.12
3288 silly placeDep ROOT @esbuild/linux-s390x@0.25.12 OK for: esbuild@0.25.12 want: 0.25.12
3289 silly placeDep ROOT @esbuild/linux-x64@0.25.12 OK for: esbuild@0.25.12 want: 0.25.12
3290 silly placeDep ROOT @esbuild/netbsd-arm64@0.25.12 OK for: esbuild@0.25.12 want: 0.25.12
3291 silly placeDep ROOT @esbuild/netbsd-x64@0.25.12 OK for: esbuild@0.25.12 want: 0.25.12
3292 silly placeDep ROOT @esbuild/openbsd-arm64@0.25.12 OK for: esbuild@0.25.12 want: 0.25.12
3293 silly placeDep ROOT @esbuild/openbsd-x64@0.25.12 OK for: esbuild@0.25.12 want: 0.25.12
3294 silly placeDep ROOT @esbuild/openharmony-arm64@0.25.12 OK for: esbuild@0.25.12 want: 0.25.12
3295 silly placeDep ROOT @esbuild/sunos-x64@0.25.12 OK for: esbuild@0.25.12 want: 0.25.12
3296 silly placeDep ROOT @esbuild/win32-arm64@0.25.12 OK for: esbuild@0.25.12 want: 0.25.12
3297 silly placeDep ROOT @esbuild/win32-ia32@0.25.12 OK for: esbuild@0.25.12 want: 0.25.12
3298 silly placeDep ROOT @esbuild/win32-x64@0.25.12 OK for: esbuild@0.25.12 want: 0.25.12
3299 silly placeDep ROOT @rollup/rollup-android-arm-eabi@4.62.3 OK for: rollup@4.62.3 want: 4.62.3
3300 silly placeDep ROOT @rollup/rollup-android-arm64@4.62.3 OK for: rollup@4.62.3 want: 4.62.3
3301 silly placeDep ROOT @rollup/rollup-darwin-arm64@4.62.3 OK for: rollup@4.62.3 want: 4.62.3
3302 silly placeDep ROOT @rollup/rollup-darwin-x64@4.62.3 OK for: rollup@4.62.3 want: 4.62.3
3303 silly placeDep ROOT @rollup/rollup-freebsd-arm64@4.62.3 OK for: rollup@4.62.3 want: 4.62.3
3304 silly placeDep ROOT @rollup/rollup-freebsd-x64@4.62.3 OK for: rollup@4.62.3 want: 4.62.3
3305 silly placeDep ROOT @rollup/rollup-linux-arm-gnueabihf@4.62.3 OK for: rollup@4.62.3 want: 4.62.3
3306 silly placeDep ROOT @rollup/rollup-linux-arm-musleabihf@4.62.3 OK for: rollup@4.62.3 want: 4.62.3
3307 silly placeDep ROOT @rollup/rollup-linux-arm64-gnu@4.62.3 OK for: rollup@4.62.3 want: 4.62.3
3308 silly placeDep ROOT @rollup/rollup-linux-arm64-musl@4.62.3 OK for: rollup@4.62.3 want: 4.62.3
3309 silly placeDep ROOT @rollup/rollup-linux-loong64-gnu@4.62.3 OK for: rollup@4.62.3 want: 4.62.3
3310 silly placeDep ROOT @rollup/rollup-linux-loong64-musl@4.62.3 OK for: rollup@4.62.3 want: 4.62.3
3311 silly placeDep ROOT @rollup/rollup-linux-ppc64-gnu@4.62.3 OK for: rollup@4.62.3 want: 4.62.3
3312 silly placeDep ROOT @rollup/rollup-linux-ppc64-musl@4.62.3 OK for: rollup@4.62.3 want: 4.62.3
3313 silly placeDep ROOT @rollup/rollup-linux-riscv64-gnu@4.62.3 OK for: rollup@4.62.3 want: 4.62.3
3314 silly placeDep ROOT @rollup/rollup-linux-riscv64-musl@4.62.3 OK for: rollup@4.62.3 want: 4.62.3
3315 silly placeDep ROOT @rollup/rollup-linux-s390x-gnu@4.62.3 OK for: rollup@4.62.3 want: 4.62.3
3316 silly placeDep ROOT @rollup/rollup-linux-x64-gnu@4.62.3 OK for: rollup@4.62.3 want: 4.62.3
3317 silly placeDep ROOT @rollup/rollup-linux-x64-musl@4.62.3 OK for: rollup@4.62.3 want: 4.62.3
3318 silly placeDep ROOT @rollup/rollup-openbsd-x64@4.62.3 OK for: rollup@4.62.3 want: 4.62.3
3319 silly placeDep ROOT @rollup/rollup-openharmony-arm64@4.62.3 OK for: rollup@4.62.3 want: 4.62.3
3320 silly placeDep ROOT @rollup/rollup-win32-arm64-msvc@4.62.3 OK for: rollup@4.62.3 want: 4.62.3
3321 silly placeDep ROOT @rollup/rollup-win32-ia32-msvc@4.62.3 OK for: rollup@4.62.3 want: 4.62.3
3322 silly placeDep ROOT @rollup/rollup-win32-x64-gnu@4.62.3 OK for: rollup@4.62.3 want: 4.62.3
3323 silly placeDep ROOT @rollup/rollup-win32-x64-msvc@4.62.3 OK for: rollup@4.62.3 want: 4.62.3
3324 silly fetch manifest @types/node@^18.0.0 || >=20.0.0
3325 silly packumentCache full:https://registry.npmjs.org/@types%2fnode cache-miss
3326 http cache https://registry.npmjs.org/@types%2fnode 100ms (cache hit)
3327 silly packumentCache full:https://registry.npmjs.org/@types%2fnode set size:11084776 disposed:false
3328 silly fetch manifest postcss@^8.3.3
3329 silly packumentCache full:https://registry.npmjs.org/postcss cache-hit
3330 silly fetch manifest terser@^5.4.0
3331 silly packumentCache full:https://registry.npmjs.org/terser cache-hit
3332 silly fetch manifest msw@^2.4.9
3333 silly packumentCache full:https://registry.npmjs.org/msw cache-miss
3334 http fetch GET 200 https://registry.npmjs.org/msw 329ms (cache revalidated)
3335 silly packumentCache full:https://registry.npmjs.org/msw set size:2036917 disposed:false
3336 silly fetch manifest typescript@>= 4.8.x
3337 silly packumentCache full:https://registry.npmjs.org/typescript cache-miss
3338 http cache https://registry.npmjs.org/typescript 109ms (cache hit)
3339 silly packumentCache full:https://registry.npmjs.org/typescript set size:15493019 disposed:false
3340 silly placeDep ROOT @vitest/expect@2.1.9 OK for: vitest@2.1.9 want: 2.1.9
3341 silly placeDep node_modules/vitest @vitest/mocker@2.1.9 OK for: vitest@2.1.9 want: 2.1.9
3342 silly placeDep node_modules/vitest vite@5.4.21 OK for: @vitest/mocker@2.1.9 want: ^5.0.0
3343 silly placeDep ROOT @vitest/pretty-format@2.1.9 OK for: vitest@2.1.9 want: ^2.1.9
3344 silly placeDep ROOT @vitest/runner@2.1.9 OK for: vitest@2.1.9 want: 2.1.9
3345 silly placeDep ROOT @vitest/snapshot@2.1.9 OK for: vitest@2.1.9 want: 2.1.9
3346 silly placeDep ROOT @vitest/spy@2.1.9 OK for: vitest@2.1.9 want: 2.1.9
3347 silly placeDep ROOT @vitest/utils@2.1.9 OK for: vitest@2.1.9 want: 2.1.9
3348 silly placeDep ROOT chai@5.3.3 OK for: vitest@2.1.9 want: ^5.1.2
3349 silly placeDep ROOT expect-type@1.4.0 OK for: vitest@2.1.9 want: ^1.1.0
3350 silly placeDep ROOT magic-string@0.30.21 OK for: vitest@2.1.9 want: ^0.30.12
3351 silly placeDep ROOT pathe@1.1.2 OK for: vitest@2.1.9 want: ^1.1.2
3352 silly placeDep ROOT std-env@3.10.0 OK for: vitest@2.1.9 want: ^3.8.0
3353 silly placeDep ROOT tinybench@2.9.0 OK for: vitest@2.1.9 want: ^2.9.0
3354 silly placeDep ROOT tinyexec@0.3.2 OK for: vitest@2.1.9 want: ^0.3.1
3355 silly placeDep ROOT tinypool@1.1.1 OK for: vitest@2.1.9 want: ^1.0.1
3356 silly placeDep ROOT tinyrainbow@1.2.0 OK for: vitest@2.1.9 want: ^1.2.0
3357 silly placeDep ROOT vite-node@2.1.9 OK for: vitest@2.1.9 want: 2.1.9
3358 silly placeDep ROOT why-is-node-running@2.3.0 OK for: vitest@2.1.9 want: ^2.3.0
3359 silly fetch manifest estree-walker@^3.0.3
3360 silly packumentCache full:https://registry.npmjs.org/estree-walker cache-miss
3361 silly fetch manifest esbuild@^0.21.3
3362 silly packumentCache full:https://registry.npmjs.org/esbuild cache-miss
3363 silly fetch manifest tinyspy@^3.0.2
3364 silly packumentCache full:https://registry.npmjs.org/tinyspy cache-miss
3365 silly fetch manifest loupe@^3.1.2
3366 silly packumentCache full:https://registry.npmjs.org/loupe cache-miss
3367 silly fetch manifest loupe@^3.1.0
3368 silly packumentCache full:https://registry.npmjs.org/loupe cache-miss
3369 silly fetch manifest pathval@^2.0.0
3370 silly packumentCache full:https://registry.npmjs.org/pathval cache-miss
3371 silly fetch manifest deep-eql@^5.0.1
3372 silly packumentCache full:https://registry.npmjs.org/deep-eql cache-miss
3373 silly fetch manifest check-error@^2.1.1
3374 silly packumentCache full:https://registry.npmjs.org/check-error cache-miss
3375 silly fetch manifest assertion-error@^2.0.1
3376 silly packumentCache full:https://registry.npmjs.org/assertion-error cache-miss
3377 silly fetch manifest cac@^6.7.14
3378 silly packumentCache full:https://registry.npmjs.org/cac cache-miss
3379 silly fetch manifest es-module-lexer@^1.5.4
3380 silly packumentCache full:https://registry.npmjs.org/es-module-lexer cache-miss
3381 http cache https://registry.npmjs.org/esbuild 384ms (cache hit)
3382 silly packumentCache full:https://registry.npmjs.org/esbuild set size:1259608 disposed:false
3383 silly fetch manifest siginfo@^2.0.0
3384 silly packumentCache full:https://registry.npmjs.org/siginfo cache-miss
3385 http fetch GET 200 https://registry.npmjs.org/loupe 585ms (cache revalidated)
3386 silly packumentCache full:https://registry.npmjs.org/loupe set size:150836 disposed:false
3387 silly fetch manifest stackback@0.0.2
3388 silly packumentCache full:https://registry.npmjs.org/stackback cache-miss
3389 http fetch GET 200 https://registry.npmjs.org/estree-walker 647ms (cache revalidated)
3390 silly packumentCache full:https://registry.npmjs.org/estree-walker set size:60887 disposed:false
3391 http fetch GET 200 https://registry.npmjs.org/es-module-lexer 581ms (cache revalidated)
3392 silly packumentCache full:https://registry.npmjs.org/es-module-lexer set size:212402 disposed:false
3393 http fetch GET 200 https://registry.npmjs.org/assertion-error 639ms (cache revalidated)
3394 silly packumentCache full:https://registry.npmjs.org/assertion-error set size:14438 disposed:false
3395 http fetch GET 200 https://registry.npmjs.org/pathval 678ms (cache revalidated)
3396 silly packumentCache full:https://registry.npmjs.org/pathval set size:28664 disposed:false
3397 http fetch GET 200 https://registry.npmjs.org/deep-eql 695ms (cache revalidated)
3398 silly packumentCache full:https://registry.npmjs.org/deep-eql set size:73324 disposed:false
3399 http fetch GET 200 https://registry.npmjs.org/tinyspy 751ms (cache revalidated)
3400 silly packumentCache full:https://registry.npmjs.org/tinyspy set size:129032 disposed:false
3401 http fetch GET 200 https://registry.npmjs.org/check-error 752ms (cache revalidated)
3402 silly packumentCache full:https://registry.npmjs.org/check-error set size:28618 disposed:false
3403 http fetch GET 200 https://registry.npmjs.org/cac 748ms (cache revalidated)
3404 silly packumentCache full:https://registry.npmjs.org/cac set size:375942 disposed:false
3405 http fetch GET 200 https://registry.npmjs.org/loupe 819ms (cache revalidated)
3406 silly packumentCache full:https://registry.npmjs.org/loupe set size:150836 disposed:false
3407 silly packumentCache full:https://registry.npmjs.org/loupe dispose
3408 http fetch GET 200 https://registry.npmjs.org/siginfo 435ms (cache revalidated)
3409 silly packumentCache full:https://registry.npmjs.org/siginfo set size:8524 disposed:false
3410 http fetch GET 200 https://registry.npmjs.org/stackback 503ms (cache revalidated)
3411 silly packumentCache full:https://registry.npmjs.org/stackback set size:4594 disposed:false
3412 silly placeDep ROOT tinyspy@3.0.2 OK for: @vitest/spy@2.1.9 want: ^3.0.2
3413 silly placeDep ROOT loupe@3.2.1 OK for: @vitest/utils@2.1.9 want: ^3.1.2
3414 silly placeDep ROOT assertion-error@2.0.1 OK for: chai@5.3.3 want: ^2.0.1
3415 silly placeDep ROOT check-error@2.1.3 OK for: chai@5.3.3 want: ^2.1.1
3416 silly placeDep ROOT deep-eql@5.0.2 OK for: chai@5.3.3 want: ^5.0.1
3417 silly placeDep ROOT pathval@2.0.1 OK for: chai@5.3.3 want: ^2.0.0
3418 silly placeDep ROOT cac@6.7.14 OK for: vite-node@2.1.9 want: ^6.7.14
3419 silly placeDep ROOT es-module-lexer@1.7.0 OK for: vite-node@2.1.9 want: ^1.5.4
3420 silly placeDep node_modules/vite-node vite@5.4.21 OK for: vite-node@2.1.9 want: ^5.0.0
3421 silly placeDep ROOT iconv-lite@0.6.3 OK for: whatwg-encoding@3.1.1 want: 0.6.3
3422 silly fetch manifest safer-buffer@>= 2.1.2 < 3.0.0
3423 silly packumentCache full:https://registry.npmjs.org/safer-buffer cache-miss
3424 http fetch GET 200 https://registry.npmjs.org/safer-buffer 100ms (cache revalidated)
3425 silly packumentCache full:https://registry.npmjs.org/safer-buffer set size:18521 disposed:false
3426 silly placeDep ROOT safer-buffer@2.1.2 OK for: iconv-lite@0.6.3 want: >= 2.1.2 < 3.0.0
3427 silly placeDep ROOT tr46@5.1.1 OK for: whatwg-url@14.2.0 want: ^5.1.0
3428 silly placeDep ROOT isexe@2.0.0 OK for: which@2.0.2 want: ^2.0.0
3429 silly placeDep ROOT is-bigint@1.1.0 OK for: which-boxed-primitive@1.1.1 want: ^1.1.0
3430 silly placeDep ROOT is-boolean-object@1.2.2 OK for: which-boxed-primitive@1.1.1 want: ^1.2.1
3431 silly placeDep ROOT is-number-object@1.1.1 OK for: which-boxed-primitive@1.1.1 want: ^1.1.1
3432 silly placeDep ROOT is-async-function@2.1.1 OK for: which-builtin-type@1.2.1 want: ^2.0.0
3433 silly placeDep ROOT is-finalizationregistry@1.1.1 OK for: which-builtin-type@1.2.1 want: ^1.1.0
3434 silly placeDep ROOT is-generator-function@1.1.2 OK for: which-builtin-type@1.2.1 want: ^1.0.10
3435 silly placeDep ROOT which-collection@1.0.2 OK for: which-builtin-type@1.2.1 want: ^1.0.2
3436 silly fetch manifest async-function@^1.0.0
3437 silly packumentCache full:https://registry.npmjs.org/async-function cache-miss
3438 silly fetch manifest generator-function@^2.0.0
3439 silly packumentCache full:https://registry.npmjs.org/generator-function cache-miss
3440 silly fetch manifest is-map@^2.0.3
3441 silly packumentCache full:https://registry.npmjs.org/is-map cache-miss
3442 silly fetch manifest is-weakmap@^2.0.2
3443 silly packumentCache full:https://registry.npmjs.org/is-weakmap cache-miss
3444 silly fetch manifest is-weakset@^2.0.3
3445 silly packumentCache full:https://registry.npmjs.org/is-weakset cache-miss
3446 http fetch GET 200 https://registry.npmjs.org/is-weakmap 207ms (cache revalidated)
3447 silly packumentCache full:https://registry.npmjs.org/is-weakmap set size:15163 disposed:false
3448 http fetch GET 200 https://registry.npmjs.org/is-map 218ms (cache revalidated)
3449 silly packumentCache full:https://registry.npmjs.org/is-map set size:18079 disposed:false
3450 http fetch GET 200 https://registry.npmjs.org/async-function 245ms (cache revalidated)
3451 silly packumentCache full:https://registry.npmjs.org/async-function set size:7150 disposed:false
3452 http fetch GET 200 https://registry.npmjs.org/is-weakset 233ms (cache revalidated)
3453 silly packumentCache full:https://registry.npmjs.org/is-weakset set size:21965 disposed:false
3454 http fetch GET 200 https://registry.npmjs.org/generator-function 255ms (cache revalidated)
3455 silly packumentCache full:https://registry.npmjs.org/generator-function set size:10401 disposed:false
3456 silly placeDep ROOT async-function@1.0.0 OK for: is-async-function@2.1.1 want: ^1.0.0
3457 silly placeDep ROOT generator-function@2.0.1 OK for: is-generator-function@1.1.2 want: ^2.0.0
3458 silly placeDep ROOT is-map@2.0.3 OK for: which-collection@1.0.2 want: ^2.0.3
3459 silly placeDep ROOT is-weakmap@2.0.2 OK for: which-collection@1.0.2 want: ^2.0.2
3460 silly placeDep ROOT is-weakset@2.0.4 OK for: which-collection@1.0.2 want: ^2.0.3
3461 silly placeDep ROOT siginfo@2.0.0 OK for: why-is-node-running@2.3.0 want: ^2.0.0
3462 silly placeDep ROOT stackback@0.0.2 OK for: why-is-node-running@2.3.0 want: 0.0.2
3463 silly fetch manifest react@>=16.8
3464 silly packumentCache full:https://registry.npmjs.org/react cache-miss
3465 http cache https://registry.npmjs.org/react 178ms (cache hit)
3466 silly packumentCache full:https://registry.npmjs.org/react set size:6849402 disposed:false
3467 silly placeDep ROOT use-sync-external-store@1.6.0 OK for: zustand@4.5.7 want: ^1.2.2
3468 silly placeDep node_modules/@typescript-eslint/typescript-estree brace-expansion@5.0.9 OK for: minimatch@10.2.6 want: ^5.0.8
3469 silly fetch manifest balanced-match@^4.0.2
3470 silly packumentCache full:https://registry.npmjs.org/balanced-match cache-hit
3471 silly placeDep node_modules/@typescript-eslint/typescript-estree balanced-match@4.0.4 OK for: brace-expansion@5.0.9 want: ^4.0.2
3472 silly placeDep node_modules/tailwindcss/node_modules/fast-glob glob-parent@5.1.2 OK for: fast-glob@3.3.3 want: ^5.1.2
3473 silly placeDep node_modules/vite-node esbuild@0.21.5 OK for: vite@5.4.21 want: ^0.21.3
3474 silly fetch manifest @esbuild/aix-ppc64@0.21.5
3475 silly packumentCache full:https://registry.npmjs.org/@esbuild%2faix-ppc64 cache-hit
3476 silly fetch manifest @esbuild/linux-arm@0.21.5
3477 silly packumentCache full:https://registry.npmjs.org/@esbuild%2flinux-arm cache-hit
3478 silly fetch manifest @esbuild/linux-x64@0.21.5
3479 silly packumentCache full:https://registry.npmjs.org/@esbuild%2flinux-x64 cache-hit
3480 silly fetch manifest @esbuild/sunos-x64@0.21.5
3481 silly packumentCache full:https://registry.npmjs.org/@esbuild%2fsunos-x64 cache-hit
3482 silly fetch manifest @esbuild/win32-x64@0.21.5
3483 silly packumentCache full:https://registry.npmjs.org/@esbuild%2fwin32-x64 cache-hit
3484 silly fetch manifest @esbuild/darwin-x64@0.21.5
3485 silly packumentCache full:https://registry.npmjs.org/@esbuild%2fdarwin-x64 cache-hit
3486 silly fetch manifest @esbuild/linux-ia32@0.21.5
3487 silly packumentCache full:https://registry.npmjs.org/@esbuild%2flinux-ia32 cache-hit
3488 silly fetch manifest @esbuild/netbsd-x64@0.21.5
3489 silly packumentCache full:https://registry.npmjs.org/@esbuild%2fnetbsd-x64 cache-hit
3490 silly fetch manifest @esbuild/win32-ia32@0.21.5
3491 silly packumentCache full:https://registry.npmjs.org/@esbuild%2fwin32-ia32 cache-hit
3492 silly fetch manifest @esbuild/android-arm@0.21.5
3493 silly packumentCache full:https://registry.npmjs.org/@esbuild%2fandroid-arm cache-hit
3494 silly fetch manifest @esbuild/android-x64@0.21.5
3495 silly packumentCache full:https://registry.npmjs.org/@esbuild%2fandroid-x64 cache-hit
3496 silly fetch manifest @esbuild/freebsd-x64@0.21.5
3497 silly packumentCache full:https://registry.npmjs.org/@esbuild%2ffreebsd-x64 cache-hit
3498 silly fetch manifest @esbuild/linux-arm64@0.21.5
3499 silly packumentCache full:https://registry.npmjs.org/@esbuild%2flinux-arm64 cache-hit
3500 silly fetch manifest @esbuild/linux-ppc64@0.21.5
3501 silly packumentCache full:https://registry.npmjs.org/@esbuild%2flinux-ppc64 cache-hit
3502 silly fetch manifest @esbuild/linux-s390x@0.21.5
3503 silly packumentCache full:https://registry.npmjs.org/@esbuild%2flinux-s390x cache-hit
3504 silly fetch manifest @esbuild/openbsd-x64@0.21.5
3505 silly packumentCache full:https://registry.npmjs.org/@esbuild%2fopenbsd-x64 cache-hit
3506 silly fetch manifest @esbuild/win32-arm64@0.21.5
3507 silly packumentCache full:https://registry.npmjs.org/@esbuild%2fwin32-arm64 cache-hit
3508 silly fetch manifest @esbuild/darwin-arm64@0.21.5
3509 silly packumentCache full:https://registry.npmjs.org/@esbuild%2fdarwin-arm64 cache-hit
3510 silly fetch manifest @esbuild/android-arm64@0.21.5
3511 silly packumentCache full:https://registry.npmjs.org/@esbuild%2fandroid-arm64 cache-hit
3512 silly fetch manifest @esbuild/freebsd-arm64@0.21.5
3513 silly packumentCache full:https://registry.npmjs.org/@esbuild%2ffreebsd-arm64 cache-hit
3514 silly fetch manifest @esbuild/linux-loong64@0.21.5
3515 silly packumentCache full:https://registry.npmjs.org/@esbuild%2flinux-loong64 cache-hit
3516 silly fetch manifest @esbuild/linux-riscv64@0.21.5
3517 silly packumentCache full:https://registry.npmjs.org/@esbuild%2flinux-riscv64 cache-hit
3518 silly fetch manifest @esbuild/linux-mips64el@0.21.5
3519 silly packumentCache full:https://registry.npmjs.org/@esbuild%2flinux-mips64el cache-hit
3520 silly placeDep node_modules/vite-node @esbuild/aix-ppc64@0.21.5 OK for: esbuild@0.21.5 want: 0.21.5
3521 silly placeDep node_modules/vite-node @esbuild/android-arm@0.21.5 OK for: esbuild@0.21.5 want: 0.21.5
3522 silly placeDep node_modules/vite-node @esbuild/android-arm64@0.21.5 OK for: esbuild@0.21.5 want: 0.21.5
3523 silly placeDep node_modules/vite-node @esbuild/android-x64@0.21.5 OK for: esbuild@0.21.5 want: 0.21.5
3524 silly placeDep node_modules/vite-node @esbuild/darwin-arm64@0.21.5 OK for: esbuild@0.21.5 want: 0.21.5
3525 silly placeDep node_modules/vite-node @esbuild/darwin-x64@0.21.5 OK for: esbuild@0.21.5 want: 0.21.5
3526 silly placeDep node_modules/vite-node @esbuild/freebsd-arm64@0.21.5 OK for: esbuild@0.21.5 want: 0.21.5
3527 silly placeDep node_modules/vite-node @esbuild/freebsd-x64@0.21.5 OK for: esbuild@0.21.5 want: 0.21.5
3528 silly placeDep node_modules/vite-node @esbuild/linux-arm@0.21.5 OK for: esbuild@0.21.5 want: 0.21.5
3529 silly placeDep node_modules/vite-node @esbuild/linux-arm64@0.21.5 OK for: esbuild@0.21.5 want: 0.21.5
3530 silly placeDep node_modules/vite-node @esbuild/linux-ia32@0.21.5 OK for: esbuild@0.21.5 want: 0.21.5
3531 silly placeDep node_modules/vite-node @esbuild/linux-loong64@0.21.5 OK for: esbuild@0.21.5 want: 0.21.5
3532 silly placeDep node_modules/vite-node @esbuild/linux-mips64el@0.21.5 OK for: esbuild@0.21.5 want: 0.21.5
3533 silly placeDep node_modules/vite-node @esbuild/linux-ppc64@0.21.5 OK for: esbuild@0.21.5 want: 0.21.5
3534 silly placeDep node_modules/vite-node @esbuild/linux-riscv64@0.21.5 OK for: esbuild@0.21.5 want: 0.21.5
3535 silly placeDep node_modules/vite-node @esbuild/linux-s390x@0.21.5 OK for: esbuild@0.21.5 want: 0.21.5
3536 silly placeDep node_modules/vite-node @esbuild/linux-x64@0.21.5 OK for: esbuild@0.21.5 want: 0.21.5
3537 silly placeDep node_modules/vite-node @esbuild/netbsd-x64@0.21.5 OK for: esbuild@0.21.5 want: 0.21.5
3538 silly placeDep node_modules/vite-node @esbuild/openbsd-x64@0.21.5 OK for: esbuild@0.21.5 want: 0.21.5
3539 silly placeDep node_modules/vite-node @esbuild/sunos-x64@0.21.5 OK for: esbuild@0.21.5 want: 0.21.5
3540 silly placeDep node_modules/vite-node @esbuild/win32-arm64@0.21.5 OK for: esbuild@0.21.5 want: 0.21.5
3541 silly placeDep node_modules/vite-node @esbuild/win32-ia32@0.21.5 OK for: esbuild@0.21.5 want: 0.21.5
3542 silly placeDep node_modules/vite-node @esbuild/win32-x64@0.21.5 OK for: esbuild@0.21.5 want: 0.21.5
3543 silly placeDep ROOT estree-walker@3.0.3 OK for: @vitest/mocker@2.1.9 want: ^3.0.3
3544 silly placeDep node_modules/vitest esbuild@0.21.5 OK for: vite@5.4.21 want: ^0.21.3
3545 silly placeDep node_modules/vitest @esbuild/aix-ppc64@0.21.5 OK for: esbuild@0.21.5 want: 0.21.5
3546 silly placeDep node_modules/vitest @esbuild/android-arm@0.21.5 OK for: esbuild@0.21.5 want: 0.21.5
3547 silly placeDep node_modules/vitest @esbuild/android-arm64@0.21.5 OK for: esbuild@0.21.5 want: 0.21.5
3548 silly placeDep node_modules/vitest @esbuild/android-x64@0.21.5 OK for: esbuild@0.21.5 want: 0.21.5
3549 silly placeDep node_modules/vitest @esbuild/darwin-arm64@0.21.5 OK for: esbuild@0.21.5 want: 0.21.5
3550 silly placeDep node_modules/vitest @esbuild/darwin-x64@0.21.5 OK for: esbuild@0.21.5 want: 0.21.5
3551 silly placeDep node_modules/vitest @esbuild/freebsd-arm64@0.21.5 OK for: esbuild@0.21.5 want: 0.21.5
3552 silly placeDep node_modules/vitest @esbuild/freebsd-x64@0.21.5 OK for: esbuild@0.21.5 want: 0.21.5
3553 silly placeDep node_modules/vitest @esbuild/linux-arm@0.21.5 OK for: esbuild@0.21.5 want: 0.21.5
3554 silly placeDep node_modules/vitest @esbuild/linux-arm64@0.21.5 OK for: esbuild@0.21.5 want: 0.21.5
3555 silly placeDep node_modules/vitest @esbuild/linux-ia32@0.21.5 OK for: esbuild@0.21.5 want: 0.21.5
3556 silly placeDep node_modules/vitest @esbuild/linux-loong64@0.21.5 OK for: esbuild@0.21.5 want: 0.21.5
3557 silly placeDep node_modules/vitest @esbuild/linux-mips64el@0.21.5 OK for: esbuild@0.21.5 want: 0.21.5
3558 silly placeDep node_modules/vitest @esbuild/linux-ppc64@0.21.5 OK for: esbuild@0.21.5 want: 0.21.5
3559 silly placeDep node_modules/vitest @esbuild/linux-riscv64@0.21.5 OK for: esbuild@0.21.5 want: 0.21.5
3560 silly placeDep node_modules/vitest @esbuild/linux-s390x@0.21.5 OK for: esbuild@0.21.5 want: 0.21.5
3561 silly placeDep node_modules/vitest @esbuild/linux-x64@0.21.5 OK for: esbuild@0.21.5 want: 0.21.5
3562 silly placeDep node_modules/vitest @esbuild/netbsd-x64@0.21.5 OK for: esbuild@0.21.5 want: 0.21.5
3563 silly placeDep node_modules/vitest @esbuild/openbsd-x64@0.21.5 OK for: esbuild@0.21.5 want: 0.21.5
3564 silly placeDep node_modules/vitest @esbuild/sunos-x64@0.21.5 OK for: esbuild@0.21.5 want: 0.21.5
3565 silly placeDep node_modules/vitest @esbuild/win32-arm64@0.21.5 OK for: esbuild@0.21.5 want: 0.21.5
3566 silly placeDep node_modules/vitest @esbuild/win32-ia32@0.21.5 OK for: esbuild@0.21.5 want: 0.21.5
3567 silly placeDep node_modules/vitest @esbuild/win32-x64@0.21.5 OK for: esbuild@0.21.5 want: 0.21.5
3568 silly reify moves {}
3569 silly audit bulk request {
3569 silly audit   '@eslint/eslintrc': [ '3.3.6' ],
3569 silly audit   '@testing-library/jest-dom': [ '6.9.1' ],
3569 silly audit   '@testing-library/react': [ '16.3.2' ],
3569 silly audit   '@testing-library/dom': [ '10.4.1' ],
3569 silly audit   react: [ '19.2.8' ],
3569 silly audit   'react-dom': [ '19.2.8' ],
3569 silly audit   '@types/node': [ '22.20.1' ],
3569 silly audit   '@types/react': [ '19.2.17' ],
3569 silly audit   '@types/react-dom': [ '19.2.3' ],
3569 silly audit   '@vitejs/plugin-react': [ '4.7.0' ],
3569 silly audit   vite: [ '6.4.3', '5.4.21' ],
3569 silly audit   '@xyflow/react': [ '12.11.2' ],
3569 silly audit   autoprefixer: [ '10.5.4' ],
3569 silly audit   postcss: [ '8.5.25', '8.4.31' ],
3569 silly audit   eslint: [ '9.39.5' ],
3569 silly audit   'eslint-config-next': [ '15.5.22' ],
3569 silly audit   'framer-motion': [ '12.43.0' ],
3569 silly audit   jsdom: [ '25.0.1' ],
3569 silly audit   'lucide-react': [ '0.468.0' ],
3569 silly audit   next: [ '15.5.22' ],
3569 silly audit   tailwindcss: [ '3.4.19' ],
3569 silly audit   typescript: [ '5.9.3' ],
3569 silly audit   vitest: [ '2.1.9' ],
3569 silly audit   ajv: [ '6.15.0' ],
3569 silly audit   debug: [ '4.4.3', '3.2.7' ],
3569 silly audit   espree: [ '10.4.0' ],
3569 silly audit   globals: [ '14.0.0' ],
3569 silly audit   ignore: [ '5.3.2', '7.0.6' ],
3569 silly audit   'import-fresh': [ '3.3.1' ],
3569 silly audit   'js-yaml': [ '4.3.0' ],
3569 silly audit   minimatch: [ '3.1.5', '10.2.6' ],
3569 silly audit   'strip-json-comments': [ '3.1.1' ],
3569 silly audit   '@babel/code-frame': [ '7.29.7' ],
3569 silly audit   '@babel/runtime': [ '7.29.7' ],
3569 silly audit   '@types/aria-query': [ '5.0.4' ],
3569 silly audit   'aria-query': [ '5.3.0', '5.3.2' ],
3569 silly audit   'dom-accessibility-api': [ '0.5.16', '0.6.3' ],
3569 silly audit   'lz-string': [ '1.5.0' ],
3569 silly audit   picocolors: [ '1.1.1' ],
3569 silly audit   'pretty-format': [ '27.5.1' ],
3569 silly audit   '@babel/helper-validator-identifier': [ '7.29.7' ],
3569 silly audit   'js-tokens': [ '4.0.0' ],
3569 silly audit   '@adobe/css-tools': [ '4.5.0' ],
3569 silly audit   'css.escape': [ '1.5.1' ],
3569 silly audit   redent: [ '3.0.0' ],
3569 silly audit   'undici-types': [ '6.21.0' ],
3569 silly audit   csstype: [ '3.2.3' ],
3569 silly audit   '@babel/core': [ '7.29.7' ],
3569 silly audit   '@babel/plugin-transform-react-jsx-self': [ '7.29.7' ],
3569 silly audit   '@babel/plugin-transform-react-jsx-source': [ '7.29.7' ],
3569 silly audit   '@rolldown/pluginutils': [ '1.0.0-beta.27' ],
3569 silly audit   '@types/babel__core': [ '7.20.5' ],
3569 silly audit   'react-refresh': [ '0.17.0' ],
3569 silly audit   '@babel/generator': [ '7.29.7' ],
3569 silly audit   '@babel/helper-compilation-targets': [ '7.29.7' ],
3569 silly audit   '@babel/helper-module-transforms': [ '7.29.7' ],
3569 silly audit   '@babel/helpers': [ '7.29.7' ],
3569 silly audit   '@babel/parser': [ '7.29.7' ],
3569 silly audit   '@babel/template': [ '7.29.7' ],
3569 silly audit   '@babel/traverse': [ '7.29.7' ],
3569 silly audit   '@babel/types': [ '7.29.7' ],
3569 silly audit   '@jridgewell/remapping': [ '2.3.5' ],
3569 silly audit   'convert-source-map': [ '2.0.0' ],
3569 silly audit   gensync: [ '1.0.0-beta.2' ],
3569 silly audit   json5: [ '2.2.3', '1.0.2' ],
3569 silly audit   semver: [ '6.3.1', '7.8.5' ],
3569 silly audit   '@jridgewell/gen-mapping': [ '0.3.13' ],
3569 silly audit   '@jridgewell/trace-mapping': [ '0.3.31' ],
3569 silly audit   jsesc: [ '3.1.0' ],
3569 silly audit   '@babel/compat-data': [ '7.29.7' ],
3569 silly audit   '@babel/helper-validator-option': [ '7.29.7' ],
3569 silly audit   browserslist: [ '4.28.7' ],
3569 silly audit   'lru-cache': [ '5.1.1', '10.4.3' ],
3569 silly audit   '@babel/helper-module-imports': [ '7.29.7' ],
3569 silly audit   '@babel/helper-plugin-utils': [ '7.29.7' ],
3569 silly audit   '@babel/helper-globals': [ '7.29.7' ],
3569 silly audit   '@babel/helper-string-parser': [ '7.29.7' ],
3569 silly audit   '@jridgewell/sourcemap-codec': [ '1.5.5' ],
3569 silly audit   '@jridgewell/resolve-uri': [ '3.1.2' ],
3569 silly audit   '@types/babel__generator': [ '7.27.0' ],
3569 silly audit   '@types/babel__template': [ '7.4.4' ],
3569 silly audit   '@types/babel__traverse': [ '7.28.0' ],
3569 silly audit   '@xyflow/system': [ '0.0.79' ],
3569 silly audit   classcat: [ '5.0.5' ],
3569 silly audit   zustand: [ '4.5.7' ],
3569 silly audit   '@types/d3-drag': [ '3.0.7' ],
3569 silly audit   '@types/d3-interpolate': [ '3.0.4' ],
3569 silly audit   '@types/d3-selection': [ '3.0.11' ],
3569 silly audit   '@types/d3-transition': [ '3.0.9' ],
3569 silly audit   '@types/d3-zoom': [ '3.0.8' ],
3569 silly audit   'd3-drag': [ '3.0.0' ],
3569 silly audit   'd3-interpolate': [ '3.0.1' ],
3569 silly audit   'd3-selection': [ '3.0.0' ],
3569 silly audit   'd3-zoom': [ '3.0.0' ],
3569 silly audit   '@types/d3-color': [ '3.1.3' ],
3569 silly audit   'fast-deep-equal': [ '3.1.3' ],
3569 silly audit   'fast-json-stable-stringify': [ '2.1.0' ],
3569 silly audit   'json-schema-traverse': [ '0.4.1' ],
3569 silly audit   'uri-js': [ '4.4.1' ],
3569 silly audit   dequal: [ '2.0.3' ],
3569 silly audit   'caniuse-lite': [ '1.0.30001806' ],
3569 silly audit   'fraction.js': [ '5.3.4' ],
3569 silly audit   'postcss-value-parser': [ '4.2.0' ],
3569 silly audit   'baseline-browser-mapping': [ '2.11.8' ],
3569 silly audit   'electron-to-chromium': [ '1.5.398' ],
3569 silly audit   'node-releases': [ '2.0.51' ],
3569 silly audit   'update-browserslist-db': [ '1.2.3' ],
3569 silly audit   'd3-dispatch': [ '3.0.1' ],
3569 silly audit   'd3-color': [ '3.1.0' ],
3569 silly audit   'd3-transition': [ '3.0.1' ],
3569 silly audit   'd3-ease': [ '3.0.1' ],
3569 silly audit   'd3-timer': [ '3.0.1' ],
3569 silly audit   ms: [ '2.1.3' ],
3569 silly audit   '@eslint-community/eslint-utils': [ '4.10.1' ],
3569 silly audit   '@eslint-community/regexpp': [ '4.12.2' ],
3569 silly audit   '@eslint/config-array': [ '0.21.2' ],
3569 silly audit   '@eslint/config-helpers': [ '0.4.2' ],
3569 silly audit   '@eslint/core': [ '0.17.0' ],
3569 silly audit   '@eslint/js': [ '9.39.5' ],
3569 silly audit   '@eslint/plugin-kit': [ '0.4.1' ],
3569 silly audit   '@humanfs/node': [ '0.16.8' ],
3569 silly audit   '@humanwhocodes/module-importer': [ '1.0.1' ],
3569 silly audit   '@humanwhocodes/retry': [ '0.4.3' ],
3569 silly audit   '@types/estree': [ '1.0.9' ],
3569 silly audit   chalk: [ '4.1.2' ],
3569 silly audit   'cross-spawn': [ '7.0.6' ],
3569 silly audit   'escape-string-regexp': [ '4.0.0' ],
3569 silly audit   'eslint-scope': [ '8.4.0' ],
3569 silly audit   'eslint-visitor-keys': [ '4.2.1', '3.4.3', '5.0.1' ],
3569 silly audit   esquery: [ '1.7.0' ],
3569 silly audit   esutils: [ '2.0.3' ],
3569 silly audit   'file-entry-cache': [ '8.0.0' ],
3569 silly audit   'find-up': [ '5.0.0' ],
3569 silly audit   'glob-parent': [ '6.0.2', '5.1.2' ],
3569 silly audit   imurmurhash: [ '0.1.4' ],
3569 silly audit   'is-glob': [ '4.0.3' ],
3569 silly audit   'json-stable-stringify-without-jsonify': [ '1.0.1' ],
3569 silly audit   'lodash.merge': [ '4.6.2' ],
3569 silly audit   'natural-compare': [ '1.4.0' ],
3569 silly audit   optionator: [ '0.9.4' ],
3569 silly audit   '@eslint/object-schema': [ '2.1.7' ],
3569 silly audit   '@types/json-schema': [ '7.0.15' ],
3569 silly audit   levn: [ '0.4.1' ],
3569 silly audit   '@humanfs/core': [ '0.19.2' ],
3569 silly audit   '@humanfs/types': [ '0.15.0' ],
3569 silly audit   'ansi-styles': [ '4.3.0', '5.2.0' ],
3569 silly audit   'supports-color': [ '7.2.0' ],
3569 silly audit   'color-convert': [ '2.0.1' ],
3569 silly audit   'color-name': [ '1.1.4' ],
3569 silly audit   'path-key': [ '3.1.1' ],
3569 silly audit   'shebang-command': [ '2.0.0' ],
3569 silly audit   which: [ '2.0.2' ],
3569 silly audit   '@next/eslint-plugin-next': [ '15.5.22' ],
3569 silly audit   '@rushstack/eslint-patch': [ '1.16.1' ],
3569 silly audit   '@typescript-eslint/eslint-plugin': [ '8.65.0' ],
3569 silly audit   '@typescript-eslint/parser': [ '8.65.0' ],
3569 silly audit   'eslint-import-resolver-node': [ '0.3.10' ],
3569 silly audit   'eslint-import-resolver-typescript': [ '3.10.1' ],
3569 silly audit   'eslint-plugin-import': [ '2.32.0' ],
3569 silly audit   'eslint-plugin-jsx-a11y': [ '6.10.2' ],
3569 silly audit   'eslint-plugin-react': [ '7.37.5' ],
3569 silly audit   'eslint-plugin-react-hooks': [ '5.2.0' ],
3569 silly audit   'fast-glob': [ '3.3.1', '3.3.3' ],
3569 silly audit   '@typescript-eslint/scope-manager': [ '8.65.0' ],
3569 silly audit   '@typescript-eslint/type-utils': [ '8.65.0' ],
3569 silly audit   '@typescript-eslint/utils': [ '8.65.0' ],
3569 silly audit   '@typescript-eslint/visitor-keys': [ '8.65.0' ],
3569 silly audit   'ts-api-utils': [ '2.5.0' ],
3569 silly audit   '@typescript-eslint/types': [ '8.65.0' ],
3569 silly audit   '@typescript-eslint/typescript-estree': [ '8.65.0' ],
3569 silly audit   '@typescript-eslint/project-service': [ '8.65.0' ],
3569 silly audit   '@typescript-eslint/tsconfig-utils': [ '8.65.0' ],
3569 silly audit   tinyglobby: [ '0.2.17' ],
3569 silly audit   'is-core-module': [ '2.16.2' ],
3569 silly audit   resolve: [ '2.0.0-next.7', '1.22.12' ],
3569 silly audit   '@nolyfill/is-core-module': [ '1.0.39' ],
3569 silly audit   'get-tsconfig': [ '4.14.0' ],
3569 silly audit   'is-bun-module': [ '2.0.0' ],
3569 silly audit   'stable-hash': [ '0.0.5' ],
3569 silly audit   'unrs-resolver': [ '1.12.2' ],
3569 silly audit   '@rtsao/scc': [ '1.1.0' ],
3569 silly audit   'array-includes': [ '3.1.9' ],
3569 silly audit   'array.prototype.findlastindex': [ '1.2.6' ],
3569 silly audit   'array.prototype.flat': [ '1.3.3' ],
3569 silly audit   'array.prototype.flatmap': [ '1.3.3' ],
3569 silly audit   doctrine: [ '2.1.0' ],
3569 silly audit   'eslint-module-utils': [ '2.14.0' ],
3569 silly audit   hasown: [ '2.0.4' ],
3569 silly audit   'object.fromentries': [ '2.0.8' ],
3569 silly audit   'object.groupby': [ '1.0.3' ],
3569 silly audit   'object.values': [ '1.2.1' ],
3569 silly audit   'string.prototype.trimend': [ '1.0.10' ],
3569 silly audit   'tsconfig-paths': [ '3.15.0' ],
3569 silly audit   'call-bind': [ '1.0.9' ],
3569 silly audit   'call-bound': [ '1.0.4' ],
3569 silly audit   'define-properties': [ '1.2.1' ],
3569 silly audit   'es-abstract': [ '1.24.2' ],
3569 silly audit   'es-object-atoms': [ '1.1.2' ],
3569 silly audit   'get-intrinsic': [ '1.3.0' ],
3569 silly audit   'is-string': [ '1.1.1' ],
3569 silly audit   'math-intrinsics': [ '1.1.0' ],
3569 silly audit   'es-errors': [ '1.3.0' ],
3569 silly audit   'es-shim-unscopables': [ '1.1.0' ],
3569 silly audit   'call-bind-apply-helpers': [ '1.0.2' ],
3569 silly audit   'es-define-property': [ '1.0.1' ],
3569 silly audit   'set-function-length': [ '1.2.2' ],
3569 silly audit   'function-bind': [ '1.1.2' ],
3569 silly audit   'define-data-property': [ '1.1.4' ],
3569 silly audit   'has-property-descriptors': [ '1.0.2' ],
3569 silly audit   'object-keys': [ '1.1.1' ],
3569 silly audit   gopd: [ '1.2.0' ],
3569 silly audit   'array-buffer-byte-length': [ '1.0.2' ],
3569 silly audit   'arraybuffer.prototype.slice': [ '1.0.4' ],
3569 silly audit   'available-typed-arrays': [ '1.0.7' ],
3569 silly audit   'data-view-buffer': [ '1.0.2' ],
3569 silly audit   'data-view-byte-length': [ '1.0.2' ],
3569 silly audit   'data-view-byte-offset': [ '1.0.1' ],
3569 silly audit   'es-set-tostringtag': [ '2.1.0' ],
3569 silly audit   'es-to-primitive': [ '1.3.4' ],
3569 silly audit   'function.prototype.name': [ '1.2.0' ],
3569 silly audit   'get-proto': [ '1.0.1' ],
3569 silly audit   'get-symbol-description': [ '1.1.0' ],
3569 silly audit   globalthis: [ '1.0.4' ],
3569 silly audit   'has-proto': [ '1.2.0' ],
3569 silly audit   'has-symbols': [ '1.1.0' ],
3569 silly audit   'internal-slot': [ '1.1.0' ],
3569 silly audit   'is-array-buffer': [ '3.0.5' ],
3569 silly audit   'is-callable': [ '1.2.7' ],
3569 silly audit   'is-data-view': [ '1.0.2' ],
3569 silly audit   'is-negative-zero': [ '2.0.3' ],
3569 silly audit   'is-regex': [ '1.2.1' ],
3569 silly audit   'is-set': [ '2.0.3' ],
3569 silly audit   'is-shared-array-buffer': [ '1.0.4' ],
3569 silly audit   'is-typed-array': [ '1.1.15' ],
3569 silly audit   'is-weakref': [ '1.1.1' ],
3569 silly audit   'object-inspect': [ '1.13.4' ],
3569 silly audit   'object.assign': [ '4.1.7' ],
3569 silly audit   'own-keys': [ '1.0.2' ],
3569 silly audit   'regexp.prototype.flags': [ '1.5.4' ],
3569 silly audit   'safe-array-concat': [ '1.1.4' ],
3569 silly audit   'safe-push-apply': [ '1.0.0' ],
3569 silly audit   'safe-regex-test': [ '1.1.0' ],
3569 silly audit   'set-proto': [ '1.0.0' ],
3569 silly audit   'stop-iteration-iterator': [ '1.1.0' ],
3569 silly audit   'string.prototype.trim': [ '1.2.11' ],
3569 silly audit   'string.prototype.trimstart': [ '1.0.8' ],
3569 silly audit   'typed-array-buffer': [ '1.0.3' ],
3569 silly audit   'typed-array-byte-length': [ '1.0.3' ],
3569 silly audit   'typed-array-byte-offset': [ '1.0.4' ],
3569 silly audit   'typed-array-length': [ '1.0.8' ],
3569 silly audit   'unbox-primitive': [ '1.1.0' ],
3569 silly audit   'which-typed-array': [ '1.1.22' ],
3569 silly audit   'possible-typed-array-names': [ '1.1.0' ],
3569 silly audit   'has-tostringtag': [ '1.0.2' ],
3569 silly audit   'es-abstract-get': [ '1.0.0' ],
3569 silly audit   'is-date-object': [ '1.1.0' ],
3569 silly audit   'is-symbol': [ '1.1.1' ],
3569 silly audit   'ast-types-flow': [ '0.0.8' ],
3569 silly audit   'axe-core': [ '4.12.1' ],
3569 silly audit   'axobject-query': [ '4.1.0' ],
3569 silly audit   'damerau-levenshtein': [ '1.0.8' ],
3569 silly audit   'emoji-regex': [ '9.2.2' ],
3569 silly audit   'jsx-ast-utils': [ '3.3.5' ],
3569 silly audit   'language-tags': [ '1.0.9' ],
3569 silly audit   'string.prototype.includes': [ '2.0.1' ],
3569 silly audit   'array.prototype.findlast': [ '1.2.5' ],
3569 silly audit   'array.prototype.tosorted': [ '1.1.4' ],
3569 silly audit   'es-iterator-helpers': [ '1.4.0' ],
3569 silly audit   estraverse: [ '5.3.0' ],
3569 silly audit   'object.entries': [ '1.1.9' ],
3569 silly audit   'prop-types': [ '15.8.1' ],
3569 silly audit   'string.prototype.matchall': [ '4.0.12' ],
3569 silly audit   'string.prototype.repeat': [ '1.0.0' ],
3569 silly audit   'iterator.prototype': [ '1.1.5' ],
3569 silly audit   esrecurse: [ '4.3.0' ],
3569 silly audit   acorn: [ '8.18.0' ],
3569 silly audit   'acorn-jsx': [ '5.3.2' ],
3569 silly audit   '@nodelib/fs.stat': [ '2.0.5' ],
3569 silly audit   '@nodelib/fs.walk': [ '1.2.8' ],
3569 silly audit   merge2: [ '1.4.1' ],
3569 silly audit   micromatch: [ '4.0.8' ],
3569 silly audit   '@nodelib/fs.scandir': [ '2.1.5' ],
3569 silly audit   fastq: [ '1.20.1' ],
3569 silly audit   'run-parallel': [ '1.2.0' ],
3569 silly audit   reusify: [ '1.1.0' ],
3569 silly audit   'flat-cache': [ '4.0.1' ],
3569 silly audit   'locate-path': [ '6.0.0' ],
3569 silly audit   'path-exists': [ '4.0.0' ],
3569 silly audit   flatted: [ '3.4.4' ],
3569 silly audit   keyv: [ '4.5.4' ],
3569 silly audit   'motion-dom': [ '12.43.0' ],
3569 silly audit   'motion-utils': [ '12.39.0' ],
3569 silly audit   tslib: [ '2.8.1' ],
3569 silly audit   'functions-have-names': [ '1.2.3' ],
3569 silly audit   'is-document.all': [ '1.0.0' ],
3569 silly audit   'dunder-proto': [ '1.0.1' ],
3569 silly audit   'resolve-pkg-maps': [ '1.0.0' ],
3569 silly audit   'parent-module': [ '1.0.1' ],
3569 silly audit   'resolve-from': [ '4.0.0' ],
3569 silly audit   'side-channel': [ '1.1.1' ],
3569 silly audit   'is-extglob': [ '2.1.1' ],
3569 silly audit   'set-function-name': [ '2.0.2' ],
3569 silly audit   argparse: [ '2.0.1' ],
3569 silly audit   cssstyle: [ '4.6.0' ],
3569 silly audit   'data-urls': [ '5.0.0' ],
3569 silly audit   'decimal.js': [ '10.6.0' ],
3569 silly audit   'form-data': [ '4.0.6' ],
3569 silly audit   'html-encoding-sniffer': [ '4.0.0' ],
3569 silly audit   'http-proxy-agent': [ '7.0.2' ],
3569 silly audit   'https-proxy-agent': [ '7.0.6' ],
3569 silly audit   'is-potential-custom-element-name': [ '1.0.1' ],
3569 silly audit   nwsapi: [ '2.2.24' ],
3569 silly audit   parse5: [ '7.3.0' ],
3569 silly audit   'rrweb-cssom': [ '0.7.1', '0.8.0' ],
3569 silly audit   saxes: [ '6.0.0' ],
3569 silly audit   'symbol-tree': [ '3.2.4' ],
3569 silly audit   'tough-cookie': [ '5.1.2' ],
3569 silly audit   'w3c-xmlserializer': [ '5.0.0' ],
3569 silly audit   'webidl-conversions': [ '7.0.0' ],
3569 silly audit   'whatwg-encoding': [ '3.1.1' ],
3569 silly audit   'whatwg-mimetype': [ '4.0.0' ],
3569 silly audit   'whatwg-url': [ '14.2.0' ],
3569 silly audit   ws: [ '8.21.1' ],
3569 silly audit   'xml-name-validator': [ '5.0.0' ],
3569 silly audit   '@asamuzakjp/css-color': [ '3.2.0' ],
3569 silly audit   '@csstools/css-calc': [ '2.1.4' ],
3569 silly audit   '@csstools/css-tokenizer': [ '3.0.4' ],
3569 silly audit   '@csstools/css-parser-algorithms': [ '3.0.5' ],
3569 silly audit   '@csstools/css-color-parser': [ '3.1.0' ],
3569 silly audit   '@csstools/color-helpers': [ '5.1.0' ],
3569 silly audit   asynckit: [ '0.4.0' ],
3569 silly audit   'combined-stream': [ '1.0.8' ],
3569 silly audit   'mime-types': [ '2.1.35' ],
3569 silly audit   'delayed-stream': [ '1.0.0' ],
3569 silly audit   'agent-base': [ '7.1.4' ],
3569 silly audit   'json-buffer': [ '3.0.1' ],
3569 silly audit   'language-subtag-registry': [ '0.3.23' ],
3569 silly audit   'prelude-ls': [ '1.2.1' ],
3569 silly audit   'type-check': [ '0.4.0' ],
3569 silly audit   'p-locate': [ '5.0.0' ],
3569 silly audit   yallist: [ '3.1.1' ],
3569 silly audit   braces: [ '3.0.3' ],
3569 silly audit   picomatch: [ '2.3.2', '4.0.5' ],
3569 silly audit   'fill-range': [ '7.1.1' ],
3569 silly audit   'to-regex-range': [ '5.0.1' ],
3569 silly audit   'mime-db': [ '1.52.0' ],
3569 silly audit   'brace-expansion': [ '1.1.18', '5.0.9' ],
3569 silly audit   'balanced-match': [ '1.0.2', '4.0.4' ],
3569 silly audit   'concat-map': [ '0.0.1' ],
3569 silly audit   '@next/env': [ '15.5.22' ],
3569 silly audit   '@next/swc-darwin-arm64': [ '15.5.22' ],
3569 silly audit   '@next/swc-darwin-x64': [ '15.5.22' ],
3569 silly audit   '@next/swc-linux-arm64-gnu': [ '15.5.22' ],
3569 silly audit   '@next/swc-linux-arm64-musl': [ '15.5.22' ],
3569 silly audit   '@next/swc-linux-x64-gnu': [ '15.5.22' ],
3569 silly audit   '@next/swc-linux-x64-musl': [ '15.5.22' ],
3569 silly audit   '@next/swc-win32-arm64-msvc': [ '15.5.22' ],
3569 silly audit   '@next/swc-win32-x64-msvc': [ '15.5.22' ],
3569 silly audit   '@swc/helpers': [ '0.5.15' ],
3569 silly audit   sharp: [ '0.34.5' ],
3569 silly audit   'styled-jsx': [ '5.1.6' ],
3569 silly audit   'deep-is': [ '0.1.4' ],
3569 silly audit   'fast-levenshtein': [ '2.0.6' ],
3569 silly audit   'word-wrap': [ '1.2.5' ],
3569 silly audit   'p-limit': [ '3.1.0' ],
3569 silly audit   'yocto-queue': [ '0.1.0' ],
3569 silly audit   callsites: [ '3.1.0' ],
3569 silly audit   entities: [ '6.0.1' ],
3569 silly audit   nanoid: [ '3.3.16' ],
3569 silly audit   'source-map-js': [ '1.2.1' ],
3569 silly audit   'ansi-regex': [ '5.0.1' ],
3569 silly audit   'react-is': [ '17.0.2', '16.13.1' ],
3569 silly audit   'loose-envify': [ '1.4.0' ],
3569 silly audit   'object-assign': [ '4.1.1' ],
3569 silly audit   scheduler: [ '0.27.0' ],
3569 silly audit   'indent-string': [ '4.0.0' ],
3569 silly audit   'strip-indent': [ '3.0.0' ],
3569 silly audit   'node-exports-info': [ '1.6.2' ],
3569 silly audit   'path-parse': [ '1.0.7' ],
3569 silly audit   'supports-preserve-symlinks-flag': [ '1.0.0' ],
3569 silly audit   'queue-microtask': [ '1.2.3' ],
3569 silly audit   isarray: [ '2.0.5' ],
3569 silly audit   xmlchars: [ '2.2.0' ],
3569 silly audit   '@img/colour': [ '1.1.0' ],
3569 silly audit   '@img/sharp-darwin-arm64': [ '0.34.5' ],
3569 silly audit   '@img/sharp-darwin-x64': [ '0.34.5' ],
3569 silly audit   '@img/sharp-libvips-darwin-arm64': [ '1.2.4' ],
3569 silly audit   '@img/sharp-libvips-darwin-x64': [ '1.2.4' ],
3569 silly audit   '@img/sharp-libvips-linux-arm': [ '1.2.4' ],
3569 silly audit   '@img/sharp-libvips-linux-arm64': [ '1.2.4' ],
3569 silly audit   '@img/sharp-libvips-linux-ppc64': [ '1.2.4' ],
3569 silly audit   '@img/sharp-libvips-linux-riscv64': [ '1.2.4' ],
3569 silly audit   '@img/sharp-libvips-linux-s390x': [ '1.2.4' ],
3569 silly audit   '@img/sharp-libvips-linux-x64': [ '1.2.4' ],
3569 silly audit   '@img/sharp-libvips-linuxmusl-arm64': [ '1.2.4' ],
3569 silly audit   '@img/sharp-libvips-linuxmusl-x64': [ '1.2.4' ],
3569 silly audit   '@img/sharp-linux-arm': [ '0.34.5' ],
3569 silly audit   '@img/sharp-linux-arm64': [ '0.34.5' ],
3569 silly audit   '@img/sharp-linux-ppc64': [ '0.34.5' ],
3569 silly audit   '@img/sharp-linux-riscv64': [ '0.34.5' ],
3569 silly audit   '@img/sharp-linux-s390x': [ '0.34.5' ],
3569 silly audit   '@img/sharp-linux-x64': [ '0.34.5' ],
3569 silly audit   '@img/sharp-linuxmusl-arm64': [ '0.34.5' ],
3569 silly audit   '@img/sharp-linuxmusl-x64': [ '0.34.5' ],
3569 silly audit   '@img/sharp-wasm32': [ '0.34.5' ],
3569 silly audit   '@img/sharp-win32-arm64': [ '0.34.5' ],
3569 silly audit   '@img/sharp-win32-ia32': [ '0.34.5' ],
3569 silly audit   '@img/sharp-win32-x64': [ '0.34.5' ],
3569 silly audit   'detect-libc': [ '2.1.2' ],
3569 silly audit   '@emnapi/runtime': [ '1.11.3', '1.10.0' ],
3569 silly audit   'shebang-regex': [ '3.0.0' ],
3569 silly audit   'side-channel-list': [ '1.0.1' ],
3569 silly audit   'side-channel-map': [ '1.0.1' ],
3569 silly audit   'side-channel-weakmap': [ '1.0.2' ],
3569 silly audit   'min-indent': [ '1.0.1' ],
3569 silly audit   'client-only': [ '0.0.1' ],
3569 silly audit   'has-flag': [ '4.0.0' ],
3569 silly audit   '@alloc/quick-lru': [ '5.2.0' ],
3569 silly audit   arg: [ '5.0.2' ],
3569 silly audit   chokidar: [ '3.6.0' ],
3569 silly audit   didyoumean: [ '1.2.2' ],
3569 silly audit   dlv: [ '1.1.3' ],
3569 silly audit   jiti: [ '1.21.7' ],
3569 silly audit   lilconfig: [ '3.1.3' ],
3569 silly audit   'normalize-path': [ '3.0.0' ],
3569 silly audit   'object-hash': [ '3.0.0' ],
3569 silly audit   'postcss-import': [ '15.1.0' ],
3569 silly audit   'postcss-js': [ '4.1.0' ],
3569 silly audit   'postcss-load-config': [ '6.0.1' ],
3569 silly audit   'postcss-nested': [ '6.2.0' ],
3569 silly audit   'postcss-selector-parser': [ '6.1.4' ],
3569 silly audit   sucrase: [ '3.35.1' ],
3569 silly audit   anymatch: [ '3.1.3' ],
3569 silly audit   fsevents: [ '2.3.3' ],
3569 silly audit   'is-binary-path': [ '2.1.0' ],
3569 silly audit   readdirp: [ '3.6.0' ],
3569 silly audit   'binary-extensions': [ '2.3.0' ],
3569 silly audit   'read-cache': [ '1.0.0' ],
3569 silly audit   'camelcase-css': [ '2.0.1' ],
3569 silly audit   cssesc: [ '3.0.0' ],
3569 silly audit   'util-deprecate': [ '1.0.2' ],
3569 silly audit   pify: [ '2.3.0' ],
3569 silly audit   commander: [ '4.1.1' ],
3569 silly audit   'lines-and-columns': [ '1.2.4' ],
3569 silly audit   mz: [ '2.7.0' ],
3569 silly audit   pirates: [ '4.0.7' ],
3569 silly audit   'ts-interface-checker': [ '0.1.13' ],
3569 silly audit   'any-promise': [ '1.3.0' ],
3569 silly audit   'thenify-all': [ '1.6.0' ],
3569 silly audit   thenify: [ '3.3.1' ],
3569 silly audit   fdir: [ '6.5.0' ],
3569 silly audit   'is-number': [ '7.0.0' ],
3569 silly audit   tldts: [ '6.1.86' ],
3569 silly audit   'tldts-core': [ '6.1.86' ],
3569 silly audit   '@types/json5': [ '0.0.29' ],
3569 silly audit   minimist: [ '1.2.8' ],
3569 silly audit   'strip-bom': [ '3.0.0' ],
3569 silly audit   'for-each': [ '0.3.5' ],
3569 silly audit   'reflect.getprototypeof': [ '1.0.10' ],
3569 silly audit   'which-builtin-type': [ '1.2.1' ],
3569 silly audit   'has-bigints': [ '1.1.0' ],
3569 silly audit   'which-boxed-primitive': [ '1.1.1' ],
3569 silly audit   '@unrs/resolver-binding-android-arm-eabi': [ '1.12.2' ],
3569 silly audit   '@unrs/resolver-binding-android-arm64': [ '1.12.2' ],
3569 silly audit   '@unrs/resolver-binding-darwin-arm64': [ '1.12.2' ],
3569 silly audit   '@unrs/resolver-binding-darwin-x64': [ '1.12.2' ],
3569 silly audit   '@unrs/resolver-binding-freebsd-x64': [ '1.12.2' ],
3569 silly audit   '@unrs/resolver-binding-linux-arm-gnueabihf': [ '1.12.2' ],
3569 silly audit   '@unrs/resolver-binding-linux-arm-musleabihf': [ '1.12.2' ],
3569 silly audit   '@unrs/resolver-binding-linux-arm64-gnu': [ '1.12.2' ],
3569 silly audit   '@unrs/resolver-binding-linux-arm64-musl': [ '1.12.2' ],
3569 silly audit   '@unrs/resolver-binding-linux-loong64-gnu': [ '1.12.2' ],
3569 silly audit   '@unrs/resolver-binding-linux-loong64-musl': [ '1.12.2' ],
3569 silly audit   '@unrs/resolver-binding-linux-ppc64-gnu': [ '1.12.2' ],
3569 silly audit   '@unrs/resolver-binding-linux-riscv64-gnu': [ '1.12.2' ],
3569 silly audit   '@unrs/resolver-binding-linux-riscv64-musl': [ '1.12.2' ],
3569 silly audit   '@unrs/resolver-binding-linux-s390x-gnu': [ '1.12.2' ],
3569 silly audit   '@unrs/resolver-binding-linux-x64-gnu': [ '1.12.2' ],
3569 silly audit   '@unrs/resolver-binding-linux-x64-musl': [ '1.12.2' ],
3569 silly audit   '@unrs/resolver-binding-openharmony-arm64': [ '1.12.2' ],
3569 silly audit   '@unrs/resolver-binding-wasm32-wasi': [ '1.12.2' ],
3569 silly audit   '@unrs/resolver-binding-win32-arm64-msvc': [ '1.12.2' ],
3569 silly audit   '@unrs/resolver-binding-win32-ia32-msvc': [ '1.12.2' ],
3569 silly audit   '@unrs/resolver-binding-win32-x64-msvc': [ '1.12.2' ],
3569 silly audit   'napi-postinstall': [ '0.3.4' ],
3569 silly audit   '@emnapi/core': [ '1.10.0' ],
3569 silly audit   '@napi-rs/wasm-runtime': [ '1.2.1' ],
3569 silly audit   '@emnapi/wasi-threads': [ '1.2.1' ],
3569 silly audit   '@tybys/wasm-util': [ '0.10.3' ],
3569 silly audit   escalade: [ '3.2.0' ],
3569 silly audit   punycode: [ '2.3.1' ],
3569 silly audit   esbuild: [ '0.25.12', '0.21.5' ],
3569 silly audit   rollup: [ '4.62.3' ],
3569 silly audit   '@esbuild/aix-ppc64': [ '0.25.12', '0.21.5' ],
3569 silly audit   '@esbuild/android-arm': [ '0.25.12', '0.21.5' ],
3569 silly audit   '@esbuild/android-arm64': [ '0.25.12', '0.21.5' ],
3569 silly audit   '@esbuild/android-x64': [ '0.25.12', '0.21.5' ],
3569 silly audit   '@esbuild/darwin-arm64': [ '0.25.12', '0.21.5' ],
3569 silly audit   '@esbuild/darwin-x64': [ '0.25.12', '0.21.5' ],
3569 silly audit   '@esbuild/freebsd-arm64': [ '0.25.12', '0.21.5' ],
3569 silly audit   '@esbuild/freebsd-x64': [ '0.25.12', '0.21.5' ],
3569 silly audit   '@esbuild/linux-arm': [ '0.25.12', '0.21.5' ],
3569 silly audit   '@esbuild/linux-arm64': [ '0.25.12', '0.21.5' ],
3569 silly audit   '@esbuild/linux-ia32': [ '0.25.12', '0.21.5' ],
3569 silly audit   '@esbuild/linux-loong64': [ '0.25.12', '0.21.5' ],
3569 silly audit   '@esbuild/linux-mips64el': [ '0.25.12', '0.21.5' ],
3569 silly audit   '@esbuild/linux-ppc64': [ '0.25.12', '0.21.5' ],
3569 silly audit   '@esbuild/linux-riscv64': [ '0.25.12', '0.21.5' ],
3569 silly audit   '@esbuild/linux-s390x': [ '0.25.12', '0.21.5' ],
3569 silly audit   '@esbuild/linux-x64': [ '0.25.12', '0.21.5' ],
3569 silly audit   '@esbuild/netbsd-arm64': [ '0.25.12' ],
3569 silly audit   '@esbuild/netbsd-x64': [ '0.25.12', '0.21.5' ],
3569 silly audit   '@esbuild/openbsd-arm64': [ '0.25.12' ],
3569 silly audit   '@esbuild/openbsd-x64': [ '0.25.12', '0.21.5' ],
3569 silly audit   '@esbuild/openharmony-arm64': [ '0.25.12' ],
3569 silly audit   '@esbuild/sunos-x64': [ '0.25.12', '0.21.5' ],
3569 silly audit   '@esbuild/win32-arm64': [ '0.25.12', '0.21.5' ],
3569 silly audit   '@esbuild/win32-ia32': [ '0.25.12', '0.21.5' ],
3569 silly audit   '@esbuild/win32-x64': [ '0.25.12', '0.21.5' ],
3569 silly audit   '@rollup/rollup-android-arm-eabi': [ '4.62.3' ],
3569 silly audit   '@rollup/rollup-android-arm64': [ '4.62.3' ],
3569 silly audit   '@rollup/rollup-darwin-arm64': [ '4.62.3' ],
3569 silly audit   '@rollup/rollup-darwin-x64': [ '4.62.3' ],
3569 silly audit   '@rollup/rollup-freebsd-arm64': [ '4.62.3' ],
3569 silly audit   '@rollup/rollup-freebsd-x64': [ '4.62.3' ],
3569 silly audit   '@rollup/rollup-linux-arm-gnueabihf': [ '4.62.3' ],
3569 silly audit   '@rollup/rollup-linux-arm-musleabihf': [ '4.62.3' ],
3569 silly audit   '@rollup/rollup-linux-arm64-gnu': [ '4.62.3' ],
3569 silly audit   '@rollup/rollup-linux-arm64-musl': [ '4.62.3' ],
3569 silly audit   '@rollup/rollup-linux-loong64-gnu': [ '4.62.3' ],
3569 silly audit   '@rollup/rollup-linux-loong64-musl': [ '4.62.3' ],
3569 silly audit   '@rollup/rollup-linux-ppc64-gnu': [ '4.62.3' ],
3569 silly audit   '@rollup/rollup-linux-ppc64-musl': [ '4.62.3' ],
3569 silly audit   '@rollup/rollup-linux-riscv64-gnu': [ '4.62.3' ],
3569 silly audit   '@rollup/rollup-linux-riscv64-musl': [ '4.62.3' ],
3569 silly audit   '@rollup/rollup-linux-s390x-gnu': [ '4.62.3' ],
3569 silly audit   '@rollup/rollup-linux-x64-gnu': [ '4.62.3' ],
3569 silly audit   '@rollup/rollup-linux-x64-musl': [ '4.62.3' ],
3569 silly audit   '@rollup/rollup-openbsd-x64': [ '4.62.3' ],
3569 silly audit   '@rollup/rollup-openharmony-arm64': [ '4.62.3' ],
3569 silly audit   '@rollup/rollup-win32-arm64-msvc': [ '4.62.3' ],
3569 silly audit   '@rollup/rollup-win32-ia32-msvc': [ '4.62.3' ],
3569 silly audit   '@rollup/rollup-win32-x64-gnu': [ '4.62.3' ],
3569 silly audit   '@rollup/rollup-win32-x64-msvc': [ '4.62.3' ],
3569 silly audit   '@vitest/expect': [ '2.1.9' ],
3569 silly audit   '@vitest/mocker': [ '2.1.9' ],
3569 silly audit   '@vitest/pretty-format': [ '2.1.9' ],
3569 silly audit   '@vitest/runner': [ '2.1.9' ],
3569 silly audit   '@vitest/snapshot': [ '2.1.9' ],
3569 silly audit   '@vitest/spy': [ '2.1.9' ],
3569 silly audit   '@vitest/utils': [ '2.1.9' ],
3569 silly audit   chai: [ '5.3.3' ],
3569 silly audit   'expect-type': [ '1.4.0' ],
3569 silly audit   'magic-string': [ '0.30.21' ],
3569 silly audit   pathe: [ '1.1.2' ],
3569 silly audit   'std-env': [ '3.10.0' ],
3569 silly audit   tinybench: [ '2.9.0' ],
3569 silly audit   tinyexec: [ '0.3.2' ],
3569 silly audit   tinypool: [ '1.1.1' ],
3569 silly audit   tinyrainbow: [ '1.2.0' ],
3569 silly audit   'vite-node': [ '2.1.9' ],
3569 silly audit   'why-is-node-running': [ '2.3.0' ],
3569 silly audit   tinyspy: [ '3.0.2' ],
3569 silly audit   loupe: [ '3.2.1' ],
3569 silly audit   'assertion-error': [ '2.0.1' ],
3569 silly audit   'check-error': [ '2.1.3' ],
3569 silly audit   'deep-eql': [ '5.0.2' ],
3569 silly audit   pathval: [ '2.0.1' ],
3569 silly audit   cac: [ '6.7.14' ],
3569 silly audit   'es-module-lexer': [ '1.7.0' ],
3569 silly audit   'iconv-lite': [ '0.6.3' ],
3569 silly audit   'safer-buffer': [ '2.1.2' ],
3569 silly audit   tr46: [ '5.1.1' ],
3569 silly audit   isexe: [ '2.0.0' ],
3569 silly audit   'is-bigint': [ '1.1.0' ],
3569 silly audit   'is-boolean-object': [ '1.2.2' ],
3569 silly audit   'is-number-object': [ '1.1.1' ],
3569 silly audit   'is-async-function': [ '2.1.1' ],
3569 silly audit   'is-finalizationregistry': [ '1.1.1' ],
3569 silly audit   'is-generator-function': [ '1.1.2' ],
3569 silly audit   'which-collection': [ '1.0.2' ],
3569 silly audit   'async-function': [ '1.0.0' ],
3569 silly audit   'generator-function': [ '2.0.1' ],
3569 silly audit   'is-map': [ '2.0.3' ],
3569 silly audit   'is-weakmap': [ '2.0.2' ],
3569 silly audit   'is-weakset': [ '2.0.4' ],
3569 silly audit   siginfo: [ '2.0.0' ],
3569 silly audit   stackback: [ '0.0.2' ],
3569 silly audit   'use-sync-external-store': [ '1.6.0' ],
3569 silly audit   'estree-walker': [ '3.0.3' ]
3569 silly audit }
3570 http cache estree-walker@https://registry.npmjs.org/estree-walker/-/estree-walker-3.0.3.tgz 0ms (cache hit)
3571 http cache use-sync-external-store@https://registry.npmjs.org/use-sync-external-store/-/use-sync-external-store-1.6.0.tgz 0ms (cache hit)
3572 http cache is-weakset@https://registry.npmjs.org/is-weakset/-/is-weakset-2.0.4.tgz 0ms (cache hit)
3573 http cache stackback@https://registry.npmjs.org/stackback/-/stackback-0.0.2.tgz 0ms (cache hit)
3574 http cache siginfo@https://registry.npmjs.org/siginfo/-/siginfo-2.0.0.tgz 0ms (cache hit)
3575 http cache is-weakmap@https://registry.npmjs.org/is-weakmap/-/is-weakmap-2.0.2.tgz 1ms (cache hit)
3576 http cache is-map@https://registry.npmjs.org/is-map/-/is-map-2.0.3.tgz 0ms (cache hit)
3577 http cache which-collection@https://registry.npmjs.org/which-collection/-/which-collection-1.0.2.tgz 0ms (cache hit)
3578 http cache generator-function@https://registry.npmjs.org/generator-function/-/generator-function-2.0.1.tgz 0ms (cache hit)
3579 http cache is-finalizationregistry@https://registry.npmjs.org/is-finalizationregistry/-/is-finalizationregistry-1.1.1.tgz 0ms (cache hit)
3580 http cache is-async-function@https://registry.npmjs.org/is-async-function/-/is-async-function-2.1.1.tgz 0ms (cache hit)
3581 http cache is-generator-function@https://registry.npmjs.org/is-generator-function/-/is-generator-function-1.1.2.tgz 0ms (cache hit)
3582 http cache async-function@https://registry.npmjs.org/async-function/-/async-function-1.0.0.tgz 0ms (cache hit)
3583 http cache is-number-object@https://registry.npmjs.org/is-number-object/-/is-number-object-1.1.1.tgz 0ms (cache hit)
3584 http cache is-bigint@https://registry.npmjs.org/is-bigint/-/is-bigint-1.1.0.tgz 0ms (cache hit)
3585 http cache safer-buffer@https://registry.npmjs.org/safer-buffer/-/safer-buffer-2.1.2.tgz 0ms (cache hit)
3586 http cache tr46@https://registry.npmjs.org/tr46/-/tr46-5.1.1.tgz 1ms (cache hit)
3587 http cache isexe@https://registry.npmjs.org/isexe/-/isexe-2.0.0.tgz 0ms (cache hit)
3588 http cache is-boolean-object@https://registry.npmjs.org/is-boolean-object/-/is-boolean-object-1.2.2.tgz 0ms (cache hit)
3589 http cache iconv-lite@https://registry.npmjs.org/iconv-lite/-/iconv-lite-0.6.3.tgz 0ms (cache hit)
3590 http cache cac@https://registry.npmjs.org/cac/-/cac-6.7.14.tgz 0ms (cache hit)
3591 http cache pathval@https://registry.npmjs.org/pathval/-/pathval-2.0.1.tgz 0ms (cache hit)
3592 http cache es-module-lexer@https://registry.npmjs.org/es-module-lexer/-/es-module-lexer-1.7.0.tgz 0ms (cache hit)
3593 http cache deep-eql@https://registry.npmjs.org/deep-eql/-/deep-eql-5.0.2.tgz 0ms (cache hit)
3594 http cache assertion-error@https://registry.npmjs.org/assertion-error/-/assertion-error-2.0.1.tgz 0ms (cache hit)
3595 http cache check-error@https://registry.npmjs.org/check-error/-/check-error-2.1.3.tgz 0ms (cache hit)
3596 http cache loupe@https://registry.npmjs.org/loupe/-/loupe-3.2.1.tgz 0ms (cache hit)
3597 http cache tinyspy@https://registry.npmjs.org/tinyspy/-/tinyspy-3.0.2.tgz 0ms (cache hit)
3598 http cache why-is-node-running@https://registry.npmjs.org/why-is-node-running/-/why-is-node-running-2.3.0.tgz 0ms (cache hit)
3599 http cache vite-node@https://registry.npmjs.org/vite-node/-/vite-node-2.1.9.tgz 0ms (cache hit)
3600 http cache tinyrainbow@https://registry.npmjs.org/tinyrainbow/-/tinyrainbow-1.2.0.tgz 0ms (cache hit)
3601 http cache tinypool@https://registry.npmjs.org/tinypool/-/tinypool-1.1.1.tgz 0ms (cache hit)
3602 http cache tinyexec@https://registry.npmjs.org/tinyexec/-/tinyexec-0.3.2.tgz 1ms (cache hit)
3603 http cache std-env@https://registry.npmjs.org/std-env/-/std-env-3.10.0.tgz 0ms (cache hit)
3604 http cache tinybench@https://registry.npmjs.org/tinybench/-/tinybench-2.9.0.tgz 0ms (cache hit)
3605 http cache pathe@https://registry.npmjs.org/pathe/-/pathe-1.1.2.tgz 0ms (cache hit)
3606 http cache magic-string@https://registry.npmjs.org/magic-string/-/magic-string-0.30.21.tgz 0ms (cache hit)
3607 http cache expect-type@https://registry.npmjs.org/expect-type/-/expect-type-1.4.0.tgz 0ms (cache hit)
3608 http cache chai@https://registry.npmjs.org/chai/-/chai-5.3.3.tgz 0ms (cache hit)
3609 http cache @vitest/snapshot@https://registry.npmjs.org/@vitest/snapshot/-/snapshot-2.1.9.tgz 0ms (cache hit)
3610 http cache @vitest/spy@https://registry.npmjs.org/@vitest/spy/-/spy-2.1.9.tgz 0ms (cache hit)
3611 http cache @vitest/utils@https://registry.npmjs.org/@vitest/utils/-/utils-2.1.9.tgz 0ms (cache hit)
3612 http cache @vitest/runner@https://registry.npmjs.org/@vitest/runner/-/runner-2.1.9.tgz 0ms (cache hit)
3613 http cache @vitest/pretty-format@https://registry.npmjs.org/@vitest/pretty-format/-/pretty-format-2.1.9.tgz 0ms (cache hit)
3614 http cache @esbuild/win32-x64@https://registry.npmjs.org/@esbuild/win32-x64/-/win32-x64-0.25.12.tgz 0ms (cache hit)
3615 http cache @rollup/rollup-win32-x64-gnu@https://registry.npmjs.org/@rollup/rollup-win32-x64-gnu/-/rollup-win32-x64-gnu-4.62.3.tgz 0ms (cache hit)
3616 http cache @vitest/expect@https://registry.npmjs.org/@vitest/expect/-/expect-2.1.9.tgz 0ms (cache hit)
3617 http cache rollup@https://registry.npmjs.org/rollup/-/rollup-4.62.3.tgz 0ms (cache hit)
3618 http cache @rollup/rollup-win32-x64-msvc@https://registry.npmjs.org/@rollup/rollup-win32-x64-msvc/-/rollup-win32-x64-msvc-4.62.3.tgz 0ms (cache hit)
3619 http cache esbuild@https://registry.npmjs.org/esbuild/-/esbuild-0.25.12.tgz 0ms (cache hit)
3620 http cache napi-postinstall@https://registry.npmjs.org/napi-postinstall/-/napi-postinstall-0.3.4.tgz 1ms (cache hit)
3621 http cache escalade@https://registry.npmjs.org/escalade/-/escalade-3.2.0.tgz 0ms (cache hit)
3622 http cache which-boxed-primitive@https://registry.npmjs.org/which-boxed-primitive/-/which-boxed-primitive-1.1.1.tgz 0ms (cache hit)
3623 http cache punycode@https://registry.npmjs.org/punycode/-/punycode-2.3.1.tgz 0ms (cache hit)
3624 http cache has-bigints@https://registry.npmjs.org/has-bigints/-/has-bigints-1.1.0.tgz 0ms (cache hit)
3625 http cache @unrs/resolver-binding-win32-x64-msvc@https://registry.npmjs.org/@unrs/resolver-binding-win32-x64-msvc/-/resolver-binding-win32-x64-msvc-1.12.2.tgz 0ms (cache hit)
3626 http cache which-builtin-type@https://registry.npmjs.org/which-builtin-type/-/which-builtin-type-1.2.1.tgz 0ms (cache hit)
3627 http cache reflect.getprototypeof@https://registry.npmjs.org/reflect.getprototypeof/-/reflect.getprototypeof-1.0.10.tgz 0ms (cache hit)
3628 http cache for-each@https://registry.npmjs.org/for-each/-/for-each-0.3.5.tgz 0ms (cache hit)
3629 http cache tldts@https://registry.npmjs.org/tldts/-/tldts-6.1.86.tgz 0ms (cache hit)
3630 http cache minimist@https://registry.npmjs.org/minimist/-/minimist-1.2.8.tgz 0ms (cache hit)
3631 http cache tldts-core@https://registry.npmjs.org/tldts-core/-/tldts-core-6.1.86.tgz 0ms (cache hit)
3632 http cache strip-bom@https://registry.npmjs.org/strip-bom/-/strip-bom-3.0.0.tgz 0ms (cache hit)
3633 http cache @types/json5@https://registry.npmjs.org/@types/json5/-/json5-0.0.29.tgz 0ms (cache hit)
3634 http cache thenify@https://registry.npmjs.org/thenify/-/thenify-3.3.1.tgz 0ms (cache hit)
3635 http cache pirates@https://registry.npmjs.org/pirates/-/pirates-4.0.7.tgz 0ms (cache hit)
3636 http cache thenify-all@https://registry.npmjs.org/thenify-all/-/thenify-all-1.6.0.tgz 0ms (cache hit)
3637 http cache ts-interface-checker@https://registry.npmjs.org/ts-interface-checker/-/ts-interface-checker-0.1.13.tgz 0ms (cache hit)
3638 http cache lines-and-columns@https://registry.npmjs.org/lines-and-columns/-/lines-and-columns-1.2.4.tgz 0ms (cache hit)
3639 http cache is-number@https://registry.npmjs.org/is-number/-/is-number-7.0.0.tgz 0ms (cache hit)
3640 http cache any-promise@https://registry.npmjs.org/any-promise/-/any-promise-1.3.0.tgz 0ms (cache hit)
3641 http cache mz@https://registry.npmjs.org/mz/-/mz-2.7.0.tgz 0ms (cache hit)
3642 http cache pify@https://registry.npmjs.org/pify/-/pify-2.3.0.tgz 0ms (cache hit)
3643 http cache read-cache@https://registry.npmjs.org/read-cache/-/read-cache-1.0.0.tgz 0ms (cache hit)
3644 http cache commander@https://registry.npmjs.org/commander/-/commander-4.1.1.tgz 0ms (cache hit)
3645 http cache util-deprecate@https://registry.npmjs.org/util-deprecate/-/util-deprecate-1.0.2.tgz 0ms (cache hit)
3646 http cache camelcase-css@https://registry.npmjs.org/camelcase-css/-/camelcase-css-2.0.1.tgz 0ms (cache hit)
3647 http cache binary-extensions@https://registry.npmjs.org/binary-extensions/-/binary-extensions-2.3.0.tgz 0ms (cache hit)
3648 http cache cssesc@https://registry.npmjs.org/cssesc/-/cssesc-3.0.0.tgz 0ms (cache hit)
3649 http cache is-binary-path@https://registry.npmjs.org/is-binary-path/-/is-binary-path-2.1.0.tgz 0ms (cache hit)
3650 http cache readdirp@https://registry.npmjs.org/readdirp/-/readdirp-3.6.0.tgz 0ms (cache hit)
3651 http cache sucrase@https://registry.npmjs.org/sucrase/-/sucrase-3.35.1.tgz 0ms (cache hit)
3652 http cache anymatch@https://registry.npmjs.org/anymatch/-/anymatch-3.1.3.tgz 0ms (cache hit)
3653 http cache postcss-nested@https://registry.npmjs.org/postcss-nested/-/postcss-nested-6.2.0.tgz 0ms (cache hit)
3654 http cache postcss-load-config@https://registry.npmjs.org/postcss-load-config/-/postcss-load-config-6.0.1.tgz 0ms (cache hit)
3655 http cache postcss-js@https://registry.npmjs.org/postcss-js/-/postcss-js-4.1.0.tgz 0ms (cache hit)
3656 http cache object-hash@https://registry.npmjs.org/object-hash/-/object-hash-3.0.0.tgz 0ms (cache hit)
3657 http cache postcss-import@https://registry.npmjs.org/postcss-import/-/postcss-import-15.1.0.tgz 0ms (cache hit)
3658 http cache jiti@https://registry.npmjs.org/jiti/-/jiti-1.21.7.tgz 0ms (cache hit)
3659 http cache lilconfig@https://registry.npmjs.org/lilconfig/-/lilconfig-3.1.3.tgz 0ms (cache hit)
3660 http cache normalize-path@https://registry.npmjs.org/normalize-path/-/normalize-path-3.0.0.tgz 0ms (cache hit)
3661 http cache dlv@https://registry.npmjs.org/dlv/-/dlv-1.1.3.tgz 1ms (cache hit)
3662 http cache @alloc/quick-lru@https://registry.npmjs.org/@alloc/quick-lru/-/quick-lru-5.2.0.tgz 0ms (cache hit)
3663 http cache didyoumean@https://registry.npmjs.org/didyoumean/-/didyoumean-1.2.2.tgz 0ms (cache hit)
3664 http cache chokidar@https://registry.npmjs.org/chokidar/-/chokidar-3.6.0.tgz 0ms (cache hit)
3665 http cache arg@https://registry.npmjs.org/arg/-/arg-5.0.2.tgz 0ms (cache hit)
3666 http cache postcss-selector-parser@https://registry.npmjs.org/postcss-selector-parser/-/postcss-selector-parser-6.1.4.tgz 0ms (cache hit)
3667 http cache min-indent@https://registry.npmjs.org/min-indent/-/min-indent-1.0.1.tgz 0ms (cache hit)
3668 http cache has-flag@https://registry.npmjs.org/has-flag/-/has-flag-4.0.0.tgz 0ms (cache hit)
3669 http cache client-only@https://registry.npmjs.org/client-only/-/client-only-0.0.1.tgz 0ms (cache hit)
3670 http cache @img/colour@https://registry.npmjs.org/@img/colour/-/colour-1.1.0.tgz 0ms (cache hit)
3671 http cache side-channel-weakmap@https://registry.npmjs.org/side-channel-weakmap/-/side-channel-weakmap-1.0.2.tgz 0ms (cache hit)
3672 http cache side-channel-map@https://registry.npmjs.org/side-channel-map/-/side-channel-map-1.0.1.tgz 0ms (cache hit)
3673 http cache side-channel-list@https://registry.npmjs.org/side-channel-list/-/side-channel-list-1.0.1.tgz 0ms (cache hit)
3674 http cache @img/sharp-win32-x64@https://registry.npmjs.org/@img/sharp-win32-x64/-/sharp-win32-x64-0.34.5.tgz 0ms (cache hit)
3675 http cache shebang-regex@https://registry.npmjs.org/shebang-regex/-/shebang-regex-3.0.0.tgz 0ms (cache hit)
3676 http cache detect-libc@https://registry.npmjs.org/detect-libc/-/detect-libc-2.1.2.tgz 0ms (cache hit)
3677 http cache isarray@https://registry.npmjs.org/isarray/-/isarray-2.0.5.tgz 0ms (cache hit)
3678 http cache supports-preserve-symlinks-flag@https://registry.npmjs.org/supports-preserve-symlinks-flag/-/supports-preserve-symlinks-flag-1.0.0.tgz 0ms (cache hit)
3679 http cache queue-microtask@https://registry.npmjs.org/queue-microtask/-/queue-microtask-1.2.3.tgz 0ms (cache hit)
3680 http cache xmlchars@https://registry.npmjs.org/xmlchars/-/xmlchars-2.2.0.tgz 0ms (cache hit)
3681 http cache strip-indent@https://registry.npmjs.org/strip-indent/-/strip-indent-3.0.0.tgz 0ms (cache hit)
3682 http cache path-parse@https://registry.npmjs.org/path-parse/-/path-parse-1.0.7.tgz 0ms (cache hit)
3683 http cache indent-string@https://registry.npmjs.org/indent-string/-/indent-string-4.0.0.tgz 0ms (cache hit)
3684 http cache node-exports-info@https://registry.npmjs.org/node-exports-info/-/node-exports-info-1.6.2.tgz 0ms (cache hit)
3685 http cache scheduler@https://registry.npmjs.org/scheduler/-/scheduler-0.27.0.tgz 0ms (cache hit)
3686 http cache object-assign@https://registry.npmjs.org/object-assign/-/object-assign-4.1.1.tgz 0ms (cache hit)
3687 http cache react-is@https://registry.npmjs.org/react-is/-/react-is-17.0.2.tgz 0ms (cache hit)
3688 http cache loose-envify@https://registry.npmjs.org/loose-envify/-/loose-envify-1.4.0.tgz 0ms (cache hit)
3689 http cache ansi-regex@https://registry.npmjs.org/ansi-regex/-/ansi-regex-5.0.1.tgz 0ms (cache hit)
3690 http cache source-map-js@https://registry.npmjs.org/source-map-js/-/source-map-js-1.2.1.tgz 0ms (cache hit)
3691 http cache callsites@https://registry.npmjs.org/callsites/-/callsites-3.1.0.tgz 0ms (cache hit)
3692 http cache nanoid@https://registry.npmjs.org/nanoid/-/nanoid-3.3.16.tgz 0ms (cache hit)
3693 http cache p-limit@https://registry.npmjs.org/p-limit/-/p-limit-3.1.0.tgz 0ms (cache hit)
3694 http cache entities@https://registry.npmjs.org/entities/-/entities-6.0.1.tgz 0ms (cache hit)
3695 http cache deep-is@https://registry.npmjs.org/deep-is/-/deep-is-0.1.4.tgz 0ms (cache hit)
3696 http cache word-wrap@https://registry.npmjs.org/word-wrap/-/word-wrap-1.2.5.tgz 0ms (cache hit)
3697 http cache styled-jsx@https://registry.npmjs.org/styled-jsx/-/styled-jsx-5.1.6.tgz 0ms (cache hit)
3698 http cache @next/swc-win32-x64-msvc@https://registry.npmjs.org/@next/swc-win32-x64-msvc/-/swc-win32-x64-msvc-15.5.22.tgz 0ms (cache hit)
3699 http cache @swc/helpers@https://registry.npmjs.org/@swc/helpers/-/helpers-0.5.15.tgz 0ms (cache hit)
3700 http cache @next/env@https://registry.npmjs.org/@next/env/-/env-15.5.22.tgz 0ms (cache hit)
3701 http cache yocto-queue@https://registry.npmjs.org/yocto-queue/-/yocto-queue-0.1.0.tgz 0ms (cache hit)
3702 http cache sharp@https://registry.npmjs.org/sharp/-/sharp-0.34.5.tgz 0ms (cache hit)
3703 http cache fast-levenshtein@https://registry.npmjs.org/fast-levenshtein/-/fast-levenshtein-2.0.6.tgz 0ms (cache hit)
3704 http cache concat-map@https://registry.npmjs.org/concat-map/-/concat-map-0.0.1.tgz 0ms (cache hit)
3705 http cache mime-db@https://registry.npmjs.org/mime-db/-/mime-db-1.52.0.tgz 0ms (cache hit)
3706 http cache fill-range@https://registry.npmjs.org/fill-range/-/fill-range-7.1.1.tgz 0ms (cache hit)
3707 http cache to-regex-range@https://registry.npmjs.org/to-regex-range/-/to-regex-range-5.0.1.tgz 0ms (cache hit)
3708 http cache picomatch@https://registry.npmjs.org/picomatch/-/picomatch-2.3.2.tgz 1ms (cache hit)
3709 http cache balanced-match@https://registry.npmjs.org/balanced-match/-/balanced-match-1.0.2.tgz 0ms (cache hit)
3710 http cache p-locate@https://registry.npmjs.org/p-locate/-/p-locate-5.0.0.tgz 0ms (cache hit)
3711 http cache language-subtag-registry@https://registry.npmjs.org/language-subtag-registry/-/language-subtag-registry-0.3.23.tgz 0ms (cache hit)
3712 http cache type-check@https://registry.npmjs.org/type-check/-/type-check-0.4.0.tgz 0ms (cache hit)
3713 http cache prelude-ls@https://registry.npmjs.org/prelude-ls/-/prelude-ls-1.2.1.tgz 0ms (cache hit)
3714 http cache brace-expansion@https://registry.npmjs.org/brace-expansion/-/brace-expansion-1.1.18.tgz 0ms (cache hit)
3715 http cache yallist@https://registry.npmjs.org/yallist/-/yallist-3.1.1.tgz 0ms (cache hit)
3716 http cache agent-base@https://registry.npmjs.org/agent-base/-/agent-base-7.1.4.tgz 1ms (cache hit)
3717 http cache json-buffer@https://registry.npmjs.org/json-buffer/-/json-buffer-3.0.1.tgz 0ms (cache hit)
3718 http cache braces@https://registry.npmjs.org/braces/-/braces-3.0.3.tgz 0ms (cache hit)
3719 http cache @csstools/color-helpers@https://registry.npmjs.org/@csstools/color-helpers/-/color-helpers-5.1.0.tgz 0ms (cache hit)
3720 http cache combined-stream@https://registry.npmjs.org/combined-stream/-/combined-stream-1.0.8.tgz 0ms (cache hit)
3721 http cache mime-types@https://registry.npmjs.org/mime-types/-/mime-types-2.1.35.tgz 0ms (cache hit)
3722 http cache delayed-stream@https://registry.npmjs.org/delayed-stream/-/delayed-stream-1.0.0.tgz 0ms (cache hit)
3723 http cache @csstools/css-parser-algorithms@https://registry.npmjs.org/@csstools/css-parser-algorithms/-/css-parser-algorithms-3.0.5.tgz 0ms (cache hit)
3724 http cache @asamuzakjp/css-color@https://registry.npmjs.org/@asamuzakjp/css-color/-/css-color-3.2.0.tgz 0ms (cache hit)
3725 http cache @csstools/css-calc@https://registry.npmjs.org/@csstools/css-calc/-/css-calc-2.1.4.tgz 0ms (cache hit)
3726 http cache @csstools/css-tokenizer@https://registry.npmjs.org/@csstools/css-tokenizer/-/css-tokenizer-3.0.4.tgz 0ms (cache hit)
3727 http cache xml-name-validator@https://registry.npmjs.org/xml-name-validator/-/xml-name-validator-5.0.0.tgz 0ms (cache hit)
3728 http cache @csstools/css-color-parser@https://registry.npmjs.org/@csstools/css-color-parser/-/css-color-parser-3.1.0.tgz 0ms (cache hit)
3729 http cache ws@https://registry.npmjs.org/ws/-/ws-8.21.1.tgz 1ms (cache hit)
3730 http cache whatwg-encoding@https://registry.npmjs.org/whatwg-encoding/-/whatwg-encoding-3.1.1.tgz 0ms (cache hit)
3731 http cache asynckit@https://registry.npmjs.org/asynckit/-/asynckit-0.4.0.tgz 0ms (cache hit)
3732 http cache whatwg-url@https://registry.npmjs.org/whatwg-url/-/whatwg-url-14.2.0.tgz 0ms (cache hit)
3733 http cache webidl-conversions@https://registry.npmjs.org/webidl-conversions/-/webidl-conversions-7.0.0.tgz 0ms (cache hit)
3734 http cache tough-cookie@https://registry.npmjs.org/tough-cookie/-/tough-cookie-5.1.2.tgz 0ms (cache hit)
3735 http cache saxes@https://registry.npmjs.org/saxes/-/saxes-6.0.0.tgz 0ms (cache hit)
3736 http cache symbol-tree@https://registry.npmjs.org/symbol-tree/-/symbol-tree-3.2.4.tgz 0ms (cache hit)
3737 http cache w3c-xmlserializer@https://registry.npmjs.org/w3c-xmlserializer/-/w3c-xmlserializer-5.0.0.tgz 0ms (cache hit)
3738 http cache rrweb-cssom@https://registry.npmjs.org/rrweb-cssom/-/rrweb-cssom-0.7.1.tgz 0ms (cache hit)
3739 http cache parse5@https://registry.npmjs.org/parse5/-/parse5-7.3.0.tgz 0ms (cache hit)
3740 http cache whatwg-mimetype@https://registry.npmjs.org/whatwg-mimetype/-/whatwg-mimetype-4.0.0.tgz 0ms (cache hit)
3741 http cache nwsapi@https://registry.npmjs.org/nwsapi/-/nwsapi-2.2.24.tgz 0ms (cache hit)
3742 http cache https-proxy-agent@https://registry.npmjs.org/https-proxy-agent/-/https-proxy-agent-7.0.6.tgz 1ms (cache hit)
3743 http cache is-potential-custom-element-name@https://registry.npmjs.org/is-potential-custom-element-name/-/is-potential-custom-element-name-1.0.1.tgz 0ms (cache hit)
3744 http cache decimal.js@https://registry.npmjs.org/decimal.js/-/decimal.js-10.6.0.tgz 1ms (cache hit)
3745 http cache html-encoding-sniffer@https://registry.npmjs.org/html-encoding-sniffer/-/html-encoding-sniffer-4.0.0.tgz 0ms (cache hit)
3746 http cache http-proxy-agent@https://registry.npmjs.org/http-proxy-agent/-/http-proxy-agent-7.0.2.tgz 0ms (cache hit)
3747 http cache form-data@https://registry.npmjs.org/form-data/-/form-data-4.0.6.tgz 0ms (cache hit)
3748 http cache data-urls@https://registry.npmjs.org/data-urls/-/data-urls-5.0.0.tgz 0ms (cache hit)
3749 http cache cssstyle@https://registry.npmjs.org/cssstyle/-/cssstyle-4.6.0.tgz 1ms (cache hit)
3750 http cache set-function-name@https://registry.npmjs.org/set-function-name/-/set-function-name-2.0.2.tgz 0ms (cache hit)
3751 http cache is-extglob@https://registry.npmjs.org/is-extglob/-/is-extglob-2.1.1.tgz 0ms (cache hit)
3752 http cache argparse@https://registry.npmjs.org/argparse/-/argparse-2.0.1.tgz 0ms (cache hit)
3753 http cache side-channel@https://registry.npmjs.org/side-channel/-/side-channel-1.1.1.tgz 0ms (cache hit)
3754 http cache parent-module@https://registry.npmjs.org/parent-module/-/parent-module-1.0.1.tgz 0ms (cache hit)
3755 http cache resolve-pkg-maps@https://registry.npmjs.org/resolve-pkg-maps/-/resolve-pkg-maps-1.0.0.tgz 0ms (cache hit)
3756 http cache dunder-proto@https://registry.npmjs.org/dunder-proto/-/dunder-proto-1.0.1.tgz 0ms (cache hit)
3757 http cache resolve-from@https://registry.npmjs.org/resolve-from/-/resolve-from-4.0.0.tgz 0ms (cache hit)
3758 http cache functions-have-names@https://registry.npmjs.org/functions-have-names/-/functions-have-names-1.2.3.tgz 0ms (cache hit)
3759 http cache tslib@https://registry.npmjs.org/tslib/-/tslib-2.8.1.tgz 0ms (cache hit)
3760 http cache is-document.all@https://registry.npmjs.org/is-document.all/-/is-document.all-1.0.0.tgz 0ms (cache hit)
3761 http cache motion-utils@https://registry.npmjs.org/motion-utils/-/motion-utils-12.39.0.tgz 0ms (cache hit)
3762 http cache keyv@https://registry.npmjs.org/keyv/-/keyv-4.5.4.tgz 0ms (cache hit)
3763 http cache flatted@https://registry.npmjs.org/flatted/-/flatted-3.4.4.tgz 0ms (cache hit)
3764 http cache motion-dom@https://registry.npmjs.org/motion-dom/-/motion-dom-12.43.0.tgz 0ms (cache hit)
3765 http cache path-exists@https://registry.npmjs.org/path-exists/-/path-exists-4.0.0.tgz 0ms (cache hit)
3766 http cache locate-path@https://registry.npmjs.org/locate-path/-/locate-path-6.0.0.tgz 0ms (cache hit)
3767 http cache @nodelib/fs.scandir@https://registry.npmjs.org/@nodelib/fs.scandir/-/fs.scandir-2.1.5.tgz 0ms (cache hit)
3768 http cache flat-cache@https://registry.npmjs.org/flat-cache/-/flat-cache-4.0.1.tgz 0ms (cache hit)
3769 http cache reusify@https://registry.npmjs.org/reusify/-/reusify-1.1.0.tgz 0ms (cache hit)
3770 http cache run-parallel@https://registry.npmjs.org/run-parallel/-/run-parallel-1.2.0.tgz 0ms (cache hit)
3771 http cache fastq@https://registry.npmjs.org/fastq/-/fastq-1.20.1.tgz 1ms (cache hit)
3772 http cache @nodelib/fs.walk@https://registry.npmjs.org/@nodelib/fs.walk/-/fs.walk-1.2.8.tgz 0ms (cache hit)
3773 http cache @nodelib/fs.stat@https://registry.npmjs.org/@nodelib/fs.stat/-/fs.stat-2.0.5.tgz 0ms (cache hit)
3774 http cache micromatch@https://registry.npmjs.org/micromatch/-/micromatch-4.0.8.tgz 1ms (cache hit)
3775 http cache merge2@https://registry.npmjs.org/merge2/-/merge2-1.4.1.tgz 0ms (cache hit)
3776 http cache acorn-jsx@https://registry.npmjs.org/acorn-jsx/-/acorn-jsx-5.3.2.tgz 0ms (cache hit)
3777 http cache acorn@https://registry.npmjs.org/acorn/-/acorn-8.18.0.tgz 0ms (cache hit)
3778 http cache esrecurse@https://registry.npmjs.org/esrecurse/-/esrecurse-4.3.0.tgz 0ms (cache hit)
3779 http cache iterator.prototype@https://registry.npmjs.org/iterator.prototype/-/iterator.prototype-1.1.5.tgz 0ms (cache hit)
3780 http cache string.prototype.repeat@https://registry.npmjs.org/string.prototype.repeat/-/string.prototype.repeat-1.0.0.tgz 0ms (cache hit)
3781 http cache object.entries@https://registry.npmjs.org/object.entries/-/object.entries-1.1.9.tgz 0ms (cache hit)
3782 http cache prop-types@https://registry.npmjs.org/prop-types/-/prop-types-15.8.1.tgz 0ms (cache hit)
3783 http cache string.prototype.matchall@https://registry.npmjs.org/string.prototype.matchall/-/string.prototype.matchall-4.0.12.tgz 0ms (cache hit)
3784 http cache estraverse@https://registry.npmjs.org/estraverse/-/estraverse-5.3.0.tgz 0ms (cache hit)
3785 http cache array.prototype.findlast@https://registry.npmjs.org/array.prototype.findlast/-/array.prototype.findlast-1.2.5.tgz 0ms (cache hit)
3786 http cache es-iterator-helpers@https://registry.npmjs.org/es-iterator-helpers/-/es-iterator-helpers-1.4.0.tgz 0ms (cache hit)
3787 http cache array.prototype.tosorted@https://registry.npmjs.org/array.prototype.tosorted/-/array.prototype.tosorted-1.1.4.tgz 0ms (cache hit)
3788 http cache string.prototype.includes@https://registry.npmjs.org/string.prototype.includes/-/string.prototype.includes-2.0.1.tgz 1ms (cache hit)
3789 http cache jsx-ast-utils@https://registry.npmjs.org/jsx-ast-utils/-/jsx-ast-utils-3.3.5.tgz 0ms (cache hit)
3790 http cache damerau-levenshtein@https://registry.npmjs.org/damerau-levenshtein/-/damerau-levenshtein-1.0.8.tgz 0ms (cache hit)
3791 http cache emoji-regex@https://registry.npmjs.org/emoji-regex/-/emoji-regex-9.2.2.tgz 0ms (cache hit)
3792 http cache axobject-query@https://registry.npmjs.org/axobject-query/-/axobject-query-4.1.0.tgz 0ms (cache hit)
3793 http cache language-tags@https://registry.npmjs.org/language-tags/-/language-tags-1.0.9.tgz 0ms (cache hit)
3794 http cache axe-core@https://registry.npmjs.org/axe-core/-/axe-core-4.12.1.tgz 0ms (cache hit)
3795 http cache ast-types-flow@https://registry.npmjs.org/ast-types-flow/-/ast-types-flow-0.0.8.tgz 0ms (cache hit)
3796 http cache es-abstract-get@https://registry.npmjs.org/es-abstract-get/-/es-abstract-get-1.0.0.tgz 0ms (cache hit)
3797 http cache is-symbol@https://registry.npmjs.org/is-symbol/-/is-symbol-1.1.1.tgz 0ms (cache hit)
3798 http cache is-date-object@https://registry.npmjs.org/is-date-object/-/is-date-object-1.1.0.tgz 0ms (cache hit)
3799 http cache which-typed-array@https://registry.npmjs.org/which-typed-array/-/which-typed-array-1.1.22.tgz 0ms (cache hit)
3800 http cache has-tostringtag@https://registry.npmjs.org/has-tostringtag/-/has-tostringtag-1.0.2.tgz 0ms (cache hit)
3801 http cache possible-typed-array-names@https://registry.npmjs.org/possible-typed-array-names/-/possible-typed-array-names-1.1.0.tgz 0ms (cache hit)
3802 http cache unbox-primitive@https://registry.npmjs.org/unbox-primitive/-/unbox-primitive-1.1.0.tgz 0ms (cache hit)
3803 http cache typed-array-byte-offset@https://registry.npmjs.org/typed-array-byte-offset/-/typed-array-byte-offset-1.0.4.tgz 0ms (cache hit)
3804 http cache typed-array-byte-length@https://registry.npmjs.org/typed-array-byte-length/-/typed-array-byte-length-1.0.3.tgz 0ms (cache hit)
3805 http cache typed-array-length@https://registry.npmjs.org/typed-array-length/-/typed-array-length-1.0.8.tgz 0ms (cache hit)
3806 http cache typed-array-buffer@https://registry.npmjs.org/typed-array-buffer/-/typed-array-buffer-1.0.3.tgz 0ms (cache hit)
3807 http cache stop-iteration-iterator@https://registry.npmjs.org/stop-iteration-iterator/-/stop-iteration-iterator-1.1.0.tgz 0ms (cache hit)
3808 http cache string.prototype.trimstart@https://registry.npmjs.org/string.prototype.trimstart/-/string.prototype.trimstart-1.0.8.tgz 0ms (cache hit)
3809 http cache string.prototype.trim@https://registry.npmjs.org/string.prototype.trim/-/string.prototype.trim-1.2.11.tgz 0ms (cache hit)
3810 http cache set-proto@https://registry.npmjs.org/set-proto/-/set-proto-1.0.0.tgz 0ms (cache hit)
3811 http cache safe-regex-test@https://registry.npmjs.org/safe-regex-test/-/safe-regex-test-1.1.0.tgz 0ms (cache hit)
3812 http cache safe-push-apply@https://registry.npmjs.org/safe-push-apply/-/safe-push-apply-1.0.0.tgz 0ms (cache hit)
3813 http cache regexp.prototype.flags@https://registry.npmjs.org/regexp.prototype.flags/-/regexp.prototype.flags-1.5.4.tgz 0ms (cache hit)
3814 http cache safe-array-concat@https://registry.npmjs.org/safe-array-concat/-/safe-array-concat-1.1.4.tgz 0ms (cache hit)
3815 http cache own-keys@https://registry.npmjs.org/own-keys/-/own-keys-1.0.2.tgz 0ms (cache hit)
3816 http cache object-inspect@https://registry.npmjs.org/object-inspect/-/object-inspect-1.13.4.tgz 0ms (cache hit)
3817 http cache object.assign@https://registry.npmjs.org/object.assign/-/object.assign-4.1.7.tgz 0ms (cache hit)
3818 http cache is-weakref@https://registry.npmjs.org/is-weakref/-/is-weakref-1.1.1.tgz 0ms (cache hit)
3819 http cache is-typed-array@https://registry.npmjs.org/is-typed-array/-/is-typed-array-1.1.15.tgz 1ms (cache hit)
3820 http cache is-shared-array-buffer@https://registry.npmjs.org/is-shared-array-buffer/-/is-shared-array-buffer-1.0.4.tgz 0ms (cache hit)
3821 http cache is-set@https://registry.npmjs.org/is-set/-/is-set-2.0.3.tgz 0ms (cache hit)
3822 http cache is-regex@https://registry.npmjs.org/is-regex/-/is-regex-1.2.1.tgz 0ms (cache hit)
3823 http cache is-data-view@https://registry.npmjs.org/is-data-view/-/is-data-view-1.0.2.tgz 0ms (cache hit)
3824 http cache is-array-buffer@https://registry.npmjs.org/is-array-buffer/-/is-array-buffer-3.0.5.tgz 0ms (cache hit)
3825 http cache is-negative-zero@https://registry.npmjs.org/is-negative-zero/-/is-negative-zero-2.0.3.tgz 1ms (cache hit)
3826 http cache is-callable@https://registry.npmjs.org/is-callable/-/is-callable-1.2.7.tgz 0ms (cache hit)
3827 http cache internal-slot@https://registry.npmjs.org/internal-slot/-/internal-slot-1.1.0.tgz 0ms (cache hit)
3828 http cache globalthis@https://registry.npmjs.org/globalthis/-/globalthis-1.0.4.tgz 0ms (cache hit)
3829 http cache has-symbols@https://registry.npmjs.org/has-symbols/-/has-symbols-1.1.0.tgz 0ms (cache hit)
3830 http cache get-symbol-description@https://registry.npmjs.org/get-symbol-description/-/get-symbol-description-1.1.0.tgz 0ms (cache hit)
3831 http cache has-proto@https://registry.npmjs.org/has-proto/-/has-proto-1.2.0.tgz 0ms (cache hit)
3832 http cache function.prototype.name@https://registry.npmjs.org/function.prototype.name/-/function.prototype.name-1.2.0.tgz 0ms (cache hit)
3833 http cache get-proto@https://registry.npmjs.org/get-proto/-/get-proto-1.0.1.tgz 0ms (cache hit)
3834 http cache es-set-tostringtag@https://registry.npmjs.org/es-set-tostringtag/-/es-set-tostringtag-2.1.0.tgz 1ms (cache hit)
3835 http cache es-to-primitive@https://registry.npmjs.org/es-to-primitive/-/es-to-primitive-1.3.4.tgz 0ms (cache hit)
3836 http cache data-view-byte-offset@https://registry.npmjs.org/data-view-byte-offset/-/data-view-byte-offset-1.0.1.tgz 0ms (cache hit)
3837 http cache data-view-buffer@https://registry.npmjs.org/data-view-buffer/-/data-view-buffer-1.0.2.tgz 0ms (cache hit)
3838 http cache data-view-byte-length@https://registry.npmjs.org/data-view-byte-length/-/data-view-byte-length-1.0.2.tgz 0ms (cache hit)
3839 http cache available-typed-arrays@https://registry.npmjs.org/available-typed-arrays/-/available-typed-arrays-1.0.7.tgz 0ms (cache hit)
3840 http cache array-buffer-byte-length@https://registry.npmjs.org/array-buffer-byte-length/-/array-buffer-byte-length-1.0.2.tgz 0ms (cache hit)
3841 http cache gopd@https://registry.npmjs.org/gopd/-/gopd-1.2.0.tgz 1ms (cache hit)
3842 http cache object-keys@https://registry.npmjs.org/object-keys/-/object-keys-1.1.1.tgz 0ms (cache hit)
3843 http cache arraybuffer.prototype.slice@https://registry.npmjs.org/arraybuffer.prototype.slice/-/arraybuffer.prototype.slice-1.0.4.tgz 0ms (cache hit)
3844 http cache define-data-property@https://registry.npmjs.org/define-data-property/-/define-data-property-1.1.4.tgz 0ms (cache hit)
3845 http cache has-property-descriptors@https://registry.npmjs.org/has-property-descriptors/-/has-property-descriptors-1.0.2.tgz 0ms (cache hit)
3846 http cache function-bind@https://registry.npmjs.org/function-bind/-/function-bind-1.1.2.tgz 0ms (cache hit)
3847 http cache set-function-length@https://registry.npmjs.org/set-function-length/-/set-function-length-1.2.2.tgz 0ms (cache hit)
3848 http cache es-define-property@https://registry.npmjs.org/es-define-property/-/es-define-property-1.0.1.tgz 0ms (cache hit)
3849 http cache call-bind-apply-helpers@https://registry.npmjs.org/call-bind-apply-helpers/-/call-bind-apply-helpers-1.0.2.tgz 0ms (cache hit)
3850 http cache es-shim-unscopables@https://registry.npmjs.org/es-shim-unscopables/-/es-shim-unscopables-1.1.0.tgz 0ms (cache hit)
3851 http cache is-string@https://registry.npmjs.org/is-string/-/is-string-1.1.1.tgz 0ms (cache hit)
3852 http cache es-errors@https://registry.npmjs.org/es-errors/-/es-errors-1.3.0.tgz 0ms (cache hit)
3853 http cache es-object-atoms@https://registry.npmjs.org/es-object-atoms/-/es-object-atoms-1.1.2.tgz 0ms (cache hit)
3854 http cache define-properties@https://registry.npmjs.org/define-properties/-/define-properties-1.2.1.tgz 0ms (cache hit)
3855 http cache get-intrinsic@https://registry.npmjs.org/get-intrinsic/-/get-intrinsic-1.3.0.tgz 0ms (cache hit)
3856 http cache es-abstract@https://registry.npmjs.org/es-abstract/-/es-abstract-1.24.2.tgz 0ms (cache hit)
3857 http cache call-bind@https://registry.npmjs.org/call-bind/-/call-bind-1.0.9.tgz 0ms (cache hit)
3858 http cache call-bound@https://registry.npmjs.org/call-bound/-/call-bound-1.0.4.tgz 0ms (cache hit)
3859 http cache string.prototype.trimend@https://registry.npmjs.org/string.prototype.trimend/-/string.prototype.trimend-1.0.10.tgz 0ms (cache hit)
3860 http cache tsconfig-paths@https://registry.npmjs.org/tsconfig-paths/-/tsconfig-paths-3.15.0.tgz 0ms (cache hit)
3861 http cache math-intrinsics@https://registry.npmjs.org/math-intrinsics/-/math-intrinsics-1.1.0.tgz 0ms (cache hit)
3862 http cache hasown@https://registry.npmjs.org/hasown/-/hasown-2.0.4.tgz 0ms (cache hit)
3863 http cache object.fromentries@https://registry.npmjs.org/object.fromentries/-/object.fromentries-2.0.8.tgz 0ms (cache hit)
3864 http cache doctrine@https://registry.npmjs.org/doctrine/-/doctrine-2.1.0.tgz 0ms (cache hit)
3865 http cache object.groupby@https://registry.npmjs.org/object.groupby/-/object.groupby-1.0.3.tgz 0ms (cache hit)
3866 http cache array.prototype.flat@https://registry.npmjs.org/array.prototype.flat/-/array.prototype.flat-1.3.3.tgz 0ms (cache hit)
3867 http cache object.values@https://registry.npmjs.org/object.values/-/object.values-1.2.1.tgz 0ms (cache hit)
3868 http cache @rtsao/scc@https://registry.npmjs.org/@rtsao/scc/-/scc-1.1.0.tgz 0ms (cache hit)
3869 http cache array-includes@https://registry.npmjs.org/array-includes/-/array-includes-3.1.9.tgz 0ms (cache hit)
3870 http cache eslint-module-utils@https://registry.npmjs.org/eslint-module-utils/-/eslint-module-utils-2.14.0.tgz 0ms (cache hit)
3871 http cache array.prototype.flatmap@https://registry.npmjs.org/array.prototype.flatmap/-/array.prototype.flatmap-1.3.3.tgz 0ms (cache hit)
3872 http cache array.prototype.findlastindex@https://registry.npmjs.org/array.prototype.findlastindex/-/array.prototype.findlastindex-1.2.6.tgz 0ms (cache hit)
3873 http cache @nolyfill/is-core-module@https://registry.npmjs.org/@nolyfill/is-core-module/-/is-core-module-1.0.39.tgz 0ms (cache hit)
3874 http cache @typescript-eslint/project-service@https://registry.npmjs.org/@typescript-eslint/project-service/-/project-service-8.65.0.tgz 0ms (cache hit)
3875 http cache unrs-resolver@https://registry.npmjs.org/unrs-resolver/-/unrs-resolver-1.12.2.tgz 0ms (cache hit)
3876 http cache resolve@https://registry.npmjs.org/resolve/-/resolve-2.0.0-next.7.tgz 0ms (cache hit)
3877 http cache is-core-module@https://registry.npmjs.org/is-core-module/-/is-core-module-2.16.2.tgz 0ms (cache hit)
3878 http cache @typescript-eslint/tsconfig-utils@https://registry.npmjs.org/@typescript-eslint/tsconfig-utils/-/tsconfig-utils-8.65.0.tgz 0ms (cache hit)
3879 http cache get-tsconfig@https://registry.npmjs.org/get-tsconfig/-/get-tsconfig-4.14.0.tgz 0ms (cache hit)
3880 http cache @typescript-eslint/typescript-estree@https://registry.npmjs.org/@typescript-eslint/typescript-estree/-/typescript-estree-8.65.0.tgz 0ms (cache hit)
3881 http cache tinyglobby@https://registry.npmjs.org/tinyglobby/-/tinyglobby-0.2.17.tgz 0ms (cache hit)
3882 http cache @typescript-eslint/types@https://registry.npmjs.org/@typescript-eslint/types/-/types-8.65.0.tgz 0ms (cache hit)
3883 http cache @typescript-eslint/type-utils@https://registry.npmjs.org/@typescript-eslint/type-utils/-/type-utils-8.65.0.tgz 0ms (cache hit)
3884 http cache ts-api-utils@https://registry.npmjs.org/ts-api-utils/-/ts-api-utils-2.5.0.tgz 0ms (cache hit)
3885 http cache is-bun-module@https://registry.npmjs.org/is-bun-module/-/is-bun-module-2.0.0.tgz 0ms (cache hit)
3886 http cache stable-hash@https://registry.npmjs.org/stable-hash/-/stable-hash-0.0.5.tgz 0ms (cache hit)
3887 http cache @typescript-eslint/visitor-keys@https://registry.npmjs.org/@typescript-eslint/visitor-keys/-/visitor-keys-8.65.0.tgz 0ms (cache hit)
3888 http cache @typescript-eslint/scope-manager@https://registry.npmjs.org/@typescript-eslint/scope-manager/-/scope-manager-8.65.0.tgz 0ms (cache hit)
3889 http cache fast-glob@https://registry.npmjs.org/fast-glob/-/fast-glob-3.3.1.tgz 0ms (cache hit)
3890 http cache @typescript-eslint/utils@https://registry.npmjs.org/@typescript-eslint/utils/-/utils-8.65.0.tgz 0ms (cache hit)
3891 http cache @typescript-eslint/parser@https://registry.npmjs.org/@typescript-eslint/parser/-/parser-8.65.0.tgz 0ms (cache hit)
3892 http cache eslint-plugin-react@https://registry.npmjs.org/eslint-plugin-react/-/eslint-plugin-react-7.37.5.tgz 0ms (cache hit)
3893 http cache eslint-plugin-react-hooks@https://registry.npmjs.org/eslint-plugin-react-hooks/-/eslint-plugin-react-hooks-5.2.0.tgz 0ms (cache hit)
3894 http cache eslint-plugin-import@https://registry.npmjs.org/eslint-plugin-import/-/eslint-plugin-import-2.32.0.tgz 0ms (cache hit)
3895 http cache @rushstack/eslint-patch@https://registry.npmjs.org/@rushstack/eslint-patch/-/eslint-patch-1.16.1.tgz 1ms (cache hit)
3896 http cache @typescript-eslint/eslint-plugin@https://registry.npmjs.org/@typescript-eslint/eslint-plugin/-/eslint-plugin-8.65.0.tgz 0ms (cache hit)
3897 http cache which@https://registry.npmjs.org/which/-/which-2.0.2.tgz 0ms (cache hit)
3898 http cache @next/eslint-plugin-next@https://registry.npmjs.org/@next/eslint-plugin-next/-/eslint-plugin-next-15.5.22.tgz 1ms (cache hit)
3899 http cache shebang-command@https://registry.npmjs.org/shebang-command/-/shebang-command-2.0.0.tgz 0ms (cache hit)
3900 http cache path-key@https://registry.npmjs.org/path-key/-/path-key-3.1.1.tgz 1ms (cache hit)
3901 http cache eslint-plugin-jsx-a11y@https://registry.npmjs.org/eslint-plugin-jsx-a11y/-/eslint-plugin-jsx-a11y-6.10.2.tgz 0ms (cache hit)
3902 http cache color-name@https://registry.npmjs.org/color-name/-/color-name-1.1.4.tgz 0ms (cache hit)
3903 http cache supports-color@https://registry.npmjs.org/supports-color/-/supports-color-7.2.0.tgz 0ms (cache hit)
3904 http cache color-convert@https://registry.npmjs.org/color-convert/-/color-convert-2.0.1.tgz 0ms (cache hit)
3905 http cache eslint-import-resolver-node@https://registry.npmjs.org/eslint-import-resolver-node/-/eslint-import-resolver-node-0.3.10.tgz 0ms (cache hit)
3906 http cache @types/json-schema@https://registry.npmjs.org/@types/json-schema/-/json-schema-7.0.15.tgz 0ms (cache hit)
3907 http cache @humanfs/types@https://registry.npmjs.org/@humanfs/types/-/types-0.15.0.tgz 1ms (cache hit)
3908 http cache @eslint/object-schema@https://registry.npmjs.org/@eslint/object-schema/-/object-schema-2.1.7.tgz 0ms (cache hit)
3909 http cache levn@https://registry.npmjs.org/levn/-/levn-0.4.1.tgz 0ms (cache hit)
3910 http cache ansi-styles@https://registry.npmjs.org/ansi-styles/-/ansi-styles-4.3.0.tgz 0ms (cache hit)
3911 http cache json-stable-stringify-without-jsonify@https://registry.npmjs.org/json-stable-stringify-without-jsonify/-/json-stable-stringify-without-jsonify-1.0.1.tgz 0ms (cache hit)
3912 http cache natural-compare@https://registry.npmjs.org/natural-compare/-/natural-compare-1.4.0.tgz 0ms (cache hit)
3913 http cache optionator@https://registry.npmjs.org/optionator/-/optionator-0.9.4.tgz 0ms (cache hit)
3914 http cache is-glob@https://registry.npmjs.org/is-glob/-/is-glob-4.0.3.tgz 0ms (cache hit)
3915 http cache @humanfs/core@https://registry.npmjs.org/@humanfs/core/-/core-0.19.2.tgz 0ms (cache hit)
3916 http cache imurmurhash@https://registry.npmjs.org/imurmurhash/-/imurmurhash-0.1.4.tgz 0ms (cache hit)
3917 http cache glob-parent@https://registry.npmjs.org/glob-parent/-/glob-parent-6.0.2.tgz 1ms (cache hit)
3918 http cache find-up@https://registry.npmjs.org/find-up/-/find-up-5.0.0.tgz 0ms (cache hit)
3919 http cache esutils@https://registry.npmjs.org/esutils/-/esutils-2.0.3.tgz 0ms (cache hit)
3920 http cache file-entry-cache@https://registry.npmjs.org/file-entry-cache/-/file-entry-cache-8.0.0.tgz 0ms (cache hit)
3921 http cache esquery@https://registry.npmjs.org/esquery/-/esquery-1.7.0.tgz 0ms (cache hit)
3922 http cache escape-string-regexp@https://registry.npmjs.org/escape-string-regexp/-/escape-string-regexp-4.0.0.tgz 0ms (cache hit)
3923 http cache eslint-visitor-keys@https://registry.npmjs.org/eslint-visitor-keys/-/eslint-visitor-keys-4.2.1.tgz 0ms (cache hit)
3924 http cache @types/estree@https://registry.npmjs.org/@types/estree/-/estree-1.0.9.tgz 0ms (cache hit)
3925 http cache cross-spawn@https://registry.npmjs.org/cross-spawn/-/cross-spawn-7.0.6.tgz 0ms (cache hit)
3926 http cache eslint-scope@https://registry.npmjs.org/eslint-scope/-/eslint-scope-8.4.0.tgz 0ms (cache hit)
3927 http cache chalk@https://registry.npmjs.org/chalk/-/chalk-4.1.2.tgz 0ms (cache hit)
3928 http cache lodash.merge@https://registry.npmjs.org/lodash.merge/-/lodash.merge-4.6.2.tgz 0ms (cache hit)
3929 http cache @eslint/plugin-kit@https://registry.npmjs.org/@eslint/plugin-kit/-/plugin-kit-0.4.1.tgz 0ms (cache hit)
3930 http cache @eslint/core@https://registry.npmjs.org/@eslint/core/-/core-0.17.0.tgz 0ms (cache hit)
3931 http cache @humanwhocodes/module-importer@https://registry.npmjs.org/@humanwhocodes/module-importer/-/module-importer-1.0.1.tgz 0ms (cache hit)
3932 http cache @humanfs/node@https://registry.npmjs.org/@humanfs/node/-/node-0.16.8.tgz 0ms (cache hit)
3933 http cache @eslint/js@https://registry.npmjs.org/@eslint/js/-/js-9.39.5.tgz 1ms (cache hit)
3934 http cache @eslint-community/regexpp@https://registry.npmjs.org/@eslint-community/regexpp/-/regexpp-4.12.2.tgz 0ms (cache hit)
3935 http cache @eslint-community/eslint-utils@https://registry.npmjs.org/@eslint-community/eslint-utils/-/eslint-utils-4.10.1.tgz 0ms (cache hit)
3936 http cache @eslint/config-helpers@https://registry.npmjs.org/@eslint/config-helpers/-/config-helpers-0.4.2.tgz 0ms (cache hit)
3937 http cache @eslint/config-array@https://registry.npmjs.org/@eslint/config-array/-/config-array-0.21.2.tgz 0ms (cache hit)
3938 http cache @humanwhocodes/retry@https://registry.npmjs.org/@humanwhocodes/retry/-/retry-0.4.3.tgz 0ms (cache hit)
3939 http cache ms@https://registry.npmjs.org/ms/-/ms-2.1.3.tgz 0ms (cache hit)
3940 http cache d3-timer@https://registry.npmjs.org/d3-timer/-/d3-timer-3.0.1.tgz 0ms (cache hit)
3941 http cache d3-transition@https://registry.npmjs.org/d3-transition/-/d3-transition-3.0.1.tgz 1ms (cache hit)
3942 http cache d3-color@https://registry.npmjs.org/d3-color/-/d3-color-3.1.0.tgz 0ms (cache hit)
3943 http cache d3-dispatch@https://registry.npmjs.org/d3-dispatch/-/d3-dispatch-3.0.1.tgz 0ms (cache hit)
3944 http cache d3-ease@https://registry.npmjs.org/d3-ease/-/d3-ease-3.0.1.tgz 0ms (cache hit)
3945 http cache eslint-import-resolver-typescript@https://registry.npmjs.org/eslint-import-resolver-typescript/-/eslint-import-resolver-typescript-3.10.1.tgz 1ms (cache hit)
3946 http cache node-releases@https://registry.npmjs.org/node-releases/-/node-releases-2.0.51.tgz 0ms (cache hit)
3947 http cache electron-to-chromium@https://registry.npmjs.org/electron-to-chromium/-/electron-to-chromium-1.5.398.tgz 0ms (cache hit)
3948 http cache update-browserslist-db@https://registry.npmjs.org/update-browserslist-db/-/update-browserslist-db-1.2.3.tgz 0ms (cache hit)
3949 http cache fraction.js@https://registry.npmjs.org/fraction.js/-/fraction.js-5.3.4.tgz 0ms (cache hit)
3950 http cache baseline-browser-mapping@https://registry.npmjs.org/baseline-browser-mapping/-/baseline-browser-mapping-2.11.8.tgz 0ms (cache hit)
3951 http cache postcss-value-parser@https://registry.npmjs.org/postcss-value-parser/-/postcss-value-parser-4.2.0.tgz 0ms (cache hit)
3952 http cache @types/d3-color@https://registry.npmjs.org/@types/d3-color/-/d3-color-3.1.3.tgz 1ms (cache hit)
3953 http cache caniuse-lite@https://registry.npmjs.org/caniuse-lite/-/caniuse-lite-1.0.30001806.tgz 0ms (cache hit)
3954 http cache uri-js@https://registry.npmjs.org/uri-js/-/uri-js-4.4.1.tgz 1ms (cache hit)
3955 http cache json-schema-traverse@https://registry.npmjs.org/json-schema-traverse/-/json-schema-traverse-0.4.1.tgz 0ms (cache hit)
3956 http cache dequal@https://registry.npmjs.org/dequal/-/dequal-2.0.3.tgz 0ms (cache hit)
3957 http cache fast-json-stable-stringify@https://registry.npmjs.org/fast-json-stable-stringify/-/fast-json-stable-stringify-2.1.0.tgz 0ms (cache hit)
3958 http cache fast-deep-equal@https://registry.npmjs.org/fast-deep-equal/-/fast-deep-equal-3.1.3.tgz 0ms (cache hit)
3959 http cache d3-zoom@https://registry.npmjs.org/d3-zoom/-/d3-zoom-3.0.0.tgz 0ms (cache hit)
3960 http cache d3-selection@https://registry.npmjs.org/d3-selection/-/d3-selection-3.0.0.tgz 0ms (cache hit)
3961 http cache d3-drag@https://registry.npmjs.org/d3-drag/-/d3-drag-3.0.0.tgz 1ms (cache hit)
3962 http cache d3-interpolate@https://registry.npmjs.org/d3-interpolate/-/d3-interpolate-3.0.1.tgz 0ms (cache hit)
3963 http cache @types/d3-zoom@https://registry.npmjs.org/@types/d3-zoom/-/d3-zoom-3.0.8.tgz 0ms (cache hit)
3964 http cache @types/d3-transition@https://registry.npmjs.org/@types/d3-transition/-/d3-transition-3.0.9.tgz 0ms (cache hit)
3965 http cache @types/d3-drag@https://registry.npmjs.org/@types/d3-drag/-/d3-drag-3.0.7.tgz 1ms (cache hit)
3966 http cache @types/d3-selection@https://registry.npmjs.org/@types/d3-selection/-/d3-selection-3.0.11.tgz 0ms (cache hit)
3967 http cache @xyflow/system@https://registry.npmjs.org/@xyflow/system/-/system-0.0.79.tgz 0ms (cache hit)
3968 http cache @types/d3-interpolate@https://registry.npmjs.org/@types/d3-interpolate/-/d3-interpolate-3.0.4.tgz 0ms (cache hit)
3969 http cache @types/babel__template@https://registry.npmjs.org/@types/babel__template/-/babel__template-7.4.4.tgz 1ms (cache hit)
3970 http cache classcat@https://registry.npmjs.org/classcat/-/classcat-5.0.5.tgz 0ms (cache hit)
3971 http cache zustand@https://registry.npmjs.org/zustand/-/zustand-4.5.7.tgz 1ms (cache hit)
3972 http cache @jridgewell/resolve-uri@https://registry.npmjs.org/@jridgewell/resolve-uri/-/resolve-uri-3.1.2.tgz 0ms (cache hit)
3973 http cache @babel/helper-string-parser@https://registry.npmjs.org/@babel/helper-string-parser/-/helper-string-parser-7.29.7.tgz 0ms (cache hit)
3974 http cache @types/babel__generator@https://registry.npmjs.org/@types/babel__generator/-/babel__generator-7.27.0.tgz 0ms (cache hit)
3975 http cache @jridgewell/sourcemap-codec@https://registry.npmjs.org/@jridgewell/sourcemap-codec/-/sourcemap-codec-1.5.5.tgz 0ms (cache hit)
3976 http cache @types/babel__traverse@https://registry.npmjs.org/@types/babel__traverse/-/babel__traverse-7.28.0.tgz 0ms (cache hit)
3977 http cache lru-cache@https://registry.npmjs.org/lru-cache/-/lru-cache-5.1.1.tgz 0ms (cache hit)
3978 http cache @babel/helper-module-imports@https://registry.npmjs.org/@babel/helper-module-imports/-/helper-module-imports-7.29.7.tgz 0ms (cache hit)
3979 http cache @babel/helper-plugin-utils@https://registry.npmjs.org/@babel/helper-plugin-utils/-/helper-plugin-utils-7.29.7.tgz 0ms (cache hit)
3980 http cache browserslist@https://registry.npmjs.org/browserslist/-/browserslist-4.28.7.tgz 0ms (cache hit)
3981 http cache jsesc@https://registry.npmjs.org/jsesc/-/jsesc-3.1.0.tgz 0ms (cache hit)
3982 http cache @babel/helper-globals@https://registry.npmjs.org/@babel/helper-globals/-/helper-globals-7.29.7.tgz 0ms (cache hit)
3983 http cache @babel/compat-data@https://registry.npmjs.org/@babel/compat-data/-/compat-data-7.29.7.tgz 0ms (cache hit)
3984 http cache @babel/helper-validator-option@https://registry.npmjs.org/@babel/helper-validator-option/-/helper-validator-option-7.29.7.tgz 0ms (cache hit)
3985 http cache json5@https://registry.npmjs.org/json5/-/json5-2.2.3.tgz 0ms (cache hit)
3986 http cache @jridgewell/gen-mapping@https://registry.npmjs.org/@jridgewell/gen-mapping/-/gen-mapping-0.3.13.tgz 0ms (cache hit)
3987 http cache semver@https://registry.npmjs.org/semver/-/semver-6.3.1.tgz 0ms (cache hit)
3988 http cache gensync@https://registry.npmjs.org/gensync/-/gensync-1.0.0-beta.2.tgz 0ms (cache hit)
3989 http cache @jridgewell/trace-mapping@https://registry.npmjs.org/@jridgewell/trace-mapping/-/trace-mapping-0.3.31.tgz 1ms (cache hit)
3990 http cache convert-source-map@https://registry.npmjs.org/convert-source-map/-/convert-source-map-2.0.0.tgz 0ms (cache hit)
3991 http cache @jridgewell/remapping@https://registry.npmjs.org/@jridgewell/remapping/-/remapping-2.3.5.tgz 0ms (cache hit)
3992 http cache @babel/traverse@https://registry.npmjs.org/@babel/traverse/-/traverse-7.29.7.tgz 0ms (cache hit)
3993 http cache @babel/types@https://registry.npmjs.org/@babel/types/-/types-7.29.7.tgz 0ms (cache hit)
3994 http cache @babel/helpers@https://registry.npmjs.org/@babel/helpers/-/helpers-7.29.7.tgz 0ms (cache hit)
3995 http cache @babel/helper-module-transforms@https://registry.npmjs.org/@babel/helper-module-transforms/-/helper-module-transforms-7.29.7.tgz 1ms (cache hit)
3996 http cache @babel/helper-compilation-targets@https://registry.npmjs.org/@babel/helper-compilation-targets/-/helper-compilation-targets-7.29.7.tgz 0ms (cache hit)
3997 http cache react-refresh@https://registry.npmjs.org/react-refresh/-/react-refresh-0.17.0.tgz 0ms (cache hit)
3998 http cache @babel/parser@https://registry.npmjs.org/@babel/parser/-/parser-7.29.7.tgz 0ms (cache hit)
3999 http cache @babel/generator@https://registry.npmjs.org/@babel/generator/-/generator-7.29.7.tgz 0ms (cache hit)
4000 http cache @rolldown/pluginutils@https://registry.npmjs.org/@rolldown/pluginutils/-/pluginutils-1.0.0-beta.27.tgz 0ms (cache hit)
4001 http cache @types/babel__core@https://registry.npmjs.org/@types/babel__core/-/babel__core-7.20.5.tgz 0ms (cache hit)
4002 http cache @babel/template@https://registry.npmjs.org/@babel/template/-/template-7.29.7.tgz 0ms (cache hit)
4003 http cache @babel/plugin-transform-react-jsx-self@https://registry.npmjs.org/@babel/plugin-transform-react-jsx-self/-/plugin-transform-react-jsx-self-7.29.7.tgz 0ms (cache hit)
4004 http cache @babel/core@https://registry.npmjs.org/@babel/core/-/core-7.29.7.tgz 0ms (cache hit)
4005 http cache csstype@https://registry.npmjs.org/csstype/-/csstype-3.2.3.tgz 0ms (cache hit)
4006 http cache @babel/plugin-transform-react-jsx-source@https://registry.npmjs.org/@babel/plugin-transform-react-jsx-source/-/plugin-transform-react-jsx-source-7.29.7.tgz 0ms (cache hit)
4007 http cache redent@https://registry.npmjs.org/redent/-/redent-3.0.0.tgz 0ms (cache hit)
4008 http cache @babel/helper-validator-identifier@https://registry.npmjs.org/@babel/helper-validator-identifier/-/helper-validator-identifier-7.29.7.tgz 0ms (cache hit)
4009 http cache @adobe/css-tools@https://registry.npmjs.org/@adobe/css-tools/-/css-tools-4.5.0.tgz 0ms (cache hit)
4010 http cache pretty-format@https://registry.npmjs.org/pretty-format/-/pretty-format-27.5.1.tgz 0ms (cache hit)
4011 http cache @babel/code-frame@https://registry.npmjs.org/@babel/code-frame/-/code-frame-7.29.7.tgz 0ms (cache hit)
4012 http cache js-tokens@https://registry.npmjs.org/js-tokens/-/js-tokens-4.0.0.tgz 0ms (cache hit)
4013 http cache css.escape@https://registry.npmjs.org/css.escape/-/css.escape-1.5.1.tgz 0ms (cache hit)
4014 http cache @babel/runtime@https://registry.npmjs.org/@babel/runtime/-/runtime-7.29.7.tgz 0ms (cache hit)
4015 http cache picocolors@https://registry.npmjs.org/picocolors/-/picocolors-1.1.1.tgz 0ms (cache hit)
4016 http cache lz-string@https://registry.npmjs.org/lz-string/-/lz-string-1.5.0.tgz 0ms (cache hit)
4017 http cache aria-query@https://registry.npmjs.org/aria-query/-/aria-query-5.3.0.tgz 0ms (cache hit)
4018 http cache dom-accessibility-api@https://registry.npmjs.org/dom-accessibility-api/-/dom-accessibility-api-0.5.16.tgz 0ms (cache hit)
4019 http cache strip-json-comments@https://registry.npmjs.org/strip-json-comments/-/strip-json-comments-3.1.1.tgz 0ms (cache hit)
4020 http cache minimatch@https://registry.npmjs.org/minimatch/-/minimatch-3.1.5.tgz 0ms (cache hit)
4021 http cache js-yaml@https://registry.npmjs.org/js-yaml/-/js-yaml-4.3.0.tgz 0ms (cache hit)
4022 http cache import-fresh@https://registry.npmjs.org/import-fresh/-/import-fresh-3.3.1.tgz 0ms (cache hit)
4023 http cache espree@https://registry.npmjs.org/espree/-/espree-10.4.0.tgz 0ms (cache hit)
4024 http cache ignore@https://registry.npmjs.org/ignore/-/ignore-5.3.2.tgz 0ms (cache hit)
4025 http cache globals@https://registry.npmjs.org/globals/-/globals-14.0.0.tgz 0ms (cache hit)
4026 http cache debug@https://registry.npmjs.org/debug/-/debug-4.4.3.tgz 0ms (cache hit)
4027 http cache ajv@https://registry.npmjs.org/ajv/-/ajv-6.15.0.tgz 0ms (cache hit)
4028 http cache vitest@https://registry.npmjs.org/vitest/-/vitest-2.1.9.tgz 0ms (cache hit)
4029 http cache tailwindcss@https://registry.npmjs.org/tailwindcss/-/tailwindcss-3.4.19.tgz 0ms (cache hit)
4030 http cache typescript@https://registry.npmjs.org/typescript/-/typescript-5.9.3.tgz 0ms (cache hit)
4031 http cache @types/aria-query@https://registry.npmjs.org/@types/aria-query/-/aria-query-5.0.4.tgz 0ms (cache hit)
4032 http cache next@https://registry.npmjs.org/next/-/next-15.5.22.tgz 0ms (cache hit)
4033 http cache jsdom@https://registry.npmjs.org/jsdom/-/jsdom-25.0.1.tgz 0ms (cache hit)
4034 http cache framer-motion@https://registry.npmjs.org/framer-motion/-/framer-motion-12.43.0.tgz 1ms (cache hit)
4035 http cache eslint-config-next@https://registry.npmjs.org/eslint-config-next/-/eslint-config-next-15.5.22.tgz 0ms (cache hit)
4036 http cache eslint@https://registry.npmjs.org/eslint/-/eslint-9.39.5.tgz 1ms (cache hit)
4037 http cache lucide-react@https://registry.npmjs.org/lucide-react/-/lucide-react-0.468.0.tgz 0ms (cache hit)
4038 http cache undici-types@https://registry.npmjs.org/undici-types/-/undici-types-6.21.0.tgz 0ms (cache hit)
4039 http cache @xyflow/react@https://registry.npmjs.org/@xyflow/react/-/react-12.11.2.tgz 0ms (cache hit)
4040 http cache postcss@https://registry.npmjs.org/postcss/-/postcss-8.5.25.tgz 0ms (cache hit)
4041 http cache autoprefixer@https://registry.npmjs.org/autoprefixer/-/autoprefixer-10.5.4.tgz 0ms (cache hit)
4042 http cache @types/react-dom@https://registry.npmjs.org/@types/react-dom/-/react-dom-19.2.3.tgz 0ms (cache hit)
4043 http cache @vitejs/plugin-react@https://registry.npmjs.org/@vitejs/plugin-react/-/plugin-react-4.7.0.tgz 0ms (cache hit)
4044 http cache vite@https://registry.npmjs.org/vite/-/vite-6.4.3.tgz 0ms (cache hit)
4045 http cache react-dom@https://registry.npmjs.org/react-dom/-/react-dom-19.2.8.tgz 0ms (cache hit)
4046 http cache @types/react@https://registry.npmjs.org/@types/react/-/react-19.2.17.tgz 0ms (cache hit)
4047 http cache @esbuild/win32-x64@https://registry.npmjs.org/@esbuild/win32-x64/-/win32-x64-0.21.5.tgz 0ms (cache hit)
4048 http cache react@https://registry.npmjs.org/react/-/react-19.2.8.tgz 0ms (cache hit)
4049 http cache @testing-library/dom@https://registry.npmjs.org/@testing-library/dom/-/dom-10.4.1.tgz 0ms (cache hit)
4050 http cache @types/node@https://registry.npmjs.org/@types/node/-/node-22.20.1.tgz 0ms (cache hit)
4051 http cache @testing-library/jest-dom@https://registry.npmjs.org/@testing-library/jest-dom/-/jest-dom-6.9.1.tgz 0ms (cache hit)
4052 http cache resolve@https://registry.npmjs.org/resolve/-/resolve-1.22.12.tgz 0ms (cache hit)
4053 http cache semver@https://registry.npmjs.org/semver/-/semver-7.8.5.tgz 0ms (cache hit)
4054 http cache @eslint/eslintrc@https://registry.npmjs.org/@eslint/eslintrc/-/eslintrc-3.3.6.tgz 0ms (cache hit)
4055 http cache glob-parent@https://registry.npmjs.org/glob-parent/-/glob-parent-5.1.2.tgz 0ms (cache hit)
4056 http cache @testing-library/react@https://registry.npmjs.org/@testing-library/react/-/react-16.3.2.tgz 0ms (cache hit)
4057 http cache esbuild@https://registry.npmjs.org/esbuild/-/esbuild-0.21.5.tgz 0ms (cache hit)
4058 http cache lru-cache@https://registry.npmjs.org/lru-cache/-/lru-cache-10.4.3.tgz 0ms (cache hit)
4059 http cache rrweb-cssom@https://registry.npmjs.org/rrweb-cssom/-/rrweb-cssom-0.8.0.tgz 0ms (cache hit)
4060 http cache react-is@https://registry.npmjs.org/react-is/-/react-is-16.13.1.tgz 0ms (cache hit)
4061 http cache json5@https://registry.npmjs.org/json5/-/json5-1.0.2.tgz 0ms (cache hit)
4062 http cache picomatch@https://registry.npmjs.org/picomatch/-/picomatch-4.0.5.tgz 0ms (cache hit)
4063 http cache debug@https://registry.npmjs.org/debug/-/debug-3.2.7.tgz 0ms (cache hit)
4064 http cache semver@https://registry.npmjs.org/semver/-/semver-7.8.5.tgz 0ms (cache hit)
4065 http cache fdir@https://registry.npmjs.org/fdir/-/fdir-6.5.0.tgz 0ms (cache hit)
4066 http cache balanced-match@https://registry.npmjs.org/balanced-match/-/balanced-match-4.0.4.tgz 0ms (cache hit)
4067 http cache semver@https://registry.npmjs.org/semver/-/semver-7.8.5.tgz 0ms (cache hit)
4068 http cache vite@https://registry.npmjs.org/vite/-/vite-5.4.21.tgz 0ms (cache hit)
4069 http cache minimatch@https://registry.npmjs.org/minimatch/-/minimatch-10.2.6.tgz 0ms (cache hit)
4070 http cache brace-expansion@https://registry.npmjs.org/brace-expansion/-/brace-expansion-5.0.9.tgz 0ms (cache hit)
4071 http cache aria-query@https://registry.npmjs.org/aria-query/-/aria-query-5.3.2.tgz 0ms (cache hit)
4072 http cache debug@https://registry.npmjs.org/debug/-/debug-3.2.7.tgz 0ms (cache hit)
4073 http cache glob-parent@https://registry.npmjs.org/glob-parent/-/glob-parent-5.1.2.tgz 0ms (cache hit)
4074 http cache debug@https://registry.npmjs.org/debug/-/debug-3.2.7.tgz 0ms (cache hit)
4075 http cache ignore@https://registry.npmjs.org/ignore/-/ignore-7.0.6.tgz 0ms (cache hit)
4076 http cache ansi-styles@https://registry.npmjs.org/ansi-styles/-/ansi-styles-5.2.0.tgz 0ms (cache hit)
4077 http cache eslint-visitor-keys@https://registry.npmjs.org/eslint-visitor-keys/-/eslint-visitor-keys-3.4.3.tgz 0ms (cache hit)
4078 http cache eslint-visitor-keys@https://registry.npmjs.org/eslint-visitor-keys/-/eslint-visitor-keys-5.0.1.tgz 0ms (cache hit)
4079 http cache @esbuild/win32-x64@https://registry.npmjs.org/@esbuild/win32-x64/-/win32-x64-0.21.5.tgz 0ms (cache hit)
4080 http cache esbuild@https://registry.npmjs.org/esbuild/-/esbuild-0.21.5.tgz 0ms (cache hit)
4081 http cache vite@https://registry.npmjs.org/vite/-/vite-5.4.21.tgz 0ms (cache hit)
4082 http cache glob-parent@https://registry.npmjs.org/glob-parent/-/glob-parent-5.1.2.tgz 0ms (cache hit)
4083 http cache @vitest/mocker@https://registry.npmjs.org/@vitest/mocker/-/mocker-2.1.9.tgz 0ms (cache hit)
4084 http cache fast-glob@https://registry.npmjs.org/fast-glob/-/fast-glob-3.3.3.tgz 0ms (cache hit)
4085 http cache postcss@https://registry.npmjs.org/postcss/-/postcss-8.4.31.tgz 0ms (cache hit)
4086 http cache resolve@https://registry.npmjs.org/resolve/-/resolve-1.22.12.tgz 0ms (cache hit)
4087 http cache dom-accessibility-api@https://registry.npmjs.org/dom-accessibility-api/-/dom-accessibility-api-0.6.3.tgz 0ms (cache hit)
4088 http cache picomatch@https://registry.npmjs.org/picomatch/-/picomatch-4.0.5.tgz 1ms (cache hit)
4089 http cache fdir@https://registry.npmjs.org/fdir/-/fdir-6.5.0.tgz 0ms (cache hit)
4090 silly tarball no local data for iconv-lite@https://registry.npmjs.org/iconv-lite/-/iconv-lite-0.6.3.tgz. Extracting by manifest.
4091 silly tarball no local data for @rollup/rollup-win32-x64-gnu@https://registry.npmjs.org/@rollup/rollup-win32-x64-gnu/-/rollup-win32-x64-gnu-4.62.3.tgz. Extracting by manifest.
4092 silly tarball no local data for @rollup/rollup-win32-x64-msvc@https://registry.npmjs.org/@rollup/rollup-win32-x64-msvc/-/rollup-win32-x64-msvc-4.62.3.tgz. Extracting by manifest.
4093 silly tarball no local data for @unrs/resolver-binding-win32-x64-msvc@https://registry.npmjs.org/@unrs/resolver-binding-win32-x64-msvc/-/resolver-binding-win32-x64-msvc-1.12.2.tgz. Extracting by manifest.
4094 silly tarball no local data for minimist@https://registry.npmjs.org/minimist/-/minimist-1.2.8.tgz. Extracting by manifest.
4095 silly tarball no local data for @next/swc-win32-x64-msvc@https://registry.npmjs.org/@next/swc-win32-x64-msvc/-/swc-win32-x64-msvc-15.5.22.tgz. Extracting by manifest.
4096 silly tarball no local data for language-subtag-registry@https://registry.npmjs.org/language-subtag-registry/-/language-subtag-registry-0.3.23.tgz. Extracting by manifest.
4097 silly tarball no local data for get-tsconfig@https://registry.npmjs.org/get-tsconfig/-/get-tsconfig-4.14.0.tgz. Extracting by manifest.
4098 silly tarball no local data for @types/d3-color@https://registry.npmjs.org/@types/d3-color/-/d3-color-3.1.3.tgz. Extracting by manifest.
4099 silly tarball no local data for json-schema-traverse@https://registry.npmjs.org/json-schema-traverse/-/json-schema-traverse-0.4.1.tgz. Extracting by manifest.
4100 silly tarball no local data for @types/babel__template@https://registry.npmjs.org/@types/babel__template/-/babel__template-7.4.4.tgz. Extracting by manifest.
4101 silly tarball no local data for @types/babel__generator@https://registry.npmjs.org/@types/babel__generator/-/babel__generator-7.27.0.tgz. Extracting by manifest.
4102 silly tarball no local data for @types/babel__traverse@https://registry.npmjs.org/@types/babel__traverse/-/babel__traverse-7.28.0.tgz. Extracting by manifest.
4103 silly tarball no local data for json5@https://registry.npmjs.org/json5/-/json5-1.0.2.tgz. Extracting by manifest.
4104 http fetch POST 200 https://registry.npmjs.org/-/npm/v1/security/advisories/bulk 2722ms
4105 silly audit report {
4105 silly audit report   vite: [
4105 silly audit report     {
4105 silly audit report       id: 1120784,
4105 silly audit report       url: 'https://github.com/advisories/GHSA-v6wh-96g9-6wx3',
4105 silly audit report       title: 'launch-editor: NTLMv2 hash disclosure via UNC path handling on Windows',
4105 silly audit report       severity: 'moderate',
4105 silly audit report       vulnerable_versions: '<=6.4.2',
4105 silly audit report       cwe: [Array],
4105 silly audit report       cvss: [Object]
4105 silly audit report     },
4105 silly audit report     {
4105 silly audit report       id: 1116229,
4105 silly audit report       url: 'https://github.com/advisories/GHSA-4w7w-66w2-5vf9',
4105 silly audit report       title: 'Vite Vulnerable to Path Traversal in Optimized Deps `.map` Handling',
4105 silly audit report       severity: 'moderate',
4105 silly audit report       vulnerable_versions: '<=6.4.1',
4105 silly audit report       cwe: [Array],
4105 silly audit report       cvss: [Object]
4105 silly audit report     },
4105 silly audit report     {
4105 silly audit report       id: 1123525,
4105 silly audit report       url: 'https://github.com/advisories/GHSA-fx2h-pf6j-xcff',
4105 silly audit report       title: 'vite: `server.fs.deny` bypass on Windows alternate paths',
4105 silly audit report       severity: 'high',
4105 silly audit report       vulnerable_versions: '<=6.4.2',
4105 silly audit report       cwe: [Array],
4105 silly audit report       cvss: [Object]
4105 silly audit report     }
4105 silly audit report   ],
4105 silly audit report   postcss: [
4105 silly audit report     {
4105 silly audit report       id: 1117015,
4105 silly audit report       url: 'https://github.com/advisories/GHSA-qx2v-qp2m-jg93',
4105 silly audit report       title: 'PostCSS has XSS via Unescaped </style> in its CSS Stringify Output',
4105 silly audit report       severity: 'moderate',
4105 silly audit report       vulnerable_versions: '<8.5.10',
4105 silly audit report       cwe: [Array],
4105 silly audit report       cvss: [Object]
4105 silly audit report     },
4105 silly audit report     {
4105 silly audit report       id: 1124252,
4105 silly audit report       url: 'https://github.com/advisories/GHSA-6g55-p6wh-862q',
4105 silly audit report       title: 'PostCSS: Arbitrary file read and information disclosure via attacker-controlled sourceMappingURL in CSS comments',
4105 silly audit report       severity: 'high',
4105 silly audit report       vulnerable_versions: '<=8.5.11',
4105 silly audit report       cwe: [Array],
4105 silly audit report       cvss: [Object]
4105 silly audit report     },
4105 silly audit report     {
4105 silly audit report       id: 1124288,
4105 silly audit report       url: 'https://github.com/advisories/GHSA-r28c-9q8g-f849',
4105 silly audit report       title: 'PostCSS: Path Traversal in Previous Source Map Auto-Loading (sourceMappingURL) leads to Arbitrary .map File Disclosure',
4105 silly audit report       severity: 'high',
4105 silly audit report       vulnerable_versions: '<=8.5.17',
4105 silly audit report       cwe: [Array],
4105 silly audit report       cvss: [Object]
4105 silly audit report     }
4105 silly audit report   ],
4105 silly audit report   vitest: [
4105 silly audit report     {
4105 silly audit report       id: 1120126,
4105 silly audit report       url: 'https://github.com/advisories/GHSA-5xrq-8626-4rwp',
4105 silly audit report       title: 'When Vitest UI server is listening, arbitrary file can be read and executed',
4105 silly audit report       severity: 'critical',
4105 silly audit report       vulnerable_versions: '<3.2.6',
4105 silly audit report       cwe: [Array],
4105 silly audit report       cvss: [Object]
4105 silly audit report     }
4105 silly audit report   ],
4105 silly audit report   'brace-expansion': [
4105 silly audit report     {
4105 silly audit report       id: 1124334,
4105 silly audit report       url: 'https://github.com/advisories/GHSA-mh99-v99m-4gvg',
4105 silly audit report       title: 'brace-expansion: DoS via unbounded expansion length causing an out-of-memory process crash',
4105 silly audit report       severity: 'high',
4105 silly audit report       vulnerable_versions: '<=5.0.7',
4105 silly audit report       cwe: [Array],
4105 silly audit report       cvss: [Object]
4105 silly audit report     }
4105 silly audit report   ],
4105 silly audit report   sharp: [
4105 silly audit report     {
4105 silly audit report       id: 1124066,
4105 silly audit report       url: 'https://github.com/advisories/GHSA-f88m-g3jw-g9cj',
4105 silly audit report       title: 'sharp inherited vulnerabilities in libvips: CVE-2026-33327, CVE-2026-33328, CVE-2026-35590, CVE-2026-35591',
4105 silly audit report       severity: 'high',
4105 silly audit report       vulnerable_versions: '<0.35.0',
4105 silly audit report       cwe: [Array],
4105 silly audit report       cvss: [Object]
4105 silly audit report     }
4105 silly audit report   ],
4105 silly audit report   esbuild: [
4105 silly audit report     {
4105 silly audit report       id: 1102341,
4105 silly audit report       url: 'https://github.com/advisories/GHSA-67mh-4wv8-2f99',
4105 silly audit report       title: 'esbuild enables any website to send any requests to the development server and read the response',
4105 silly audit report       severity: 'moderate',
4105 silly audit report       vulnerable_versions: '<=0.24.2',
4105 silly audit report       cwe: [Array],
4105 silly audit report       cvss: [Object]
4105 silly audit report     }
4105 silly audit report   ]
4105 silly audit report }
4106 silly packumentCache corgi:https://registry.npmjs.org/vite cache-miss
4107 silly packumentCache corgi:https://registry.npmjs.org/postcss cache-miss
4108 silly packumentCache corgi:https://registry.npmjs.org/vitest cache-miss
4109 silly packumentCache corgi:https://registry.npmjs.org/brace-expansion cache-miss
4110 silly packumentCache corgi:https://registry.npmjs.org/sharp cache-miss
4111 silly packumentCache corgi:https://registry.npmjs.org/esbuild cache-miss
4112 http fetch GET 200 https://registry.npmjs.org/@types/babel__template/-/babel__template-7.4.4.tgz 13724ms (cache miss)
4113 http fetch GET 200 https://registry.npmjs.org/@types/d3-color/-/d3-color-3.1.3.tgz 14057ms (cache miss)
4114 http fetch GET 200 https://registry.npmjs.org/postcss 14913ms (cache revalidated)
4115 silly packumentCache corgi:https://registry.npmjs.org/postcss set size:354683 disposed:false
4116 http fetch GET 200 https://registry.npmjs.org/esbuild 14948ms (cache revalidated)
4117 silly packumentCache corgi:https://registry.npmjs.org/esbuild set size:887361 disposed:false
4118 http fetch GET 200 https://registry.npmjs.org/vitest 15017ms (cache revalidated)
4119 silly packumentCache corgi:https://registry.npmjs.org/vitest set size:1264033 disposed:false
4120 http fetch GET 200 https://registry.npmjs.org/vite 15112ms (cache revalidated)
4121 silly packumentCache corgi:https://registry.npmjs.org/vite set size:2291880 disposed:false
4122 http fetch GET 200 https://registry.npmjs.org/brace-expansion 15308ms (cache revalidated)
4123 silly packumentCache corgi:https://registry.npmjs.org/brace-expansion set size:34964 disposed:false
4124 http fetch GET 200 https://registry.npmjs.org/sharp 15328ms (cache revalidated)
4125 silly packumentCache corgi:https://registry.npmjs.org/sharp set size:291503 disposed:false
4126 silly packumentCache corgi:https://registry.npmjs.org/@vitest%2fmocker cache-miss
4127 silly packumentCache corgi:https://registry.npmjs.org/vite-node cache-miss
4128 http fetch GET 200 https://registry.npmjs.org/@types/babel__generator/-/babel__generator-7.27.0.tgz 16441ms (cache miss)
4129 warn deprecated whatwg-encoding@3.1.1: Use @exodus/bytes instead for a more spec-conformant and faster implementation
4130 http fetch GET 200 https://registry.npmjs.org/@types/babel__traverse/-/babel__traverse-7.28.0.tgz 19456ms (cache miss)
4131 http fetch GET 200 https://registry.npmjs.org/json-schema-traverse/-/json-schema-traverse-0.4.1.tgz 19491ms (cache miss)
4132 http fetch GET 200 https://registry.npmjs.org/vite-node 4667ms (cache revalidated)
4133 silly packumentCache corgi:https://registry.npmjs.org/vite-node set size:453359 disposed:false
4134 http fetch GET 200 https://registry.npmjs.org/@vitest%2fmocker 5085ms (cache revalidated)
4135 silly packumentCache corgi:https://registry.npmjs.org/@vitest%2fmocker set size:123096 disposed:false
4136 http fetch GET 200 https://registry.npmjs.org/get-tsconfig/-/get-tsconfig-4.14.0.tgz 21418ms (cache miss)
4137 silly packumentCache corgi:https://registry.npmjs.org/next cache-miss
4138 http fetch GET 200 https://registry.npmjs.org/next 2196ms (cache revalidated)
4139 silly packumentCache corgi:https://registry.npmjs.org/next set size:25409895 disposed:false
4140 silly packumentCache corgi:https://registry.npmjs.org/minimatch cache-miss
4141 http fetch GET 200 https://registry.npmjs.org/json5/-/json5-1.0.2.tgz 28575ms (cache miss)
4142 http fetch GET 200 https://registry.npmjs.org/minimatch 1744ms (cache revalidated)
4143 silly packumentCache corgi:https://registry.npmjs.org/minimatch set size:169442 disposed:false
4144 http fetch GET 200 https://registry.npmjs.org/minimist/-/minimist-1.2.8.tgz 30605ms (cache miss)
4145 silly packumentCache corgi:https://registry.npmjs.org/@eslint%2feslintrc cache-miss
4146 silly packumentCache corgi:https://registry.npmjs.org/eslint cache-miss
4147 silly packumentCache corgi:https://registry.npmjs.org/@eslint%2fconfig-array cache-miss
4148 silly packumentCache corgi:https://registry.npmjs.org/eslint-plugin-import cache-miss
4149 silly packumentCache corgi:https://registry.npmjs.org/eslint-plugin-jsx-a11y cache-miss
4150 silly packumentCache corgi:https://registry.npmjs.org/eslint-plugin-react cache-miss
4151 http fetch GET 200 https://registry.npmjs.org/@unrs/resolver-binding-win32-x64-msvc/-/resolver-binding-win32-x64-msvc-1.12.2.tgz 34065ms (cache miss)
4152 http fetch GET 200 https://registry.npmjs.org/@eslint%2fconfig-array 1398ms (cache revalidated)
4153 silly packumentCache corgi:https://registry.npmjs.org/@eslint%2fconfig-array set size:19036 disposed:false
4154 http fetch GET 200 https://registry.npmjs.org/eslint-plugin-import 1397ms (cache revalidated)
4155 silly packumentCache corgi:https://registry.npmjs.org/eslint-plugin-import set size:238396 disposed:false
4156 http fetch GET 200 https://registry.npmjs.org/eslint-plugin-jsx-a11y 1413ms (cache revalidated)
4157 silly packumentCache corgi:https://registry.npmjs.org/eslint-plugin-jsx-a11y set size:108835 disposed:false
4158 http fetch GET 200 https://registry.npmjs.org/@eslint%2feslintrc 1434ms (cache revalidated)
4159 silly packumentCache corgi:https://registry.npmjs.org/@eslint%2feslintrc set size:84432 disposed:false
4160 http fetch GET 200 https://registry.npmjs.org/eslint-plugin-react 1445ms (cache revalidated)
4161 silly packumentCache corgi:https://registry.npmjs.org/eslint-plugin-react set size:309843 disposed:false
4162 http fetch GET 200 https://registry.npmjs.org/eslint 1521ms (cache revalidated)
4163 silly packumentCache corgi:https://registry.npmjs.org/eslint set size:1175599 disposed:false
4164 http fetch GET 200 https://registry.npmjs.org/@rollup/rollup-win32-x64-gnu/-/rollup-win32-x64-gnu-4.62.3.tgz 35900ms (cache miss)
4165 silly packumentCache corgi:https://registry.npmjs.org/eslint-config-next cache-miss
4166 silly packumentCache corgi:https://registry.npmjs.org/eslint-import-resolver-typescript cache-miss
4167 http fetch GET 200 https://registry.npmjs.org/@rollup/rollup-win32-x64-msvc/-/rollup-win32-x64-msvc-4.62.3.tgz 36847ms (cache miss)
4168 http fetch GET 200 https://registry.npmjs.org/language-subtag-registry/-/language-subtag-registry-0.3.23.tgz 36845ms (cache miss)
4169 http fetch GET 200 https://registry.npmjs.org/eslint-import-resolver-typescript 769ms (cache revalidated)
4170 silly packumentCache corgi:https://registry.npmjs.org/eslint-import-resolver-typescript set size:139765 disposed:false
4171 http fetch GET 200 https://registry.npmjs.org/eslint-config-next 800ms (cache revalidated)
4172 silly packumentCache corgi:https://registry.npmjs.org/eslint-config-next set size:4010216 disposed:false
4173 http fetch GET 200 https://registry.npmjs.org/iconv-lite/-/iconv-lite-0.6.3.tgz 38353ms (cache miss)
4174 silly packumentCache corgi:https://registry.npmjs.org/@eslint-community%2feslint-utils cache-miss
4175 silly packumentCache corgi:https://registry.npmjs.org/@typescript-eslint%2feslint-plugin cache-miss
4176 silly packumentCache corgi:https://registry.npmjs.org/@typescript-eslint%2fparser cache-miss
4177 silly packumentCache corgi:https://registry.npmjs.org/eslint-plugin-react-hooks cache-miss
4178 silly packumentCache corgi:https://registry.npmjs.org/@typescript-eslint%2ftype-utils cache-miss
4179 silly packumentCache corgi:https://registry.npmjs.org/@typescript-eslint%2futils cache-miss
4180 http fetch GET 200 https://registry.npmjs.org/@eslint-community%2feslint-utils 874ms (cache revalidated)
4181 silly packumentCache corgi:https://registry.npmjs.org/@eslint-community%2feslint-utils set size:50634 disposed:false
4182 http fetch GET 200 https://registry.npmjs.org/@typescript-eslint%2futils 918ms (cache revalidated)
4183 silly packumentCache corgi:https://registry.npmjs.org/@typescript-eslint%2futils set size:4842704 disposed:false
4184 http fetch GET 200 https://registry.npmjs.org/eslint-plugin-react-hooks 1179ms (cache revalidated)
4185 silly packumentCache corgi:https://registry.npmjs.org/eslint-plugin-react-hooks set size:4323169 disposed:false
4186 http fetch GET 200 https://registry.npmjs.org/@typescript-eslint%2fparser 1453ms (cache revalidated)
4187 silly packumentCache corgi:https://registry.npmjs.org/@typescript-eslint%2fparser set size:8228115 disposed:false
4188 http fetch GET 200 https://registry.npmjs.org/@typescript-eslint%2ftype-utils 2017ms (cache revalidated)
4189 silly packumentCache corgi:https://registry.npmjs.org/@typescript-eslint%2ftype-utils set size:4857501 disposed:false
4190 http fetch GET 200 https://registry.npmjs.org/@typescript-eslint%2feslint-plugin 3548ms (cache revalidated)
4191 silly packumentCache corgi:https://registry.npmjs.org/@typescript-eslint%2feslint-plugin set size:9840029 disposed:false
4192 http fetch GET 200 https://registry.npmjs.org/@next/swc-win32-x64-msvc/-/swc-win32-x64-msvc-15.5.22.tgz 86305ms (cache miss)
4193 info run sharp@0.34.5 install node_modules/sharp node install/check.js || npm run build
4194 info run sharp@0.34.5 install { code: 0, signal: null }
4195 info run esbuild@0.25.12 postinstall node_modules/esbuild node install.js
4196 info run unrs-resolver@1.12.2 postinstall node_modules/unrs-resolver node postinstall.js
4197 info run esbuild@0.21.5 postinstall node_modules/vite-node/node_modules/esbuild node install.js
4198 info run esbuild@0.21.5 postinstall node_modules/vitest/node_modules/esbuild node install.js
4199 info run unrs-resolver@1.12.2 postinstall { code: 0, signal: null }
4200 info run esbuild@0.25.12 postinstall { code: 0, signal: null }
4201 info run esbuild@0.21.5 postinstall { code: 0, signal: null }
4202 info run esbuild@0.21.5 postinstall { code: 0, signal: null }
4203 silly ADD node_modules/estree-walker
4204 silly ADD node_modules/use-sync-external-store
4205 silly ADD node_modules/stackback
4206 silly ADD node_modules/siginfo
4207 silly ADD node_modules/is-weakset
4208 silly ADD node_modules/is-weakmap
4209 silly ADD node_modules/is-map
4210 silly ADD node_modules/generator-function
4211 silly ADD node_modules/async-function
4212 silly ADD node_modules/which-collection
4213 silly ADD node_modules/is-generator-function
4214 silly ADD node_modules/is-finalizationregistry
4215 silly ADD node_modules/is-async-function
4216 silly ADD node_modules/is-number-object
4217 silly ADD node_modules/is-boolean-object
4218 silly ADD node_modules/is-bigint
4219 silly ADD node_modules/isexe
4220 silly ADD node_modules/tr46
4221 silly ADD node_modules/safer-buffer
4222 silly ADD node_modules/iconv-lite
4223 silly ADD node_modules/es-module-lexer
4224 silly ADD node_modules/cac
4225 silly ADD node_modules/pathval
4226 silly ADD node_modules/deep-eql
4227 silly ADD node_modules/check-error
4228 silly ADD node_modules/assertion-error
4229 silly ADD node_modules/loupe
4230 silly ADD node_modules/tinyspy
4231 silly ADD node_modules/why-is-node-running
4232 silly ADD node_modules/vite-node
4233 silly ADD node_modules/vite-node/node_modules/@esbuild/win32-x64
4234 silly ADD node_modules/vite-node/node_modules/esbuild
4235 silly ADD node_modules/vite-node/node_modules/vite
4236 silly ADD node_modules/tinyrainbow
4237 silly ADD node_modules/tinypool
4238 silly ADD node_modules/tinyexec
4239 silly ADD node_modules/tinybench
4240 silly ADD node_modules/std-env
4241 silly ADD node_modules/pathe
4242 silly ADD node_modules/magic-string
4243 silly ADD node_modules/expect-type
4244 silly ADD node_modules/chai
4245 silly ADD node_modules/@vitest/utils
4246 silly ADD node_modules/@vitest/spy
4247 silly ADD node_modules/@vitest/snapshot
4248 silly ADD node_modules/@vitest/runner
4249 silly ADD node_modules/@vitest/pretty-format
4250 silly ADD node_modules/@vitest/expect
4251 silly ADD node_modules/@rollup/rollup-win32-x64-msvc
4252 silly ADD node_modules/@rollup/rollup-win32-x64-gnu
4253 silly ADD node_modules/@esbuild/win32-x64
4254 silly ADD node_modules/rollup
4255 silly ADD node_modules/esbuild
4256 silly ADD node_modules/punycode
4257 silly ADD node_modules/escalade
4258 silly ADD node_modules/napi-postinstall
4259 silly ADD node_modules/@unrs/resolver-binding-win32-x64-msvc
4260 silly ADD node_modules/which-boxed-primitive
4261 silly ADD node_modules/has-bigints
4262 silly ADD node_modules/which-builtin-type
4263 silly ADD node_modules/reflect.getprototypeof
4264 silly ADD node_modules/for-each
4265 silly ADD node_modules/strip-bom
4266 silly ADD node_modules/minimist
4267 silly ADD node_modules/@types/json5
4268 silly ADD node_modules/tldts-core
4269 silly ADD node_modules/tldts
4270 silly ADD node_modules/is-number
4271 silly ADD node_modules/thenify
4272 silly ADD node_modules/thenify-all
4273 silly ADD node_modules/any-promise
4274 silly ADD node_modules/ts-interface-checker
4275 silly ADD node_modules/pirates
4276 silly ADD node_modules/mz
4277 silly ADD node_modules/lines-and-columns
4278 silly ADD node_modules/commander
4279 silly ADD node_modules/pify
4280 silly ADD node_modules/util-deprecate
4281 silly ADD node_modules/cssesc
4282 silly ADD node_modules/camelcase-css
4283 silly ADD node_modules/read-cache
4284 silly ADD node_modules/binary-extensions
4285 silly ADD node_modules/readdirp
4286 silly ADD node_modules/is-binary-path
4287 silly ADD node_modules/anymatch
4288 silly ADD node_modules/sucrase
4289 silly ADD node_modules/postcss-selector-parser
4290 silly ADD node_modules/postcss-nested
4291 silly ADD node_modules/postcss-load-config
4292 silly ADD node_modules/postcss-js
4293 silly ADD node_modules/postcss-import
4294 silly ADD node_modules/postcss-import/node_modules/resolve
4295 silly ADD node_modules/object-hash
4296 silly ADD node_modules/normalize-path
4297 silly ADD node_modules/lilconfig
4298 silly ADD node_modules/jiti
4299 silly ADD node_modules/dlv
4300 silly ADD node_modules/didyoumean
4301 silly ADD node_modules/chokidar
4302 silly ADD node_modules/chokidar/node_modules/glob-parent
4303 silly ADD node_modules/arg
4304 silly ADD node_modules/@alloc/quick-lru
4305 silly ADD node_modules/has-flag
4306 silly ADD node_modules/client-only
4307 silly ADD node_modules/min-indent
4308 silly ADD node_modules/side-channel-weakmap
4309 silly ADD node_modules/side-channel-map
4310 silly ADD node_modules/side-channel-list
4311 silly ADD node_modules/shebang-regex
4312 silly ADD node_modules/detect-libc
4313 silly ADD node_modules/@img/sharp-win32-x64
4314 silly ADD node_modules/@img/colour
4315 silly ADD node_modules/xmlchars
4316 silly ADD node_modules/isarray
4317 silly ADD node_modules/queue-microtask
4318 silly ADD node_modules/supports-preserve-symlinks-flag
4319 silly ADD node_modules/path-parse
4320 silly ADD node_modules/node-exports-info
4321 silly ADD node_modules/strip-indent
4322 silly ADD node_modules/indent-string
4323 silly ADD node_modules/scheduler
4324 silly ADD node_modules/object-assign
4325 silly ADD node_modules/loose-envify
4326 silly ADD node_modules/react-is
4327 silly ADD node_modules/ansi-regex
4328 silly ADD node_modules/source-map-js
4329 silly ADD node_modules/nanoid
4330 silly ADD node_modules/entities
4331 silly ADD node_modules/callsites
4332 silly ADD node_modules/yocto-queue
4333 silly ADD node_modules/p-limit
4334 silly ADD node_modules/word-wrap
4335 silly ADD node_modules/fast-levenshtein
4336 silly ADD node_modules/deep-is
4337 silly ADD node_modules/styled-jsx
4338 silly ADD node_modules/sharp
4339 silly ADD node_modules/sharp/node_modules/semver
4340 silly ADD node_modules/@swc/helpers
4341 silly ADD node_modules/@next/swc-win32-x64-msvc
4342 silly ADD node_modules/@next/env
4343 silly ADD node_modules/concat-map
4344 silly ADD node_modules/balanced-match
4345 silly ADD node_modules/brace-expansion
4346 silly ADD node_modules/mime-db
4347 silly ADD node_modules/to-regex-range
4348 silly ADD node_modules/fill-range
4349 silly ADD node_modules/picomatch
4350 silly ADD node_modules/braces
4351 silly ADD node_modules/yallist
4352 silly ADD node_modules/p-locate
4353 silly ADD node_modules/type-check
4354 silly ADD node_modules/prelude-ls
4355 silly ADD node_modules/language-subtag-registry
4356 silly ADD node_modules/json-buffer
4357 silly ADD node_modules/agent-base
4358 silly ADD node_modules/delayed-stream
4359 silly ADD node_modules/mime-types
4360 silly ADD node_modules/combined-stream
4361 silly ADD node_modules/asynckit
4362 silly ADD node_modules/@csstools/color-helpers
4363 silly ADD node_modules/@csstools/css-color-parser
4364 silly ADD node_modules/@csstools/css-parser-algorithms
4365 silly ADD node_modules/@csstools/css-tokenizer
4366 silly ADD node_modules/@csstools/css-calc
4367 silly ADD node_modules/@asamuzakjp/css-color
4368 silly ADD node_modules/@asamuzakjp/css-color/node_modules/lru-cache
4369 silly ADD node_modules/xml-name-validator
4370 silly ADD node_modules/ws
4371 silly ADD node_modules/whatwg-url
4372 silly ADD node_modules/whatwg-mimetype
4373 silly ADD node_modules/whatwg-encoding
4374 silly ADD node_modules/webidl-conversions
4375 silly ADD node_modules/w3c-xmlserializer
4376 silly ADD node_modules/tough-cookie
4377 silly ADD node_modules/symbol-tree
4378 silly ADD node_modules/saxes
4379 silly ADD node_modules/rrweb-cssom
4380 silly ADD node_modules/parse5
4381 silly ADD node_modules/nwsapi
4382 silly ADD node_modules/is-potential-custom-element-name
4383 silly ADD node_modules/https-proxy-agent
4384 silly ADD node_modules/http-proxy-agent
4385 silly ADD node_modules/html-encoding-sniffer
4386 silly ADD node_modules/form-data
4387 silly ADD node_modules/decimal.js
4388 silly ADD node_modules/data-urls
4389 silly ADD node_modules/cssstyle
4390 silly ADD node_modules/cssstyle/node_modules/rrweb-cssom
4391 silly ADD node_modules/argparse
4392 silly ADD node_modules/set-function-name
4393 silly ADD node_modules/is-extglob
4394 silly ADD node_modules/side-channel
4395 silly ADD node_modules/resolve-from
4396 silly ADD node_modules/parent-module
4397 silly ADD node_modules/resolve-pkg-maps
4398 silly ADD node_modules/dunder-proto
4399 silly ADD node_modules/is-document.all
4400 silly ADD node_modules/functions-have-names
4401 silly ADD node_modules/tslib
4402 silly ADD node_modules/motion-utils
4403 silly ADD node_modules/motion-dom
4404 silly ADD node_modules/keyv
4405 silly ADD node_modules/flatted
4406 silly ADD node_modules/path-exists
4407 silly ADD node_modules/locate-path
4408 silly ADD node_modules/flat-cache
4409 silly ADD node_modules/reusify
4410 silly ADD node_modules/run-parallel
4411 silly ADD node_modules/fastq
4412 silly ADD node_modules/@nodelib/fs.scandir
4413 silly ADD node_modules/micromatch
4414 silly ADD node_modules/merge2
4415 silly ADD node_modules/@nodelib/fs.walk
4416 silly ADD node_modules/@nodelib/fs.stat
4417 silly ADD node_modules/acorn-jsx
4418 silly ADD node_modules/acorn
4419 silly ADD node_modules/esrecurse
4420 silly ADD node_modules/iterator.prototype
4421 silly ADD node_modules/string.prototype.repeat
4422 silly ADD node_modules/string.prototype.matchall
4423 silly ADD node_modules/prop-types
4424 silly ADD node_modules/prop-types/node_modules/react-is
4425 silly ADD node_modules/object.entries
4426 silly ADD node_modules/estraverse
4427 silly ADD node_modules/es-iterator-helpers
4428 silly ADD node_modules/array.prototype.tosorted
4429 silly ADD node_modules/array.prototype.findlast
4430 silly ADD node_modules/string.prototype.includes
4431 silly ADD node_modules/language-tags
4432 silly ADD node_modules/jsx-ast-utils
4433 silly ADD node_modules/emoji-regex
4434 silly ADD node_modules/damerau-levenshtein
4435 silly ADD node_modules/axobject-query
4436 silly ADD node_modules/axe-core
4437 silly ADD node_modules/ast-types-flow
4438 silly ADD node_modules/is-symbol
4439 silly ADD node_modules/is-date-object
4440 silly ADD node_modules/es-abstract-get
4441 silly ADD node_modules/has-tostringtag
4442 silly ADD node_modules/possible-typed-array-names
4443 silly ADD node_modules/which-typed-array
4444 silly ADD node_modules/unbox-primitive
4445 silly ADD node_modules/typed-array-length
4446 silly ADD node_modules/typed-array-byte-offset
4447 silly ADD node_modules/typed-array-byte-length
4448 silly ADD node_modules/typed-array-buffer
4449 silly ADD node_modules/string.prototype.trimstart
4450 silly ADD node_modules/string.prototype.trim
4451 silly ADD node_modules/stop-iteration-iterator
4452 silly ADD node_modules/set-proto
4453 silly ADD node_modules/safe-regex-test
4454 silly ADD node_modules/safe-push-apply
4455 silly ADD node_modules/safe-array-concat
4456 silly ADD node_modules/regexp.prototype.flags
4457 silly ADD node_modules/own-keys
4458 silly ADD node_modules/object.assign
4459 silly ADD node_modules/object-inspect
4460 silly ADD node_modules/is-weakref
4461 silly ADD node_modules/is-typed-array
4462 silly ADD node_modules/is-shared-array-buffer
4463 silly ADD node_modules/is-set
4464 silly ADD node_modules/is-regex
4465 silly ADD node_modules/is-negative-zero
4466 silly ADD node_modules/is-data-view
4467 silly ADD node_modules/is-callable
4468 silly ADD node_modules/is-array-buffer
4469 silly ADD node_modules/internal-slot
4470 silly ADD node_modules/has-symbols
4471 silly ADD node_modules/has-proto
4472 silly ADD node_modules/globalthis
4473 silly ADD node_modules/get-symbol-description
4474 silly ADD node_modules/get-proto
4475 silly ADD node_modules/function.prototype.name
4476 silly ADD node_modules/es-to-primitive
4477 silly ADD node_modules/es-set-tostringtag
4478 silly ADD node_modules/data-view-byte-offset
4479 silly ADD node_modules/data-view-byte-length
4480 silly ADD node_modules/data-view-buffer
4481 silly ADD node_modules/available-typed-arrays
4482 silly ADD node_modules/arraybuffer.prototype.slice
4483 silly ADD node_modules/array-buffer-byte-length
4484 silly ADD node_modules/gopd
4485 silly ADD node_modules/object-keys
4486 silly ADD node_modules/has-property-descriptors
4487 silly ADD node_modules/define-data-property
4488 silly ADD node_modules/function-bind
4489 silly ADD node_modules/set-function-length
4490 silly ADD node_modules/es-define-property
4491 silly ADD node_modules/call-bind-apply-helpers
4492 silly ADD node_modules/es-shim-unscopables
4493 silly ADD node_modules/es-errors
4494 silly ADD node_modules/math-intrinsics
4495 silly ADD node_modules/is-string
4496 silly ADD node_modules/get-intrinsic
4497 silly ADD node_modules/es-object-atoms
4498 silly ADD node_modules/es-abstract
4499 silly ADD node_modules/define-properties
4500 silly ADD node_modules/call-bound
4501 silly ADD node_modules/call-bind
4502 silly ADD node_modules/tsconfig-paths
4503 silly ADD node_modules/tsconfig-paths/node_modules/json5
4504 silly ADD node_modules/string.prototype.trimend
4505 silly ADD node_modules/object.values
4506 silly ADD node_modules/object.groupby
4507 silly ADD node_modules/object.fromentries
4508 silly ADD node_modules/hasown
4509 silly ADD node_modules/eslint-module-utils
4510 silly ADD node_modules/eslint-module-utils/node_modules/debug
4511 silly ADD node_modules/doctrine
4512 silly ADD node_modules/array.prototype.flatmap
4513 silly ADD node_modules/array.prototype.flat
4514 silly ADD node_modules/array.prototype.findlastindex
4515 silly ADD node_modules/array-includes
4516 silly ADD node_modules/@rtsao/scc
4517 silly ADD node_modules/unrs-resolver
4518 silly ADD node_modules/stable-hash
4519 silly ADD node_modules/is-bun-module
4520 silly ADD node_modules/is-bun-module/node_modules/semver
4521 silly ADD node_modules/get-tsconfig
4522 silly ADD node_modules/@nolyfill/is-core-module
4523 silly ADD node_modules/resolve
4524 silly ADD node_modules/is-core-module
4525 silly ADD node_modules/tinyglobby
4526 silly ADD node_modules/tinyglobby/node_modules/picomatch
4527 silly ADD node_modules/tinyglobby/node_modules/fdir
4528 silly ADD node_modules/@typescript-eslint/tsconfig-utils
4529 silly ADD node_modules/@typescript-eslint/project-service
4530 silly ADD node_modules/@typescript-eslint/typescript-estree
4531 silly ADD node_modules/@typescript-eslint/typescript-estree/node_modules/balanced-match
4532 silly ADD node_modules/@typescript-eslint/typescript-estree/node_modules/brace-expansion
4533 silly ADD node_modules/@typescript-eslint/typescript-estree/node_modules/semver
4534 silly ADD node_modules/@typescript-eslint/typescript-estree/node_modules/minimatch
4535 silly ADD node_modules/@typescript-eslint/types
4536 silly ADD node_modules/ts-api-utils
4537 silly ADD node_modules/@typescript-eslint/visitor-keys
4538 silly ADD node_modules/@typescript-eslint/visitor-keys/node_modules/eslint-visitor-keys
4539 silly ADD node_modules/@typescript-eslint/utils
4540 silly ADD node_modules/@typescript-eslint/type-utils
4541 silly ADD node_modules/@typescript-eslint/scope-manager
4542 silly ADD node_modules/fast-glob
4543 silly ADD node_modules/fast-glob/node_modules/glob-parent
4544 silly ADD node_modules/eslint-plugin-react-hooks
4545 silly ADD node_modules/eslint-plugin-react
4546 silly ADD node_modules/eslint-plugin-jsx-a11y
4547 silly ADD node_modules/eslint-plugin-jsx-a11y/node_modules/aria-query
4548 silly ADD node_modules/eslint-plugin-import
4549 silly ADD node_modules/eslint-plugin-import/node_modules/debug
4550 silly ADD node_modules/eslint-import-resolver-typescript
4551 silly ADD node_modules/eslint-import-resolver-node
4552 silly ADD node_modules/eslint-import-resolver-node/node_modules/debug
4553 silly ADD node_modules/@typescript-eslint/parser
4554 silly ADD node_modules/@typescript-eslint/eslint-plugin
4555 silly ADD node_modules/@typescript-eslint/eslint-plugin/node_modules/ignore
4556 silly ADD node_modules/@rushstack/eslint-patch
4557 silly ADD node_modules/@next/eslint-plugin-next
4558 silly ADD node_modules/which
4559 silly ADD node_modules/shebang-command
4560 silly ADD node_modules/path-key
4561 silly ADD node_modules/color-name
4562 silly ADD node_modules/color-convert
4563 silly ADD node_modules/supports-color
4564 silly ADD node_modules/ansi-styles
4565 silly ADD node_modules/@humanfs/types
4566 silly ADD node_modules/@humanfs/core
4567 silly ADD node_modules/levn
4568 silly ADD node_modules/@types/json-schema
4569 silly ADD node_modules/@eslint/object-schema
4570 silly ADD node_modules/optionator
4571 silly ADD node_modules/natural-compare
4572 silly ADD node_modules/lodash.merge
4573 silly ADD node_modules/json-stable-stringify-without-jsonify
4574 silly ADD node_modules/is-glob
4575 silly ADD node_modules/imurmurhash
4576 silly ADD node_modules/glob-parent
4577 silly ADD node_modules/find-up
4578 silly ADD node_modules/file-entry-cache
4579 silly ADD node_modules/esutils
4580 silly ADD node_modules/esquery
4581 silly ADD node_modules/eslint-visitor-keys
4582 silly ADD node_modules/eslint-scope
4583 silly ADD node_modules/escape-string-regexp
4584 silly ADD node_modules/cross-spawn
4585 silly ADD node_modules/chalk
4586 silly ADD node_modules/@types/estree
4587 silly ADD node_modules/@humanwhocodes/retry
4588 silly ADD node_modules/@humanwhocodes/module-importer
4589 silly ADD node_modules/@humanfs/node
4590 silly ADD node_modules/@eslint/plugin-kit
4591 silly ADD node_modules/@eslint/js
4592 silly ADD node_modules/@eslint/core
4593 silly ADD node_modules/@eslint/config-helpers
4594 silly ADD node_modules/@eslint/config-array
4595 silly ADD node_modules/@eslint-community/regexpp
4596 silly ADD node_modules/@eslint-community/eslint-utils
4597 silly ADD node_modules/@eslint-community/eslint-utils/node_modules/eslint-visitor-keys
4598 silly ADD node_modules/ms
4599 silly ADD node_modules/d3-timer
4600 silly ADD node_modules/d3-ease
4601 silly ADD node_modules/d3-transition
4602 silly ADD node_modules/d3-color
4603 silly ADD node_modules/d3-dispatch
4604 silly ADD node_modules/update-browserslist-db
4605 silly ADD node_modules/node-releases
4606 silly ADD node_modules/electron-to-chromium
4607 silly ADD node_modules/baseline-browser-mapping
4608 silly ADD node_modules/postcss-value-parser
4609 silly ADD node_modules/fraction.js
4610 silly ADD node_modules/caniuse-lite
4611 silly ADD node_modules/dequal
4612 silly ADD node_modules/uri-js
4613 silly ADD node_modules/json-schema-traverse
4614 silly ADD node_modules/fast-json-stable-stringify
4615 silly ADD node_modules/fast-deep-equal
4616 silly ADD node_modules/@types/d3-color
4617 silly ADD node_modules/d3-zoom
4618 silly ADD node_modules/d3-selection
4619 silly ADD node_modules/d3-interpolate
4620 silly ADD node_modules/d3-drag
4621 silly ADD node_modules/@types/d3-zoom
4622 silly ADD node_modules/@types/d3-transition
4623 silly ADD node_modules/@types/d3-selection
4624 silly ADD node_modules/@types/d3-interpolate
4625 silly ADD node_modules/@types/d3-drag
4626 silly ADD node_modules/zustand
4627 silly ADD node_modules/classcat
4628 silly ADD node_modules/@xyflow/system
4629 silly ADD node_modules/@types/babel__traverse
4630 silly ADD node_modules/@types/babel__template
4631 silly ADD node_modules/@types/babel__generator
4632 silly ADD node_modules/@jridgewell/resolve-uri
4633 silly ADD node_modules/@jridgewell/sourcemap-codec
4634 silly ADD node_modules/@babel/helper-string-parser
4635 silly ADD node_modules/@babel/helper-globals
4636 silly ADD node_modules/@babel/helper-plugin-utils
4637 silly ADD node_modules/@babel/helper-module-imports
4638 silly ADD node_modules/lru-cache
4639 silly ADD node_modules/browserslist
4640 silly ADD node_modules/@babel/helper-validator-option
4641 silly ADD node_modules/@babel/compat-data
4642 silly ADD node_modules/jsesc
4643 silly ADD node_modules/@jridgewell/trace-mapping
4644 silly ADD node_modules/@jridgewell/gen-mapping
4645 silly ADD node_modules/semver
4646 silly ADD node_modules/json5
4647 silly ADD node_modules/gensync
4648 silly ADD node_modules/convert-source-map
4649 silly ADD node_modules/@jridgewell/remapping
4650 silly ADD node_modules/@babel/types
4651 silly ADD node_modules/@babel/traverse
4652 silly ADD node_modules/@babel/template
4653 silly ADD node_modules/@babel/parser
4654 silly ADD node_modules/@babel/helpers
4655 silly ADD node_modules/@babel/helper-module-transforms
4656 silly ADD node_modules/@babel/helper-compilation-targets
4657 silly ADD node_modules/@babel/generator
4658 silly ADD node_modules/react-refresh
4659 silly ADD node_modules/@types/babel__core
4660 silly ADD node_modules/@rolldown/pluginutils
4661 silly ADD node_modules/@babel/plugin-transform-react-jsx-source
4662 silly ADD node_modules/@babel/plugin-transform-react-jsx-self
4663 silly ADD node_modules/@babel/core
4664 silly ADD node_modules/csstype
4665 silly ADD node_modules/undici-types
4666 silly ADD node_modules/redent
4667 silly ADD node_modules/css.escape
4668 silly ADD node_modules/@adobe/css-tools
4669 silly ADD node_modules/js-tokens
4670 silly ADD node_modules/@babel/helper-validator-identifier
4671 silly ADD node_modules/pretty-format
4672 silly ADD node_modules/pretty-format/node_modules/ansi-styles
4673 silly ADD node_modules/picocolors
4674 silly ADD node_modules/lz-string
4675 silly ADD node_modules/dom-accessibility-api
4676 silly ADD node_modules/aria-query
4677 silly ADD node_modules/@types/aria-query
4678 silly ADD node_modules/@babel/runtime
4679 silly ADD node_modules/@babel/code-frame
4680 silly ADD node_modules/strip-json-comments
4681 silly ADD node_modules/minimatch
4682 silly ADD node_modules/js-yaml
4683 silly ADD node_modules/import-fresh
4684 silly ADD node_modules/ignore
4685 silly ADD node_modules/globals
4686 silly ADD node_modules/espree
4687 silly ADD node_modules/debug
4688 silly ADD node_modules/ajv
4689 silly ADD node_modules/vitest
4690 silly ADD node_modules/vitest/node_modules/@esbuild/win32-x64
4691 silly ADD node_modules/vitest/node_modules/esbuild
4692 silly ADD node_modules/vitest/node_modules/vite
4693 silly ADD node_modules/vitest/node_modules/@vitest/mocker
4694 silly ADD node_modules/typescript
4695 silly ADD node_modules/tailwindcss
4696 silly ADD node_modules/tailwindcss/node_modules/resolve
4697 silly ADD node_modules/tailwindcss/node_modules/fast-glob
4698 silly ADD node_modules/tailwindcss/node_modules/fast-glob/node_modules/glob-parent
4699 silly ADD node_modules/next
4700 silly ADD node_modules/next/node_modules/postcss
4701 silly ADD node_modules/lucide-react
4702 silly ADD node_modules/jsdom
4703 silly ADD node_modules/framer-motion
4704 silly ADD node_modules/eslint-config-next
4705 silly ADD node_modules/eslint
4706 silly ADD node_modules/postcss
4707 silly ADD node_modules/autoprefixer
4708 silly ADD node_modules/@xyflow/react
4709 silly ADD node_modules/vite
4710 silly ADD node_modules/vite/node_modules/picomatch
4711 silly ADD node_modules/vite/node_modules/fdir
4712 silly ADD node_modules/@vitejs/plugin-react
4713 silly ADD node_modules/@types/react-dom
4714 silly ADD node_modules/@types/react
4715 silly ADD node_modules/@types/node
4716 silly ADD node_modules/react-dom
4717 silly ADD node_modules/react
4718 silly ADD node_modules/@testing-library/dom
4719 silly ADD node_modules/@testing-library/react
4720 silly ADD node_modules/@testing-library/jest-dom
4721 silly ADD node_modules/@testing-library/jest-dom/node_modules/dom-accessibility-api
4722 silly ADD node_modules/@eslint/eslintrc
4723 warn allow-scripts 5 packages have install scripts not yet covered by allowScripts:
4723 warn allow-scripts   unrs-resolver@1.12.2 (postinstall: node postinstall.js)
4723 warn allow-scripts   sharp@0.34.5 (install: node install/check.js || npm run build)
4723 warn allow-scripts   esbuild@0.25.12 (postinstall: node install.js)
4723 warn allow-scripts   esbuild@0.21.5 (postinstall: node install.js)
4723 warn allow-scripts   esbuild@0.21.5 (postinstall: node install.js)
4723 warn allow-scripts
4723 warn allow-scripts Run `npm approve-scripts --allow-scripts-pending` to review, or `npm approve-scripts <pkg>` to allow.
4724 verbose cwd D:\Axion\dashboard
4725 verbose os Windows_NT 10.0.26200
4726 verbose node v24.18.0
4727 verbose npm  v11.16.0
4728 verbose exit 0
4729 info ok
