0 verbose cli C:\Program Files\nodejs\node.exe C:\Program Files\nodejs\node_modules\npm\bin\npm-cli.js
1 info using npm@11.16.0
2 info using node@v24.18.0
3 silly config load:file:C:\Program Files\nodejs\node_modules\npm\npmrc
4 silly config load:file:D:\Axion\dashboard\.npmrc
5 silly config load:file:C:\Users\ADMIN\.npmrc
6 silly config load:file:C:\Users\ADMIN\AppData\Roaming\npm\etc\npmrc
7 verbose title npm install
8 verbose argv "install" "--cache" ".npm-cache"
9 verbose logfile logs-max:10 dir:D:\Axion\dashboard\.npm-cache\_logs\2026-07-30T17_22_23_980Z-
10 verbose logfile D:\Axion\dashboard\.npm-cache\_logs\2026-07-30T17_22_23_980Z-debug-0.log
11 silly logfile done cleaning log files
12 silly packumentCache heap:4496293888 maxSize:1124073472 maxEntrySize:562036736
13 silly idealTree buildDeps
14 silly fetch manifest @xyflow/react@^12.8.2
15 silly packumentCache full:https://registry.npmjs.org/@xyflow%2freact cache-miss
16 http fetch GET 200 https://registry.npmjs.org/npm 231ms
17 http fetch GET 200 https://registry.npmjs.org/@xyflow%2freact 199ms (cache miss)
18 silly packumentCache full:https://registry.npmjs.org/@xyflow%2freact set size:undefined disposed:false
19 silly fetch manifest @types/react@^19.0.3
20 silly packumentCache full:https://registry.npmjs.org/@types%2freact cache-miss
21 http fetch GET 200 https://registry.npmjs.org/@types%2freact 204ms (cache miss)
22 silly packumentCache full:https://registry.npmjs.org/@types%2freact set size:undefined disposed:false
23 silly fetch manifest @types/react-dom@^19.0.2
24 silly packumentCache full:https://registry.npmjs.org/@types%2freact-dom cache-miss
25 http fetch GET 200 https://registry.npmjs.org/@types%2freact-dom 77ms (cache miss)
26 silly packumentCache full:https://registry.npmjs.org/@types%2freact-dom set size:undefined disposed:false
27 silly fetch manifest react@^19.1.0
28 silly packumentCache full:https://registry.npmjs.org/react cache-miss
29 http fetch GET 200 https://registry.npmjs.org/react 553ms (cache miss)
30 silly packumentCache full:https://registry.npmjs.org/react set size:undefined disposed:false
31 silly fetch manifest react-dom@^19.1.0
32 silly packumentCache full:https://registry.npmjs.org/react-dom cache-miss
33 http fetch GET 200 https://registry.npmjs.org/react-dom 440ms (cache miss)
34 silly packumentCache full:https://registry.npmjs.org/react-dom set size:undefined disposed:false
35 silly fetch manifest framer-motion@^12.23.12
36 silly packumentCache full:https://registry.npmjs.org/framer-motion cache-miss
37 http fetch GET 200 https://registry.npmjs.org/framer-motion 1192ms (cache miss)
38 silly packumentCache full:https://registry.npmjs.org/framer-motion set size:undefined disposed:false
39 silly fetch manifest @emotion/is-prop-valid@*
40 silly packumentCache full:https://registry.npmjs.org/@emotion%2fis-prop-valid cache-miss
41 http fetch GET 200 https://registry.npmjs.org/@emotion%2fis-prop-valid 176ms (cache miss)
42 silly packumentCache full:https://registry.npmjs.org/@emotion%2fis-prop-valid set size:undefined disposed:false
43 silly fetch manifest lucide-react@^0.468.0
44 silly packumentCache full:https://registry.npmjs.org/lucide-react cache-miss
45 http fetch GET 200 https://registry.npmjs.org/lucide-react 442ms (cache miss)
46 silly packumentCache full:https://registry.npmjs.org/lucide-react set size:undefined disposed:false
47 silly fetch manifest next@^15.4.4
48 silly packumentCache full:https://registry.npmjs.org/next cache-miss
49 http fetch GET 200 https://registry.npmjs.org/next 2335ms (cache miss)
50 silly packumentCache full:https://registry.npmjs.org/next set size:undefined disposed:false
51 silly fetch manifest @opentelemetry/api@^1.1.0
52 silly packumentCache full:https://registry.npmjs.org/@opentelemetry%2fapi cache-miss
53 http fetch GET 200 https://registry.npmjs.org/@opentelemetry%2fapi 146ms (cache miss)
54 silly packumentCache full:https://registry.npmjs.org/@opentelemetry%2fapi set size:undefined disposed:false
55 silly fetch manifest @playwright/test@^1.51.1
56 silly packumentCache full:https://registry.npmjs.org/@playwright%2ftest cache-miss
57 http fetch GET 200 https://registry.npmjs.org/@playwright%2ftest 870ms (cache miss)
58 silly packumentCache full:https://registry.npmjs.org/@playwright%2ftest set size:undefined disposed:false
59 silly fetch manifest babel-plugin-react-compiler@*
60 silly packumentCache full:https://registry.npmjs.org/babel-plugin-react-compiler cache-miss
61 http fetch GET 200 https://registry.npmjs.org/babel-plugin-react-compiler 142ms (cache miss)
62 silly packumentCache full:https://registry.npmjs.org/babel-plugin-react-compiler set size:undefined disposed:false
63 silly fetch manifest sass@^1.3.0
64 silly packumentCache full:https://registry.npmjs.org/sass cache-miss
65 http fetch GET 200 https://registry.npmjs.org/sass 129ms (cache miss)
66 silly packumentCache full:https://registry.npmjs.org/sass set size:undefined disposed:false
67 silly fetch manifest @eslint/eslintrc@^3.3.1
68 silly packumentCache full:https://registry.npmjs.org/@eslint%2feslintrc cache-miss
69 http fetch GET 200 https://registry.npmjs.org/@eslint%2feslintrc 79ms (cache miss)
70 silly packumentCache full:https://registry.npmjs.org/@eslint%2feslintrc set size:undefined disposed:false
71 silly fetch manifest @testing-library/jest-dom@^6.6.3
72 silly packumentCache full:https://registry.npmjs.org/@testing-library%2fjest-dom cache-miss
73 http fetch GET 200 https://registry.npmjs.org/@testing-library%2fjest-dom 82ms (cache miss)
74 silly packumentCache full:https://registry.npmjs.org/@testing-library%2fjest-dom set size:undefined disposed:false
75 silly fetch manifest @testing-library/react@^16.3.0
76 silly packumentCache full:https://registry.npmjs.org/@testing-library%2freact cache-miss
77 http fetch GET 200 https://registry.npmjs.org/@testing-library%2freact 114ms (cache miss)
78 silly packumentCache full:https://registry.npmjs.org/@testing-library%2freact set size:undefined disposed:false
79 silly fetch manifest @testing-library/dom@^10.0.0
80 silly packumentCache full:https://registry.npmjs.org/@testing-library%2fdom cache-miss
81 http fetch GET 200 https://registry.npmjs.org/@testing-library%2fdom 121ms (cache miss)
82 silly packumentCache full:https://registry.npmjs.org/@testing-library%2fdom set size:undefined disposed:false
83 silly fetch manifest @types/node@^22.10.5
84 silly packumentCache full:https://registry.npmjs.org/@types%2fnode cache-miss
85 http fetch GET 200 https://registry.npmjs.org/@types%2fnode 603ms (cache miss)
86 silly packumentCache full:https://registry.npmjs.org/@types%2fnode set size:undefined disposed:false
87 silly fetch manifest @vitejs/plugin-react@^4.3.4
88 silly packumentCache full:https://registry.npmjs.org/@vitejs%2fplugin-react cache-miss
89 http fetch GET 200 https://registry.npmjs.org/@vitejs%2fplugin-react 104ms (cache miss)
90 silly packumentCache full:https://registry.npmjs.org/@vitejs%2fplugin-react set size:undefined disposed:false
91 silly fetch manifest vite@^6.0.7
92 silly packumentCache full:https://registry.npmjs.org/vite cache-miss
93 http fetch GET 200 https://registry.npmjs.org/vite 2652ms (cache miss)
94 silly packumentCache full:https://registry.npmjs.org/vite set size:undefined disposed:false
95 silly fetch manifest jiti@>=1.21.0
96 silly packumentCache full:https://registry.npmjs.org/jiti cache-miss
97 http fetch GET 200 https://registry.npmjs.org/jiti 112ms (cache miss)
98 silly packumentCache full:https://registry.npmjs.org/jiti set size:undefined disposed:false
99 silly fetch manifest less@*
100 silly packumentCache full:https://registry.npmjs.org/less cache-miss
101 http fetch GET 200 https://registry.npmjs.org/less 89ms (cache miss)
102 silly packumentCache full:https://registry.npmjs.org/less set size:undefined disposed:false
103 silly fetch manifest lightningcss@^1.21.0
104 silly packumentCache full:https://registry.npmjs.org/lightningcss cache-miss
105 http fetch GET 200 https://registry.npmjs.org/lightningcss 66ms (cache miss)
106 silly packumentCache full:https://registry.npmjs.org/lightningcss set size:undefined disposed:false
107 silly fetch manifest sass@*
108 silly packumentCache full:https://registry.npmjs.org/sass cache-miss
109 http cache https://registry.npmjs.org/sass 45ms (cache hit)
110 silly packumentCache full:https://registry.npmjs.org/sass set size:743214 disposed:false
111 silly fetch manifest sass-embedded@*
112 silly packumentCache full:https://registry.npmjs.org/sass-embedded cache-miss
113 http fetch GET 200 https://registry.npmjs.org/sass-embedded 87ms (cache miss)
114 silly packumentCache full:https://registry.npmjs.org/sass-embedded set size:undefined disposed:false
115 silly fetch manifest stylus@*
116 silly packumentCache full:https://registry.npmjs.org/stylus cache-miss
117 http fetch GET 200 https://registry.npmjs.org/stylus 70ms (cache miss)
118 silly packumentCache full:https://registry.npmjs.org/stylus set size:undefined disposed:false
119 silly fetch manifest sugarss@*
120 silly packumentCache full:https://registry.npmjs.org/sugarss cache-miss
121 http fetch GET 200 https://registry.npmjs.org/sugarss 78ms (cache miss)
122 silly packumentCache full:https://registry.npmjs.org/sugarss set size:undefined disposed:false
123 silly fetch manifest postcss@^8.4.49
124 silly packumentCache full:https://registry.npmjs.org/postcss cache-miss
125 http fetch GET 200 https://registry.npmjs.org/postcss 133ms (cache miss)
126 silly packumentCache full:https://registry.npmjs.org/postcss set size:undefined disposed:false
127 silly fetch manifest terser@^5.16.0
128 silly packumentCache full:https://registry.npmjs.org/terser cache-miss
129 http fetch GET 200 https://registry.npmjs.org/terser 179ms (cache miss)
130 silly packumentCache full:https://registry.npmjs.org/terser set size:undefined disposed:false
131 silly fetch manifest tsx@^4.8.1
132 silly packumentCache full:https://registry.npmjs.org/tsx cache-miss
133 http fetch GET 200 https://registry.npmjs.org/tsx 130ms (cache miss)
134 silly packumentCache full:https://registry.npmjs.org/tsx set size:undefined disposed:false
135 silly fetch manifest yaml@^2.4.2
136 silly packumentCache full:https://registry.npmjs.org/yaml cache-miss
137 http fetch GET 200 https://registry.npmjs.org/yaml 203ms (cache miss)
138 silly packumentCache full:https://registry.npmjs.org/yaml set size:undefined disposed:false
139 silly fetch manifest autoprefixer@^10.4.20
140 silly packumentCache full:https://registry.npmjs.org/autoprefixer cache-miss
141 http fetch GET 200 https://registry.npmjs.org/autoprefixer 232ms (cache miss)
142 silly packumentCache full:https://registry.npmjs.org/autoprefixer set size:undefined disposed:false
143 silly fetch manifest eslint@^9.17.0
144 silly packumentCache full:https://registry.npmjs.org/eslint cache-miss
145 http fetch GET 200 https://registry.npmjs.org/eslint 226ms (cache miss)
146 silly packumentCache full:https://registry.npmjs.org/eslint set size:undefined disposed:false
147 silly fetch manifest jiti@*
148 silly packumentCache full:https://registry.npmjs.org/jiti cache-miss
149 http cache https://registry.npmjs.org/jiti 28ms (cache hit)
150 silly packumentCache full:https://registry.npmjs.org/jiti set size:387989 disposed:false
151 silly fetch manifest eslint-config-next@^15.4.4
152 silly packumentCache full:https://registry.npmjs.org/eslint-config-next cache-miss
153 http fetch GET 200 https://registry.npmjs.org/eslint-config-next 611ms (cache miss)
154 silly packumentCache full:https://registry.npmjs.org/eslint-config-next set size:undefined disposed:false
155 silly fetch manifest typescript@^5.7.2
156 silly packumentCache full:https://registry.npmjs.org/typescript cache-miss
157 http fetch GET 200 https://registry.npmjs.org/typescript 1222ms (cache miss)
158 silly packumentCache full:https://registry.npmjs.org/typescript set size:undefined disposed:false
159 silly fetch manifest jsdom@^25.0.1
160 silly packumentCache full:https://registry.npmjs.org/jsdom cache-miss
161 http fetch GET 200 https://registry.npmjs.org/jsdom 90ms (cache miss)
162 silly packumentCache full:https://registry.npmjs.org/jsdom set size:undefined disposed:false
163 silly fetch manifest canvas@^2.11.2
164 silly packumentCache full:https://registry.npmjs.org/canvas cache-miss
165 http fetch GET 200 https://registry.npmjs.org/canvas 143ms (cache miss)
166 silly packumentCache full:https://registry.npmjs.org/canvas set size:undefined disposed:false
167 silly fetch manifest tailwindcss@^3.4.17
168 silly packumentCache full:https://registry.npmjs.org/tailwindcss cache-miss
169 http fetch GET 200 https://registry.npmjs.org/tailwindcss 684ms (cache miss)
170 silly packumentCache full:https://registry.npmjs.org/tailwindcss set size:undefined disposed:false
171 silly fetch manifest vitest@^2.1.8
172 silly packumentCache full:https://registry.npmjs.org/vitest cache-miss
173 http fetch GET 200 https://registry.npmjs.org/vitest 251ms (cache miss)
174 silly packumentCache full:https://registry.npmjs.org/vitest set size:undefined disposed:false
175 silly fetch manifest @edge-runtime/vm@*
176 silly packumentCache full:https://registry.npmjs.org/@edge-runtime%2fvm cache-miss
177 http fetch GET 200 https://registry.npmjs.org/@edge-runtime%2fvm 150ms (cache miss)
178 silly packumentCache full:https://registry.npmjs.org/@edge-runtime%2fvm set size:undefined disposed:false
179 silly fetch manifest @vitest/browser@2.1.9
180 silly packumentCache full:https://registry.npmjs.org/@vitest%2fbrowser cache-miss
181 http fetch GET 200 https://registry.npmjs.org/@vitest%2fbrowser 610ms (cache miss)
182 silly packumentCache full:https://registry.npmjs.org/@vitest%2fbrowser set size:undefined disposed:false
183 silly fetch manifest playwright@*
184 silly packumentCache full:https://registry.npmjs.org/playwright cache-miss
185 http fetch GET 200 https://registry.npmjs.org/playwright 3050ms (cache miss)
186 silly packumentCache full:https://registry.npmjs.org/playwright set size:undefined disposed:false
187 silly fetch manifest webdriverio@*
188 silly packumentCache full:https://registry.npmjs.org/webdriverio cache-miss
189 http fetch GET 200 https://registry.npmjs.org/webdriverio 316ms (cache miss)
190 silly packumentCache full:https://registry.npmjs.org/webdriverio set size:undefined disposed:false
191 silly fetch manifest puppeteer-core@>=22.x || <=24.x
192 silly packumentCache full:https://registry.npmjs.org/puppeteer-core cache-miss
193 http fetch GET 200 https://registry.npmjs.org/puppeteer-core 227ms (cache miss)
194 silly packumentCache full:https://registry.npmjs.org/puppeteer-core set size:undefined disposed:false
195 silly fetch manifest @vitest/ui@2.1.9
196 silly packumentCache full:https://registry.npmjs.org/@vitest%2fui cache-miss
197 http fetch GET 200 https://registry.npmjs.org/@vitest%2fui 399ms (cache miss)
198 silly packumentCache full:https://registry.npmjs.org/@vitest%2fui set size:undefined disposed:false
199 silly fetch manifest happy-dom@*
200 silly packumentCache full:https://registry.npmjs.org/happy-dom cache-miss
201 http fetch GET 200 https://registry.npmjs.org/happy-dom 405ms (cache miss)
202 silly packumentCache full:https://registry.npmjs.org/happy-dom set size:undefined disposed:false
203 silly placeDep ROOT @eslint/eslintrc@3.3.6 OK for: axion-skilltree-dashboard@1.0.0 want: ^3.3.1
204 silly placeDep ROOT @testing-library/jest-dom@6.9.1 OK for: axion-skilltree-dashboard@1.0.0 want: ^6.6.3
205 silly placeDep ROOT @testing-library/react@16.3.2 OK for: axion-skilltree-dashboard@1.0.0 want: ^16.3.0
206 silly placeDep ROOT @testing-library/dom@10.4.1 OK for: @testing-library/react@16.3.2 want: ^10.0.0
207 silly placeDep ROOT react@19.2.8 OK for: @testing-library/react@16.3.2 want: ^18.0.0 || ^19.0.0
208 silly placeDep ROOT react-dom@19.2.8 OK for: @testing-library/react@16.3.2 want: ^18.0.0 || ^19.0.0
209 silly placeDep ROOT @types/node@22.20.1 OK for: axion-skilltree-dashboard@1.0.0 want: ^22.10.5
210 silly placeDep ROOT @types/react@19.2.17 OK for: axion-skilltree-dashboard@1.0.0 want: ^19.0.3
211 silly placeDep ROOT @types/react-dom@19.2.3 OK for: axion-skilltree-dashboard@1.0.0 want: ^19.0.2
212 silly placeDep ROOT @vitejs/plugin-react@4.7.0 OK for: axion-skilltree-dashboard@1.0.0 want: ^4.3.4
213 silly placeDep ROOT vite@6.4.3 OK for: @vitejs/plugin-react@4.7.0 want: ^4.2.0 || ^5.0.0 || ^6.0.0 || ^7.0.0
214 silly placeDep ROOT @xyflow/react@12.11.2 OK for: axion-skilltree-dashboard@1.0.0 want: ^12.8.2
215 silly placeDep ROOT autoprefixer@10.5.4 OK for: axion-skilltree-dashboard@1.0.0 want: ^10.4.20
216 silly placeDep ROOT postcss@8.5.25 OK for: autoprefixer@10.5.4 want: ^8.1.0
217 silly placeDep ROOT eslint@9.39.5 OK for: axion-skilltree-dashboard@1.0.0 want: ^9.17.0
218 silly placeDep ROOT eslint-config-next@15.5.22 OK for: axion-skilltree-dashboard@1.0.0 want: ^15.4.4
219 silly placeDep ROOT framer-motion@12.43.0 OK for: axion-skilltree-dashboard@1.0.0 want: ^12.23.12
220 silly placeDep ROOT jsdom@25.0.1 OK for: axion-skilltree-dashboard@1.0.0 want: ^25.0.1
221 silly placeDep ROOT lucide-react@0.468.0 OK for: axion-skilltree-dashboard@1.0.0 want: ^0.468.0
222 silly placeDep ROOT next@15.5.22 OK for: axion-skilltree-dashboard@1.0.0 want: ^15.4.4
223 silly placeDep ROOT tailwindcss@3.4.19 OK for: axion-skilltree-dashboard@1.0.0 want: ^3.4.17
224 silly placeDep ROOT typescript@5.9.3 OK for: axion-skilltree-dashboard@1.0.0 want: ^5.7.2
225 silly placeDep ROOT vitest@2.1.9 OK for: axion-skilltree-dashboard@1.0.0 want: ^2.1.8
226 silly fetch manifest ajv@^6.14.0
227 silly packumentCache full:https://registry.npmjs.org/ajv cache-miss
228 silly fetch manifest debug@^4.3.2
229 silly packumentCache full:https://registry.npmjs.org/debug cache-miss
230 silly fetch manifest espree@^10.0.1
231 silly packumentCache full:https://registry.npmjs.org/espree cache-miss
232 silly fetch manifest globals@^14.0.0
233 silly packumentCache full:https://registry.npmjs.org/globals cache-miss
234 silly fetch manifest ignore@^5.2.0
235 silly packumentCache full:https://registry.npmjs.org/ignore cache-miss
236 silly fetch manifest import-fresh@^3.2.1
237 silly packumentCache full:https://registry.npmjs.org/import-fresh cache-miss
238 silly fetch manifest js-yaml@^4.3.0
239 silly packumentCache full:https://registry.npmjs.org/js-yaml cache-miss
240 silly fetch manifest minimatch@^3.1.5
241 silly packumentCache full:https://registry.npmjs.org/minimatch cache-miss
242 silly fetch manifest strip-json-comments@^3.1.1
243 silly packumentCache full:https://registry.npmjs.org/strip-json-comments cache-miss
244 silly fetch manifest redent@^3.0.0
245 silly packumentCache full:https://registry.npmjs.org/redent cache-miss
246 silly fetch manifest aria-query@^5.0.0
247 silly packumentCache full:https://registry.npmjs.org/aria-query cache-miss
248 http fetch GET 200 https://registry.npmjs.org/redent 1014ms (cache miss)
249 silly packumentCache full:https://registry.npmjs.org/redent set size:undefined disposed:false
250 silly fetch manifest css.escape@^1.5.1
251 silly packumentCache full:https://registry.npmjs.org/css.escape cache-miss
252 http fetch GET 200 https://registry.npmjs.org/import-fresh 1071ms (cache miss)
253 silly packumentCache full:https://registry.npmjs.org/import-fresh set size:undefined disposed:false
254 silly fetch manifest picocolors@^1.1.1
255 silly packumentCache full:https://registry.npmjs.org/picocolors cache-miss
256 http fetch GET 200 https://registry.npmjs.org/debug 1118ms (cache miss)
257 silly packumentCache full:https://registry.npmjs.org/debug set size:undefined disposed:false
258 silly fetch manifest @adobe/css-tools@^4.4.0
259 silly packumentCache full:https://registry.npmjs.org/@adobe%2fcss-tools cache-miss
260 http fetch GET 200 https://registry.npmjs.org/strip-json-comments 1250ms (cache miss)
261 silly packumentCache full:https://registry.npmjs.org/strip-json-comments set size:undefined disposed:false
262 silly fetch manifest dom-accessibility-api@^0.6.3
263 silly packumentCache full:https://registry.npmjs.org/dom-accessibility-api cache-miss
264 http fetch GET 200 https://registry.npmjs.org/aria-query 1327ms (cache miss)
265 silly packumentCache full:https://registry.npmjs.org/aria-query set size:undefined disposed:false
266 silly fetch manifest @babel/runtime@^7.12.5
267 silly packumentCache full:https://registry.npmjs.org/@babel%2fruntime cache-miss
268 http fetch GET 200 https://registry.npmjs.org/js-yaml 1542ms (cache miss)
269 silly packumentCache full:https://registry.npmjs.org/js-yaml set size:undefined disposed:false
270 silly fetch manifest scheduler@^0.27.0
271 silly packumentCache full:https://registry.npmjs.org/scheduler cache-miss
272 http fetch GET 200 https://registry.npmjs.org/css.escape 559ms (cache miss)
273 silly packumentCache full:https://registry.npmjs.org/css.escape set size:undefined disposed:false
274 silly fetch manifest lz-string@^1.5.0
275 silly packumentCache full:https://registry.npmjs.org/lz-string cache-miss
276 http fetch GET 200 https://registry.npmjs.org/picocolors 590ms (cache miss)
277 silly packumentCache full:https://registry.npmjs.org/picocolors set size:undefined disposed:false
278 silly fetch manifest aria-query@5.3.0
279 silly packumentCache full:https://registry.npmjs.org/aria-query cache-miss
280 http fetch GET 200 https://registry.npmjs.org/ignore 1695ms (cache miss)
281 silly packumentCache full:https://registry.npmjs.org/ignore set size:undefined disposed:false
282 silly fetch manifest picocolors@1.1.1
283 silly packumentCache full:https://registry.npmjs.org/picocolors cache-miss
284 http fetch GET 200 https://registry.npmjs.org/espree 1824ms (cache miss)
285 silly packumentCache full:https://registry.npmjs.org/espree set size:undefined disposed:false
286 silly fetch manifest pretty-format@^27.0.2
287 silly packumentCache full:https://registry.npmjs.org/pretty-format cache-miss
288 http fetch GET 200 https://registry.npmjs.org/@adobe%2fcss-tools 739ms (cache miss)
289 silly packumentCache full:https://registry.npmjs.org/@adobe%2fcss-tools set size:undefined disposed:false
290 silly fetch manifest @babel/runtime@^7.12.5
291 silly packumentCache full:https://registry.npmjs.org/@babel%2fruntime cache-miss
292 http fetch GET 200 https://registry.npmjs.org/globals 1896ms (cache miss)
293 silly packumentCache full:https://registry.npmjs.org/globals set size:undefined disposed:false
294 silly fetch manifest @babel/code-frame@^7.10.4
295 silly packumentCache full:https://registry.npmjs.org/@babel%2fcode-frame cache-miss
296 http fetch GET 200 https://registry.npmjs.org/minimatch 2165ms (cache miss)
297 silly packumentCache full:https://registry.npmjs.org/minimatch set size:undefined disposed:false
298 silly fetch manifest @types/aria-query@^5.0.1
299 silly packumentCache full:https://registry.npmjs.org/@types%2faria-query cache-miss
300 http cache https://registry.npmjs.org/aria-query 628ms (cache hit)
301 silly packumentCache full:https://registry.npmjs.org/aria-query set size:98864 disposed:false
302 silly fetch manifest dom-accessibility-api@^0.5.9
303 silly packumentCache full:https://registry.npmjs.org/dom-accessibility-api cache-miss
304 http cache https://registry.npmjs.org/picocolors 548ms (cache hit)
305 silly packumentCache full:https://registry.npmjs.org/picocolors set size:16648 disposed:false
306 silly fetch manifest undici-types@~6.21.0
307 silly packumentCache full:https://registry.npmjs.org/undici-types cache-miss
308 http fetch GET 200 https://registry.npmjs.org/dom-accessibility-api 1033ms (cache miss)
309 silly packumentCache full:https://registry.npmjs.org/dom-accessibility-api set size:undefined disposed:false
310 silly fetch manifest csstype@^3.2.2
311 silly packumentCache full:https://registry.npmjs.org/csstype cache-miss
312 http fetch GET 200 https://registry.npmjs.org/lz-string 720ms (cache miss)
313 silly packumentCache full:https://registry.npmjs.org/lz-string set size:undefined disposed:false
314 silly fetch manifest @babel/core@^7.28.0
315 silly packumentCache full:https://registry.npmjs.org/@babel%2fcore cache-miss
316 http fetch GET 200 https://registry.npmjs.org/ajv 2393ms (cache miss)
317 silly packumentCache full:https://registry.npmjs.org/ajv set size:undefined disposed:false
318 silly fetch manifest react-refresh@^0.17.0
319 silly packumentCache full:https://registry.npmjs.org/react-refresh cache-miss
320 http fetch GET 200 https://registry.npmjs.org/@types%2faria-query 327ms (cache miss)
321 silly packumentCache full:https://registry.npmjs.org/@types%2faria-query set size:undefined disposed:false
322 silly fetch manifest @types/babel__core@^7.20.5
323 silly packumentCache full:https://registry.npmjs.org/@types%2fbabel__core cache-miss
324 http cache https://registry.npmjs.org/dom-accessibility-api 294ms (cache hit)
325 silly packumentCache full:https://registry.npmjs.org/dom-accessibility-api set size:175425 disposed:false
326 silly fetch manifest @rolldown/pluginutils@1.0.0-beta.27
327 silly packumentCache full:https://registry.npmjs.org/@rolldown%2fpluginutils cache-miss
328 http fetch GET 200 https://registry.npmjs.org/@babel%2fcode-frame 836ms (cache miss)
329 silly packumentCache full:https://registry.npmjs.org/@babel%2fcode-frame set size:undefined disposed:false
330 silly fetch manifest @babel/plugin-transform-react-jsx-self@^7.27.1
331 silly packumentCache full:https://registry.npmjs.org/@babel%2fplugin-transform-react-jsx-self cache-miss
332 http fetch GET 200 https://registry.npmjs.org/undici-types 477ms (cache miss)
333 silly packumentCache full:https://registry.npmjs.org/undici-types set size:undefined disposed:false
334 silly fetch manifest @babel/plugin-transform-react-jsx-source@^7.27.1
335 silly packumentCache full:https://registry.npmjs.org/@babel%2fplugin-transform-react-jsx-source cache-miss
336 http fetch GET 200 https://registry.npmjs.org/@types%2fbabel__core 272ms (cache miss)
337 silly packumentCache full:https://registry.npmjs.org/@types%2fbabel__core set size:undefined disposed:false
338 silly fetch manifest fdir@^6.4.4
339 silly packumentCache full:https://registry.npmjs.org/fdir cache-miss
340 http fetch GET 200 https://registry.npmjs.org/csstype 525ms (cache miss)
341 silly packumentCache full:https://registry.npmjs.org/csstype set size:undefined disposed:false
342 silly fetch manifest rollup@^4.34.9
343 silly packumentCache full:https://registry.npmjs.org/rollup cache-miss
344 http fetch GET 200 https://registry.npmjs.org/pretty-format 1137ms (cache miss)
345 silly packumentCache full:https://registry.npmjs.org/pretty-format set size:undefined disposed:false
346 silly fetch manifest esbuild@^0.25.0
347 silly packumentCache full:https://registry.npmjs.org/esbuild cache-miss
348 http fetch GET 200 https://registry.npmjs.org/@babel%2fplugin-transform-react-jsx-self 355ms (cache miss)
349 silly packumentCache full:https://registry.npmjs.org/@babel%2fplugin-transform-react-jsx-self set size:undefined disposed:false
350 silly fetch manifest postcss@^8.5.3
351 silly packumentCache full:https://registry.npmjs.org/postcss cache-miss
352 http fetch GET 200 https://registry.npmjs.org/@babel%2fplugin-transform-react-jsx-source 424ms (cache miss)
353 silly packumentCache full:https://registry.npmjs.org/@babel%2fplugin-transform-react-jsx-source set size:undefined disposed:false
354 silly fetch manifest picomatch@^4.0.2
355 silly packumentCache full:https://registry.npmjs.org/picomatch cache-miss
356 http fetch GET 200 https://registry.npmjs.org/@babel%2fcore 1025ms (cache miss)
357 silly packumentCache full:https://registry.npmjs.org/@babel%2fcore set size:undefined disposed:false
358 silly fetch manifest tinyglobby@^0.2.13
359 silly packumentCache full:https://registry.npmjs.org/tinyglobby cache-miss
360 http fetch GET 200 https://registry.npmjs.org/@rolldown%2fpluginutils 943ms (cache miss)
361 silly packumentCache full:https://registry.npmjs.org/@rolldown%2fpluginutils set size:undefined disposed:false
362 silly fetch manifest fsevents@~2.3.3
363 silly packumentCache full:https://registry.npmjs.org/fsevents cache-miss
364 http cache https://registry.npmjs.org/postcss 598ms (cache hit)
365 silly packumentCache full:https://registry.npmjs.org/postcss set size:756623 disposed:false
366 silly fetch manifest classcat@^5.0.3
367 silly packumentCache full:https://registry.npmjs.org/classcat cache-miss
368 http fetch GET 200 https://registry.npmjs.org/fdir 1123ms (cache miss)
369 silly packumentCache full:https://registry.npmjs.org/fdir set size:undefined disposed:false
370 silly fetch manifest zustand@^4.4.0
371 silly packumentCache full:https://registry.npmjs.org/zustand cache-miss
372 http fetch GET 200 https://registry.npmjs.org/tinyglobby 644ms (cache miss)
373 silly packumentCache full:https://registry.npmjs.org/tinyglobby set size:undefined disposed:false
374 silly fetch manifest @xyflow/system@0.0.79
375 silly packumentCache full:https://registry.npmjs.org/@xyflow%2fsystem cache-miss
376 http fetch GET 200 https://registry.npmjs.org/picomatch 835ms (cache miss)
377 silly packumentCache full:https://registry.npmjs.org/picomatch set size:undefined disposed:false
378 silly fetch manifest fraction.js@^5.3.4
379 silly packumentCache full:https://registry.npmjs.org/fraction.js cache-miss
380 http fetch GET 200 https://registry.npmjs.org/fsevents 576ms (cache miss)
381 silly packumentCache full:https://registry.npmjs.org/fsevents set size:undefined disposed:false
382 silly fetch manifest browserslist@^4.28.6
383 silly packumentCache full:https://registry.npmjs.org/browserslist cache-miss
384 http fetch GET 200 https://registry.npmjs.org/classcat 473ms (cache miss)
385 silly packumentCache full:https://registry.npmjs.org/classcat set size:undefined disposed:false
386 silly fetch manifest caniuse-lite@^1.0.30001806
387 silly packumentCache full:https://registry.npmjs.org/caniuse-lite cache-miss
388 http fetch GET 200 https://registry.npmjs.org/zustand 554ms (cache miss)
389 silly packumentCache full:https://registry.npmjs.org/zustand set size:undefined disposed:false
390 silly fetch manifest postcss-value-parser@^4.2.0
391 silly packumentCache full:https://registry.npmjs.org/postcss-value-parser cache-miss
392 http fetch GET 200 https://registry.npmjs.org/esbuild 1560ms (cache miss)
393 silly packumentCache full:https://registry.npmjs.org/esbuild set size:undefined disposed:false
394 silly fetch manifest nanoid@^3.3.16
395 silly packumentCache full:https://registry.npmjs.org/nanoid cache-miss
396 http fetch GET 200 https://registry.npmjs.org/@xyflow%2fsystem 732ms (cache miss)
397 silly packumentCache full:https://registry.npmjs.org/@xyflow%2fsystem set size:undefined disposed:false
398 silly fetch manifest source-map-js@^1.2.1
399 silly packumentCache full:https://registry.npmjs.org/source-map-js cache-miss
400 http fetch GET 200 https://registry.npmjs.org/fraction.js 857ms (cache miss)
401 silly packumentCache full:https://registry.npmjs.org/fraction.js set size:undefined disposed:false
402 silly fetch manifest chalk@^4.0.0
403 silly packumentCache full:https://registry.npmjs.org/chalk cache-miss
404 http fetch GET 200 https://registry.npmjs.org/browserslist 990ms (cache miss)
405 silly packumentCache full:https://registry.npmjs.org/browserslist set size:undefined disposed:false
406 silly fetch manifest espree@^10.4.0
407 silly packumentCache full:https://registry.npmjs.org/espree cache-miss
408 http fetch GET 200 https://registry.npmjs.org/postcss-value-parser 852ms (cache miss)
409 silly packumentCache full:https://registry.npmjs.org/postcss-value-parser set size:undefined disposed:false
410 silly fetch manifest esquery@^1.5.0
411 silly packumentCache full:https://registry.npmjs.org/esquery cache-miss
412 http fetch GET 200 https://registry.npmjs.org/source-map-js 637ms (cache miss)
413 silly packumentCache full:https://registry.npmjs.org/source-map-js set size:undefined disposed:false
414 silly fetch manifest esutils@^2.0.2
415 silly packumentCache full:https://registry.npmjs.org/esutils cache-miss
416 http fetch GET 200 https://registry.npmjs.org/@babel%2fruntime 4140ms (cache miss)
417 silly packumentCache full:https://registry.npmjs.org/@babel%2fruntime set size:undefined disposed:false
418 silly fetch manifest find-up@^5.0.0
419 silly packumentCache full:https://registry.npmjs.org/find-up cache-miss
420 http cache https://registry.npmjs.org/espree 472ms (cache hit)
421 silly packumentCache full:https://registry.npmjs.org/espree set size:326080 disposed:false
422 silly fetch manifest is-glob@^4.0.0
423 silly packumentCache full:https://registry.npmjs.org/is-glob cache-miss
424 http fetch GET 200 https://registry.npmjs.org/chalk 834ms (cache miss)
425 silly packumentCache full:https://registry.npmjs.org/chalk set size:undefined disposed:false
426 silly fetch manifest @eslint/js@9.39.5
427 silly packumentCache full:https://registry.npmjs.org/@eslint%2fjs cache-miss
428 http fetch GET 200 https://registry.npmjs.org/nanoid 1237ms (cache miss)
429 silly packumentCache full:https://registry.npmjs.org/nanoid set size:undefined disposed:false
430 silly fetch manifest optionator@^0.9.3
431 silly packumentCache full:https://registry.npmjs.org/optionator cache-miss
432 http fetch GET 200 https://registry.npmjs.org/@babel%2fruntime 4037ms (cache miss)
433 silly packumentCache full:https://registry.npmjs.org/@babel%2fruntime set size:undefined disposed:false
434 silly fetch manifest cross-spawn@^7.0.6
435 silly packumentCache full:https://registry.npmjs.org/cross-spawn cache-miss
436 http fetch GET 200 https://registry.npmjs.org/esutils 588ms (cache miss)
437 silly packumentCache full:https://registry.npmjs.org/esutils set size:undefined disposed:false
438 silly fetch manifest glob-parent@^6.0.2
439 silly packumentCache full:https://registry.npmjs.org/glob-parent cache-miss
440 http fetch GET 200 https://registry.npmjs.org/find-up 492ms (cache miss)
441 silly packumentCache full:https://registry.npmjs.org/find-up set size:undefined disposed:false
442 silly fetch manifest imurmurhash@^0.1.4
443 silly packumentCache full:https://registry.npmjs.org/imurmurhash cache-miss
444 http fetch GET 200 https://registry.npmjs.org/esquery 752ms (cache miss)
445 silly packumentCache full:https://registry.npmjs.org/esquery set size:undefined disposed:false
446 silly fetch manifest @eslint/core@^0.17.0
447 silly packumentCache full:https://registry.npmjs.org/@eslint%2fcore cache-miss
448 http fetch GET 200 https://registry.npmjs.org/is-glob 585ms (cache miss)
449 silly packumentCache full:https://registry.npmjs.org/is-glob set size:undefined disposed:false
450 silly fetch manifest eslint-scope@^8.4.0
451 silly packumentCache full:https://registry.npmjs.org/eslint-scope cache-miss
452 http fetch GET 200 https://registry.npmjs.org/@eslint%2fjs 569ms (cache miss)
453 silly packumentCache full:https://registry.npmjs.org/@eslint%2fjs set size:undefined disposed:false
454 silly fetch manifest lodash.merge@^4.6.2
455 silly packumentCache full:https://registry.npmjs.org/lodash.merge cache-miss
456 http fetch GET 200 https://registry.npmjs.org/glob-parent 373ms (cache miss)
457 silly packumentCache full:https://registry.npmjs.org/glob-parent set size:undefined disposed:false
458 silly fetch manifest @humanfs/node@^0.16.6
459 silly packumentCache full:https://registry.npmjs.org/@humanfs%2fnode cache-miss
460 http fetch GET 200 https://registry.npmjs.org/cross-spawn 478ms (cache miss)
461 silly packumentCache full:https://registry.npmjs.org/cross-spawn set size:undefined disposed:false
462 silly fetch manifest @types/estree@^1.0.6
463 silly packumentCache full:https://registry.npmjs.org/@types%2festree cache-miss
464 http fetch GET 200 https://registry.npmjs.org/imurmurhash 373ms (cache miss)
465 silly packumentCache full:https://registry.npmjs.org/imurmurhash set size:undefined disposed:false
466 silly fetch manifest fast-deep-equal@^3.1.3
467 silly packumentCache full:https://registry.npmjs.org/fast-deep-equal cache-miss
468 http fetch GET 200 https://registry.npmjs.org/optionator 741ms (cache miss)
469 silly packumentCache full:https://registry.npmjs.org/optionator set size:undefined disposed:false
470 silly fetch manifest natural-compare@^1.4.0
471 silly packumentCache full:https://registry.npmjs.org/natural-compare cache-miss
472 http fetch GET 200 https://registry.npmjs.org/@eslint%2fcore 547ms (cache miss)
473 silly packumentCache full:https://registry.npmjs.org/@eslint%2fcore set size:undefined disposed:false
474 silly fetch manifest file-entry-cache@^8.0.0
475 silly packumentCache full:https://registry.npmjs.org/file-entry-cache cache-miss
476 http fetch GET 200 https://registry.npmjs.org/eslint-scope 732ms (cache miss)
477 silly packumentCache full:https://registry.npmjs.org/eslint-scope set size:undefined disposed:false
478 silly fetch manifest @eslint/plugin-kit@^0.4.1
479 silly packumentCache full:https://registry.npmjs.org/@eslint%2fplugin-kit cache-miss
480 http fetch GET 200 https://registry.npmjs.org/@humanfs%2fnode 711ms (cache miss)
481 silly packumentCache full:https://registry.npmjs.org/@humanfs%2fnode set size:undefined disposed:false
482 silly fetch manifest eslint-visitor-keys@^4.2.1
483 silly packumentCache full:https://registry.npmjs.org/eslint-visitor-keys cache-miss
484 http fetch GET 200 https://registry.npmjs.org/lodash.merge 783ms (cache miss)
485 silly packumentCache full:https://registry.npmjs.org/lodash.merge set size:undefined disposed:false
486 silly fetch manifest @eslint/config-array@^0.21.2
487 silly packumentCache full:https://registry.npmjs.org/@eslint%2fconfig-array cache-miss
488 http fetch GET 200 https://registry.npmjs.org/natural-compare 528ms (cache miss)
489 silly packumentCache full:https://registry.npmjs.org/natural-compare set size:undefined disposed:false
490 silly fetch manifest @humanwhocodes/retry@^0.4.2
491 silly packumentCache full:https://registry.npmjs.org/@humanwhocodes%2fretry cache-miss
492 http fetch GET 200 https://registry.npmjs.org/fast-deep-equal 757ms (cache miss)
493 silly packumentCache full:https://registry.npmjs.org/fast-deep-equal set size:undefined disposed:false
494 silly fetch manifest escape-string-regexp@^4.0.0
495 silly packumentCache full:https://registry.npmjs.org/escape-string-regexp cache-miss
496 http fetch GET 200 https://registry.npmjs.org/@types%2festree 849ms (cache miss)
497 silly packumentCache full:https://registry.npmjs.org/@types%2festree set size:undefined disposed:false
498 silly fetch manifest @eslint/config-helpers@^0.4.2
499 silly packumentCache full:https://registry.npmjs.org/@eslint%2fconfig-helpers cache-miss
500 http fetch GET 200 https://registry.npmjs.org/file-entry-cache 643ms (cache miss)
501 silly packumentCache full:https://registry.npmjs.org/file-entry-cache set size:undefined disposed:false
502 silly fetch manifest @eslint-community/regexpp@^4.12.1
503 silly packumentCache full:https://registry.npmjs.org/@eslint-community%2fregexpp cache-miss
504 http fetch GET 200 https://registry.npmjs.org/@eslint%2fplugin-kit 439ms (cache miss)
505 silly packumentCache full:https://registry.npmjs.org/@eslint%2fplugin-kit set size:undefined disposed:false
506 silly fetch manifest @eslint-community/eslint-utils@^4.8.0
507 silly packumentCache full:https://registry.npmjs.org/@eslint-community%2feslint-utils cache-miss
508 http fetch GET 200 https://registry.npmjs.org/@humanwhocodes%2fretry 457ms (cache miss)
509 silly packumentCache full:https://registry.npmjs.org/@humanwhocodes%2fretry set size:undefined disposed:false
510 silly fetch manifest @humanwhocodes/module-importer@^1.0.1
511 silly packumentCache full:https://registry.npmjs.org/@humanwhocodes%2fmodule-importer cache-miss
512 http fetch GET 200 https://registry.npmjs.org/escape-string-regexp 490ms (cache miss)
513 silly packumentCache full:https://registry.npmjs.org/escape-string-regexp set size:undefined disposed:false
514 silly fetch manifest json-stable-stringify-without-jsonify@^1.0.1
515 silly packumentCache full:https://registry.npmjs.org/json-stable-stringify-without-jsonify cache-miss
516 http fetch GET 200 https://registry.npmjs.org/eslint-visitor-keys 693ms (cache miss)
517 silly packumentCache full:https://registry.npmjs.org/eslint-visitor-keys set size:undefined disposed:false
518 silly fetch manifest eslint-plugin-react@^7.37.0
519 silly packumentCache full:https://registry.npmjs.org/eslint-plugin-react cache-miss
520 http fetch GET 200 https://registry.npmjs.org/@eslint%2fconfig-helpers 600ms (cache miss)
521 silly packumentCache full:https://registry.npmjs.org/@eslint%2fconfig-helpers set size:undefined disposed:false
522 silly fetch manifest eslint-plugin-import@^2.31.0
523 silly packumentCache full:https://registry.npmjs.org/eslint-plugin-import cache-miss
524 http fetch GET 200 https://registry.npmjs.org/caniuse-lite 3725ms (cache miss)
525 silly packumentCache full:https://registry.npmjs.org/caniuse-lite set size:undefined disposed:false
526 silly fetch manifest eslint-plugin-jsx-a11y@^6.10.0
527 silly packumentCache full:https://registry.npmjs.org/eslint-plugin-jsx-a11y cache-miss
528 http fetch GET 200 https://registry.npmjs.org/@eslint-community%2fregexpp 669ms (cache miss)
529 silly packumentCache full:https://registry.npmjs.org/@eslint-community%2fregexpp set size:undefined disposed:false
530 silly fetch manifest @rushstack/eslint-patch@^1.10.3
531 silly packumentCache full:https://registry.npmjs.org/@rushstack%2feslint-patch cache-miss
532 http fetch GET 200 https://registry.npmjs.org/@eslint%2fconfig-array 945ms (cache miss)
533 silly packumentCache full:https://registry.npmjs.org/@eslint%2fconfig-array set size:undefined disposed:false
534 silly fetch manifest @next/eslint-plugin-next@15.5.22
535 silly packumentCache full:https://registry.npmjs.org/@next%2feslint-plugin-next cache-miss
536 http fetch GET 200 https://registry.npmjs.org/scheduler 6629ms (cache miss)
537 silly packumentCache full:https://registry.npmjs.org/scheduler set size:undefined disposed:false
538 silly fetch manifest @typescript-eslint/parser@^5.4.2 || ^6.0.0 || ^7.0.0 || ^8.0.0
539 silly packumentCache full:https://registry.npmjs.org/@typescript-eslint%2fparser cache-miss
540 http fetch GET 200 https://registry.npmjs.org/json-stable-stringify-without-jsonify 520ms (cache miss)
541 silly packumentCache full:https://registry.npmjs.org/json-stable-stringify-without-jsonify set size:undefined disposed:false
542 silly fetch manifest eslint-plugin-react-hooks@^5.0.0
543 silly packumentCache full:https://registry.npmjs.org/eslint-plugin-react-hooks cache-miss
544 http fetch GET 200 https://registry.npmjs.org/@eslint-community%2feslint-utils 779ms (cache miss)
545 silly packumentCache full:https://registry.npmjs.org/@eslint-community%2feslint-utils set size:undefined disposed:false
546 silly fetch manifest eslint-import-resolver-node@^0.3.6
547 silly packumentCache full:https://registry.npmjs.org/eslint-import-resolver-node cache-miss
548 http fetch GET 200 https://registry.npmjs.org/@humanwhocodes%2fmodule-importer 644ms (cache miss)
549 silly packumentCache full:https://registry.npmjs.org/@humanwhocodes%2fmodule-importer set size:undefined disposed:false
550 silly fetch manifest @typescript-eslint/eslint-plugin@^5.4.2 || ^6.0.0 || ^7.0.0 || ^8.0.0
551 silly packumentCache full:https://registry.npmjs.org/@typescript-eslint%2feslint-plugin cache-miss
552 http fetch GET 200 https://registry.npmjs.org/eslint-plugin-jsx-a11y 467ms (cache miss)
553 silly packumentCache full:https://registry.npmjs.org/eslint-plugin-jsx-a11y set size:undefined disposed:false
554 silly fetch manifest eslint-import-resolver-typescript@^3.5.2
555 silly packumentCache full:https://registry.npmjs.org/eslint-import-resolver-typescript cache-miss
556 http fetch GET 200 https://registry.npmjs.org/eslint-import-resolver-node 222ms (cache miss)
557 silly packumentCache full:https://registry.npmjs.org/eslint-import-resolver-node set size:undefined disposed:false
558 silly fetch manifest tslib@^2.4.0
559 silly packumentCache full:https://registry.npmjs.org/tslib cache-miss
560 http fetch GET 200 https://registry.npmjs.org/eslint-plugin-import 652ms (cache miss)
561 silly packumentCache full:https://registry.npmjs.org/eslint-plugin-import set size:undefined disposed:false
562 silly fetch manifest motion-dom@^12.43.0
563 silly packumentCache full:https://registry.npmjs.org/motion-dom cache-miss
564 http fetch GET 200 https://registry.npmjs.org/eslint-plugin-react 726ms (cache miss)
565 silly packumentCache full:https://registry.npmjs.org/eslint-plugin-react set size:undefined disposed:false
566 silly fetch manifest motion-utils@^12.39.0
567 silly packumentCache full:https://registry.npmjs.org/motion-utils cache-miss
568 http fetch GET 200 https://registry.npmjs.org/@rushstack%2feslint-patch 719ms (cache miss)
569 silly packumentCache full:https://registry.npmjs.org/@rushstack%2feslint-patch set size:undefined disposed:false
570 silly fetch manifest ws@^8.18.0
571 silly packumentCache full:https://registry.npmjs.org/ws cache-miss
572 http fetch GET 200 https://registry.npmjs.org/react-refresh 6445ms (cache miss)
573 silly packumentCache full:https://registry.npmjs.org/react-refresh set size:undefined disposed:false
574 silly fetch manifest saxes@^6.0.0
575 silly packumentCache full:https://registry.npmjs.org/saxes cache-miss
576 http fetch GET 200 https://registry.npmjs.org/eslint-import-resolver-typescript 484ms (cache miss)
577 silly packumentCache full:https://registry.npmjs.org/eslint-import-resolver-typescript set size:undefined disposed:false
578 silly fetch manifest nwsapi@^2.2.12
579 silly packumentCache full:https://registry.npmjs.org/nwsapi cache-miss
580 http fetch GET 200 https://registry.npmjs.org/motion-utils 398ms (cache miss)
581 silly packumentCache full:https://registry.npmjs.org/motion-utils set size:undefined disposed:false
582 silly fetch manifest parse5@^7.1.2
583 silly packumentCache full:https://registry.npmjs.org/parse5 cache-miss
584 http fetch GET 200 https://registry.npmjs.org/motion-dom 492ms (cache miss)
585 silly packumentCache full:https://registry.npmjs.org/motion-dom set size:undefined disposed:false
586 silly fetch manifest cssstyle@^4.1.0
587 silly packumentCache full:https://registry.npmjs.org/cssstyle cache-miss
588 http fetch GET 200 https://registry.npmjs.org/nwsapi 257ms (cache miss)
589 silly packumentCache full:https://registry.npmjs.org/nwsapi set size:undefined disposed:false
590 silly fetch manifest data-urls@^5.0.0
591 silly packumentCache full:https://registry.npmjs.org/data-urls cache-miss
592 http fetch GET 200 https://registry.npmjs.org/saxes 348ms (cache miss)
593 silly packumentCache full:https://registry.npmjs.org/saxes set size:undefined disposed:false
594 silly fetch manifest form-data@^4.0.0
595 silly packumentCache full:https://registry.npmjs.org/form-data cache-miss
596 http fetch GET 200 https://registry.npmjs.org/parse5 315ms (cache miss)
597 silly packumentCache full:https://registry.npmjs.org/parse5 set size:undefined disposed:false
598 silly fetch manifest decimal.js@^10.4.3
599 silly packumentCache full:https://registry.npmjs.org/decimal.js cache-miss
600 http fetch GET 200 https://registry.npmjs.org/ws 632ms (cache miss)
601 silly packumentCache full:https://registry.npmjs.org/ws set size:undefined disposed:false
602 silly fetch manifest whatwg-url@^14.0.0
603 silly packumentCache full:https://registry.npmjs.org/whatwg-url cache-miss
604 http fetch GET 200 https://registry.npmjs.org/cssstyle 372ms (cache miss)
605 silly packumentCache full:https://registry.npmjs.org/cssstyle set size:undefined disposed:false
606 silly fetch manifest rrweb-cssom@^0.7.1
607 silly packumentCache full:https://registry.npmjs.org/rrweb-cssom cache-miss
608 http fetch GET 200 https://registry.npmjs.org/tslib 1026ms (cache miss)
609 silly packumentCache full:https://registry.npmjs.org/tslib set size:undefined disposed:false
610 silly fetch manifest symbol-tree@^3.2.4
611 silly packumentCache full:https://registry.npmjs.org/symbol-tree cache-miss
612 http fetch GET 200 https://registry.npmjs.org/rollup 6756ms (cache miss)
613 silly packumentCache full:https://registry.npmjs.org/rollup set size:undefined disposed:false
614 silly fetch manifest tough-cookie@^5.0.0
615 silly packumentCache full:https://registry.npmjs.org/tough-cookie cache-miss
616 http fetch GET 200 https://registry.npmjs.org/data-urls 937ms (cache miss)
617 silly packumentCache full:https://registry.npmjs.org/data-urls set size:undefined disposed:false
618 silly fetch manifest whatwg-encoding@^3.1.1
619 silly packumentCache full:https://registry.npmjs.org/whatwg-encoding cache-miss
620 http fetch GET 200 https://registry.npmjs.org/decimal.js 909ms (cache miss)
621 silly packumentCache full:https://registry.npmjs.org/decimal.js set size:undefined disposed:false
622 silly fetch manifest whatwg-mimetype@^4.0.0
623 silly packumentCache full:https://registry.npmjs.org/whatwg-mimetype cache-miss
624 http fetch GET 200 https://registry.npmjs.org/form-data 969ms (cache miss)
625 silly packumentCache full:https://registry.npmjs.org/form-data set size:undefined disposed:false
626 silly fetch manifest http-proxy-agent@^7.0.2
627 silly packumentCache full:https://registry.npmjs.org/http-proxy-agent cache-miss
628 http fetch GET 200 https://registry.npmjs.org/rrweb-cssom 850ms (cache miss)
629 silly packumentCache full:https://registry.npmjs.org/rrweb-cssom set size:undefined disposed:false
630 silly fetch manifest https-proxy-agent@^7.0.5
631 silly packumentCache full:https://registry.npmjs.org/https-proxy-agent cache-miss
632 http fetch GET 200 https://registry.npmjs.org/symbol-tree 805ms (cache miss)
633 silly packumentCache full:https://registry.npmjs.org/symbol-tree set size:undefined disposed:false
634 silly fetch manifest w3c-xmlserializer@^5.0.0
635 silly packumentCache full:https://registry.npmjs.org/w3c-xmlserializer cache-miss
636 http fetch GET 200 https://registry.npmjs.org/whatwg-url 984ms (cache miss)
637 silly packumentCache full:https://registry.npmjs.org/whatwg-url set size:undefined disposed:false
638 silly fetch manifest webidl-conversions@^7.0.0
639 silly packumentCache full:https://registry.npmjs.org/webidl-conversions cache-miss
640 http fetch GET 200 https://registry.npmjs.org/tough-cookie 387ms (cache miss)
641 silly packumentCache full:https://registry.npmjs.org/tough-cookie set size:undefined disposed:false
642 silly fetch manifest xml-name-validator@^5.0.0
643 silly packumentCache full:https://registry.npmjs.org/xml-name-validator cache-miss
644 http fetch GET 200 https://registry.npmjs.org/whatwg-encoding 316ms (cache miss)
645 silly packumentCache full:https://registry.npmjs.org/whatwg-encoding set size:undefined disposed:false
646 silly fetch manifest html-encoding-sniffer@^4.0.0
647 silly packumentCache full:https://registry.npmjs.org/html-encoding-sniffer cache-miss
648 http fetch GET 200 https://registry.npmjs.org/http-proxy-agent 356ms (cache miss)
649 silly packumentCache full:https://registry.npmjs.org/http-proxy-agent set size:undefined disposed:false
650 silly fetch manifest is-potential-custom-element-name@^1.0.1
651 silly packumentCache full:https://registry.npmjs.org/is-potential-custom-element-name cache-miss
652 http fetch GET 200 https://registry.npmjs.org/https-proxy-agent 326ms (cache miss)
653 silly packumentCache full:https://registry.npmjs.org/https-proxy-agent set size:undefined disposed:false
654 silly fetch manifest postcss@8.4.31
655 silly packumentCache full:https://registry.npmjs.org/postcss cache-hit
656 silly fetch manifest @next/env@15.5.22
657 silly packumentCache full:https://registry.npmjs.org/@next%2fenv cache-miss
658 http fetch GET 200 https://registry.npmjs.org/xml-name-validator 239ms (cache miss)
659 silly packumentCache full:https://registry.npmjs.org/xml-name-validator set size:undefined disposed:false
660 silly fetch manifest styled-jsx@5.1.6
661 silly packumentCache full:https://registry.npmjs.org/styled-jsx cache-miss
662 http fetch GET 200 https://registry.npmjs.org/webidl-conversions 269ms (cache miss)
663 silly packumentCache full:https://registry.npmjs.org/webidl-conversions set size:undefined disposed:false
664 silly fetch manifest @swc/helpers@0.5.15
665 silly packumentCache full:https://registry.npmjs.org/@swc%2fhelpers cache-miss
666 http fetch GET 200 https://registry.npmjs.org/whatwg-mimetype 500ms (cache miss)
667 silly packumentCache full:https://registry.npmjs.org/whatwg-mimetype set size:undefined disposed:false
668 silly fetch manifest caniuse-lite@^1.0.30001579
669 silly packumentCache full:https://registry.npmjs.org/caniuse-lite cache-miss
670 http fetch GET 200 https://registry.npmjs.org/html-encoding-sniffer 255ms (cache miss)
671 silly packumentCache full:https://registry.npmjs.org/html-encoding-sniffer set size:undefined disposed:false
672 silly fetch manifest sharp@^0.34.3
673 silly packumentCache full:https://registry.npmjs.org/sharp cache-miss
674 http fetch GET 200 https://registry.npmjs.org/w3c-xmlserializer 469ms (cache miss)
675 silly packumentCache full:https://registry.npmjs.org/w3c-xmlserializer set size:undefined disposed:false
676 silly fetch manifest @next/swc-darwin-x64@15.5.22
677 silly packumentCache full:https://registry.npmjs.org/@next%2fswc-darwin-x64 cache-miss
678 http fetch GET 200 https://registry.npmjs.org/is-potential-custom-element-name 203ms (cache miss)
679 silly packumentCache full:https://registry.npmjs.org/is-potential-custom-element-name set size:undefined disposed:false
680 silly fetch manifest @next/swc-darwin-arm64@15.5.22
681 silly packumentCache full:https://registry.npmjs.org/@next%2fswc-darwin-arm64 cache-miss
682 http cache https://registry.npmjs.org/caniuse-lite 157ms (cache hit)
683 silly packumentCache full:https://registry.npmjs.org/caniuse-lite set size:2306880 disposed:false
684 silly fetch manifest @next/swc-linux-x64-gnu@15.5.22
685 silly packumentCache full:https://registry.npmjs.org/@next%2fswc-linux-x64-gnu cache-miss
686 http fetch GET 200 https://registry.npmjs.org/styled-jsx 369ms (cache miss)
687 silly packumentCache full:https://registry.npmjs.org/styled-jsx set size:undefined disposed:false
688 silly fetch manifest @next/swc-linux-x64-musl@15.5.22
689 silly packumentCache full:https://registry.npmjs.org/@next%2fswc-linux-x64-musl cache-miss
690 http fetch GET 200 https://registry.npmjs.org/@swc%2fhelpers 404ms (cache miss)
691 silly packumentCache full:https://registry.npmjs.org/@swc%2fhelpers set size:undefined disposed:false
692 silly fetch manifest @next/swc-win32-x64-msvc@15.5.22
693 silly packumentCache full:https://registry.npmjs.org/@next%2fswc-win32-x64-msvc cache-miss
694 http fetch GET 200 https://registry.npmjs.org/@next%2feslint-plugin-next 3246ms (cache miss)
695 silly packumentCache full:https://registry.npmjs.org/@next%2feslint-plugin-next set size:undefined disposed:false
696 silly fetch manifest @next/swc-linux-arm64-gnu@15.5.22
697 silly packumentCache full:https://registry.npmjs.org/@next%2fswc-linux-arm64-gnu cache-miss
698 http fetch GET 200 https://registry.npmjs.org/eslint-plugin-react-hooks 3277ms (cache miss)
699 silly packumentCache full:https://registry.npmjs.org/eslint-plugin-react-hooks set size:undefined disposed:false
700 silly fetch manifest @next/swc-linux-arm64-musl@15.5.22
701 silly packumentCache full:https://registry.npmjs.org/@next%2fswc-linux-arm64-musl cache-miss
702 http fetch GET 200 https://registry.npmjs.org/sharp 1230ms (cache miss)
703 silly packumentCache full:https://registry.npmjs.org/sharp set size:undefined disposed:false
704 silly fetch manifest @next/swc-win32-arm64-msvc@15.5.22
705 silly packumentCache full:https://registry.npmjs.org/@next%2fswc-win32-arm64-msvc cache-miss
706 http fetch GET 200 https://registry.npmjs.org/@typescript-eslint%2fparser 5191ms (cache miss)
707 silly packumentCache full:https://registry.npmjs.org/@typescript-eslint%2fparser set size:undefined disposed:false
708 silly fetch manifest arg@^5.0.2
709 silly packumentCache full:https://registry.npmjs.org/arg cache-miss
710 http fetch GET 200 https://registry.npmjs.org/@next%2fswc-win32-x64-msvc 3026ms (cache miss)
711 silly packumentCache full:https://registry.npmjs.org/@next%2fswc-win32-x64-msvc set size:undefined disposed:false
712 silly fetch manifest dlv@^1.1.3
713 silly packumentCache full:https://registry.npmjs.org/dlv cache-miss
714 http fetch GET 200 https://registry.npmjs.org/@next%2fswc-linux-x64-musl 3249ms (cache miss)
715 silly packumentCache full:https://registry.npmjs.org/@next%2fswc-linux-x64-musl set size:undefined disposed:false
716 silly fetch manifest jiti@^1.21.7
717 silly packumentCache full:https://registry.npmjs.org/jiti cache-hit
718 silly fetch manifest is-glob@^4.0.3
719 silly packumentCache full:https://registry.npmjs.org/is-glob cache-miss
720 http fetch GET 200 https://registry.npmjs.org/arg 698ms (cache miss)
721 silly packumentCache full:https://registry.npmjs.org/arg set size:undefined disposed:false
722 silly fetch manifest resolve@^1.22.8
723 silly packumentCache full:https://registry.npmjs.org/resolve cache-miss
724 http cache https://registry.npmjs.org/is-glob 53ms (cache hit)
725 silly packumentCache full:https://registry.npmjs.org/is-glob set size:40530 disposed:false
726 silly fetch manifest sucrase@^3.35.0
727 silly packumentCache full:https://registry.npmjs.org/sucrase cache-miss
728 http fetch GET 200 https://registry.npmjs.org/dlv 325ms (cache miss)
729 silly packumentCache full:https://registry.npmjs.org/dlv set size:undefined disposed:false
730 silly fetch manifest chokidar@^3.6.0
731 silly packumentCache full:https://registry.npmjs.org/chokidar cache-miss
732 http fetch GET 200 https://registry.npmjs.org/@next%2fswc-linux-arm64-musl 3001ms (cache miss)
733 silly packumentCache full:https://registry.npmjs.org/@next%2fswc-linux-arm64-musl set size:undefined disposed:false
734 silly fetch manifest fast-glob@^3.3.2
735 silly packumentCache full:https://registry.npmjs.org/fast-glob cache-miss
736 http fetch GET 200 https://registry.npmjs.org/@typescript-eslint%2feslint-plugin 6685ms (cache miss)
737 silly packumentCache full:https://registry.npmjs.org/@typescript-eslint%2feslint-plugin set size:undefined disposed:false
738 silly fetch manifest lilconfig@^3.1.3
739 silly packumentCache full:https://registry.npmjs.org/lilconfig cache-miss
740 http fetch GET 200 https://registry.npmjs.org/resolve 1189ms (cache miss)
741 silly packumentCache full:https://registry.npmjs.org/resolve set size:undefined disposed:false
742 silly fetch manifest didyoumean@^1.2.2
743 silly packumentCache full:https://registry.npmjs.org/didyoumean cache-miss
744 http fetch GET 200 https://registry.npmjs.org/chokidar 1056ms (cache miss)
745 silly packumentCache full:https://registry.npmjs.org/chokidar set size:undefined disposed:false
746 silly fetch manifest micromatch@^4.0.8
747 silly packumentCache full:https://registry.npmjs.org/micromatch cache-miss
748 http fetch GET 200 https://registry.npmjs.org/fast-glob 872ms (cache miss)
749 silly packumentCache full:https://registry.npmjs.org/fast-glob set size:undefined disposed:false
750 silly fetch manifest postcss-js@^4.0.1
751 silly packumentCache full:https://registry.npmjs.org/postcss-js cache-miss
752 http fetch GET 200 https://registry.npmjs.org/sucrase 1257ms (cache miss)
753 silly packumentCache full:https://registry.npmjs.org/sucrase set size:undefined disposed:false
754 silly fetch manifest object-hash@^3.0.0
755 silly packumentCache full:https://registry.npmjs.org/object-hash cache-miss
756 http fetch GET 200 https://registry.npmjs.org/lilconfig 184ms (cache miss)
757 silly packumentCache full:https://registry.npmjs.org/lilconfig set size:undefined disposed:false
758 silly fetch manifest normalize-path@^3.0.0
759 silly packumentCache full:https://registry.npmjs.org/normalize-path cache-miss
760 http fetch GET 200 https://registry.npmjs.org/didyoumean 188ms (cache miss)
761 silly packumentCache full:https://registry.npmjs.org/didyoumean set size:undefined disposed:false
762 silly fetch manifest postcss-import@^15.1.0
763 silly packumentCache full:https://registry.npmjs.org/postcss-import cache-miss
764 http fetch GET 200 https://registry.npmjs.org/postcss-js 381ms (cache miss)
765 silly packumentCache full:https://registry.npmjs.org/postcss-js set size:undefined disposed:false
766 silly fetch manifest postcss-nested@^6.2.0
767 silly packumentCache full:https://registry.npmjs.org/postcss-nested cache-miss
768 http fetch GET 200 https://registry.npmjs.org/object-hash 458ms (cache miss)
769 silly packumentCache full:https://registry.npmjs.org/object-hash set size:undefined disposed:false
770 silly fetch manifest @alloc/quick-lru@^5.2.0
771 silly packumentCache full:https://registry.npmjs.org/@alloc%2fquick-lru cache-miss
772 http fetch GET 200 https://registry.npmjs.org/normalize-path 471ms (cache miss)
773 silly packumentCache full:https://registry.npmjs.org/normalize-path set size:undefined disposed:false
774 silly fetch manifest postcss-load-config@^4.0.2 || ^5.0 || ^6.0
775 silly packumentCache full:https://registry.npmjs.org/postcss-load-config cache-miss
776 http fetch GET 200 https://registry.npmjs.org/micromatch 566ms (cache miss)
777 silly packumentCache full:https://registry.npmjs.org/micromatch set size:undefined disposed:false
778 silly fetch manifest postcss-selector-parser@^6.1.2
779 silly packumentCache full:https://registry.npmjs.org/postcss-selector-parser cache-miss
780 http fetch GET 200 https://registry.npmjs.org/postcss-import 515ms (cache miss)
781 silly packumentCache full:https://registry.npmjs.org/postcss-import set size:undefined disposed:false
782 silly fetch manifest chai@^5.1.2
783 silly packumentCache full:https://registry.npmjs.org/chai cache-miss
784 http fetch GET 200 https://registry.npmjs.org/@alloc%2fquick-lru 185ms (cache miss)
785 silly packumentCache full:https://registry.npmjs.org/@alloc%2fquick-lru set size:undefined disposed:false
786 silly fetch manifest vite@^5.0.0
787 silly packumentCache full:https://registry.npmjs.org/vite cache-miss
788 http fetch GET 200 https://registry.npmjs.org/postcss-nested 307ms (cache miss)
789 silly packumentCache full:https://registry.npmjs.org/postcss-nested set size:undefined disposed:false
790 silly fetch manifest debug@^4.3.7
791 silly packumentCache full:https://registry.npmjs.org/debug cache-miss
792 http fetch GET 200 https://registry.npmjs.org/postcss-load-config 214ms (cache miss)
793 silly packumentCache full:https://registry.npmjs.org/postcss-load-config set size:undefined disposed:false
794 silly fetch manifest pathe@^1.1.2
795 silly packumentCache full:https://registry.npmjs.org/pathe cache-miss
796 http fetch GET 200 https://registry.npmjs.org/postcss-selector-parser 281ms (cache miss)
797 silly packumentCache full:https://registry.npmjs.org/postcss-selector-parser set size:undefined disposed:false
798 silly fetch manifest std-env@^3.8.0
799 silly packumentCache full:https://registry.npmjs.org/std-env cache-miss
800 http fetch GET 200 https://registry.npmjs.org/@next%2fswc-darwin-x64 5797ms (cache miss)
801 silly packumentCache full:https://registry.npmjs.org/@next%2fswc-darwin-x64 set size:undefined disposed:false
802 silly fetch manifest tinyexec@^0.3.1
803 silly packumentCache full:https://registry.npmjs.org/tinyexec cache-miss
804 http fetch GET 200 https://registry.npmjs.org/@next%2fenv 6037ms (cache miss)
805 silly packumentCache full:https://registry.npmjs.org/@next%2fenv set size:undefined disposed:false
806 silly fetch manifest tinypool@^1.0.1
807 silly packumentCache full:https://registry.npmjs.org/tinypool cache-miss
808 http cache https://registry.npmjs.org/vite 555ms (cache hit)
809 silly packumentCache full:https://registry.npmjs.org/vite set size:38918610 disposed:false
810 silly fetch manifest tinybench@^2.9.0
811 silly packumentCache full:https://registry.npmjs.org/tinybench cache-miss
812 http cache https://registry.npmjs.org/debug 1361ms (cache hit)
813 silly packumentCache full:https://registry.npmjs.org/debug set size:195840 disposed:false
814 silly fetch manifest vite-node@2.1.9
815 silly packumentCache full:https://registry.npmjs.org/vite-node cache-miss
816 http fetch GET 200 https://registry.npmjs.org/pathe 1439ms (cache miss)
817 silly packumentCache full:https://registry.npmjs.org/pathe set size:undefined disposed:false
818 silly fetch manifest @vitest/spy@2.1.9
819 silly packumentCache full:https://registry.npmjs.org/@vitest%2fspy cache-miss
820 http fetch GET 200 https://registry.npmjs.org/tinyexec 1255ms (cache miss)
821 silly packumentCache full:https://registry.npmjs.org/tinyexec set size:undefined disposed:false
822 silly fetch manifest expect-type@^1.1.0
823 silly packumentCache full:https://registry.npmjs.org/expect-type cache-miss
824 http fetch GET 200 https://registry.npmjs.org/std-env 1390ms (cache miss)
825 silly packumentCache full:https://registry.npmjs.org/std-env set size:undefined disposed:false
826 silly fetch manifest tinyrainbow@^1.2.0
827 silly packumentCache full:https://registry.npmjs.org/tinyrainbow cache-miss
828 http fetch GET 200 https://registry.npmjs.org/tinypool 1187ms (cache miss)
829 silly packumentCache full:https://registry.npmjs.org/tinypool set size:undefined disposed:false
830 silly fetch manifest magic-string@^0.30.12
831 silly packumentCache full:https://registry.npmjs.org/magic-string cache-miss
832 http fetch GET 200 https://registry.npmjs.org/chai 1641ms (cache miss)
833 silly packumentCache full:https://registry.npmjs.org/chai set size:undefined disposed:false
834 silly fetch manifest @vitest/utils@2.1.9
835 silly packumentCache full:https://registry.npmjs.org/@vitest%2futils cache-miss
836 http fetch GET 200 https://registry.npmjs.org/@next%2fswc-win32-arm64-msvc 5874ms (cache miss)
837 silly packumentCache full:https://registry.npmjs.org/@next%2fswc-win32-arm64-msvc set size:undefined disposed:false
838 silly fetch manifest @vitest/expect@2.1.9
839 silly packumentCache full:https://registry.npmjs.org/@vitest%2fexpect cache-miss
840 http fetch GET 200 https://registry.npmjs.org/tinybench 501ms (cache miss)
841 silly packumentCache full:https://registry.npmjs.org/tinybench set size:undefined disposed:false
842 silly fetch manifest @vitest/mocker@2.1.9
843 silly packumentCache full:https://registry.npmjs.org/@vitest%2fmocker cache-miss
844 http fetch GET 200 https://registry.npmjs.org/tinyrainbow 355ms (cache miss)
845 silly packumentCache full:https://registry.npmjs.org/tinyrainbow set size:undefined disposed:false
846 silly fetch manifest @vitest/runner@2.1.9
847 silly packumentCache full:https://registry.npmjs.org/@vitest%2frunner cache-miss
848 http fetch GET 200 https://registry.npmjs.org/magic-string 416ms (cache miss)
849 silly packumentCache full:https://registry.npmjs.org/magic-string set size:undefined disposed:false
850 silly fetch manifest @vitest/snapshot@2.1.9
851 silly packumentCache full:https://registry.npmjs.org/@vitest%2fsnapshot cache-miss
852 http fetch GET 200 https://registry.npmjs.org/expect-type 465ms (cache miss)
853 silly packumentCache full:https://registry.npmjs.org/expect-type set size:undefined disposed:false
854 silly fetch manifest why-is-node-running@^2.3.0
855 silly packumentCache full:https://registry.npmjs.org/why-is-node-running cache-miss
856 http fetch GET 200 https://registry.npmjs.org/@vitest%2fspy 522ms (cache miss)
857 silly packumentCache full:https://registry.npmjs.org/@vitest%2fspy set size:undefined disposed:false
858 silly fetch manifest @vitest/pretty-format@^2.1.9
859 silly packumentCache full:https://registry.npmjs.org/@vitest%2fpretty-format cache-miss
860 http fetch GET 200 https://registry.npmjs.org/@vitest%2fexpect 389ms (cache miss)
861 silly packumentCache full:https://registry.npmjs.org/@vitest%2fexpect set size:undefined disposed:false
862 http fetch GET 200 https://registry.npmjs.org/@vitest%2fmocker 217ms (cache miss)
863 silly packumentCache full:https://registry.npmjs.org/@vitest%2fmocker set size:undefined disposed:false
864 http fetch GET 200 https://registry.npmjs.org/vite-node 734ms (cache miss)
865 silly packumentCache full:https://registry.npmjs.org/vite-node set size:undefined disposed:false
866 http fetch GET 200 https://registry.npmjs.org/why-is-node-running 155ms (cache miss)
867 silly packumentCache full:https://registry.npmjs.org/why-is-node-running set size:undefined disposed:false
868 http fetch GET 200 https://registry.npmjs.org/@next%2fswc-darwin-arm64 7746ms (cache miss)
869 silly packumentCache full:https://registry.npmjs.org/@next%2fswc-darwin-arm64 set size:undefined disposed:false
870 http fetch GET 200 https://registry.npmjs.org/@next%2fswc-linux-arm64-gnu 7215ms (cache miss)
871 silly packumentCache full:https://registry.npmjs.org/@next%2fswc-linux-arm64-gnu set size:undefined disposed:false
872 http fetch GET 200 https://registry.npmjs.org/@vitest%2frunner 419ms (cache miss)
873 silly packumentCache full:https://registry.npmjs.org/@vitest%2frunner set size:undefined disposed:false
874 http fetch GET 200 https://registry.npmjs.org/@next%2fswc-linux-x64-gnu 7807ms (cache miss)
875 silly packumentCache full:https://registry.npmjs.org/@next%2fswc-linux-x64-gnu set size:undefined disposed:false
876 http fetch GET 200 https://registry.npmjs.org/@vitest%2fsnapshot 427ms (cache miss)
877 silly packumentCache full:https://registry.npmjs.org/@vitest%2fsnapshot set size:undefined disposed:false
878 http fetch GET 200 https://registry.npmjs.org/@vitest%2futils 837ms (cache miss)
879 silly packumentCache full:https://registry.npmjs.org/@vitest%2futils set size:undefined disposed:false
880 http fetch GET 200 https://registry.npmjs.org/@vitest%2fpretty-format 408ms (cache miss)
881 silly packumentCache full:https://registry.npmjs.org/@vitest%2fpretty-format set size:undefined disposed:false
882 silly placeDep ROOT ajv@6.15.0 OK for: @eslint/eslintrc@3.3.6 want: ^6.14.0
883 silly placeDep ROOT debug@4.4.3 OK for: @eslint/eslintrc@3.3.6 want: ^4.3.2
884 silly placeDep ROOT espree@10.4.0 OK for: @eslint/eslintrc@3.3.6 want: ^10.0.1
885 silly placeDep ROOT globals@14.0.0 OK for: @eslint/eslintrc@3.3.6 want: ^14.0.0
886 silly placeDep ROOT ignore@5.3.2 OK for: @eslint/eslintrc@3.3.6 want: ^5.2.0
887 silly placeDep ROOT import-fresh@3.3.1 OK for: @eslint/eslintrc@3.3.6 want: ^3.2.1
888 silly placeDep ROOT js-yaml@4.3.0 OK for: @eslint/eslintrc@3.3.6 want: ^4.3.0
889 silly placeDep ROOT minimatch@3.1.5 OK for: @eslint/eslintrc@3.3.6 want: ^3.1.5
890 silly placeDep ROOT strip-json-comments@3.1.1 OK for: @eslint/eslintrc@3.3.6 want: ^3.1.1
891 silly fetch manifest uri-js@^4.2.2
892 silly packumentCache full:https://registry.npmjs.org/uri-js cache-miss
893 silly fetch manifest fast-deep-equal@^3.1.1
894 silly packumentCache full:https://registry.npmjs.org/fast-deep-equal cache-miss
895 silly fetch manifest json-schema-traverse@^0.4.1
896 silly packumentCache full:https://registry.npmjs.org/json-schema-traverse cache-miss
897 silly fetch manifest fast-json-stable-stringify@^2.0.0
898 silly packumentCache full:https://registry.npmjs.org/fast-json-stable-stringify cache-miss
899 silly fetch manifest ms@^2.1.3
900 silly packumentCache full:https://registry.npmjs.org/ms cache-miss
901 silly fetch manifest acorn@^8.15.0
902 silly packumentCache full:https://registry.npmjs.org/acorn cache-miss
903 silly fetch manifest acorn-jsx@^5.3.2
904 silly packumentCache full:https://registry.npmjs.org/acorn-jsx cache-miss
905 silly fetch manifest resolve-from@^4.0.0
906 silly packumentCache full:https://registry.npmjs.org/resolve-from cache-miss
907 silly fetch manifest parent-module@^1.0.0
908 silly packumentCache full:https://registry.npmjs.org/parent-module cache-miss
909 silly fetch manifest argparse@^2.0.1
910 silly packumentCache full:https://registry.npmjs.org/argparse cache-miss
911 silly fetch manifest brace-expansion@^1.1.7
912 silly packumentCache full:https://registry.npmjs.org/brace-expansion cache-miss
913 http cache https://registry.npmjs.org/fast-deep-equal 94ms (cache hit)
914 silly packumentCache full:https://registry.npmjs.org/fast-deep-equal set size:48634 disposed:false
915 http fetch GET 200 https://registry.npmjs.org/fast-json-stable-stringify 97ms (cache miss)
916 silly packumentCache full:https://registry.npmjs.org/fast-json-stable-stringify set size:undefined disposed:false
917 http fetch GET 200 https://registry.npmjs.org/json-schema-traverse 104ms (cache miss)
918 silly packumentCache full:https://registry.npmjs.org/json-schema-traverse set size:undefined disposed:false
919 http fetch GET 200 https://registry.npmjs.org/resolve-from 126ms (cache miss)
920 silly packumentCache full:https://registry.npmjs.org/resolve-from set size:undefined disposed:false
921 http fetch GET 200 https://registry.npmjs.org/parent-module 145ms (cache miss)
922 silly packumentCache full:https://registry.npmjs.org/parent-module set size:undefined disposed:false
923 http fetch GET 200 https://registry.npmjs.org/ms 162ms (cache miss)
924 silly packumentCache full:https://registry.npmjs.org/ms set size:undefined disposed:false
925 http fetch GET 200 https://registry.npmjs.org/argparse 163ms (cache miss)
926 silly packumentCache full:https://registry.npmjs.org/argparse set size:undefined disposed:false
927 http fetch GET 200 https://registry.npmjs.org/brace-expansion 168ms (cache miss)
928 silly packumentCache full:https://registry.npmjs.org/brace-expansion set size:undefined disposed:false
929 http fetch GET 200 https://registry.npmjs.org/acorn-jsx 184ms (cache miss)
930 silly packumentCache full:https://registry.npmjs.org/acorn-jsx set size:undefined disposed:false
931 http fetch GET 200 https://registry.npmjs.org/acorn 199ms (cache miss)
932 silly packumentCache full:https://registry.npmjs.org/acorn set size:undefined disposed:false
933 http fetch GET 200 https://registry.npmjs.org/uri-js 317ms (cache miss)
934 silly packumentCache full:https://registry.npmjs.org/uri-js set size:undefined disposed:false
935 silly placeDep ROOT @babel/code-frame@7.29.7 OK for: @testing-library/dom@10.4.1 want: ^7.10.4
936 silly placeDep ROOT @babel/runtime@7.29.7 OK for: @testing-library/dom@10.4.1 want: ^7.12.5
937 silly placeDep ROOT @types/aria-query@5.0.4 OK for: @testing-library/dom@10.4.1 want: ^5.0.1
938 silly placeDep ROOT aria-query@5.3.0 OK for: @testing-library/dom@10.4.1 want: 5.3.0
939 silly placeDep ROOT dom-accessibility-api@0.5.16 OK for: @testing-library/dom@10.4.1 want: ^0.5.9
940 silly placeDep ROOT lz-string@1.5.0 OK for: @testing-library/dom@10.4.1 want: ^1.5.0
941 silly placeDep ROOT picocolors@1.1.1 OK for: @testing-library/dom@10.4.1 want: 1.1.1
942 silly placeDep ROOT pretty-format@27.5.1 OK for: @testing-library/dom@10.4.1 want: ^27.0.2
943 silly fetch manifest js-tokens@^4.0.0
944 silly packumentCache full:https://registry.npmjs.org/js-tokens cache-miss
945 silly fetch manifest @babel/helper-validator-identifier@^7.29.7
946 silly packumentCache full:https://registry.npmjs.org/@babel%2fhelper-validator-identifier cache-miss
947 silly fetch manifest dequal@^2.0.3
948 silly packumentCache full:https://registry.npmjs.org/dequal cache-miss
949 silly fetch manifest react-is@^17.0.1
950 silly packumentCache full:https://registry.npmjs.org/react-is cache-miss
951 silly fetch manifest ansi-regex@^5.0.1
952 silly packumentCache full:https://registry.npmjs.org/ansi-regex cache-miss
953 silly fetch manifest ansi-styles@^5.0.0
954 silly packumentCache full:https://registry.npmjs.org/ansi-styles cache-miss
955 http fetch GET 200 https://registry.npmjs.org/js-tokens 108ms (cache miss)
956 silly packumentCache full:https://registry.npmjs.org/js-tokens set size:undefined disposed:false
957 http fetch GET 200 https://registry.npmjs.org/dequal 149ms (cache miss)
958 silly packumentCache full:https://registry.npmjs.org/dequal set size:undefined disposed:false
959 http fetch GET 200 https://registry.npmjs.org/ansi-regex 159ms (cache miss)
960 silly packumentCache full:https://registry.npmjs.org/ansi-regex set size:undefined disposed:false
961 http fetch GET 200 https://registry.npmjs.org/ansi-styles 164ms (cache miss)
962 silly packumentCache full:https://registry.npmjs.org/ansi-styles set size:undefined disposed:false
963 http fetch GET 200 https://registry.npmjs.org/@babel%2fhelper-validator-identifier 178ms (cache miss)
964 silly packumentCache full:https://registry.npmjs.org/@babel%2fhelper-validator-identifier set size:undefined disposed:false
965 http fetch GET 200 https://registry.npmjs.org/react-is 612ms (cache miss)
966 silly packumentCache full:https://registry.npmjs.org/react-is set size:undefined disposed:false
967 silly placeDep ROOT @babel/helper-validator-identifier@7.29.7 OK for: @babel/code-frame@7.29.7 want: ^7.29.7
968 silly placeDep ROOT js-tokens@4.0.0 OK for: @babel/code-frame@7.29.7 want: ^4.0.0
969 silly placeDep ROOT @adobe/css-tools@4.5.0 OK for: @testing-library/jest-dom@6.9.1 want: ^4.4.0
970 silly placeDep ROOT css.escape@1.5.1 OK for: @testing-library/jest-dom@6.9.1 want: ^1.5.1
971 silly placeDep node_modules/@testing-library/jest-dom dom-accessibility-api@0.6.3 OK for: @testing-library/jest-dom@6.9.1 want: ^0.6.3
972 silly placeDep ROOT redent@3.0.0 OK for: @testing-library/jest-dom@6.9.1 want: ^3.0.0
973 silly fetch manifest indent-string@^4.0.0
974 silly packumentCache full:https://registry.npmjs.org/indent-string cache-miss
975 silly fetch manifest strip-indent@^3.0.0
976 silly packumentCache full:https://registry.npmjs.org/strip-indent cache-miss
977 http fetch GET 200 https://registry.npmjs.org/strip-indent 75ms (cache miss)
978 silly packumentCache full:https://registry.npmjs.org/strip-indent set size:undefined disposed:false
979 http fetch GET 200 https://registry.npmjs.org/indent-string 383ms (cache miss)
980 silly packumentCache full:https://registry.npmjs.org/indent-string set size:undefined disposed:false
981 silly placeDep ROOT undici-types@6.21.0 OK for: @types/node@22.20.1 want: ~6.21.0
982 silly placeDep ROOT csstype@3.2.3 OK for: @types/react@19.2.17 want: ^3.2.2
983 silly placeDep ROOT @babel/core@7.29.7 OK for: @vitejs/plugin-react@4.7.0 want: ^7.28.0
984 silly placeDep ROOT @babel/plugin-transform-react-jsx-self@7.29.7 OK for: @vitejs/plugin-react@4.7.0 want: ^7.27.1
985 silly placeDep ROOT @babel/plugin-transform-react-jsx-source@7.29.7 OK for: @vitejs/plugin-react@4.7.0 want: ^7.27.1
986 silly placeDep ROOT @rolldown/pluginutils@1.0.0-beta.27 OK for: @vitejs/plugin-react@4.7.0 want: 1.0.0-beta.27
987 silly placeDep ROOT @types/babel__core@7.20.5 OK for: @vitejs/plugin-react@4.7.0 want: ^7.20.5
988 silly placeDep ROOT react-refresh@0.17.0 OK for: @vitejs/plugin-react@4.7.0 want: ^0.17.0
989 silly fetch manifest json5@^2.2.3
990 silly packumentCache full:https://registry.npmjs.org/json5 cache-miss
991 silly fetch manifest semver@^6.3.1
992 silly packumentCache full:https://registry.npmjs.org/semver cache-miss
993 silly fetch manifest gensync@^1.0.0-beta.2
994 silly packumentCache full:https://registry.npmjs.org/gensync cache-miss
995 silly fetch manifest @babel/types@^7.29.7
996 silly packumentCache full:https://registry.npmjs.org/@babel%2ftypes cache-miss
997 silly fetch manifest @babel/parser@^7.29.7
998 silly packumentCache full:https://registry.npmjs.org/@babel%2fparser cache-miss
999 silly fetch manifest @babel/helpers@^7.29.7
1000 silly packumentCache full:https://registry.npmjs.org/@babel%2fhelpers cache-miss
1001 silly fetch manifest @babel/template@^7.29.7
1002 silly packumentCache full:https://registry.npmjs.org/@babel%2ftemplate cache-miss
1003 silly fetch manifest @babel/traverse@^7.29.7
1004 silly packumentCache full:https://registry.npmjs.org/@babel%2ftraverse cache-miss
1005 silly fetch manifest @babel/generator@^7.29.7
1006 silly packumentCache full:https://registry.npmjs.org/@babel%2fgenerator cache-miss
1007 silly fetch manifest convert-source-map@^2.0.0
1008 silly packumentCache full:https://registry.npmjs.org/convert-source-map cache-miss
1009 silly fetch manifest @jridgewell/remapping@^2.3.5
1010 silly packumentCache full:https://registry.npmjs.org/@jridgewell%2fremapping cache-miss
1011 http fetch GET 200 https://registry.npmjs.org/gensync 222ms (cache miss)
1012 silly packumentCache full:https://registry.npmjs.org/gensync set size:undefined disposed:false
1013 silly fetch manifest @babel/helper-module-transforms@^7.29.7
1014 silly packumentCache full:https://registry.npmjs.org/@babel%2fhelper-module-transforms cache-miss
1015 http fetch GET 200 https://registry.npmjs.org/json5 344ms (cache miss)
1016 silly packumentCache full:https://registry.npmjs.org/json5 set size:undefined disposed:false
1017 silly fetch manifest @babel/helper-compilation-targets@^7.29.7
1018 silly packumentCache full:https://registry.npmjs.org/@babel%2fhelper-compilation-targets cache-miss
1019 http fetch GET 200 https://registry.npmjs.org/convert-source-map 387ms (cache miss)
1020 silly packumentCache full:https://registry.npmjs.org/convert-source-map set size:undefined disposed:false
1021 silly fetch manifest @babel/helper-plugin-utils@^7.29.7
1022 silly packumentCache full:https://registry.npmjs.org/@babel%2fhelper-plugin-utils cache-miss
1023 http fetch GET 200 https://registry.npmjs.org/@jridgewell%2fremapping 394ms (cache miss)
1024 silly packumentCache full:https://registry.npmjs.org/@jridgewell%2fremapping set size:undefined disposed:false
1025 silly fetch manifest @babel/helper-plugin-utils@^7.29.7
1026 silly packumentCache full:https://registry.npmjs.org/@babel%2fhelper-plugin-utils cache-miss
1027 http fetch GET 200 https://registry.npmjs.org/semver 435ms (cache miss)
1028 silly packumentCache full:https://registry.npmjs.org/semver set size:undefined disposed:false
1029 silly fetch manifest @babel/types@^7.20.7
1030 silly packumentCache full:https://registry.npmjs.org/@babel%2ftypes cache-miss
1031 http fetch GET 200 https://registry.npmjs.org/@babel%2ftemplate 503ms (cache miss)
1032 silly packumentCache full:https://registry.npmjs.org/@babel%2ftemplate set size:undefined disposed:false
1033 silly fetch manifest @babel/parser@^7.20.7
1034 silly packumentCache full:https://registry.npmjs.org/@babel%2fparser cache-miss
1035 http fetch GET 200 https://registry.npmjs.org/@babel%2fhelpers 669ms (cache miss)
1036 silly packumentCache full:https://registry.npmjs.org/@babel%2fhelpers set size:undefined disposed:false
1037 silly fetch manifest @types/babel__template@*
1038 silly packumentCache full:https://registry.npmjs.org/@types%2fbabel__template cache-miss
1039 http fetch GET 200 https://registry.npmjs.org/@babel%2fgenerator 716ms (cache miss)
1040 silly packumentCache full:https://registry.npmjs.org/@babel%2fgenerator set size:undefined disposed:false
1041 silly fetch manifest @types/babel__traverse@*
1042 silly packumentCache full:https://registry.npmjs.org/@types%2fbabel__traverse cache-miss
1043 http fetch GET 200 https://registry.npmjs.org/@babel%2ftypes 760ms (cache miss)
1044 silly packumentCache full:https://registry.npmjs.org/@babel%2ftypes set size:undefined disposed:false
1045 silly fetch manifest @types/babel__generator@*
1046 silly packumentCache full:https://registry.npmjs.org/@types%2fbabel__generator cache-miss
1047 http fetch GET 200 https://registry.npmjs.org/@babel%2fhelper-plugin-utils 575ms (cache miss)
1048 silly packumentCache full:https://registry.npmjs.org/@babel%2fhelper-plugin-utils set size:undefined disposed:false
1049 http fetch GET 200 https://registry.npmjs.org/@babel%2fhelper-module-transforms 779ms (cache miss)
1050 silly packumentCache full:https://registry.npmjs.org/@babel%2fhelper-module-transforms set size:undefined disposed:false
1051 http fetch GET 200 https://registry.npmjs.org/@babel%2fhelper-compilation-targets 683ms (cache miss)
1052 silly packumentCache full:https://registry.npmjs.org/@babel%2fhelper-compilation-targets set size:undefined disposed:false
1053 http fetch GET 200 https://registry.npmjs.org/@babel%2fhelper-plugin-utils 615ms (cache miss)
1054 silly packumentCache full:https://registry.npmjs.org/@babel%2fhelper-plugin-utils set size:undefined disposed:false
1055 http fetch GET 200 https://registry.npmjs.org/@babel%2fparser 1046ms (cache miss)
1056 silly packumentCache full:https://registry.npmjs.org/@babel%2fparser set size:undefined disposed:false
1057 http fetch GET 200 https://registry.npmjs.org/@types%2fbabel__template 401ms (cache miss)
1058 silly packumentCache full:https://registry.npmjs.org/@types%2fbabel__template set size:undefined disposed:false
1059 http fetch GET 200 https://registry.npmjs.org/@babel%2ftypes 678ms (cache miss)
1060 silly packumentCache full:https://registry.npmjs.org/@babel%2ftypes set size:undefined disposed:false
1061 http fetch GET 200 https://registry.npmjs.org/@babel%2ftraverse 1131ms (cache miss)
1062 silly packumentCache full:https://registry.npmjs.org/@babel%2ftraverse set size:undefined disposed:false
1063 http fetch GET 200 https://registry.npmjs.org/@types%2fbabel__traverse 410ms (cache miss)
1064 silly packumentCache full:https://registry.npmjs.org/@types%2fbabel__traverse set size:undefined disposed:false
1065 http fetch GET 200 https://registry.npmjs.org/@types%2fbabel__generator 380ms (cache miss)
1066 silly packumentCache full:https://registry.npmjs.org/@types%2fbabel__generator set size:undefined disposed:false
1067 http fetch GET 200 https://registry.npmjs.org/@babel%2fparser 647ms (cache miss)
1068 silly packumentCache full:https://registry.npmjs.org/@babel%2fparser set size:undefined disposed:false
1069 silly fetch manifest @babel/core@^7.0.0
1070 silly packumentCache full:https://registry.npmjs.org/@babel%2fcore cache-miss
1071 http cache https://registry.npmjs.org/@babel%2fcore 29ms (cache hit)
1072 silly packumentCache full:https://registry.npmjs.org/@babel%2fcore set size:788273 disposed:false
1073 silly placeDep ROOT @babel/generator@7.29.7 OK for: @babel/core@7.29.7 want: ^7.29.7
1074 silly placeDep ROOT @babel/helper-compilation-targets@7.29.7 OK for: @babel/core@7.29.7 want: ^7.29.7
1075 silly placeDep ROOT @babel/helper-module-transforms@7.29.7 OK for: @babel/core@7.29.7 want: ^7.29.7
1076 silly placeDep ROOT @babel/helpers@7.29.7 OK for: @babel/core@7.29.7 want: ^7.29.7
1077 silly placeDep ROOT @babel/parser@7.29.7 OK for: @babel/core@7.29.7 want: ^7.29.7
1078 silly placeDep ROOT @babel/template@7.29.7 OK for: @babel/core@7.29.7 want: ^7.29.7
1079 silly placeDep ROOT @babel/traverse@7.29.7 OK for: @babel/core@7.29.7 want: ^7.29.7
1080 silly placeDep ROOT @babel/types@7.29.7 OK for: @babel/core@7.29.7 want: ^7.29.7
1081 silly placeDep ROOT @jridgewell/remapping@2.3.5 OK for: @babel/core@7.29.7 want: ^2.3.5
1082 silly placeDep ROOT convert-source-map@2.0.0 OK for: @babel/core@7.29.7 want: ^2.0.0
1083 silly placeDep ROOT gensync@1.0.0-beta.2 OK for: @babel/core@7.29.7 want: ^1.0.0-beta.2
1084 silly placeDep ROOT json5@2.2.3 OK for: @babel/core@7.29.7 want: ^2.2.3
1085 silly placeDep ROOT semver@6.3.1 OK for: @babel/core@7.29.7 want: ^6.3.1
1086 silly fetch manifest jsesc@^3.0.2
1087 silly packumentCache full:https://registry.npmjs.org/jsesc cache-miss
1088 silly fetch manifest @jridgewell/gen-mapping@^0.3.12
1089 silly packumentCache full:https://registry.npmjs.org/@jridgewell%2fgen-mapping cache-miss
1090 silly fetch manifest @jridgewell/trace-mapping@^0.3.28
1091 silly packumentCache full:https://registry.npmjs.org/@jridgewell%2ftrace-mapping cache-miss
1092 silly fetch manifest lru-cache@^5.1.1
1093 silly packumentCache full:https://registry.npmjs.org/lru-cache cache-miss
1094 silly fetch manifest browserslist@^4.24.0
1095 silly packumentCache full:https://registry.npmjs.org/browserslist cache-miss
1096 silly fetch manifest @babel/compat-data@^7.29.7
1097 silly packumentCache full:https://registry.npmjs.org/@babel%2fcompat-data cache-miss
1098 silly fetch manifest @babel/helper-validator-option@^7.29.7
1099 silly packumentCache full:https://registry.npmjs.org/@babel%2fhelper-validator-option cache-miss
1100 silly fetch manifest @babel/helper-module-imports@^7.29.7
1101 silly packumentCache full:https://registry.npmjs.org/@babel%2fhelper-module-imports cache-miss
1102 silly fetch manifest @babel/helper-globals@^7.29.7
1103 silly packumentCache full:https://registry.npmjs.org/@babel%2fhelper-globals cache-miss
1104 silly fetch manifest @babel/helper-string-parser@^7.29.7
1105 silly packumentCache full:https://registry.npmjs.org/@babel%2fhelper-string-parser cache-miss
1106 silly fetch manifest @jridgewell/gen-mapping@^0.3.5
1107 silly packumentCache full:https://registry.npmjs.org/@jridgewell%2fgen-mapping cache-miss
1108 http cache https://registry.npmjs.org/browserslist 442ms (cache hit)
1109 silly packumentCache full:https://registry.npmjs.org/browserslist set size:516369 disposed:false
1110 silly fetch manifest @jridgewell/trace-mapping@^0.3.24
1111 silly packumentCache full:https://registry.npmjs.org/@jridgewell%2ftrace-mapping cache-miss
1112 http fetch GET 200 https://registry.npmjs.org/@babel%2fhelper-globals 487ms (cache miss)
1113 silly packumentCache full:https://registry.npmjs.org/@babel%2fhelper-globals set size:undefined disposed:false
1114 http fetch GET 200 https://registry.npmjs.org/@jridgewell%2fgen-mapping 547ms (cache miss)
1115 silly packumentCache full:https://registry.npmjs.org/@jridgewell%2fgen-mapping set size:undefined disposed:false
1116 http fetch GET 200 https://registry.npmjs.org/@babel%2fhelper-string-parser 538ms (cache miss)
1117 silly packumentCache full:https://registry.npmjs.org/@babel%2fhelper-string-parser set size:undefined disposed:false
1118 http fetch GET 200 https://registry.npmjs.org/jsesc 579ms (cache miss)
1119 silly packumentCache full:https://registry.npmjs.org/jsesc set size:undefined disposed:false
1120 http fetch GET 200 https://registry.npmjs.org/@babel%2fhelper-validator-option 573ms (cache miss)
1121 silly packumentCache full:https://registry.npmjs.org/@babel%2fhelper-validator-option set size:undefined disposed:false
1122 http fetch GET 200 https://registry.npmjs.org/@jridgewell%2ftrace-mapping 624ms (cache miss)
1123 silly packumentCache full:https://registry.npmjs.org/@jridgewell%2ftrace-mapping set size:undefined disposed:false
1124 http fetch GET 200 https://registry.npmjs.org/@jridgewell%2fgen-mapping 609ms (cache miss)
1125 silly packumentCache full:https://registry.npmjs.org/@jridgewell%2fgen-mapping set size:undefined disposed:false
1126 http fetch GET 200 https://registry.npmjs.org/@babel%2fhelper-module-imports 622ms (cache miss)
1127 silly packumentCache full:https://registry.npmjs.org/@babel%2fhelper-module-imports set size:undefined disposed:false
1128 http fetch GET 200 https://registry.npmjs.org/@babel%2fcompat-data 658ms (cache miss)
1129 silly packumentCache full:https://registry.npmjs.org/@babel%2fcompat-data set size:undefined disposed:false
1130 http fetch GET 200 https://registry.npmjs.org/@jridgewell%2ftrace-mapping 222ms (cache miss)
1131 silly packumentCache full:https://registry.npmjs.org/@jridgewell%2ftrace-mapping set size:undefined disposed:false
1132 http fetch GET 200 https://registry.npmjs.org/lru-cache 702ms (cache miss)
1133 silly packumentCache full:https://registry.npmjs.org/lru-cache set size:undefined disposed:false
1134 silly placeDep ROOT @jridgewell/gen-mapping@0.3.13 OK for: @babel/generator@7.29.7 want: ^0.3.12
1135 silly placeDep ROOT @jridgewell/trace-mapping@0.3.31 OK for: @babel/generator@7.29.7 want: ^0.3.28
1136 silly placeDep ROOT jsesc@3.1.0 OK for: @babel/generator@7.29.7 want: ^3.0.2
1137 silly fetch manifest @jridgewell/sourcemap-codec@^1.5.0
1138 silly packumentCache full:https://registry.npmjs.org/@jridgewell%2fsourcemap-codec cache-miss
1139 silly fetch manifest @jridgewell/resolve-uri@^3.1.0
1140 silly packumentCache full:https://registry.npmjs.org/@jridgewell%2fresolve-uri cache-miss
1141 silly fetch manifest @jridgewell/sourcemap-codec@^1.4.14
1142 silly packumentCache full:https://registry.npmjs.org/@jridgewell%2fsourcemap-codec cache-miss
1143 http fetch GET 200 https://registry.npmjs.org/@jridgewell%2fresolve-uri 106ms (cache miss)
1144 silly packumentCache full:https://registry.npmjs.org/@jridgewell%2fresolve-uri set size:undefined disposed:false
1145 http fetch GET 200 https://registry.npmjs.org/@jridgewell%2fsourcemap-codec 149ms (cache miss)
1146 silly packumentCache full:https://registry.npmjs.org/@jridgewell%2fsourcemap-codec set size:undefined disposed:false
1147 http fetch GET 200 https://registry.npmjs.org/@jridgewell%2fsourcemap-codec 188ms (cache miss)
1148 silly packumentCache full:https://registry.npmjs.org/@jridgewell%2fsourcemap-codec set size:undefined disposed:false
1149 silly placeDep ROOT @babel/compat-data@7.29.7 OK for: @babel/helper-compilation-targets@7.29.7 want: ^7.29.7
1150 silly placeDep ROOT @babel/helper-validator-option@7.29.7 OK for: @babel/helper-compilation-targets@7.29.7 want: ^7.29.7
1151 silly placeDep ROOT browserslist@4.28.7 OK for: @babel/helper-compilation-targets@7.29.7 want: ^4.24.0
1152 silly placeDep ROOT lru-cache@5.1.1 OK for: @babel/helper-compilation-targets@7.29.7 want: ^5.1.1
1153 silly fetch manifest node-releases@^2.0.51
1154 silly packumentCache full:https://registry.npmjs.org/node-releases cache-miss
1155 silly fetch manifest electron-to-chromium@^1.5.393
1156 silly packumentCache full:https://registry.npmjs.org/electron-to-chromium cache-miss
1157 silly fetch manifest update-browserslist-db@^1.2.3
1158 silly packumentCache full:https://registry.npmjs.org/update-browserslist-db cache-miss
1159 silly fetch manifest baseline-browser-mapping@^2.10.44
1160 silly packumentCache full:https://registry.npmjs.org/baseline-browser-mapping cache-miss
1161 silly fetch manifest yallist@^3.0.2
1162 silly packumentCache full:https://registry.npmjs.org/yallist cache-miss
1163 http fetch GET 200 https://registry.npmjs.org/update-browserslist-db 180ms (cache miss)
1164 silly packumentCache full:https://registry.npmjs.org/update-browserslist-db set size:undefined disposed:false
1165 http fetch GET 200 https://registry.npmjs.org/yallist 181ms (cache miss)
1166 silly packumentCache full:https://registry.npmjs.org/yallist set size:undefined disposed:false
1167 http fetch GET 200 https://registry.npmjs.org/node-releases 262ms (cache miss)
1168 silly packumentCache full:https://registry.npmjs.org/node-releases set size:undefined disposed:false
1169 http fetch GET 200 https://registry.npmjs.org/baseline-browser-mapping 282ms (cache miss)
1170 silly packumentCache full:https://registry.npmjs.org/baseline-browser-mapping set size:undefined disposed:false
1171 http fetch GET 200 https://registry.npmjs.org/electron-to-chromium 583ms (cache miss)
1172 silly packumentCache full:https://registry.npmjs.org/electron-to-chromium set size:undefined disposed:false
1173 silly placeDep ROOT @babel/helper-module-imports@7.29.7 OK for: @babel/helper-module-transforms@7.29.7 want: ^7.29.7
1174 silly placeDep ROOT @babel/helper-plugin-utils@7.29.7 OK for: @babel/plugin-transform-react-jsx-self@7.29.7 want: ^7.29.7
1175 silly placeDep ROOT @babel/helper-globals@7.29.7 OK for: @babel/traverse@7.29.7 want: ^7.29.7
1176 silly placeDep ROOT @babel/helper-string-parser@7.29.7 OK for: @babel/types@7.29.7 want: ^7.29.7
1177 silly placeDep ROOT @jridgewell/sourcemap-codec@1.5.5 OK for: @jridgewell/gen-mapping@0.3.13 want: ^1.5.0
1178 silly placeDep ROOT @jridgewell/resolve-uri@3.1.2 OK for: @jridgewell/trace-mapping@0.3.31 want: ^3.1.0
1179 silly placeDep ROOT @types/babel__generator@7.27.0 OK for: @types/babel__core@7.20.5 want: *
1180 silly placeDep ROOT @types/babel__template@7.4.4 OK for: @types/babel__core@7.20.5 want: *
1181 silly placeDep ROOT @types/babel__traverse@7.28.0 OK for: @types/babel__core@7.20.5 want: *
1182 silly fetch manifest @types/react@>=17
1183 silly packumentCache full:https://registry.npmjs.org/@types%2freact cache-miss
1184 http cache https://registry.npmjs.org/@types%2freact 92ms (cache hit)
1185 silly packumentCache full:https://registry.npmjs.org/@types%2freact set size:2632776 disposed:false
1186 silly fetch manifest immer@>=9.0.6
1187 silly packumentCache full:https://registry.npmjs.org/immer cache-miss
1188 http fetch GET 200 https://registry.npmjs.org/immer 178ms (cache miss)
1189 silly packumentCache full:https://registry.npmjs.org/immer set size:undefined disposed:false
1190 silly fetch manifest react@>=17
1191 silly packumentCache full:https://registry.npmjs.org/react cache-miss
1192 http cache https://registry.npmjs.org/react 93ms (cache hit)
1193 silly packumentCache full:https://registry.npmjs.org/react set size:6849402 disposed:false
1194 silly placeDep ROOT @xyflow/system@0.0.79 OK for: @xyflow/react@12.11.2 want: 0.0.79
1195 silly placeDep ROOT classcat@5.0.5 OK for: @xyflow/react@12.11.2 want: ^5.0.3
1196 silly placeDep ROOT zustand@4.5.7 OK for: @xyflow/react@12.11.2 want: ^4.4.0
1197 silly fetch manifest @types/d3-drag@^3.0.7
1198 silly packumentCache full:https://registry.npmjs.org/@types%2fd3-drag cache-miss
1199 silly fetch manifest @types/d3-interpolate@^3.0.4
1200 silly packumentCache full:https://registry.npmjs.org/@types%2fd3-interpolate cache-miss
1201 silly fetch manifest @types/d3-selection@^3.0.10
1202 silly packumentCache full:https://registry.npmjs.org/@types%2fd3-selection cache-miss
1203 silly fetch manifest @types/d3-transition@^3.0.8
1204 silly packumentCache full:https://registry.npmjs.org/@types%2fd3-transition cache-miss
1205 silly fetch manifest @types/d3-zoom@^3.0.8
1206 silly packumentCache full:https://registry.npmjs.org/@types%2fd3-zoom cache-miss
1207 silly fetch manifest d3-drag@^3.0.0
1208 silly packumentCache full:https://registry.npmjs.org/d3-drag cache-miss
1209 silly fetch manifest d3-interpolate@^3.0.1
1210 silly packumentCache full:https://registry.npmjs.org/d3-interpolate cache-miss
1211 silly fetch manifest d3-selection@^3.0.0
1212 silly packumentCache full:https://registry.npmjs.org/d3-selection cache-miss
1213 silly fetch manifest d3-zoom@^3.0.0
1214 silly packumentCache full:https://registry.npmjs.org/d3-zoom cache-miss
1215 silly fetch manifest use-sync-external-store@^1.2.2
1216 silly packumentCache full:https://registry.npmjs.org/use-sync-external-store cache-miss
1217 http fetch GET 200 https://registry.npmjs.org/@types%2fd3-interpolate 112ms (cache miss)
1218 silly packumentCache full:https://registry.npmjs.org/@types%2fd3-interpolate set size:undefined disposed:false
1219 http fetch GET 200 https://registry.npmjs.org/@types%2fd3-selection 113ms (cache miss)
1220 silly packumentCache full:https://registry.npmjs.org/@types%2fd3-selection set size:undefined disposed:false
1221 http fetch GET 200 https://registry.npmjs.org/d3-drag 215ms (cache miss)
1222 silly packumentCache full:https://registry.npmjs.org/d3-drag set size:undefined disposed:false
1223 http fetch GET 200 https://registry.npmjs.org/@types%2fd3-zoom 393ms (cache miss)
1224 silly packumentCache full:https://registry.npmjs.org/@types%2fd3-zoom set size:undefined disposed:false
1225 http fetch GET 200 https://registry.npmjs.org/d3-interpolate 422ms (cache miss)
1226 silly packumentCache full:https://registry.npmjs.org/d3-interpolate set size:undefined disposed:false
1227 http fetch GET 200 https://registry.npmjs.org/d3-zoom 471ms (cache miss)
1228 silly packumentCache full:https://registry.npmjs.org/d3-zoom set size:undefined disposed:false
1229 http fetch GET 200 https://registry.npmjs.org/@types%2fd3-transition 499ms (cache miss)
1230 silly packumentCache full:https://registry.npmjs.org/@types%2fd3-transition set size:undefined disposed:false
1231 http fetch GET 200 https://registry.npmjs.org/d3-selection 515ms (cache miss)
1232 silly packumentCache full:https://registry.npmjs.org/d3-selection set size:undefined disposed:false
1233 http fetch GET 200 https://registry.npmjs.org/@types%2fd3-drag 639ms (cache miss)
1234 silly packumentCache full:https://registry.npmjs.org/@types%2fd3-drag set size:undefined disposed:false
1235 http fetch GET 200 https://registry.npmjs.org/use-sync-external-store 838ms (cache miss)
1236 silly packumentCache full:https://registry.npmjs.org/use-sync-external-store set size:undefined disposed:false
1237 silly placeDep ROOT @types/d3-drag@3.0.7 OK for: @xyflow/system@0.0.79 want: ^3.0.7
1238 silly placeDep ROOT @types/d3-interpolate@3.0.4 OK for: @xyflow/system@0.0.79 want: ^3.0.4
1239 silly placeDep ROOT @types/d3-selection@3.0.11 OK for: @xyflow/system@0.0.79 want: ^3.0.10
1240 silly placeDep ROOT @types/d3-transition@3.0.9 OK for: @xyflow/system@0.0.79 want: ^3.0.8
1241 silly placeDep ROOT @types/d3-zoom@3.0.8 OK for: @xyflow/system@0.0.79 want: ^3.0.8
1242 silly placeDep ROOT d3-drag@3.0.0 OK for: @xyflow/system@0.0.79 want: ^3.0.0
1243 silly placeDep ROOT d3-interpolate@3.0.1 OK for: @xyflow/system@0.0.79 want: ^3.0.1
1244 silly placeDep ROOT d3-selection@3.0.0 OK for: @xyflow/system@0.0.79 want: ^3.0.0
1245 silly placeDep ROOT d3-zoom@3.0.0 OK for: @xyflow/system@0.0.79 want: ^3.0.0
1246 silly fetch manifest @types/d3-selection@*
1247 silly packumentCache full:https://registry.npmjs.org/@types%2fd3-selection cache-miss
1248 silly fetch manifest @types/d3-color@*
1249 silly packumentCache full:https://registry.npmjs.org/@types%2fd3-color cache-miss
1250 silly fetch manifest d3-dispatch@1 - 3
1251 silly packumentCache full:https://registry.npmjs.org/d3-dispatch cache-miss
1252 silly fetch manifest d3-selection@3
1253 silly packumentCache full:https://registry.npmjs.org/d3-selection cache-miss
1254 silly fetch manifest d3-color@1 - 3
1255 silly packumentCache full:https://registry.npmjs.org/d3-color cache-miss
1256 silly fetch manifest d3-dispatch@1 - 3
1257 silly packumentCache full:https://registry.npmjs.org/d3-dispatch cache-miss
1258 silly fetch manifest d3-transition@2 - 3
1259 silly packumentCache full:https://registry.npmjs.org/d3-transition cache-miss
1260 http cache https://registry.npmjs.org/@types%2fd3-selection 210ms (cache hit)
1261 silly packumentCache full:https://registry.npmjs.org/@types%2fd3-selection set size:96309 disposed:false
1262 http cache https://registry.npmjs.org/d3-selection 232ms (cache hit)
1263 silly packumentCache full:https://registry.npmjs.org/d3-selection set size:436645 disposed:false
1264 http fetch GET 200 https://registry.npmjs.org/d3-dispatch 283ms (cache miss)
1265 silly packumentCache full:https://registry.npmjs.org/d3-dispatch set size:undefined disposed:false
1266 http fetch GET 200 https://registry.npmjs.org/d3-dispatch 322ms (cache miss)
1267 silly packumentCache full:https://registry.npmjs.org/d3-dispatch set size:undefined disposed:false
1268 http fetch GET 200 https://registry.npmjs.org/d3-color 345ms (cache miss)
1269 silly packumentCache full:https://registry.npmjs.org/d3-color set size:undefined disposed:false
1270 http fetch GET 200 https://registry.npmjs.org/@types%2fd3-color 446ms (cache miss)
1271 silly packumentCache full:https://registry.npmjs.org/@types%2fd3-color set size:undefined disposed:false
1272 http fetch GET 200 https://registry.npmjs.org/d3-transition 481ms (cache miss)
1273 silly packumentCache full:https://registry.npmjs.org/d3-transition set size:undefined disposed:false
1274 silly placeDep ROOT @types/d3-color@3.1.3 OK for: @types/d3-interpolate@3.0.4 want: *
1275 silly placeDep ROOT fast-deep-equal@3.1.3 OK for: ajv@6.15.0 want: ^3.1.1
1276 silly placeDep ROOT fast-json-stable-stringify@2.1.0 OK for: ajv@6.15.0 want: ^2.0.0
1277 silly placeDep ROOT json-schema-traverse@0.4.1 OK for: ajv@6.15.0 want: ^0.4.1
1278 silly placeDep ROOT uri-js@4.4.1 OK for: ajv@6.15.0 want: ^4.2.2
1279 silly fetch manifest punycode@^2.1.0
1280 silly packumentCache full:https://registry.npmjs.org/punycode cache-miss
1281 http fetch GET 200 https://registry.npmjs.org/punycode 108ms (cache miss)
1282 silly packumentCache full:https://registry.npmjs.org/punycode set size:undefined disposed:false
1283 silly placeDep ROOT dequal@2.0.3 OK for: aria-query@5.3.0 want: ^2.0.3
1284 silly placeDep ROOT caniuse-lite@1.0.30001806 OK for: autoprefixer@10.5.4 want: ^1.0.30001806
1285 silly placeDep ROOT fraction.js@5.3.4 OK for: autoprefixer@10.5.4 want: ^5.3.4
1286 silly placeDep ROOT postcss-value-parser@4.2.0 OK for: autoprefixer@10.5.4 want: ^4.2.0
1287 silly fetch manifest browserslist@>= 4.21.0
1288 silly packumentCache full:https://registry.npmjs.org/browserslist cache-hit
1289 silly placeDep ROOT baseline-browser-mapping@2.11.8 OK for: browserslist@4.28.7 want: ^2.10.44
1290 silly placeDep ROOT electron-to-chromium@1.5.398 OK for: browserslist@4.28.7 want: ^1.5.393
1291 silly placeDep ROOT node-releases@2.0.51 OK for: browserslist@4.28.7 want: ^2.0.51
1292 silly placeDep ROOT update-browserslist-db@1.2.3 OK for: browserslist@4.28.7 want: ^1.2.3
1293 silly fetch manifest escalade@^3.2.0
1294 silly packumentCache full:https://registry.npmjs.org/escalade cache-miss
1295 http fetch GET 200 https://registry.npmjs.org/escalade 177ms (cache miss)
1296 silly packumentCache full:https://registry.npmjs.org/escalade set size:undefined disposed:false
1297 silly placeDep ROOT d3-dispatch@3.0.1 OK for: d3-drag@3.0.0 want: 1 - 3
1298 silly placeDep ROOT d3-color@3.1.0 OK for: d3-interpolate@3.0.1 want: 1 - 3
1299 silly fetch manifest d3-selection@2 - 3
1300 silly packumentCache full:https://registry.npmjs.org/d3-selection cache-hit
1301 silly placeDep ROOT d3-transition@3.0.1 OK for: d3-zoom@3.0.0 want: 2 - 3
1302 silly fetch manifest d3-ease@1 - 3
1303 silly packumentCache full:https://registry.npmjs.org/d3-ease cache-miss
1304 silly fetch manifest d3-timer@1 - 3
1305 silly packumentCache full:https://registry.npmjs.org/d3-timer cache-miss
1306 http fetch GET 200 https://registry.npmjs.org/d3-timer 111ms (cache miss)
1307 silly packumentCache full:https://registry.npmjs.org/d3-timer set size:undefined disposed:false
1308 http fetch GET 200 https://registry.npmjs.org/d3-ease 149ms (cache miss)
1309 silly packumentCache full:https://registry.npmjs.org/d3-ease set size:undefined disposed:false
1310 silly placeDep ROOT d3-ease@3.0.1 OK for: d3-transition@3.0.1 want: 1 - 3
1311 silly placeDep ROOT d3-timer@3.0.1 OK for: d3-transition@3.0.1 want: 1 - 3
1312 silly placeDep ROOT ms@2.1.3 OK for: debug@4.4.3 want: ^2.1.3
1313 silly fetch manifest eslint@^6.0.0 || ^7.0.0 || >=8.0.0
1314 silly packumentCache full:https://registry.npmjs.org/eslint cache-miss
1315 http cache https://registry.npmjs.org/eslint 92ms (cache hit)
1316 silly packumentCache full:https://registry.npmjs.org/eslint set size:2040662 disposed:false
1317 silly placeDep ROOT @eslint-community/eslint-utils@4.10.1 OK for: eslint@9.39.5 want: ^4.8.0
1318 silly placeDep ROOT @eslint-community/regexpp@4.12.2 OK for: eslint@9.39.5 want: ^4.12.1
1319 silly placeDep ROOT @eslint/config-array@0.21.2 OK for: eslint@9.39.5 want: ^0.21.2
1320 silly placeDep ROOT @eslint/config-helpers@0.4.2 OK for: eslint@9.39.5 want: ^0.4.2
1321 silly placeDep ROOT @eslint/core@0.17.0 OK for: eslint@9.39.5 want: ^0.17.0
1322 silly placeDep ROOT @eslint/js@9.39.5 OK for: eslint@9.39.5 want: 9.39.5
1323 silly placeDep ROOT @eslint/plugin-kit@0.4.1 OK for: eslint@9.39.5 want: ^0.4.1
1324 silly placeDep ROOT @humanfs/node@0.16.8 OK for: eslint@9.39.5 want: ^0.16.6
1325 silly placeDep ROOT @humanwhocodes/module-importer@1.0.1 OK for: eslint@9.39.5 want: ^1.0.1
1326 silly placeDep ROOT @humanwhocodes/retry@0.4.3 OK for: eslint@9.39.5 want: ^0.4.2
1327 silly placeDep ROOT @types/estree@1.0.9 OK for: eslint@9.39.5 want: ^1.0.6
1328 silly placeDep ROOT chalk@4.1.2 OK for: eslint@9.39.5 want: ^4.0.0
1329 silly placeDep ROOT cross-spawn@7.0.6 OK for: eslint@9.39.5 want: ^7.0.6
1330 silly placeDep ROOT escape-string-regexp@4.0.0 OK for: eslint@9.39.5 want: ^4.0.0
1331 silly placeDep ROOT eslint-scope@8.4.0 OK for: eslint@9.39.5 want: ^8.4.0
1332 silly placeDep ROOT eslint-visitor-keys@4.2.1 OK for: eslint@9.39.5 want: ^4.2.1
1333 silly placeDep ROOT esquery@1.7.0 OK for: eslint@9.39.5 want: ^1.5.0
1334 silly placeDep ROOT esutils@2.0.3 OK for: eslint@9.39.5 want: ^2.0.2
1335 silly placeDep ROOT file-entry-cache@8.0.0 OK for: eslint@9.39.5 want: ^8.0.0
1336 silly placeDep ROOT find-up@5.0.0 OK for: eslint@9.39.5 want: ^5.0.0
1337 silly placeDep ROOT glob-parent@6.0.2 OK for: eslint@9.39.5 want: ^6.0.2
1338 silly placeDep ROOT imurmurhash@0.1.4 OK for: eslint@9.39.5 want: ^0.1.4
1339 silly placeDep ROOT is-glob@4.0.3 OK for: eslint@9.39.5 want: ^4.0.0
1340 silly placeDep ROOT json-stable-stringify-without-jsonify@1.0.1 OK for: eslint@9.39.5 want: ^1.0.1
1341 silly placeDep ROOT lodash.merge@4.6.2 OK for: eslint@9.39.5 want: ^4.6.2
1342 silly placeDep ROOT natural-compare@1.4.0 OK for: eslint@9.39.5 want: ^1.4.0
1343 silly placeDep ROOT optionator@0.9.4 OK for: eslint@9.39.5 want: ^0.9.3
1344 silly fetch manifest eslint-visitor-keys@^3.4.3
1345 silly packumentCache full:https://registry.npmjs.org/eslint-visitor-keys cache-miss
1346 silly fetch manifest @eslint/object-schema@^2.1.7
1347 silly packumentCache full:https://registry.npmjs.org/@eslint%2fobject-schema cache-miss
1348 silly fetch manifest @types/json-schema@^7.0.15
1349 silly packumentCache full:https://registry.npmjs.org/@types%2fjson-schema cache-miss
1350 silly fetch manifest levn@^0.4.1
1351 silly packumentCache full:https://registry.npmjs.org/levn cache-miss
1352 silly fetch manifest @humanwhocodes/retry@^0.4.0
1353 silly packumentCache full:https://registry.npmjs.org/@humanwhocodes%2fretry cache-miss
1354 silly fetch manifest @humanfs/core@^0.19.2
1355 silly packumentCache full:https://registry.npmjs.org/@humanfs%2fcore cache-miss
1356 silly fetch manifest @humanfs/types@^0.15.0
1357 silly packumentCache full:https://registry.npmjs.org/@humanfs%2ftypes cache-miss
1358 silly fetch manifest ansi-styles@^4.1.0
1359 silly packumentCache full:https://registry.npmjs.org/ansi-styles cache-miss
1360 silly fetch manifest supports-color@^7.1.0
1361 silly packumentCache full:https://registry.npmjs.org/supports-color cache-miss
1362 silly fetch manifest which@^2.0.1
1363 silly packumentCache full:https://registry.npmjs.org/which cache-miss
1364 silly fetch manifest path-key@^3.1.0
1365 silly packumentCache full:https://registry.npmjs.org/path-key cache-miss
1366 http cache https://registry.npmjs.org/@humanwhocodes%2fretry 185ms (cache hit)
1367 silly packumentCache full:https://registry.npmjs.org/@humanwhocodes%2fretry set size:42348 disposed:false
1368 silly fetch manifest shebang-command@^2.0.0
1369 silly packumentCache full:https://registry.npmjs.org/shebang-command cache-miss
1370 http fetch GET 200 https://registry.npmjs.org/levn 203ms (cache miss)
1371 silly packumentCache full:https://registry.npmjs.org/levn set size:undefined disposed:false
1372 silly fetch manifest esrecurse@^4.3.0
1373 silly packumentCache full:https://registry.npmjs.org/esrecurse cache-miss
1374 http cache https://registry.npmjs.org/eslint-visitor-keys 220ms (cache hit)
1375 silly packumentCache full:https://registry.npmjs.org/eslint-visitor-keys set size:69949 disposed:false
1376 silly fetch manifest estraverse@^5.2.0
1377 silly packumentCache full:https://registry.npmjs.org/estraverse cache-miss
1378 http cache https://registry.npmjs.org/ansi-styles 227ms (cache hit)
1379 silly packumentCache full:https://registry.npmjs.org/ansi-styles set size:71772 disposed:false
1380 silly fetch manifest estraverse@^5.1.0
1381 silly packumentCache full:https://registry.npmjs.org/estraverse cache-miss
1382 http fetch GET 200 https://registry.npmjs.org/@humanfs%2fcore 377ms (cache miss)
1383 silly packumentCache full:https://registry.npmjs.org/@humanfs%2fcore set size:undefined disposed:false
1384 silly fetch manifest flat-cache@^4.0.0
1385 silly packumentCache full:https://registry.npmjs.org/flat-cache cache-miss
1386 http fetch GET 200 https://registry.npmjs.org/@types%2fjson-schema 401ms (cache miss)
1387 silly packumentCache full:https://registry.npmjs.org/@types%2fjson-schema set size:undefined disposed:false
1388 silly fetch manifest locate-path@^6.0.0
1389 silly packumentCache full:https://registry.npmjs.org/locate-path cache-miss
1390 http fetch GET 200 https://registry.npmjs.org/@humanfs%2ftypes 414ms (cache miss)
1391 silly packumentCache full:https://registry.npmjs.org/@humanfs%2ftypes set size:undefined disposed:false
1392 silly fetch manifest path-exists@^4.0.0
1393 silly packumentCache full:https://registry.npmjs.org/path-exists cache-miss
1394 http fetch GET 200 https://registry.npmjs.org/@eslint%2fobject-schema 438ms (cache miss)
1395 silly packumentCache full:https://registry.npmjs.org/@eslint%2fobject-schema set size:undefined disposed:false
1396 silly fetch manifest is-extglob@^2.1.1
1397 silly packumentCache full:https://registry.npmjs.org/is-extglob cache-miss
1398 http fetch GET 200 https://registry.npmjs.org/path-key 521ms (cache miss)
1399 silly packumentCache full:https://registry.npmjs.org/path-key set size:undefined disposed:false
1400 silly fetch manifest prelude-ls@^1.2.1
1401 silly packumentCache full:https://registry.npmjs.org/prelude-ls cache-miss
1402 http fetch GET 200 https://registry.npmjs.org/which 543ms (cache miss)
1403 silly packumentCache full:https://registry.npmjs.org/which set size:undefined disposed:false
1404 silly fetch manifest deep-is@^0.1.3
1405 silly packumentCache full:https://registry.npmjs.org/deep-is cache-miss
1406 http fetch GET 200 https://registry.npmjs.org/shebang-command 391ms (cache miss)
1407 silly packumentCache full:https://registry.npmjs.org/shebang-command set size:undefined disposed:false
1408 silly fetch manifest word-wrap@^1.2.5
1409 silly packumentCache full:https://registry.npmjs.org/word-wrap cache-miss
1410 http fetch GET 200 https://registry.npmjs.org/esrecurse 377ms (cache miss)
1411 silly packumentCache full:https://registry.npmjs.org/esrecurse set size:undefined disposed:false
1412 silly fetch manifest type-check@^0.4.0
1413 silly packumentCache full:https://registry.npmjs.org/type-check cache-miss
1414 http fetch GET 200 https://registry.npmjs.org/supports-color 623ms (cache miss)
1415 silly packumentCache full:https://registry.npmjs.org/supports-color set size:undefined disposed:false
1416 silly fetch manifest fast-levenshtein@^2.0.6
1417 silly packumentCache full:https://registry.npmjs.org/fast-levenshtein cache-miss
1418 http fetch GET 200 https://registry.npmjs.org/estraverse 430ms (cache miss)
1419 silly packumentCache full:https://registry.npmjs.org/estraverse set size:undefined disposed:false
1420 http fetch GET 200 https://registry.npmjs.org/estraverse 430ms (cache miss)
1421 silly packumentCache full:https://registry.npmjs.org/estraverse set size:undefined disposed:false
1422 http fetch GET 200 https://registry.npmjs.org/path-exists 270ms (cache miss)
1423 silly packumentCache full:https://registry.npmjs.org/path-exists set size:undefined disposed:false
1424 http fetch GET 200 https://registry.npmjs.org/is-extglob 265ms (cache miss)
1425 silly packumentCache full:https://registry.npmjs.org/is-extglob set size:undefined disposed:false
1426 http fetch GET 200 https://registry.npmjs.org/deep-is 176ms (cache miss)
1427 silly packumentCache full:https://registry.npmjs.org/deep-is set size:undefined disposed:false
1428 http fetch GET 200 https://registry.npmjs.org/prelude-ls 195ms (cache miss)
1429 silly packumentCache full:https://registry.npmjs.org/prelude-ls set size:undefined disposed:false
1430 http fetch GET 200 https://registry.npmjs.org/flat-cache 357ms (cache miss)
1431 silly packumentCache full:https://registry.npmjs.org/flat-cache set size:undefined disposed:false
1432 http fetch GET 200 https://registry.npmjs.org/type-check 168ms (cache miss)
1433 silly packumentCache full:https://registry.npmjs.org/type-check set size:undefined disposed:false
1434 http fetch GET 200 https://registry.npmjs.org/word-wrap 182ms (cache miss)
1435 silly packumentCache full:https://registry.npmjs.org/word-wrap set size:undefined disposed:false
1436 http fetch GET 200 https://registry.npmjs.org/fast-levenshtein 153ms (cache miss)
1437 silly packumentCache full:https://registry.npmjs.org/fast-levenshtein set size:undefined disposed:false
1438 http fetch GET 200 https://registry.npmjs.org/locate-path 403ms (cache miss)
1439 silly packumentCache full:https://registry.npmjs.org/locate-path set size:undefined disposed:false
1440 silly placeDep node_modules/@eslint-community/eslint-utils eslint-visitor-keys@3.4.3 OK for: @eslint-community/eslint-utils@4.10.1 want: ^3.4.3
1441 silly placeDep ROOT @eslint/object-schema@2.1.7 OK for: @eslint/config-array@0.21.2 want: ^2.1.7
1442 silly placeDep ROOT @types/json-schema@7.0.15 OK for: @eslint/core@0.17.0 want: ^7.0.15
1443 silly placeDep ROOT levn@0.4.1 OK for: @eslint/plugin-kit@0.4.1 want: ^0.4.1
1444 silly fetch manifest type-check@~0.4.0
1445 silly packumentCache full:https://registry.npmjs.org/type-check cache-miss
1446 http cache https://registry.npmjs.org/type-check 40ms (cache hit)
1447 silly packumentCache full:https://registry.npmjs.org/type-check set size:21221 disposed:false
1448 silly placeDep ROOT @humanfs/core@0.19.2 OK for: @humanfs/node@0.16.8 want: ^0.19.2
1449 silly placeDep ROOT @humanfs/types@0.15.0 OK for: @humanfs/node@0.16.8 want: ^0.15.0
1450 silly placeDep ROOT ansi-styles@4.3.0 OK for: chalk@4.1.2 want: ^4.1.0
1451 silly placeDep ROOT supports-color@7.2.0 OK for: chalk@4.1.2 want: ^7.1.0
1452 silly fetch manifest color-convert@^2.0.1
1453 silly packumentCache full:https://registry.npmjs.org/color-convert cache-miss
1454 silly fetch manifest has-flag@^4.0.0
1455 silly packumentCache full:https://registry.npmjs.org/has-flag cache-miss
1456 http fetch GET 200 https://registry.npmjs.org/has-flag 62ms (cache miss)
1457 silly packumentCache full:https://registry.npmjs.org/has-flag set size:undefined disposed:false
1458 http fetch GET 200 https://registry.npmjs.org/color-convert 68ms (cache miss)
1459 silly packumentCache full:https://registry.npmjs.org/color-convert set size:undefined disposed:false
1460 silly placeDep ROOT color-convert@2.0.1 OK for: ansi-styles@4.3.0 want: ^2.0.1
1461 silly fetch manifest color-name@~1.1.4
1462 silly packumentCache full:https://registry.npmjs.org/color-name cache-miss
1463 http fetch GET 200 https://registry.npmjs.org/color-name 77ms (cache miss)
1464 silly packumentCache full:https://registry.npmjs.org/color-name set size:undefined disposed:false
1465 silly placeDep ROOT color-name@1.1.4 OK for: color-convert@2.0.1 want: ~1.1.4
1466 silly placeDep ROOT path-key@3.1.1 OK for: cross-spawn@7.0.6 want: ^3.1.0
1467 silly placeDep ROOT shebang-command@2.0.0 OK for: cross-spawn@7.0.6 want: ^2.0.0
1468 silly placeDep ROOT which@2.0.2 OK for: cross-spawn@7.0.6 want: ^2.0.1
1469 silly fetch manifest shebang-regex@^3.0.0
1470 silly packumentCache full:https://registry.npmjs.org/shebang-regex cache-miss
1471 silly fetch manifest isexe@^2.0.0
1472 silly packumentCache full:https://registry.npmjs.org/isexe cache-miss
1473 http fetch GET 200 https://registry.npmjs.org/shebang-regex 92ms (cache miss)
1474 silly packumentCache full:https://registry.npmjs.org/shebang-regex set size:undefined disposed:false
1475 http fetch GET 200 https://registry.npmjs.org/isexe 97ms (cache miss)
1476 silly packumentCache full:https://registry.npmjs.org/isexe set size:undefined disposed:false
1477 silly fetch manifest eslint@^7.23.0 || ^8.0.0 || ^9.0.0
1478 silly packumentCache full:https://registry.npmjs.org/eslint cache-miss
1479 http cache https://registry.npmjs.org/eslint 92ms (cache hit)
1480 silly packumentCache full:https://registry.npmjs.org/eslint set size:2040662 disposed:false
1481 silly fetch manifest typescript@>=3.3.1
1482 silly packumentCache full:https://registry.npmjs.org/typescript cache-miss
1483 http cache https://registry.npmjs.org/typescript 159ms (cache hit)
1484 silly packumentCache full:https://registry.npmjs.org/typescript set size:15493019 disposed:false
1485 silly fetch manifest typescript@>=4.8.4 <6.1.0
1486 silly packumentCache full:https://registry.npmjs.org/typescript cache-miss
1487 http cache https://registry.npmjs.org/typescript 112ms (cache hit)
1488 silly packumentCache full:https://registry.npmjs.org/typescript set size:15493019 disposed:false
1489 silly fetch manifest eslint-plugin-import-x@*
1490 silly packumentCache full:https://registry.npmjs.org/eslint-plugin-import-x cache-miss
1491 http fetch GET 200 https://registry.npmjs.org/eslint-plugin-import-x 333ms (cache miss)
1492 silly packumentCache full:https://registry.npmjs.org/eslint-plugin-import-x set size:undefined disposed:false
1493 silly fetch manifest @typescript-eslint/utils@^8.56.0
1494 silly packumentCache full:https://registry.npmjs.org/@typescript-eslint%2futils cache-miss
1495 http fetch GET 200 https://registry.npmjs.org/@typescript-eslint%2futils 1107ms (cache miss)
1496 silly packumentCache full:https://registry.npmjs.org/@typescript-eslint%2futils set size:undefined disposed:false
1497 silly placeDep ROOT @next/eslint-plugin-next@15.5.22 OK for: eslint-config-next@15.5.22 want: 15.5.22
1498 silly placeDep ROOT @rushstack/eslint-patch@1.16.1 OK for: eslint-config-next@15.5.22 want: ^1.10.3
1499 silly placeDep ROOT @typescript-eslint/eslint-plugin@8.65.0 OK for: eslint-config-next@15.5.22 want: ^5.4.2 || ^6.0.0 || ^7.0.0 || ^8.0.0
1500 silly placeDep ROOT @typescript-eslint/parser@8.65.0 OK for: @typescript-eslint/eslint-plugin@8.65.0 want: ^8.65.0
1501 silly placeDep ROOT eslint-import-resolver-node@0.3.10 OK for: eslint-config-next@15.5.22 want: ^0.3.6
1502 silly placeDep ROOT eslint-import-resolver-typescript@3.10.1 OK for: eslint-config-next@15.5.22 want: ^3.5.2
1503 silly placeDep ROOT eslint-plugin-import@2.32.0 OK for: eslint-config-next@15.5.22 want: ^2.31.0
1504 silly placeDep ROOT eslint-plugin-jsx-a11y@6.10.2 OK for: eslint-config-next@15.5.22 want: ^6.10.0
1505 silly placeDep ROOT eslint-plugin-react@7.37.5 OK for: eslint-config-next@15.5.22 want: ^7.37.0
1506 silly placeDep ROOT eslint-plugin-react-hooks@5.2.0 OK for: eslint-config-next@15.5.22 want: ^5.0.0
1507 silly fetch manifest fast-glob@3.3.1
1508 silly packumentCache full:https://registry.npmjs.org/fast-glob cache-miss
1509 silly fetch manifest ignore@^7.0.5
1510 silly packumentCache full:https://registry.npmjs.org/ignore cache-miss
1511 silly fetch manifest ts-api-utils@^2.5.0
1512 silly packumentCache full:https://registry.npmjs.org/ts-api-utils cache-miss
1513 silly fetch manifest @typescript-eslint/utils@8.65.0
1514 silly packumentCache full:https://registry.npmjs.org/@typescript-eslint%2futils cache-miss
1515 silly fetch manifest @typescript-eslint/type-utils@8.65.0
1516 silly packumentCache full:https://registry.npmjs.org/@typescript-eslint%2ftype-utils cache-miss
1517 silly fetch manifest @typescript-eslint/visitor-keys@8.65.0
1518 silly packumentCache full:https://registry.npmjs.org/@typescript-eslint%2fvisitor-keys cache-miss
1519 silly fetch manifest @typescript-eslint/scope-manager@8.65.0
1520 silly packumentCache full:https://registry.npmjs.org/@typescript-eslint%2fscope-manager cache-miss
1521 silly fetch manifest @typescript-eslint/types@8.65.0
1522 silly packumentCache full:https://registry.npmjs.org/@typescript-eslint%2ftypes cache-miss
1523 silly fetch manifest @typescript-eslint/visitor-keys@8.65.0
1524 silly packumentCache full:https://registry.npmjs.org/@typescript-eslint%2fvisitor-keys cache-miss
1525 silly fetch manifest @typescript-eslint/scope-manager@8.65.0
1526 silly packumentCache full:https://registry.npmjs.org/@typescript-eslint%2fscope-manager cache-miss
1527 silly fetch manifest @typescript-eslint/typescript-estree@8.65.0
1528 silly packumentCache full:https://registry.npmjs.org/@typescript-eslint%2ftypescript-estree cache-miss
1529 http cache https://registry.npmjs.org/fast-glob 335ms (cache hit)
1530 silly packumentCache full:https://registry.npmjs.org/fast-glob set size:220556 disposed:false
1531 silly fetch manifest debug@^3.2.7
1532 silly packumentCache full:https://registry.npmjs.org/debug cache-hit
1533 silly fetch manifest resolve@^2.0.0-next.6
1534 silly packumentCache full:https://registry.npmjs.org/resolve cache-miss
1535 http cache https://registry.npmjs.org/ignore 355ms (cache hit)
1536 silly packumentCache full:https://registry.npmjs.org/ignore set size:240910 disposed:false
1537 silly fetch manifest is-core-module@^2.16.1
1538 silly packumentCache full:https://registry.npmjs.org/is-core-module cache-miss
1539 http cache https://registry.npmjs.org/@typescript-eslint%2futils 445ms (cache hit)
1540 silly packumentCache full:https://registry.npmjs.org/@typescript-eslint%2futils set size:10602878 disposed:false
1541 silly fetch manifest stable-hash@^0.0.5
1542 silly packumentCache full:https://registry.npmjs.org/stable-hash cache-miss
1543 http fetch GET 200 https://registry.npmjs.org/ts-api-utils 819ms (cache miss)
1544 silly packumentCache full:https://registry.npmjs.org/ts-api-utils set size:undefined disposed:false
1545 silly fetch manifest get-tsconfig@^4.10.0
1546 silly packumentCache full:https://registry.npmjs.org/get-tsconfig cache-miss
1547 http cache https://registry.npmjs.org/resolve 608ms (cache hit)
1548 silly packumentCache full:https://registry.npmjs.org/resolve set size:244568 disposed:false
1549 silly fetch manifest is-bun-module@^2.0.0
1550 silly packumentCache full:https://registry.npmjs.org/is-bun-module cache-miss
1551 http fetch GET 200 https://registry.npmjs.org/is-core-module 777ms (cache miss)
1552 silly packumentCache full:https://registry.npmjs.org/is-core-module set size:undefined disposed:false
1553 silly fetch manifest unrs-resolver@^1.6.2
1554 silly packumentCache full:https://registry.npmjs.org/unrs-resolver cache-miss
1555 http fetch GET 200 https://registry.npmjs.org/stable-hash 661ms (cache miss)
1556 silly packumentCache full:https://registry.npmjs.org/stable-hash set size:undefined disposed:false
1557 silly fetch manifest @nolyfill/is-core-module@1.0.39
1558 silly packumentCache full:https://registry.npmjs.org/@nolyfill%2fis-core-module cache-miss
1559 http fetch GET 200 https://registry.npmjs.org/get-tsconfig 660ms (cache miss)
1560 silly packumentCache full:https://registry.npmjs.org/get-tsconfig set size:undefined disposed:false
1561 silly fetch manifest @rtsao/scc@^1.1.0
1562 silly packumentCache full:https://registry.npmjs.org/@rtsao%2fscc cache-miss
1563 http fetch GET 200 https://registry.npmjs.org/is-bun-module 581ms (cache miss)
1564 silly packumentCache full:https://registry.npmjs.org/is-bun-module set size:undefined disposed:false
1565 silly fetch manifest array-includes@^3.1.9
1566 silly packumentCache full:https://registry.npmjs.org/array-includes cache-miss
1567 http fetch GET 200 https://registry.npmjs.org/unrs-resolver 530ms (cache miss)
1568 silly packumentCache full:https://registry.npmjs.org/unrs-resolver set size:undefined disposed:false
1569 silly fetch manifest array.prototype.findlastindex@^1.2.6
1570 silly packumentCache full:https://registry.npmjs.org/array.prototype.findlastindex cache-miss
1571 http fetch GET 200 https://registry.npmjs.org/@nolyfill%2fis-core-module 446ms (cache miss)
1572 silly packumentCache full:https://registry.npmjs.org/@nolyfill%2fis-core-module set size:undefined disposed:false
1573 silly fetch manifest array.prototype.flat@^1.3.3
1574 silly packumentCache full:https://registry.npmjs.org/array.prototype.flat cache-miss
1575 http fetch GET 200 https://registry.npmjs.org/@rtsao%2fscc 455ms (cache miss)
1576 silly packumentCache full:https://registry.npmjs.org/@rtsao%2fscc set size:undefined disposed:false
1577 silly fetch manifest array.prototype.flatmap@^1.3.3
1578 silly packumentCache full:https://registry.npmjs.org/array.prototype.flatmap cache-miss
1579 http fetch GET 200 https://registry.npmjs.org/array-includes 477ms (cache miss)
1580 silly packumentCache full:https://registry.npmjs.org/array-includes set size:undefined disposed:false
1581 silly fetch manifest doctrine@^2.1.0
1582 silly packumentCache full:https://registry.npmjs.org/doctrine cache-miss
1583 http fetch GET 200 https://registry.npmjs.org/array.prototype.findlastindex 388ms (cache miss)
1584 silly packumentCache full:https://registry.npmjs.org/array.prototype.findlastindex set size:undefined disposed:false
1585 silly fetch manifest eslint-module-utils@^2.12.1
1586 silly packumentCache full:https://registry.npmjs.org/eslint-module-utils cache-miss
1587 http fetch GET 200 https://registry.npmjs.org/array.prototype.flat 380ms (cache miss)
1588 silly packumentCache full:https://registry.npmjs.org/array.prototype.flat set size:undefined disposed:false
1589 silly fetch manifest hasown@^2.0.2
1590 silly packumentCache full:https://registry.npmjs.org/hasown cache-miss
1591 http fetch GET 200 https://registry.npmjs.org/array.prototype.flatmap 341ms (cache miss)
1592 silly packumentCache full:https://registry.npmjs.org/array.prototype.flatmap set size:undefined disposed:false
1593 silly fetch manifest object.fromentries@^2.0.8
1594 silly packumentCache full:https://registry.npmjs.org/object.fromentries cache-miss
1595 http fetch GET 200 https://registry.npmjs.org/doctrine 373ms (cache miss)
1596 silly packumentCache full:https://registry.npmjs.org/doctrine set size:undefined disposed:false
1597 silly fetch manifest object.groupby@^1.0.3
1598 silly packumentCache full:https://registry.npmjs.org/object.groupby cache-miss
1599 http fetch GET 200 https://registry.npmjs.org/eslint-module-utils 430ms (cache miss)
1600 silly packumentCache full:https://registry.npmjs.org/eslint-module-utils set size:undefined disposed:false
1601 silly fetch manifest object.values@^1.2.1
1602 silly packumentCache full:https://registry.npmjs.org/object.values cache-miss
1603 http fetch GET 200 https://registry.npmjs.org/hasown 407ms (cache miss)
1604 silly packumentCache full:https://registry.npmjs.org/hasown set size:undefined disposed:false
1605 silly fetch manifest string.prototype.trimend@^1.0.9
1606 silly packumentCache full:https://registry.npmjs.org/string.prototype.trimend cache-miss
1607 http fetch GET 200 https://registry.npmjs.org/object.fromentries 406ms (cache miss)
1608 silly packumentCache full:https://registry.npmjs.org/object.fromentries set size:undefined disposed:false
1609 silly fetch manifest tsconfig-paths@^3.15.0
1610 silly packumentCache full:https://registry.npmjs.org/tsconfig-paths cache-miss
1611 http fetch GET 200 https://registry.npmjs.org/object.groupby 365ms (cache miss)
1612 silly packumentCache full:https://registry.npmjs.org/object.groupby set size:undefined disposed:false
1613 silly fetch manifest aria-query@^5.3.2
1614 silly packumentCache full:https://registry.npmjs.org/aria-query cache-hit
1615 silly fetch manifest array-includes@^3.1.8
1616 silly packumentCache full:https://registry.npmjs.org/array-includes cache-miss
1617 http fetch GET 200 https://registry.npmjs.org/string.prototype.trimend 297ms (cache miss)
1618 silly packumentCache full:https://registry.npmjs.org/string.prototype.trimend set size:undefined disposed:false
1619 silly fetch manifest array.prototype.flatmap@^1.3.2
1620 silly packumentCache full:https://registry.npmjs.org/array.prototype.flatmap cache-miss
1621 http cache https://registry.npmjs.org/array-includes 134ms (cache hit)
1622 silly packumentCache full:https://registry.npmjs.org/array-includes set size:77143 disposed:false
1623 silly fetch manifest ast-types-flow@^0.0.8
1624 silly packumentCache full:https://registry.npmjs.org/ast-types-flow cache-miss
1625 http fetch GET 200 https://registry.npmjs.org/object.values 413ms (cache miss)
1626 silly packumentCache full:https://registry.npmjs.org/object.values set size:undefined disposed:false
1627 silly fetch manifest axe-core@^4.10.0
1628 silly packumentCache full:https://registry.npmjs.org/axe-core cache-miss
1629 http cache https://registry.npmjs.org/array.prototype.flatmap 339ms (cache hit)
1630 silly packumentCache full:https://registry.npmjs.org/array.prototype.flatmap set size:51458 disposed:false
1631 silly fetch manifest axobject-query@^4.1.0
1632 silly packumentCache full:https://registry.npmjs.org/axobject-query cache-miss
1633 http fetch GET 200 https://registry.npmjs.org/tsconfig-paths 669ms (cache miss)
1634 silly packumentCache full:https://registry.npmjs.org/tsconfig-paths set size:undefined disposed:false
1635 silly fetch manifest damerau-levenshtein@^1.0.8
1636 silly packumentCache full:https://registry.npmjs.org/damerau-levenshtein cache-miss
1637 http fetch GET 200 https://registry.npmjs.org/ast-types-flow 620ms (cache miss)
1638 silly packumentCache full:https://registry.npmjs.org/ast-types-flow set size:undefined disposed:false
1639 silly fetch manifest emoji-regex@^9.2.2
1640 silly packumentCache full:https://registry.npmjs.org/emoji-regex cache-miss
1641 http fetch GET 200 https://registry.npmjs.org/axobject-query 419ms (cache miss)
1642 silly packumentCache full:https://registry.npmjs.org/axobject-query set size:undefined disposed:false
1643 silly fetch manifest jsx-ast-utils@^3.3.5
1644 silly packumentCache full:https://registry.npmjs.org/jsx-ast-utils cache-miss
1645 http fetch GET 200 https://registry.npmjs.org/damerau-levenshtein 547ms (cache miss)
1646 silly packumentCache full:https://registry.npmjs.org/damerau-levenshtein set size:undefined disposed:false
1647 silly fetch manifest language-tags@^1.0.9
1648 silly packumentCache full:https://registry.npmjs.org/language-tags cache-miss
1649 http fetch GET 200 https://registry.npmjs.org/jsx-ast-utils 617ms (cache miss)
1650 silly packumentCache full:https://registry.npmjs.org/jsx-ast-utils set size:undefined disposed:false
1651 silly fetch manifest safe-regex-test@^1.0.3
1652 silly packumentCache full:https://registry.npmjs.org/safe-regex-test cache-miss
1653 http fetch GET 200 https://registry.npmjs.org/emoji-regex 767ms (cache miss)
1654 silly packumentCache full:https://registry.npmjs.org/emoji-regex set size:undefined disposed:false
1655 silly fetch manifest string.prototype.includes@^2.0.1
1656 silly packumentCache full:https://registry.npmjs.org/string.prototype.includes cache-miss
1657 http fetch GET 200 https://registry.npmjs.org/language-tags 450ms (cache miss)
1658 silly packumentCache full:https://registry.npmjs.org/language-tags set size:undefined disposed:false
1659 silly fetch manifest array.prototype.findlast@^1.2.5
1660 silly packumentCache full:https://registry.npmjs.org/array.prototype.findlast cache-miss
1661 http fetch GET 200 https://registry.npmjs.org/@typescript-eslint%2ftypes 4600ms (cache miss)
1662 silly packumentCache full:https://registry.npmjs.org/@typescript-eslint%2ftypes set size:undefined disposed:false
1663 silly fetch manifest array.prototype.tosorted@^1.1.4
1664 silly packumentCache full:https://registry.npmjs.org/array.prototype.tosorted cache-miss
1665 http fetch GET 200 https://registry.npmjs.org/safe-regex-test 934ms (cache miss)
1666 silly packumentCache full:https://registry.npmjs.org/safe-regex-test set size:undefined disposed:false
1667 silly fetch manifest es-iterator-helpers@^1.2.1
1668 silly packumentCache full:https://registry.npmjs.org/es-iterator-helpers cache-miss
1669 http fetch GET 200 https://registry.npmjs.org/@typescript-eslint%2fvisitor-keys 5242ms (cache miss)
1670 silly packumentCache full:https://registry.npmjs.org/@typescript-eslint%2fvisitor-keys set size:undefined disposed:false
1671 silly fetch manifest estraverse@^5.3.0
1672 silly packumentCache full:https://registry.npmjs.org/estraverse cache-miss
1673 http fetch GET 200 https://registry.npmjs.org/@typescript-eslint%2fvisitor-keys 5701ms (cache miss)
1674 silly packumentCache full:https://registry.npmjs.org/@typescript-eslint%2fvisitor-keys set size:undefined disposed:false
1675 silly fetch manifest jsx-ast-utils@^2.4.1 || ^3.0.0
1676 silly packumentCache full:https://registry.npmjs.org/jsx-ast-utils cache-miss
1677 http fetch GET 200 https://registry.npmjs.org/string.prototype.includes 1862ms (cache miss)
1678 silly packumentCache full:https://registry.npmjs.org/string.prototype.includes set size:undefined disposed:false
1679 silly fetch manifest object.entries@^1.1.9
1680 silly packumentCache full:https://registry.npmjs.org/object.entries cache-miss
1681 http fetch GET 200 https://registry.npmjs.org/array.prototype.findlast 1842ms (cache miss)
1682 silly packumentCache full:https://registry.npmjs.org/array.prototype.findlast set size:undefined disposed:false
1683 silly fetch manifest prop-types@^15.8.1
1684 silly packumentCache full:https://registry.npmjs.org/prop-types cache-miss
1685 http cache https://registry.npmjs.org/estraverse 657ms (cache hit)
1686 silly packumentCache full:https://registry.npmjs.org/estraverse set size:62412 disposed:false
1687 silly fetch manifest resolve@^2.0.0-next.5
1688 silly packumentCache full:https://registry.npmjs.org/resolve cache-hit
1689 silly fetch manifest string.prototype.matchall@^4.0.12
1690 silly packumentCache full:https://registry.npmjs.org/string.prototype.matchall cache-miss
1691 http fetch GET 200 https://registry.npmjs.org/array.prototype.tosorted 1201ms (cache miss)
1692 silly packumentCache full:https://registry.npmjs.org/array.prototype.tosorted set size:undefined disposed:false
1693 silly fetch manifest string.prototype.repeat@^1.0.0
1694 silly packumentCache full:https://registry.npmjs.org/string.prototype.repeat cache-miss
1695 http cache https://registry.npmjs.org/jsx-ast-utils 307ms (cache hit)
1696 silly packumentCache full:https://registry.npmjs.org/jsx-ast-utils set size:115998 disposed:false
1697 http fetch GET 200 https://registry.npmjs.org/es-iterator-helpers 1182ms (cache miss)
1698 silly packumentCache full:https://registry.npmjs.org/es-iterator-helpers set size:undefined disposed:false
1699 http fetch GET 200 https://registry.npmjs.org/object.entries 273ms (cache miss)
1700 silly packumentCache full:https://registry.npmjs.org/object.entries set size:undefined disposed:false
1701 http fetch GET 200 https://registry.npmjs.org/prop-types 340ms (cache miss)
1702 silly packumentCache full:https://registry.npmjs.org/prop-types set size:undefined disposed:false
1703 http fetch GET 200 https://registry.npmjs.org/@typescript-eslint%2fscope-manager 6674ms (cache miss)
1704 silly packumentCache full:https://registry.npmjs.org/@typescript-eslint%2fscope-manager set size:undefined disposed:false
1705 http fetch GET 200 https://registry.npmjs.org/string.prototype.repeat 698ms (cache miss)
1706 silly packumentCache full:https://registry.npmjs.org/string.prototype.repeat set size:undefined disposed:false
1707 http fetch GET 200 https://registry.npmjs.org/string.prototype.matchall 730ms (cache miss)
1708 silly packumentCache full:https://registry.npmjs.org/string.prototype.matchall set size:undefined disposed:false
1709 http fetch GET 200 https://registry.npmjs.org/@typescript-eslint%2ftype-utils 7950ms (cache miss)
1710 silly packumentCache full:https://registry.npmjs.org/@typescript-eslint%2ftype-utils set size:undefined disposed:false
1711 http fetch GET 200 https://registry.npmjs.org/@typescript-eslint%2fscope-manager 8592ms (cache miss)
1712 silly packumentCache full:https://registry.npmjs.org/@typescript-eslint%2fscope-manager set size:undefined disposed:false
1713 http fetch GET 200 https://registry.npmjs.org/axe-core 5934ms (cache miss)
1714 silly packumentCache full:https://registry.npmjs.org/axe-core set size:undefined disposed:false
1715 http fetch GET 200 https://registry.npmjs.org/@typescript-eslint%2ftypescript-estree 9287ms (cache miss)
1716 silly packumentCache full:https://registry.npmjs.org/@typescript-eslint%2ftypescript-estree set size:undefined disposed:false
1717 silly placeDep ROOT fast-glob@3.3.1 OK for: @next/eslint-plugin-next@15.5.22 want: 3.3.1
1718 silly fetch manifest merge2@^1.3.0
1719 silly packumentCache full:https://registry.npmjs.org/merge2 cache-miss
1720 silly fetch manifest micromatch@^4.0.4
1721 silly packumentCache full:https://registry.npmjs.org/micromatch cache-miss
1722 silly fetch manifest glob-parent@^5.1.2
1723 silly packumentCache full:https://registry.npmjs.org/glob-parent cache-miss
1724 silly fetch manifest @nodelib/fs.stat@^2.0.2
1725 silly packumentCache full:https://registry.npmjs.org/@nodelib%2ffs.stat cache-miss
1726 silly fetch manifest @nodelib/fs.walk@^1.2.3
1727 silly packumentCache full:https://registry.npmjs.org/@nodelib%2ffs.walk cache-miss
1728 http cache https://registry.npmjs.org/micromatch 196ms (cache hit)
1729 silly packumentCache full:https://registry.npmjs.org/micromatch set size:240630 disposed:false
1730 http cache https://registry.npmjs.org/glob-parent 228ms (cache hit)
1731 silly packumentCache full:https://registry.npmjs.org/glob-parent set size:42445 disposed:false
1732 http fetch GET 200 https://registry.npmjs.org/@nodelib%2ffs.walk 245ms (cache miss)
1733 silly packumentCache full:https://registry.npmjs.org/@nodelib%2ffs.walk set size:undefined disposed:false
1734 http fetch GET 200 https://registry.npmjs.org/merge2 262ms (cache miss)
1735 silly packumentCache full:https://registry.npmjs.org/merge2 set size:undefined disposed:false
1736 http fetch GET 200 https://registry.npmjs.org/@nodelib%2ffs.stat 340ms (cache miss)
1737 silly packumentCache full:https://registry.npmjs.org/@nodelib%2ffs.stat set size:undefined disposed:false
1738 silly fetch manifest eslint@^8.57.0 || ^9.0.0 || ^10.0.0
1739 silly packumentCache full:https://registry.npmjs.org/eslint cache-miss
1740 http cache https://registry.npmjs.org/eslint 71ms (cache hit)
1741 silly packumentCache full:https://registry.npmjs.org/eslint set size:2040662 disposed:false
1742 silly placeDep ROOT @typescript-eslint/scope-manager@8.65.0 OK for: @typescript-eslint/eslint-plugin@8.65.0 want: 8.65.0
1743 silly placeDep ROOT @typescript-eslint/type-utils@8.65.0 OK for: @typescript-eslint/eslint-plugin@8.65.0 want: 8.65.0
1744 silly placeDep ROOT @typescript-eslint/utils@8.65.0 OK for: @typescript-eslint/eslint-plugin@8.65.0 want: 8.65.0
1745 silly placeDep ROOT @typescript-eslint/visitor-keys@8.65.0 OK for: @typescript-eslint/eslint-plugin@8.65.0 want: 8.65.0
1746 silly placeDep node_modules/@typescript-eslint/eslint-plugin ignore@7.0.6 OK for: @typescript-eslint/eslint-plugin@8.65.0 want: ^7.0.5
1747 silly placeDep ROOT ts-api-utils@2.5.0 OK for: @typescript-eslint/eslint-plugin@8.65.0 want: ^2.5.0
1748 silly fetch manifest eslint-visitor-keys@^5.0.0
1749 silly packumentCache full:https://registry.npmjs.org/eslint-visitor-keys cache-hit
1750 silly placeDep ROOT @typescript-eslint/types@8.65.0 OK for: @typescript-eslint/parser@8.65.0 want: 8.65.0
1751 silly placeDep ROOT @typescript-eslint/typescript-estree@8.65.0 OK for: @typescript-eslint/parser@8.65.0 want: 8.65.0
1752 silly fetch manifest semver@^7.7.3
1753 silly packumentCache full:https://registry.npmjs.org/semver cache-miss
1754 silly fetch manifest minimatch@^10.2.2
1755 silly packumentCache full:https://registry.npmjs.org/minimatch cache-miss
1756 silly fetch manifest tinyglobby@^0.2.15
1757 silly packumentCache full:https://registry.npmjs.org/tinyglobby cache-miss
1758 silly fetch manifest @typescript-eslint/tsconfig-utils@8.65.0
1759 silly packumentCache full:https://registry.npmjs.org/@typescript-eslint%2ftsconfig-utils cache-miss
1760 silly fetch manifest @typescript-eslint/project-service@8.65.0
1761 silly packumentCache full:https://registry.npmjs.org/@typescript-eslint%2fproject-service cache-miss
1762 http cache https://registry.npmjs.org/semver 129ms (cache hit)
1763 silly packumentCache full:https://registry.npmjs.org/semver set size:246069 disposed:false
1764 http cache https://registry.npmjs.org/tinyglobby 137ms (cache hit)
1765 silly packumentCache full:https://registry.npmjs.org/tinyglobby set size:54291 disposed:false
1766 http cache https://registry.npmjs.org/minimatch 156ms (cache hit)
1767 silly packumentCache full:https://registry.npmjs.org/minimatch set size:377924 disposed:false
1768 http fetch GET 200 https://registry.npmjs.org/@typescript-eslint%2fproject-service 238ms (cache miss)
1769 silly packumentCache full:https://registry.npmjs.org/@typescript-eslint%2fproject-service set size:undefined disposed:false
1770 http fetch GET 200 https://registry.npmjs.org/@typescript-eslint%2ftsconfig-utils 529ms (cache miss)
1771 silly packumentCache full:https://registry.npmjs.org/@typescript-eslint%2ftsconfig-utils set size:undefined disposed:false
1772 silly placeDep ROOT @typescript-eslint/project-service@8.65.0 OK for: @typescript-eslint/typescript-estree@8.65.0 want: 8.65.0
1773 silly placeDep ROOT @typescript-eslint/tsconfig-utils@8.65.0 OK for: @typescript-eslint/typescript-estree@8.65.0 want: 8.65.0
1774 silly placeDep node_modules/@typescript-eslint/typescript-estree minimatch@10.2.6 OK for: @typescript-eslint/typescript-estree@8.65.0 want: ^10.2.2
1775 silly placeDep node_modules/@typescript-eslint/typescript-estree semver@7.8.5 OK for: @typescript-eslint/typescript-estree@8.65.0 want: ^7.7.3
1776 silly placeDep ROOT tinyglobby@0.2.17 OK for: @typescript-eslint/typescript-estree@8.65.0 want: ^0.2.15
1777 silly fetch manifest @typescript-eslint/tsconfig-utils@^8.65.0
1778 silly packumentCache full:https://registry.npmjs.org/@typescript-eslint%2ftsconfig-utils cache-miss
1779 silly fetch manifest brace-expansion@^5.0.8
1780 silly packumentCache full:https://registry.npmjs.org/brace-expansion cache-miss
1781 silly fetch manifest fdir@^6.5.0
1782 silly packumentCache full:https://registry.npmjs.org/fdir cache-miss
1783 silly fetch manifest picomatch@^4.0.4
1784 silly packumentCache full:https://registry.npmjs.org/picomatch cache-miss
1785 http cache https://registry.npmjs.org/@typescript-eslint%2ftsconfig-utils 107ms (cache hit)
1786 silly packumentCache full:https://registry.npmjs.org/@typescript-eslint%2ftsconfig-utils set size:1627246 disposed:false
1787 http cache https://registry.npmjs.org/fdir 134ms (cache hit)
1788 silly packumentCache full:https://registry.npmjs.org/fdir set size:136182 disposed:false
1789 http cache https://registry.npmjs.org/brace-expansion 149ms (cache hit)
1790 silly packumentCache full:https://registry.npmjs.org/brace-expansion set size:101024 disposed:false
1791 http cache https://registry.npmjs.org/picomatch 150ms (cache hit)
1792 silly packumentCache full:https://registry.npmjs.org/picomatch set size:128942 disposed:false
1793 silly placeDep node_modules/@typescript-eslint/visitor-keys eslint-visitor-keys@5.0.1 OK for: @typescript-eslint/visitor-keys@8.65.0 want: ^5.0.0
1794 silly placeDep node_modules/eslint-import-resolver-node debug@3.2.7 OK for: eslint-import-resolver-node@0.3.10 want: ^3.2.7
1795 silly placeDep ROOT is-core-module@2.16.2 OK for: eslint-import-resolver-node@0.3.10 want: ^2.16.1
1796 silly placeDep ROOT resolve@2.0.0-next.7 OK for: eslint-import-resolver-node@0.3.10 want: ^2.0.0-next.6
1797 silly fetch manifest hasown@^2.0.3
1798 silly packumentCache full:https://registry.npmjs.org/hasown cache-miss
1799 silly fetch manifest es-errors@^1.3.0
1800 silly packumentCache full:https://registry.npmjs.org/es-errors cache-miss
1801 silly fetch manifest node-exports-info@^1.6.0
1802 silly packumentCache full:https://registry.npmjs.org/node-exports-info cache-miss
1803 silly fetch manifest object-keys@^1.1.1
1804 silly packumentCache full:https://registry.npmjs.org/object-keys cache-miss
1805 silly fetch manifest path-parse@^1.0.7
1806 silly packumentCache full:https://registry.npmjs.org/path-parse cache-miss
1807 silly fetch manifest supports-preserve-symlinks-flag@^1.0.0
1808 silly packumentCache full:https://registry.npmjs.org/supports-preserve-symlinks-flag cache-miss
1809 http cache https://registry.npmjs.org/hasown 148ms (cache hit)
1810 silly packumentCache full:https://registry.npmjs.org/hasown set size:18361 disposed:false
1811 http fetch GET 200 https://registry.npmjs.org/es-errors 192ms (cache miss)
1812 silly packumentCache full:https://registry.npmjs.org/es-errors set size:undefined disposed:false
1813 http fetch GET 200 https://registry.npmjs.org/node-exports-info 190ms (cache miss)
1814 silly packumentCache full:https://registry.npmjs.org/node-exports-info set size:undefined disposed:false
1815 http fetch GET 200 https://registry.npmjs.org/supports-preserve-symlinks-flag 191ms (cache miss)
1816 silly packumentCache full:https://registry.npmjs.org/supports-preserve-symlinks-flag set size:undefined disposed:false
1817 http fetch GET 200 https://registry.npmjs.org/path-parse 197ms (cache miss)
1818 silly packumentCache full:https://registry.npmjs.org/path-parse set size:undefined disposed:false
1819 http fetch GET 200 https://registry.npmjs.org/object-keys 204ms (cache miss)
1820 silly packumentCache full:https://registry.npmjs.org/object-keys set size:undefined disposed:false
1821 silly placeDep ROOT @nolyfill/is-core-module@1.0.39 OK for: eslint-import-resolver-typescript@3.10.1 want: 1.0.39
1822 silly placeDep ROOT get-tsconfig@4.14.0 OK for: eslint-import-resolver-typescript@3.10.1 want: ^4.10.0
1823 silly placeDep ROOT is-bun-module@2.0.0 OK for: eslint-import-resolver-typescript@3.10.1 want: ^2.0.0
1824 silly placeDep ROOT stable-hash@0.0.5 OK for: eslint-import-resolver-typescript@3.10.1 want: ^0.0.5
1825 silly placeDep ROOT unrs-resolver@1.12.2 OK for: eslint-import-resolver-typescript@3.10.1 want: ^1.6.2
1826 silly fetch manifest resolve-pkg-maps@^1.0.0
1827 silly packumentCache full:https://registry.npmjs.org/resolve-pkg-maps cache-miss
1828 silly fetch manifest semver@^7.7.1
1829 silly packumentCache full:https://registry.npmjs.org/semver cache-hit
1830 silly fetch manifest napi-postinstall@^0.3.4
1831 silly packumentCache full:https://registry.npmjs.org/napi-postinstall cache-miss
1832 silly fetch manifest @unrs/resolver-binding-darwin-arm64@1.12.2
1833 silly packumentCache full:https://registry.npmjs.org/@unrs%2fresolver-binding-darwin-arm64 cache-miss
1834 silly fetch manifest @unrs/resolver-binding-android-arm64@1.12.2
1835 silly packumentCache full:https://registry.npmjs.org/@unrs%2fresolver-binding-android-arm64 cache-miss
1836 silly fetch manifest @unrs/resolver-binding-win32-arm64-msvc@1.12.2
1837 silly packumentCache full:https://registry.npmjs.org/@unrs%2fresolver-binding-win32-arm64-msvc cache-miss
1838 silly fetch manifest @unrs/resolver-binding-linux-arm64-gnu@1.12.2
1839 silly packumentCache full:https://registry.npmjs.org/@unrs%2fresolver-binding-linux-arm64-gnu cache-miss
1840 silly fetch manifest @unrs/resolver-binding-linux-arm64-musl@1.12.2
1841 silly packumentCache full:https://registry.npmjs.org/@unrs%2fresolver-binding-linux-arm64-musl cache-miss
1842 silly fetch manifest @unrs/resolver-binding-openharmony-arm64@1.12.2
1843 silly packumentCache full:https://registry.npmjs.org/@unrs%2fresolver-binding-openharmony-arm64 cache-miss
1844 silly fetch manifest @unrs/resolver-binding-android-arm-eabi@1.12.2
1845 silly packumentCache full:https://registry.npmjs.org/@unrs%2fresolver-binding-android-arm-eabi cache-miss
1846 silly fetch manifest @unrs/resolver-binding-linux-arm-gnueabihf@1.12.2
1847 silly packumentCache full:https://registry.npmjs.org/@unrs%2fresolver-binding-linux-arm-gnueabihf cache-miss
1848 silly fetch manifest @unrs/resolver-binding-linux-arm-musleabihf@1.12.2
1849 silly packumentCache full:https://registry.npmjs.org/@unrs%2fresolver-binding-linux-arm-musleabihf cache-miss
1850 http fetch GET 200 https://registry.npmjs.org/@unrs%2fresolver-binding-android-arm64 178ms (cache miss)
1851 silly packumentCache full:https://registry.npmjs.org/@unrs%2fresolver-binding-android-arm64 set size:undefined disposed:false
1852 silly fetch manifest @unrs/resolver-binding-win32-ia32-msvc@1.12.2
1853 silly packumentCache full:https://registry.npmjs.org/@unrs%2fresolver-binding-win32-ia32-msvc cache-miss
1854 http fetch GET 200 https://registry.npmjs.org/resolve-pkg-maps 212ms (cache miss)
1855 silly packumentCache full:https://registry.npmjs.org/resolve-pkg-maps set size:undefined disposed:false
1856 silly fetch manifest @unrs/resolver-binding-linux-loong64-gnu@1.12.2
1857 silly packumentCache full:https://registry.npmjs.org/@unrs%2fresolver-binding-linux-loong64-gnu cache-miss
1858 http fetch GET 200 https://registry.npmjs.org/napi-postinstall 246ms (cache miss)
1859 silly packumentCache full:https://registry.npmjs.org/napi-postinstall set size:undefined disposed:false
1860 silly fetch manifest @unrs/resolver-binding-linux-loong64-musl@1.12.2
1861 silly packumentCache full:https://registry.npmjs.org/@unrs%2fresolver-binding-linux-loong64-musl cache-miss
1862 http fetch GET 200 https://registry.npmjs.org/@unrs%2fresolver-binding-openharmony-arm64 281ms (cache miss)
1863 silly packumentCache full:https://registry.npmjs.org/@unrs%2fresolver-binding-openharmony-arm64 set size:undefined disposed:false
1864 silly fetch manifest @unrs/resolver-binding-linux-ppc64-gnu@1.12.2
1865 silly packumentCache full:https://registry.npmjs.org/@unrs%2fresolver-binding-linux-ppc64-gnu cache-miss
1866 http fetch GET 200 https://registry.npmjs.org/@unrs%2fresolver-binding-android-arm-eabi 300ms (cache miss)
1867 silly packumentCache full:https://registry.npmjs.org/@unrs%2fresolver-binding-android-arm-eabi set size:undefined disposed:false
1868 silly fetch manifest @unrs/resolver-binding-linux-riscv64-gnu@1.12.2
1869 silly packumentCache full:https://registry.npmjs.org/@unrs%2fresolver-binding-linux-riscv64-gnu cache-miss
1870 http fetch GET 200 https://registry.npmjs.org/@unrs%2fresolver-binding-linux-arm64-gnu 354ms (cache miss)
1871 silly packumentCache full:https://registry.npmjs.org/@unrs%2fresolver-binding-linux-arm64-gnu set size:undefined disposed:false
1872 silly fetch manifest @unrs/resolver-binding-linux-riscv64-musl@1.12.2
1873 silly packumentCache full:https://registry.npmjs.org/@unrs%2fresolver-binding-linux-riscv64-musl cache-miss
1874 http fetch GET 200 https://registry.npmjs.org/@unrs%2fresolver-binding-linux-arm64-musl 417ms (cache miss)
1875 silly packumentCache full:https://registry.npmjs.org/@unrs%2fresolver-binding-linux-arm64-musl set size:undefined disposed:false
1876 silly fetch manifest @unrs/resolver-binding-linux-s390x-gnu@1.12.2
1877 silly packumentCache full:https://registry.npmjs.org/@unrs%2fresolver-binding-linux-s390x-gnu cache-miss
1878 http fetch GET 200 https://registry.npmjs.org/@unrs%2fresolver-binding-darwin-arm64 428ms (cache miss)
1879 silly packumentCache full:https://registry.npmjs.org/@unrs%2fresolver-binding-darwin-arm64 set size:undefined disposed:false
1880 silly fetch manifest @unrs/resolver-binding-wasm32-wasi@1.12.2
1881 silly packumentCache full:https://registry.npmjs.org/@unrs%2fresolver-binding-wasm32-wasi cache-miss
1882 http fetch GET 200 https://registry.npmjs.org/@unrs%2fresolver-binding-win32-ia32-msvc 323ms (cache miss)
1883 silly packumentCache full:https://registry.npmjs.org/@unrs%2fresolver-binding-win32-ia32-msvc set size:undefined disposed:false
1884 silly fetch manifest @unrs/resolver-binding-darwin-x64@1.12.2
1885 silly packumentCache full:https://registry.npmjs.org/@unrs%2fresolver-binding-darwin-x64 cache-miss
1886 http fetch GET 200 https://registry.npmjs.org/@unrs%2fresolver-binding-linux-arm-musleabihf 502ms (cache miss)
1887 silly packumentCache full:https://registry.npmjs.org/@unrs%2fresolver-binding-linux-arm-musleabihf set size:undefined disposed:false
1888 silly fetch manifest @unrs/resolver-binding-win32-x64-msvc@1.12.2
1889 silly packumentCache full:https://registry.npmjs.org/@unrs%2fresolver-binding-win32-x64-msvc cache-miss
1890 http fetch GET 200 https://registry.npmjs.org/@unrs%2fresolver-binding-win32-arm64-msvc 535ms (cache miss)
1891 silly packumentCache full:https://registry.npmjs.org/@unrs%2fresolver-binding-win32-arm64-msvc set size:undefined disposed:false
1892 silly fetch manifest @unrs/resolver-binding-freebsd-x64@1.12.2
1893 silly packumentCache full:https://registry.npmjs.org/@unrs%2fresolver-binding-freebsd-x64 cache-miss
1894 http fetch GET 200 https://registry.npmjs.org/@unrs%2fresolver-binding-linux-loong64-gnu 339ms (cache miss)
1895 silly packumentCache full:https://registry.npmjs.org/@unrs%2fresolver-binding-linux-loong64-gnu set size:undefined disposed:false
1896 silly fetch manifest @unrs/resolver-binding-linux-x64-gnu@1.12.2
1897 silly packumentCache full:https://registry.npmjs.org/@unrs%2fresolver-binding-linux-x64-gnu cache-miss
1898 http fetch GET 200 https://registry.npmjs.org/@unrs%2fresolver-binding-linux-arm-gnueabihf 579ms (cache miss)
1899 silly packumentCache full:https://registry.npmjs.org/@unrs%2fresolver-binding-linux-arm-gnueabihf set size:undefined disposed:false
1900 silly fetch manifest @unrs/resolver-binding-linux-x64-musl@1.12.2
1901 silly packumentCache full:https://registry.npmjs.org/@unrs%2fresolver-binding-linux-x64-musl cache-miss
1902 http fetch GET 200 https://registry.npmjs.org/@unrs%2fresolver-binding-linux-ppc64-gnu 318ms (cache miss)
1903 silly packumentCache full:https://registry.npmjs.org/@unrs%2fresolver-binding-linux-ppc64-gnu set size:undefined disposed:false
1904 http fetch GET 200 https://registry.npmjs.org/@unrs%2fresolver-binding-linux-riscv64-gnu 295ms (cache miss)
1905 silly packumentCache full:https://registry.npmjs.org/@unrs%2fresolver-binding-linux-riscv64-gnu set size:undefined disposed:false
1906 http fetch GET 200 https://registry.npmjs.org/@unrs%2fresolver-binding-wasm32-wasi 295ms (cache miss)
1907 silly packumentCache full:https://registry.npmjs.org/@unrs%2fresolver-binding-wasm32-wasi set size:undefined disposed:false
1908 http fetch GET 200 https://registry.npmjs.org/@unrs%2fresolver-binding-linux-s390x-gnu 308ms (cache miss)
1909 silly packumentCache full:https://registry.npmjs.org/@unrs%2fresolver-binding-linux-s390x-gnu set size:undefined disposed:false
1910 http fetch GET 200 https://registry.npmjs.org/@unrs%2fresolver-binding-linux-loong64-musl 480ms (cache miss)
1911 silly packumentCache full:https://registry.npmjs.org/@unrs%2fresolver-binding-linux-loong64-musl set size:undefined disposed:false
1912 http fetch GET 200 https://registry.npmjs.org/@unrs%2fresolver-binding-darwin-x64 226ms (cache miss)
1913 silly packumentCache full:https://registry.npmjs.org/@unrs%2fresolver-binding-darwin-x64 set size:undefined disposed:false
1914 http fetch GET 200 https://registry.npmjs.org/@unrs%2fresolver-binding-win32-x64-msvc 218ms (cache miss)
1915 silly packumentCache full:https://registry.npmjs.org/@unrs%2fresolver-binding-win32-x64-msvc set size:undefined disposed:false
1916 http fetch GET 200 https://registry.npmjs.org/@unrs%2fresolver-binding-linux-x64-gnu 190ms (cache miss)
1917 silly packumentCache full:https://registry.npmjs.org/@unrs%2fresolver-binding-linux-x64-gnu set size:undefined disposed:false
1918 http fetch GET 200 https://registry.npmjs.org/@unrs%2fresolver-binding-linux-riscv64-musl 387ms (cache miss)
1919 silly packumentCache full:https://registry.npmjs.org/@unrs%2fresolver-binding-linux-riscv64-musl set size:undefined disposed:false
1920 http fetch GET 200 https://registry.npmjs.org/@unrs%2fresolver-binding-freebsd-x64 238ms (cache miss)
1921 silly packumentCache full:https://registry.npmjs.org/@unrs%2fresolver-binding-freebsd-x64 set size:undefined disposed:false
1922 http fetch GET 200 https://registry.npmjs.org/@unrs%2fresolver-binding-linux-x64-musl 276ms (cache miss)
1923 silly packumentCache full:https://registry.npmjs.org/@unrs%2fresolver-binding-linux-x64-musl set size:undefined disposed:false
1924 silly placeDep ROOT @rtsao/scc@1.1.0 OK for: eslint-plugin-import@2.32.0 want: ^1.1.0
1925 silly placeDep ROOT array-includes@3.1.9 OK for: eslint-plugin-import@2.32.0 want: ^3.1.9
1926 silly placeDep ROOT array.prototype.findlastindex@1.2.6 OK for: eslint-plugin-import@2.32.0 want: ^1.2.6
1927 silly placeDep ROOT array.prototype.flat@1.3.3 OK for: eslint-plugin-import@2.32.0 want: ^1.3.3
1928 silly placeDep ROOT array.prototype.flatmap@1.3.3 OK for: eslint-plugin-import@2.32.0 want: ^1.3.3
1929 silly placeDep node_modules/eslint-plugin-import debug@3.2.7 OK for: eslint-plugin-import@2.32.0 want: ^3.2.7
1930 silly placeDep ROOT doctrine@2.1.0 OK for: eslint-plugin-import@2.32.0 want: ^2.1.0
1931 silly placeDep ROOT eslint-module-utils@2.14.0 OK for: eslint-plugin-import@2.32.0 want: ^2.12.1
1932 silly placeDep ROOT hasown@2.0.4 OK for: eslint-plugin-import@2.32.0 want: ^2.0.2
1933 silly placeDep ROOT object.fromentries@2.0.8 OK for: eslint-plugin-import@2.32.0 want: ^2.0.8
1934 silly placeDep ROOT object.groupby@1.0.3 OK for: eslint-plugin-import@2.32.0 want: ^1.0.3
1935 silly placeDep ROOT object.values@1.2.1 OK for: eslint-plugin-import@2.32.0 want: ^1.2.1
1936 silly placeDep ROOT string.prototype.trimend@1.0.10 OK for: eslint-plugin-import@2.32.0 want: ^1.0.9
1937 silly placeDep ROOT tsconfig-paths@3.15.0 OK for: eslint-plugin-import@2.32.0 want: ^3.15.0
1938 silly fetch manifest call-bind@^1.0.8
1939 silly packumentCache full:https://registry.npmjs.org/call-bind cache-miss
1940 silly fetch manifest call-bound@^1.0.4
1941 silly packumentCache full:https://registry.npmjs.org/call-bound cache-miss
1942 silly fetch manifest define-properties@^1.2.1
1943 silly packumentCache full:https://registry.npmjs.org/define-properties cache-miss
1944 silly fetch manifest es-abstract@^1.24.0
1945 silly packumentCache full:https://registry.npmjs.org/es-abstract cache-miss
1946 silly fetch manifest es-object-atoms@^1.1.1
1947 silly packumentCache full:https://registry.npmjs.org/es-object-atoms cache-miss
1948 silly fetch manifest get-intrinsic@^1.3.0
1949 silly packumentCache full:https://registry.npmjs.org/get-intrinsic cache-miss
1950 silly fetch manifest is-string@^1.1.1
1951 silly packumentCache full:https://registry.npmjs.org/is-string cache-miss
1952 silly fetch manifest math-intrinsics@^1.1.0
1953 silly packumentCache full:https://registry.npmjs.org/math-intrinsics cache-miss
1954 silly fetch manifest call-bind@^1.0.8
1955 silly packumentCache full:https://registry.npmjs.org/call-bind cache-miss
1956 silly fetch manifest call-bound@^1.0.4
1957 silly packumentCache full:https://registry.npmjs.org/call-bound cache-miss
1958 silly fetch manifest define-properties@^1.2.1
1959 silly packumentCache full:https://registry.npmjs.org/define-properties cache-miss
1960 http fetch GET 200 https://registry.npmjs.org/math-intrinsics 290ms (cache miss)
1961 silly packumentCache full:https://registry.npmjs.org/math-intrinsics set size:undefined disposed:false
1962 silly fetch manifest es-abstract@^1.23.9
1963 silly packumentCache full:https://registry.npmjs.org/es-abstract cache-miss
1964 http fetch GET 200 https://registry.npmjs.org/is-string 316ms (cache miss)
1965 silly packumentCache full:https://registry.npmjs.org/is-string set size:undefined disposed:false
1966 silly fetch manifest es-object-atoms@^1.1.1
1967 silly packumentCache full:https://registry.npmjs.org/es-object-atoms cache-miss
1968 http fetch GET 200 https://registry.npmjs.org/call-bound 348ms (cache miss)
1969 silly packumentCache full:https://registry.npmjs.org/call-bound set size:undefined disposed:false
1970 silly fetch manifest es-shim-unscopables@^1.1.0
1971 silly packumentCache full:https://registry.npmjs.org/es-shim-unscopables cache-miss
1972 http fetch GET 200 https://registry.npmjs.org/define-properties 377ms (cache miss)
1973 silly packumentCache full:https://registry.npmjs.org/define-properties set size:undefined disposed:false
1974 silly fetch manifest call-bind@^1.0.8
1975 silly packumentCache full:https://registry.npmjs.org/call-bind cache-miss
1976 http fetch GET 200 https://registry.npmjs.org/call-bind 484ms (cache miss)
1977 silly packumentCache full:https://registry.npmjs.org/call-bind set size:undefined disposed:false
1978 silly fetch manifest es-abstract@^1.23.5
1979 silly packumentCache full:https://registry.npmjs.org/es-abstract cache-miss
1980 http fetch GET 200 https://registry.npmjs.org/call-bound 490ms (cache miss)
1981 silly packumentCache full:https://registry.npmjs.org/call-bound set size:undefined disposed:false
1982 silly fetch manifest es-shim-unscopables@^1.0.2
1983 silly packumentCache full:https://registry.npmjs.org/es-shim-unscopables cache-miss
1984 http fetch GET 200 https://registry.npmjs.org/define-properties 486ms (cache miss)
1985 silly packumentCache full:https://registry.npmjs.org/define-properties set size:undefined disposed:false
1986 silly fetch manifest es-abstract@^1.23.5
1987 silly packumentCache full:https://registry.npmjs.org/es-abstract cache-miss
1988 http fetch GET 200 https://registry.npmjs.org/call-bind 508ms (cache miss)
1989 silly packumentCache full:https://registry.npmjs.org/call-bind set size:undefined disposed:false
1990 silly fetch manifest es-shim-unscopables@^1.0.2
1991 silly packumentCache full:https://registry.npmjs.org/es-shim-unscopables cache-miss
1992 http fetch GET 200 https://registry.npmjs.org/get-intrinsic 525ms (cache miss)
1993 silly packumentCache full:https://registry.npmjs.org/get-intrinsic set size:undefined disposed:false
1994 silly fetch manifest function-bind@^1.1.2
1995 silly packumentCache full:https://registry.npmjs.org/function-bind cache-miss
1996 http fetch GET 200 https://registry.npmjs.org/es-object-atoms 545ms (cache miss)
1997 silly packumentCache full:https://registry.npmjs.org/es-object-atoms set size:undefined disposed:false
1998 silly fetch manifest call-bind@^1.0.7
1999 silly packumentCache full:https://registry.npmjs.org/call-bind cache-miss
2000 http fetch GET 200 https://registry.npmjs.org/es-object-atoms 346ms (cache miss)
2001 silly packumentCache full:https://registry.npmjs.org/es-object-atoms set size:undefined disposed:false
2002 silly fetch manifest es-abstract@^1.23.2
2003 silly packumentCache full:https://registry.npmjs.org/es-abstract cache-miss
2004 http fetch GET 200 https://registry.npmjs.org/es-shim-unscopables 358ms (cache miss)
2005 silly packumentCache full:https://registry.npmjs.org/es-shim-unscopables set size:undefined disposed:false
2006 silly fetch manifest es-object-atoms@^1.0.0
2007 silly packumentCache full:https://registry.npmjs.org/es-object-atoms cache-miss
2008 http fetch GET 200 https://registry.npmjs.org/call-bind 364ms (cache miss)
2009 silly packumentCache full:https://registry.npmjs.org/call-bind set size:undefined disposed:false
2010 silly fetch manifest call-bind@^1.0.7
2011 silly packumentCache full:https://registry.npmjs.org/call-bind cache-miss
2012 http cache https://registry.npmjs.org/call-bind 201ms (cache hit)
2013 silly packumentCache full:https://registry.npmjs.org/call-bind set size:32985 disposed:false
2014 silly fetch manifest es-abstract@^1.23.2
2015 silly packumentCache full:https://registry.npmjs.org/es-abstract cache-miss
2016 http fetch GET 200 https://registry.npmjs.org/es-shim-unscopables 252ms (cache miss)
2017 silly packumentCache full:https://registry.npmjs.org/es-shim-unscopables set size:undefined disposed:false
2018 silly fetch manifest call-bound@^1.0.3
2019 silly packumentCache full:https://registry.npmjs.org/call-bound cache-miss
2020 http fetch GET 200 https://registry.npmjs.org/es-abstract 776ms (cache miss)
2021 silly packumentCache full:https://registry.npmjs.org/es-abstract set size:undefined disposed:false
2022 silly fetch manifest es-object-atoms@^1.0.0
2023 silly packumentCache full:https://registry.npmjs.org/es-object-atoms cache-miss
2024 http fetch GET 200 https://registry.npmjs.org/es-shim-unscopables 275ms (cache miss)
2025 silly packumentCache full:https://registry.npmjs.org/es-shim-unscopables set size:undefined disposed:false
2026 silly fetch manifest call-bind@^1.0.9
2027 silly packumentCache full:https://registry.npmjs.org/call-bind cache-hit
2028 silly fetch manifest es-object-atoms@^1.1.2
2029 silly packumentCache full:https://registry.npmjs.org/es-object-atoms cache-miss
2030 http fetch GET 200 https://registry.npmjs.org/function-bind 280ms (cache miss)
2031 silly packumentCache full:https://registry.npmjs.org/function-bind set size:undefined disposed:false
2032 silly fetch manifest json5@^1.0.2
2033 silly packumentCache full:https://registry.npmjs.org/json5 cache-miss
2034 http fetch GET 200 https://registry.npmjs.org/es-abstract 533ms (cache miss)
2035 silly packumentCache full:https://registry.npmjs.org/es-abstract set size:undefined disposed:false
2036 silly fetch manifest minimist@^1.2.6
2037 silly packumentCache full:https://registry.npmjs.org/minimist cache-miss
2038 http fetch GET 200 https://registry.npmjs.org/es-abstract 425ms (cache miss)
2039 silly packumentCache full:https://registry.npmjs.org/es-abstract set size:undefined disposed:false
2040 silly fetch manifest strip-bom@^3.0.0
2041 silly packumentCache full:https://registry.npmjs.org/strip-bom cache-miss
2042 http cache https://registry.npmjs.org/es-object-atoms 217ms (cache hit)
2043 silly packumentCache full:https://registry.npmjs.org/es-object-atoms set size:18278 disposed:false
2044 silly fetch manifest @types/json5@^0.0.29
2045 silly packumentCache full:https://registry.npmjs.org/@types%2fjson5 cache-miss
2046 http cache https://registry.npmjs.org/call-bind 190ms (cache hit)
2047 silly packumentCache full:https://registry.npmjs.org/call-bind set size:32985 disposed:false
2048 silly packumentCache full:https://registry.npmjs.org/call-bind dispose
2049 http cache https://registry.npmjs.org/es-abstract 201ms (cache hit)
2050 silly packumentCache full:https://registry.npmjs.org/es-abstract set size:384124 disposed:false
2051 http cache https://registry.npmjs.org/es-object-atoms 168ms (cache hit)
2052 silly packumentCache full:https://registry.npmjs.org/es-object-atoms set size:18278 disposed:false
2053 silly packumentCache full:https://registry.npmjs.org/es-object-atoms dispose
2054 http cache https://registry.npmjs.org/call-bound 203ms (cache hit)
2055 silly packumentCache full:https://registry.npmjs.org/call-bound set size:15317 disposed:false
2056 http cache https://registry.npmjs.org/es-object-atoms 172ms (cache hit)
2057 silly packumentCache full:https://registry.npmjs.org/es-object-atoms set size:18278 disposed:true
2058 silly packumentCache full:https://registry.npmjs.org/es-object-atoms dispose
2059 http cache https://registry.npmjs.org/json5 166ms (cache hit)
2060 silly packumentCache full:https://registry.npmjs.org/json5 set size:86136 disposed:false
2061 http fetch GET 200 https://registry.npmjs.org/es-abstract 480ms (cache miss)
2062 silly packumentCache full:https://registry.npmjs.org/es-abstract set size:undefined disposed:false
2063 silly packumentCache full:https://registry.npmjs.org/es-abstract dispose
2064 http fetch GET 200 https://registry.npmjs.org/es-abstract 362ms (cache miss)
2065 silly packumentCache full:https://registry.npmjs.org/es-abstract set size:undefined disposed:true
2066 http fetch GET 200 https://registry.npmjs.org/strip-bom 136ms (cache miss)
2067 silly packumentCache full:https://registry.npmjs.org/strip-bom set size:undefined disposed:false
2068 http fetch GET 200 https://registry.npmjs.org/minimist 206ms (cache miss)
2069 silly packumentCache full:https://registry.npmjs.org/minimist set size:undefined disposed:false
2070 http fetch GET 200 https://registry.npmjs.org/@types%2fjson5 301ms (cache miss)
2071 silly packumentCache full:https://registry.npmjs.org/@types%2fjson5 set size:undefined disposed:false
2072 silly placeDep ROOT call-bind@1.0.9 OK for: array-includes@3.1.9 want: ^1.0.8
2073 silly placeDep ROOT call-bound@1.0.4 OK for: array-includes@3.1.9 want: ^1.0.4
2074 silly placeDep ROOT define-properties@1.2.1 OK for: array-includes@3.1.9 want: ^1.2.1
2075 silly placeDep ROOT es-abstract@1.24.2 OK for: array-includes@3.1.9 want: ^1.24.0
2076 silly placeDep ROOT es-object-atoms@1.1.2 OK for: array-includes@3.1.9 want: ^1.1.1
2077 silly placeDep ROOT get-intrinsic@1.3.0 OK for: array-includes@3.1.9 want: ^1.3.0
2078 silly placeDep ROOT is-string@1.1.1 OK for: array-includes@3.1.9 want: ^1.1.1
2079 silly placeDep ROOT math-intrinsics@1.1.0 OK for: array-includes@3.1.9 want: ^1.1.0
2080 silly fetch manifest call-bind-apply-helpers@^1.0.2
2081 silly packumentCache full:https://registry.npmjs.org/call-bind-apply-helpers cache-miss
2082 silly fetch manifest es-define-property@^1.0.1
2083 silly packumentCache full:https://registry.npmjs.org/es-define-property cache-miss
2084 silly fetch manifest set-function-length@^1.2.2
2085 silly packumentCache full:https://registry.npmjs.org/set-function-length cache-miss
2086 silly fetch manifest call-bind-apply-helpers@^1.0.2
2087 silly packumentCache full:https://registry.npmjs.org/call-bind-apply-helpers cache-miss
2088 silly fetch manifest define-data-property@^1.0.1
2089 silly packumentCache full:https://registry.npmjs.org/define-data-property cache-miss
2090 silly fetch manifest has-property-descriptors@^1.0.0
2091 silly packumentCache full:https://registry.npmjs.org/has-property-descriptors cache-miss
2092 silly fetch manifest array-buffer-byte-length@^1.0.2
2093 silly packumentCache full:https://registry.npmjs.org/array-buffer-byte-length cache-miss
2094 silly fetch manifest arraybuffer.prototype.slice@^1.0.4
2095 silly packumentCache full:https://registry.npmjs.org/arraybuffer.prototype.slice cache-miss
2096 silly fetch manifest available-typed-arrays@^1.0.7
2097 silly packumentCache full:https://registry.npmjs.org/available-typed-arrays cache-miss
2098 silly fetch manifest data-view-buffer@^1.0.2
2099 silly packumentCache full:https://registry.npmjs.org/data-view-buffer cache-miss
2100 silly fetch manifest data-view-byte-length@^1.0.2
2101 silly packumentCache full:https://registry.npmjs.org/data-view-byte-length cache-miss
2102 http fetch GET 200 https://registry.npmjs.org/has-property-descriptors 310ms (cache miss)
2103 silly packumentCache full:https://registry.npmjs.org/has-property-descriptors set size:undefined disposed:false
2104 silly fetch manifest data-view-byte-offset@^1.0.1
2105 silly packumentCache full:https://registry.npmjs.org/data-view-byte-offset cache-miss
2106 http fetch GET 200 https://registry.npmjs.org/array-buffer-byte-length 314ms (cache miss)
2107 silly packumentCache full:https://registry.npmjs.org/array-buffer-byte-length set size:undefined disposed:false
2108 silly fetch manifest es-define-property@^1.0.1
2109 silly packumentCache full:https://registry.npmjs.org/es-define-property cache-miss
2110 http fetch GET 200 https://registry.npmjs.org/set-function-length 329ms (cache miss)
2111 silly packumentCache full:https://registry.npmjs.org/set-function-length set size:undefined disposed:false
2112 silly fetch manifest es-set-tostringtag@^2.1.0
2113 silly packumentCache full:https://registry.npmjs.org/es-set-tostringtag cache-miss
2114 http fetch GET 200 https://registry.npmjs.org/define-data-property 331ms (cache miss)
2115 silly packumentCache full:https://registry.npmjs.org/define-data-property set size:undefined disposed:false
2116 silly fetch manifest es-to-primitive@^1.3.0
2117 silly packumentCache full:https://registry.npmjs.org/es-to-primitive cache-miss
2118 http fetch GET 200 https://registry.npmjs.org/call-bind-apply-helpers 355ms (cache miss)
2119 silly packumentCache full:https://registry.npmjs.org/call-bind-apply-helpers set size:undefined disposed:false
2120 silly fetch manifest function.prototype.name@^1.1.8
2121 silly packumentCache full:https://registry.npmjs.org/function.prototype.name cache-miss
2122 http fetch GET 200 https://registry.npmjs.org/data-view-buffer 320ms (cache miss)
2123 silly packumentCache full:https://registry.npmjs.org/data-view-buffer set size:undefined disposed:false
2124 silly fetch manifest get-proto@^1.0.1
2125 silly packumentCache full:https://registry.npmjs.org/get-proto cache-miss
2126 http fetch GET 200 https://registry.npmjs.org/es-define-property 392ms (cache miss)
2127 silly packumentCache full:https://registry.npmjs.org/es-define-property set size:undefined disposed:false
2128 silly fetch manifest get-symbol-description@^1.1.0
2129 silly packumentCache full:https://registry.npmjs.org/get-symbol-description cache-miss
2130 http fetch GET 200 https://registry.npmjs.org/available-typed-arrays 377ms (cache miss)
2131 silly packumentCache full:https://registry.npmjs.org/available-typed-arrays set size:undefined disposed:false
2132 silly fetch manifest globalthis@^1.0.4
2133 silly packumentCache full:https://registry.npmjs.org/globalthis cache-miss
2134 http fetch GET 200 https://registry.npmjs.org/data-view-byte-length 373ms (cache miss)
2135 silly packumentCache full:https://registry.npmjs.org/data-view-byte-length set size:undefined disposed:false
2136 silly fetch manifest gopd@^1.2.0
2137 silly packumentCache full:https://registry.npmjs.org/gopd cache-miss
2138 http fetch GET 200 https://registry.npmjs.org/call-bind-apply-helpers 464ms (cache miss)
2139 silly packumentCache full:https://registry.npmjs.org/call-bind-apply-helpers set size:undefined disposed:false
2140 silly fetch manifest has-property-descriptors@^1.0.2
2141 silly packumentCache full:https://registry.npmjs.org/has-property-descriptors cache-miss
2142 http cache https://registry.npmjs.org/es-define-property 301ms (cache hit)
2143 silly packumentCache full:https://registry.npmjs.org/es-define-property set size:8542 disposed:false
2144 silly fetch manifest has-proto@^1.2.0
2145 silly packumentCache full:https://registry.npmjs.org/has-proto cache-miss
2146 http fetch GET 200 https://registry.npmjs.org/data-view-byte-offset 331ms (cache miss)
2147 silly packumentCache full:https://registry.npmjs.org/data-view-byte-offset set size:undefined disposed:false
2148 silly fetch manifest has-symbols@^1.1.0
2149 silly packumentCache full:https://registry.npmjs.org/has-symbols cache-miss
2150 http fetch GET 200 https://registry.npmjs.org/es-set-tostringtag 347ms (cache miss)
2151 silly packumentCache full:https://registry.npmjs.org/es-set-tostringtag set size:undefined disposed:false
2152 silly fetch manifest internal-slot@^1.1.0
2153 silly packumentCache full:https://registry.npmjs.org/internal-slot cache-miss
2154 http fetch GET 200 https://registry.npmjs.org/arraybuffer.prototype.slice 680ms (cache miss)
2155 silly packumentCache full:https://registry.npmjs.org/arraybuffer.prototype.slice set size:undefined disposed:false
2156 silly fetch manifest is-array-buffer@^3.0.5
2157 silly packumentCache full:https://registry.npmjs.org/is-array-buffer cache-miss
2158 http fetch GET 200 https://registry.npmjs.org/es-to-primitive 379ms (cache miss)
2159 silly packumentCache full:https://registry.npmjs.org/es-to-primitive set size:undefined disposed:false
2160 silly fetch manifest is-callable@^1.2.7
2161 silly packumentCache full:https://registry.npmjs.org/is-callable cache-miss
2162 http fetch GET 200 https://registry.npmjs.org/get-symbol-description 352ms (cache miss)
2163 silly packumentCache full:https://registry.npmjs.org/get-symbol-description set size:undefined disposed:false
2164 silly fetch manifest is-data-view@^1.0.2
2165 silly packumentCache full:https://registry.npmjs.org/is-data-view cache-miss
2166 http fetch GET 200 https://registry.npmjs.org/globalthis 332ms (cache miss)
2167 silly packumentCache full:https://registry.npmjs.org/globalthis set size:undefined disposed:false
2168 silly fetch manifest is-negative-zero@^2.0.3
2169 silly packumentCache full:https://registry.npmjs.org/is-negative-zero cache-miss
2170 http fetch GET 200 https://registry.npmjs.org/function.prototype.name 444ms (cache miss)
2171 silly packumentCache full:https://registry.npmjs.org/function.prototype.name set size:undefined disposed:false
2172 silly fetch manifest is-regex@^1.2.1
2173 silly packumentCache full:https://registry.npmjs.org/is-regex cache-miss
2174 http fetch GET 200 https://registry.npmjs.org/get-proto 445ms (cache miss)
2175 silly packumentCache full:https://registry.npmjs.org/get-proto set size:undefined disposed:false
2176 silly fetch manifest is-set@^2.0.3
2177 silly packumentCache full:https://registry.npmjs.org/is-set cache-miss
2178 http cache https://registry.npmjs.org/has-property-descriptors 364ms (cache hit)
2179 silly packumentCache full:https://registry.npmjs.org/has-property-descriptors set size:12452 disposed:false
2180 silly fetch manifest is-shared-array-buffer@^1.0.4
2181 silly packumentCache full:https://registry.npmjs.org/is-shared-array-buffer cache-miss
2182 http fetch GET 200 https://registry.npmjs.org/gopd 414ms (cache miss)
2183 silly packumentCache full:https://registry.npmjs.org/gopd set size:undefined disposed:false
2184 silly fetch manifest is-typed-array@^1.1.15
2185 silly packumentCache full:https://registry.npmjs.org/is-typed-array cache-miss
2186 http fetch GET 200 https://registry.npmjs.org/is-data-view 299ms (cache miss)
2187 silly packumentCache full:https://registry.npmjs.org/is-data-view set size:undefined disposed:false
2188 silly fetch manifest is-weakref@^1.1.1
2189 silly packumentCache full:https://registry.npmjs.org/is-weakref cache-miss
2190 http fetch GET 200 https://registry.npmjs.org/has-symbols 420ms (cache miss)
2191 silly packumentCache full:https://registry.npmjs.org/has-symbols set size:undefined disposed:false
2192 silly fetch manifest object-inspect@^1.13.4
2193 silly packumentCache full:https://registry.npmjs.org/object-inspect cache-miss
2194 http fetch GET 200 https://registry.npmjs.org/is-array-buffer 399ms (cache miss)
2195 silly packumentCache full:https://registry.npmjs.org/is-array-buffer set size:undefined disposed:false
2196 silly fetch manifest object.assign@^4.1.7
2197 silly packumentCache full:https://registry.npmjs.org/object.assign cache-miss
2198 http fetch GET 200 https://registry.npmjs.org/internal-slot 431ms (cache miss)
2199 silly packumentCache full:https://registry.npmjs.org/internal-slot set size:undefined disposed:false
2200 silly fetch manifest own-keys@^1.0.1
2201 silly packumentCache full:https://registry.npmjs.org/own-keys cache-miss
2202 http fetch GET 200 https://registry.npmjs.org/is-negative-zero 401ms (cache miss)
2203 silly packumentCache full:https://registry.npmjs.org/is-negative-zero set size:undefined disposed:false
2204 silly fetch manifest regexp.prototype.flags@^1.5.4
2205 silly packumentCache full:https://registry.npmjs.org/regexp.prototype.flags cache-miss
2206 http fetch GET 200 https://registry.npmjs.org/is-callable 465ms (cache miss)
2207 silly packumentCache full:https://registry.npmjs.org/is-callable set size:undefined disposed:false
2208 silly fetch manifest safe-array-concat@^1.1.3
2209 silly packumentCache full:https://registry.npmjs.org/safe-array-concat cache-miss
2210 http fetch GET 200 https://registry.npmjs.org/is-regex 441ms (cache miss)
2211 silly packumentCache full:https://registry.npmjs.org/is-regex set size:undefined disposed:false
2212 silly fetch manifest safe-push-apply@^1.0.0
2213 silly packumentCache full:https://registry.npmjs.org/safe-push-apply cache-miss
2214 http fetch GET 200 https://registry.npmjs.org/is-shared-array-buffer 427ms (cache miss)
2215 silly packumentCache full:https://registry.npmjs.org/is-shared-array-buffer set size:undefined disposed:false
2216 silly fetch manifest safe-regex-test@^1.1.0
2217 silly packumentCache full:https://registry.npmjs.org/safe-regex-test cache-miss
2218 http fetch GET 200 https://registry.npmjs.org/is-set 450ms (cache miss)
2219 silly packumentCache full:https://registry.npmjs.org/is-set set size:undefined disposed:false
2220 silly fetch manifest set-proto@^1.0.0
2221 silly packumentCache full:https://registry.npmjs.org/set-proto cache-miss
2222 http fetch GET 200 https://registry.npmjs.org/is-typed-array 496ms (cache miss)
2223 silly packumentCache full:https://registry.npmjs.org/is-typed-array set size:undefined disposed:false
2224 silly fetch manifest stop-iteration-iterator@^1.1.0
2225 silly packumentCache full:https://registry.npmjs.org/stop-iteration-iterator cache-miss
2226 http fetch GET 200 https://registry.npmjs.org/has-proto 724ms (cache miss)
2227 silly packumentCache full:https://registry.npmjs.org/has-proto set size:undefined disposed:false
2228 silly fetch manifest string.prototype.trim@^1.2.10
2229 silly packumentCache full:https://registry.npmjs.org/string.prototype.trim cache-miss
2230 http fetch GET 200 https://registry.npmjs.org/own-keys 365ms (cache miss)
2231 silly packumentCache full:https://registry.npmjs.org/own-keys set size:undefined disposed:false
2232 silly fetch manifest string.prototype.trimstart@^1.0.8
2233 silly packumentCache full:https://registry.npmjs.org/string.prototype.trimstart cache-miss
2234 http fetch GET 200 https://registry.npmjs.org/is-weakref 457ms (cache miss)
2235 silly packumentCache full:https://registry.npmjs.org/is-weakref set size:undefined disposed:false
2236 silly fetch manifest typed-array-buffer@^1.0.3
2237 silly packumentCache full:https://registry.npmjs.org/typed-array-buffer cache-miss
2238 http fetch GET 200 https://registry.npmjs.org/safe-push-apply 293ms (cache miss)
2239 silly packumentCache full:https://registry.npmjs.org/safe-push-apply set size:undefined disposed:false
2240 silly fetch manifest typed-array-byte-length@^1.0.3
2241 silly packumentCache full:https://registry.npmjs.org/typed-array-byte-length cache-miss
2242 http fetch GET 200 https://registry.npmjs.org/object.assign 447ms (cache miss)
2243 silly packumentCache full:https://registry.npmjs.org/object.assign set size:undefined disposed:false
2244 silly fetch manifest typed-array-byte-offset@^1.0.4
2245 silly packumentCache full:https://registry.npmjs.org/typed-array-byte-offset cache-miss
2246 http fetch GET 200 https://registry.npmjs.org/object-inspect 476ms (cache miss)
2247 silly packumentCache full:https://registry.npmjs.org/object-inspect set size:undefined disposed:false
2248 silly fetch manifest typed-array-length@^1.0.7
2249 silly packumentCache full:https://registry.npmjs.org/typed-array-length cache-miss
2250 http fetch GET 200 https://registry.npmjs.org/regexp.prototype.flags 418ms (cache miss)
2251 silly packumentCache full:https://registry.npmjs.org/regexp.prototype.flags set size:undefined disposed:false
2252 silly fetch manifest unbox-primitive@^1.1.0
2253 silly packumentCache full:https://registry.npmjs.org/unbox-primitive cache-miss
2254 http fetch GET 200 https://registry.npmjs.org/set-proto 316ms (cache miss)
2255 silly packumentCache full:https://registry.npmjs.org/set-proto set size:undefined disposed:false
2256 silly fetch manifest which-typed-array@^1.1.19
2257 silly packumentCache full:https://registry.npmjs.org/which-typed-array cache-miss
2258 http cache https://registry.npmjs.org/safe-regex-test 362ms (cache hit)
2259 silly packumentCache full:https://registry.npmjs.org/safe-regex-test set size:17412 disposed:false
2260 silly fetch manifest has-tostringtag@^1.0.2
2261 silly packumentCache full:https://registry.npmjs.org/has-tostringtag cache-miss
2262 http fetch GET 200 https://registry.npmjs.org/stop-iteration-iterator 310ms (cache miss)
2263 silly packumentCache full:https://registry.npmjs.org/stop-iteration-iterator set size:undefined disposed:false
2264 http fetch GET 200 https://registry.npmjs.org/string.prototype.trim 357ms (cache miss)
2265 silly packumentCache full:https://registry.npmjs.org/string.prototype.trim set size:undefined disposed:false
2266 http fetch GET 200 https://registry.npmjs.org/safe-array-concat 550ms (cache miss)
2267 silly packumentCache full:https://registry.npmjs.org/safe-array-concat set size:undefined disposed:false
2268 http fetch GET 200 https://registry.npmjs.org/typed-array-buffer 249ms (cache miss)
2269 silly packumentCache full:https://registry.npmjs.org/typed-array-buffer set size:undefined disposed:false
2270 http fetch GET 200 https://registry.npmjs.org/typed-array-byte-length 228ms (cache miss)
2271 silly packumentCache full:https://registry.npmjs.org/typed-array-byte-length set size:undefined disposed:false
2272 http fetch GET 200 https://registry.npmjs.org/typed-array-byte-offset 221ms (cache miss)
2273 silly packumentCache full:https://registry.npmjs.org/typed-array-byte-offset set size:undefined disposed:false
2274 http fetch GET 200 https://registry.npmjs.org/unbox-primitive 195ms (cache miss)
2275 silly packumentCache full:https://registry.npmjs.org/unbox-primitive set size:undefined disposed:false
2276 http fetch GET 200 https://registry.npmjs.org/has-tostringtag 167ms (cache miss)
2277 silly packumentCache full:https://registry.npmjs.org/has-tostringtag set size:undefined disposed:false
2278 http fetch GET 200 https://registry.npmjs.org/typed-array-length 225ms (cache miss)
2279 silly packumentCache full:https://registry.npmjs.org/typed-array-length set size:undefined disposed:false
2280 http fetch GET 200 https://registry.npmjs.org/which-typed-array 240ms (cache miss)
2281 silly packumentCache full:https://registry.npmjs.org/which-typed-array set size:undefined disposed:false
2282 http fetch GET 200 https://registry.npmjs.org/string.prototype.trimstart 376ms (cache miss)
2283 silly packumentCache full:https://registry.npmjs.org/string.prototype.trimstart set size:undefined disposed:false
2284 silly placeDep ROOT es-errors@1.3.0 OK for: array.prototype.findlastindex@1.2.6 want: ^1.3.0
2285 silly placeDep ROOT es-shim-unscopables@1.1.0 OK for: array.prototype.findlastindex@1.2.6 want: ^1.1.0
2286 silly placeDep ROOT call-bind-apply-helpers@1.0.2 OK for: call-bind@1.0.9 want: ^1.0.2
2287 silly placeDep ROOT es-define-property@1.0.1 OK for: call-bind@1.0.9 want: ^1.0.1
2288 silly placeDep ROOT set-function-length@1.2.2 OK for: call-bind@1.0.9 want: ^1.2.2
2289 silly fetch manifest define-data-property@^1.1.4
2290 silly packumentCache full:https://registry.npmjs.org/define-data-property cache-miss
2291 silly fetch manifest gopd@^1.0.1
2292 silly packumentCache full:https://registry.npmjs.org/gopd cache-miss
2293 http cache https://registry.npmjs.org/define-data-property 58ms (cache hit)
2294 silly packumentCache full:https://registry.npmjs.org/define-data-property set size:28048 disposed:false
2295 http cache https://registry.npmjs.org/gopd 66ms (cache hit)
2296 silly packumentCache full:https://registry.npmjs.org/gopd set size:11483 disposed:false
2297 silly placeDep ROOT function-bind@1.1.2 OK for: call-bind-apply-helpers@1.0.2 want: ^1.1.2
2298 silly placeDep ROOT define-data-property@1.1.4 OK for: define-properties@1.2.1 want: ^1.0.1
2299 silly placeDep ROOT has-property-descriptors@1.0.2 OK for: define-properties@1.2.1 want: ^1.0.0
2300 silly placeDep ROOT object-keys@1.1.1 OK for: define-properties@1.2.1 want: ^1.1.1
2301 silly placeDep ROOT gopd@1.2.0 OK for: define-data-property@1.1.4 want: ^1.0.1
2302 silly placeDep ROOT array-buffer-byte-length@1.0.2 OK for: es-abstract@1.24.2 want: ^1.0.2
2303 silly placeDep ROOT arraybuffer.prototype.slice@1.0.4 OK for: es-abstract@1.24.2 want: ^1.0.4
2304 silly placeDep ROOT available-typed-arrays@1.0.7 OK for: es-abstract@1.24.2 want: ^1.0.7
2305 silly placeDep ROOT data-view-buffer@1.0.2 OK for: es-abstract@1.24.2 want: ^1.0.2
2306 silly placeDep ROOT data-view-byte-length@1.0.2 OK for: es-abstract@1.24.2 want: ^1.0.2
2307 silly placeDep ROOT data-view-byte-offset@1.0.1 OK for: es-abstract@1.24.2 want: ^1.0.1
2308 silly placeDep ROOT es-set-tostringtag@2.1.0 OK for: es-abstract@1.24.2 want: ^2.1.0
2309 silly placeDep ROOT es-to-primitive@1.3.4 OK for: es-abstract@1.24.2 want: ^1.3.0
2310 silly placeDep ROOT function.prototype.name@1.2.0 OK for: es-abstract@1.24.2 want: ^1.1.8
2311 silly placeDep ROOT get-proto@1.0.1 OK for: es-abstract@1.24.2 want: ^1.0.1
2312 silly placeDep ROOT get-symbol-description@1.1.0 OK for: es-abstract@1.24.2 want: ^1.1.0
2313 silly placeDep ROOT globalthis@1.0.4 OK for: es-abstract@1.24.2 want: ^1.0.4
2314 silly placeDep ROOT has-proto@1.2.0 OK for: es-abstract@1.24.2 want: ^1.2.0
2315 silly placeDep ROOT has-symbols@1.1.0 OK for: es-abstract@1.24.2 want: ^1.1.0
2316 silly placeDep ROOT internal-slot@1.1.0 OK for: es-abstract@1.24.2 want: ^1.1.0
2317 silly placeDep ROOT is-array-buffer@3.0.5 OK for: es-abstract@1.24.2 want: ^3.0.5
2318 silly placeDep ROOT is-callable@1.2.7 OK for: es-abstract@1.24.2 want: ^1.2.7
2319 silly placeDep ROOT is-data-view@1.0.2 OK for: es-abstract@1.24.2 want: ^1.0.2
2320 silly placeDep ROOT is-negative-zero@2.0.3 OK for: es-abstract@1.24.2 want: ^2.0.3
2321 silly placeDep ROOT is-regex@1.2.1 OK for: es-abstract@1.24.2 want: ^1.2.1
2322 silly placeDep ROOT is-set@2.0.3 OK for: es-abstract@1.24.2 want: ^2.0.3
2323 silly placeDep ROOT is-shared-array-buffer@1.0.4 OK for: es-abstract@1.24.2 want: ^1.0.4
2324 silly placeDep ROOT is-typed-array@1.1.15 OK for: es-abstract@1.24.2 want: ^1.1.15
2325 silly placeDep ROOT is-weakref@1.1.1 OK for: es-abstract@1.24.2 want: ^1.1.1
2326 silly placeDep ROOT object-inspect@1.13.4 OK for: es-abstract@1.24.2 want: ^1.13.4
2327 silly placeDep ROOT object.assign@4.1.7 OK for: es-abstract@1.24.2 want: ^4.1.7
2328 silly placeDep ROOT own-keys@1.0.2 OK for: es-abstract@1.24.2 want: ^1.0.1
2329 silly placeDep ROOT regexp.prototype.flags@1.5.4 OK for: es-abstract@1.24.2 want: ^1.5.4
2330 silly placeDep ROOT safe-array-concat@1.1.4 OK for: es-abstract@1.24.2 want: ^1.1.3
2331 silly placeDep ROOT safe-push-apply@1.0.0 OK for: es-abstract@1.24.2 want: ^1.0.0
2332 silly placeDep ROOT safe-regex-test@1.1.0 OK for: es-abstract@1.24.2 want: ^1.1.0
2333 silly placeDep ROOT set-proto@1.0.0 OK for: es-abstract@1.24.2 want: ^1.0.0
2334 silly placeDep ROOT stop-iteration-iterator@1.1.0 OK for: es-abstract@1.24.2 want: ^1.1.0
2335 silly placeDep ROOT string.prototype.trim@1.2.11 OK for: es-abstract@1.24.2 want: ^1.2.10
2336 silly placeDep ROOT string.prototype.trimstart@1.0.8 OK for: es-abstract@1.24.2 want: ^1.0.8
2337 silly placeDep ROOT typed-array-buffer@1.0.3 OK for: es-abstract@1.24.2 want: ^1.0.3
2338 silly placeDep ROOT typed-array-byte-length@1.0.3 OK for: es-abstract@1.24.2 want: ^1.0.3
2339 silly placeDep ROOT typed-array-byte-offset@1.0.4 OK for: es-abstract@1.24.2 want: ^1.0.4
2340 silly placeDep ROOT typed-array-length@1.0.8 OK for: es-abstract@1.24.2 want: ^1.0.7
2341 silly placeDep ROOT unbox-primitive@1.1.0 OK for: es-abstract@1.24.2 want: ^1.1.0
2342 silly placeDep ROOT which-typed-array@1.1.22 OK for: es-abstract@1.24.2 want: ^1.1.19
2343 silly fetch manifest is-array-buffer@^3.0.4
2344 silly packumentCache full:https://registry.npmjs.org/is-array-buffer cache-miss
2345 silly fetch manifest possible-typed-array-names@^1.0.0
2346 silly packumentCache full:https://registry.npmjs.org/possible-typed-array-names cache-miss
2347 silly fetch manifest is-data-view@^1.0.1
2348 silly packumentCache full:https://registry.npmjs.org/is-data-view cache-miss
2349 silly fetch manifest is-symbol@^1.1.1
2350 silly packumentCache full:https://registry.npmjs.org/is-symbol cache-miss
2351 silly fetch manifest is-date-object@^1.1.0
2352 silly packumentCache full:https://registry.npmjs.org/is-date-object cache-miss
2353 silly fetch manifest es-abstract-get@^1.0.0
2354 silly packumentCache full:https://registry.npmjs.org/es-abstract-get cache-miss
2355 silly fetch manifest is-document.all@^1.0.0
2356 silly packumentCache full:https://registry.npmjs.org/is-document.all cache-miss
2357 silly fetch manifest functions-have-names@^1.2.3
2358 silly packumentCache full:https://registry.npmjs.org/functions-have-names cache-miss
2359 silly fetch manifest dunder-proto@^1.0.1
2360 silly packumentCache full:https://registry.npmjs.org/dunder-proto cache-miss
2361 silly fetch manifest dunder-proto@^1.0.0
2362 silly packumentCache full:https://registry.npmjs.org/dunder-proto cache-miss
2363 silly fetch manifest side-channel@^1.1.0
2364 silly packumentCache full:https://registry.npmjs.org/side-channel cache-miss
2365 http cache https://registry.npmjs.org/is-data-view 203ms (cache hit)
2366 silly packumentCache full:https://registry.npmjs.org/is-data-view set size:13756 disposed:false
2367 silly fetch manifest is-typed-array@^1.1.13
2368 silly packumentCache full:https://registry.npmjs.org/is-typed-array cache-miss
2369 http cache https://registry.npmjs.org/is-array-buffer 227ms (cache hit)
2370 silly packumentCache full:https://registry.npmjs.org/is-array-buffer set size:33562 disposed:false
2371 silly fetch manifest which-typed-array@^1.1.16
2372 silly packumentCache full:https://registry.npmjs.org/which-typed-array cache-miss
2373 http fetch GET 200 https://registry.npmjs.org/possible-typed-array-names 232ms (cache miss)
2374 silly packumentCache full:https://registry.npmjs.org/possible-typed-array-names set size:undefined disposed:false
2375 silly fetch manifest set-function-name@^2.0.2
2376 silly packumentCache full:https://registry.npmjs.org/set-function-name cache-miss
2377 http fetch GET 200 https://registry.npmjs.org/is-document.all 215ms (cache miss)
2378 silly packumentCache full:https://registry.npmjs.org/is-document.all set size:undefined disposed:false
2379 silly fetch manifest isarray@^2.0.5
2380 silly packumentCache full:https://registry.npmjs.org/isarray cache-miss
2381 http fetch GET 200 https://registry.npmjs.org/dunder-proto 231ms (cache miss)
2382 silly packumentCache full:https://registry.npmjs.org/dunder-proto set size:undefined disposed:false
2383 silly fetch manifest isarray@^2.0.5
2384 silly packumentCache full:https://registry.npmjs.org/isarray cache-miss
2385 http fetch GET 200 https://registry.npmjs.org/is-date-object 257ms (cache miss)
2386 silly packumentCache full:https://registry.npmjs.org/is-date-object set size:undefined disposed:false
2387 silly fetch manifest for-each@^0.3.3
2388 silly packumentCache full:https://registry.npmjs.org/for-each cache-miss
2389 http fetch GET 200 https://registry.npmjs.org/functions-have-names 255ms (cache miss)
2390 silly packumentCache full:https://registry.npmjs.org/functions-have-names set size:undefined disposed:false
2391 silly fetch manifest for-each@^0.3.3
2392 silly packumentCache full:https://registry.npmjs.org/for-each cache-miss
2393 http fetch GET 200 https://registry.npmjs.org/dunder-proto 277ms (cache miss)
2394 silly packumentCache full:https://registry.npmjs.org/dunder-proto set size:undefined disposed:false
2395 silly fetch manifest reflect.getprototypeof@^1.0.9
2396 silly packumentCache full:https://registry.npmjs.org/reflect.getprototypeof cache-miss
2397 http fetch GET 200 https://registry.npmjs.org/is-symbol 313ms (cache miss)
2398 silly packumentCache full:https://registry.npmjs.org/is-symbol set size:undefined disposed:false
2399 silly fetch manifest for-each@^0.3.5
2400 silly packumentCache full:https://registry.npmjs.org/for-each cache-miss
2401 http fetch GET 200 https://registry.npmjs.org/side-channel 307ms (cache miss)
2402 silly packumentCache full:https://registry.npmjs.org/side-channel set size:undefined disposed:false
2403 silly fetch manifest possible-typed-array-names@^1.1.0
2404 silly packumentCache full:https://registry.npmjs.org/possible-typed-array-names cache-miss
2405 http fetch GET 200 https://registry.npmjs.org/es-abstract-get 340ms (cache miss)
2406 silly packumentCache full:https://registry.npmjs.org/es-abstract-get set size:undefined disposed:false
2407 silly fetch manifest reflect.getprototypeof@^1.0.10
2408 silly packumentCache full:https://registry.npmjs.org/reflect.getprototypeof cache-miss
2409 http cache https://registry.npmjs.org/which-typed-array 273ms (cache hit)
2410 silly packumentCache full:https://registry.npmjs.org/which-typed-array set size:101551 disposed:false
2411 silly fetch manifest has-bigints@^1.0.2
2412 silly packumentCache full:https://registry.npmjs.org/has-bigints cache-miss
2413 http cache https://registry.npmjs.org/is-typed-array 306ms (cache hit)
2414 silly packumentCache full:https://registry.npmjs.org/is-typed-array set size:79965 disposed:false
2415 silly fetch manifest which-boxed-primitive@^1.1.1
2416 silly packumentCache full:https://registry.npmjs.org/which-boxed-primitive cache-miss
2417 http fetch GET 200 https://registry.npmjs.org/set-function-name 324ms (cache miss)
2418 silly packumentCache full:https://registry.npmjs.org/set-function-name set size:undefined disposed:false
2419 silly fetch manifest for-each@^0.3.5
2420 silly packumentCache full:https://registry.npmjs.org/for-each cache-miss
2421 http cache https://registry.npmjs.org/possible-typed-array-names 260ms (cache hit)
2422 silly packumentCache full:https://registry.npmjs.org/possible-typed-array-names set size:9167 disposed:false
2423 http fetch GET 200 https://registry.npmjs.org/isarray 388ms (cache miss)
2424 silly packumentCache full:https://registry.npmjs.org/isarray set size:undefined disposed:false
2425 http fetch GET 200 https://registry.npmjs.org/for-each 364ms (cache miss)
2426 silly packumentCache full:https://registry.npmjs.org/for-each set size:undefined disposed:false
2427 http fetch GET 200 https://registry.npmjs.org/isarray 409ms (cache miss)
2428 silly packumentCache full:https://registry.npmjs.org/isarray set size:undefined disposed:false
2429 http fetch GET 200 https://registry.npmjs.org/for-each 389ms (cache miss)
2430 silly packumentCache full:https://registry.npmjs.org/for-each set size:undefined disposed:false
2431 http fetch GET 200 https://registry.npmjs.org/for-each 344ms (cache miss)
2432 silly packumentCache full:https://registry.npmjs.org/for-each set size:undefined disposed:false
2433 http fetch GET 200 https://registry.npmjs.org/reflect.getprototypeof 363ms (cache miss)
2434 silly packumentCache full:https://registry.npmjs.org/reflect.getprototypeof set size:undefined disposed:false
2435 http fetch GET 200 https://registry.npmjs.org/reflect.getprototypeof 341ms (cache miss)
2436 silly packumentCache full:https://registry.npmjs.org/reflect.getprototypeof set size:undefined disposed:false
2437 http fetch GET 200 https://registry.npmjs.org/for-each 155ms (cache miss)
2438 silly packumentCache full:https://registry.npmjs.org/for-each set size:undefined disposed:false
2439 http fetch GET 200 https://registry.npmjs.org/has-bigints 222ms (cache miss)
2440 silly packumentCache full:https://registry.npmjs.org/has-bigints set size:undefined disposed:false
2441 http fetch GET 200 https://registry.npmjs.org/which-boxed-primitive 232ms (cache miss)
2442 silly packumentCache full:https://registry.npmjs.org/which-boxed-primitive set size:undefined disposed:false
2443 silly placeDep ROOT possible-typed-array-names@1.1.0 OK for: available-typed-arrays@1.0.7 want: ^1.0.0
2444 silly placeDep ROOT has-tostringtag@1.0.2 OK for: es-set-tostringtag@2.1.0 want: ^1.0.2
2445 silly placeDep ROOT es-abstract-get@1.0.0 OK for: es-to-primitive@1.3.4 want: ^1.0.0
2446 silly placeDep ROOT is-date-object@1.1.0 OK for: es-to-primitive@1.3.4 want: ^1.1.0
2447 silly placeDep ROOT is-symbol@1.1.1 OK for: es-to-primitive@1.3.4 want: ^1.1.1
2448 silly placeDep node_modules/eslint-module-utils debug@3.2.7 OK for: eslint-module-utils@2.14.0 want: ^3.2.7
2449 silly placeDep node_modules/eslint-plugin-jsx-a11y aria-query@5.3.2 OK for: eslint-plugin-jsx-a11y@6.10.2 want: ^5.3.2
2450 silly placeDep ROOT ast-types-flow@0.0.8 OK for: eslint-plugin-jsx-a11y@6.10.2 want: ^0.0.8
2451 silly placeDep ROOT axe-core@4.12.1 OK for: eslint-plugin-jsx-a11y@6.10.2 want: ^4.10.0
2452 silly placeDep ROOT axobject-query@4.1.0 OK for: eslint-plugin-jsx-a11y@6.10.2 want: ^4.1.0
2453 silly placeDep ROOT damerau-levenshtein@1.0.8 OK for: eslint-plugin-jsx-a11y@6.10.2 want: ^1.0.8
2454 silly placeDep ROOT emoji-regex@9.2.2 OK for: eslint-plugin-jsx-a11y@6.10.2 want: ^9.2.2
2455 silly placeDep ROOT jsx-ast-utils@3.3.5 OK for: eslint-plugin-jsx-a11y@6.10.2 want: ^3.3.5
2456 silly placeDep ROOT language-tags@1.0.9 OK for: eslint-plugin-jsx-a11y@6.10.2 want: ^1.0.9
2457 silly placeDep ROOT string.prototype.includes@2.0.1 OK for: eslint-plugin-jsx-a11y@6.10.2 want: ^2.0.1
2458 silly fetch manifest language-subtag-registry@^0.3.20
2459 silly packumentCache full:https://registry.npmjs.org/language-subtag-registry cache-miss
2460 http fetch GET 200 https://registry.npmjs.org/language-subtag-registry 112ms (cache miss)
2461 silly packumentCache full:https://registry.npmjs.org/language-subtag-registry set size:undefined disposed:false
2462 silly placeDep ROOT array.prototype.findlast@1.2.5 OK for: eslint-plugin-react@7.37.5 want: ^1.2.5
2463 silly placeDep ROOT array.prototype.tosorted@1.1.4 OK for: eslint-plugin-react@7.37.5 want: ^1.1.4
2464 silly placeDep ROOT es-iterator-helpers@1.4.0 OK for: eslint-plugin-react@7.37.5 want: ^1.2.1
2465 silly placeDep ROOT estraverse@5.3.0 OK for: eslint-plugin-react@7.37.5 want: ^5.3.0
2466 silly placeDep ROOT object.entries@1.1.9 OK for: eslint-plugin-react@7.37.5 want: ^1.1.9
2467 silly placeDep ROOT prop-types@15.8.1 OK for: eslint-plugin-react@7.37.5 want: ^15.8.1
2468 silly placeDep ROOT string.prototype.matchall@4.0.12 OK for: eslint-plugin-react@7.37.5 want: ^4.0.12
2469 silly placeDep ROOT string.prototype.repeat@1.0.0 OK for: eslint-plugin-react@7.37.5 want: ^1.0.0
2470 silly fetch manifest iterator.prototype@^1.1.5
2471 silly packumentCache full:https://registry.npmjs.org/iterator.prototype cache-miss
2472 silly fetch manifest loose-envify@^1.4.0
2473 silly packumentCache full:https://registry.npmjs.org/loose-envify cache-miss
2474 silly fetch manifest object-assign@^4.1.1
2475 silly packumentCache full:https://registry.npmjs.org/object-assign cache-miss
2476 silly fetch manifest react-is@^16.13.1
2477 silly packumentCache full:https://registry.npmjs.org/react-is cache-miss
2478 http fetch GET 200 https://registry.npmjs.org/iterator.prototype 150ms (cache miss)
2479 silly packumentCache full:https://registry.npmjs.org/iterator.prototype set size:undefined disposed:false
2480 http cache https://registry.npmjs.org/react-is 193ms (cache hit)
2481 silly packumentCache full:https://registry.npmjs.org/react-is set size:5541898 disposed:false
2482 http fetch GET 200 https://registry.npmjs.org/object-assign 326ms (cache miss)
2483 silly packumentCache full:https://registry.npmjs.org/object-assign set size:undefined disposed:false
2484 http fetch GET 200 https://registry.npmjs.org/loose-envify 352ms (cache miss)
2485 silly packumentCache full:https://registry.npmjs.org/loose-envify set size:undefined disposed:false
2486 silly placeDep ROOT iterator.prototype@1.1.5 OK for: es-iterator-helpers@1.4.0 want: ^1.1.5
2487 silly placeDep ROOT esrecurse@4.3.0 OK for: eslint-scope@8.4.0 want: ^4.3.0
2488 silly placeDep ROOT acorn@8.18.0 OK for: espree@10.4.0 want: ^8.15.0
2489 silly placeDep ROOT acorn-jsx@5.3.2 OK for: espree@10.4.0 want: ^5.3.2
2490 silly placeDep ROOT @nodelib/fs.stat@2.0.5 OK for: fast-glob@3.3.1 want: ^2.0.2
2491 silly placeDep ROOT @nodelib/fs.walk@1.2.8 OK for: fast-glob@3.3.1 want: ^1.2.3
2492 silly placeDep node_modules/fast-glob glob-parent@5.1.2 OK for: fast-glob@3.3.1 want: ^5.1.2
2493 silly placeDep ROOT merge2@1.4.1 OK for: fast-glob@3.3.1 want: ^1.3.0
2494 silly placeDep ROOT micromatch@4.0.8 OK for: fast-glob@3.3.1 want: ^4.0.4
2495 silly fetch manifest fastq@^1.6.0
2496 silly packumentCache full:https://registry.npmjs.org/fastq cache-miss
2497 silly fetch manifest @nodelib/fs.scandir@2.1.5
2498 silly packumentCache full:https://registry.npmjs.org/@nodelib%2ffs.scandir cache-miss
2499 silly fetch manifest braces@^3.0.3
2500 silly packumentCache full:https://registry.npmjs.org/braces cache-miss
2501 silly fetch manifest picomatch@^2.3.1
2502 silly packumentCache full:https://registry.npmjs.org/picomatch cache-hit
2503 http fetch GET 200 https://registry.npmjs.org/fastq 90ms (cache miss)
2504 silly packumentCache full:https://registry.npmjs.org/fastq set size:undefined disposed:false
2505 http fetch GET 200 https://registry.npmjs.org/braces 105ms (cache miss)
2506 silly packumentCache full:https://registry.npmjs.org/braces set size:undefined disposed:false
2507 http fetch GET 200 https://registry.npmjs.org/@nodelib%2ffs.scandir 115ms (cache miss)
2508 silly packumentCache full:https://registry.npmjs.org/@nodelib%2ffs.scandir set size:undefined disposed:false
2509 silly placeDep ROOT @nodelib/fs.scandir@2.1.5 OK for: @nodelib/fs.walk@1.2.8 want: 2.1.5
2510 silly placeDep ROOT fastq@1.20.1 OK for: @nodelib/fs.walk@1.2.8 want: ^1.6.0
2511 silly fetch manifest run-parallel@^1.1.9
2512 silly packumentCache full:https://registry.npmjs.org/run-parallel cache-miss
2513 silly fetch manifest reusify@^1.0.4
2514 silly packumentCache full:https://registry.npmjs.org/reusify cache-miss
2515 http fetch GET 200 https://registry.npmjs.org/reusify 55ms (cache miss)
2516 silly packumentCache full:https://registry.npmjs.org/reusify set size:undefined disposed:false
2517 http fetch GET 200 https://registry.npmjs.org/run-parallel 60ms (cache miss)
2518 silly packumentCache full:https://registry.npmjs.org/run-parallel set size:undefined disposed:false
2519 silly placeDep ROOT run-parallel@1.2.0 OK for: @nodelib/fs.scandir@2.1.5 want: ^1.1.9
2520 silly fetch manifest queue-microtask@^1.2.2
2521 silly packumentCache full:https://registry.npmjs.org/queue-microtask cache-miss
2522 http fetch GET 200 https://registry.npmjs.org/queue-microtask 67ms (cache miss)
2523 silly packumentCache full:https://registry.npmjs.org/queue-microtask set size:undefined disposed:false
2524 silly placeDep ROOT reusify@1.1.0 OK for: fastq@1.20.1 want: ^1.0.4
2525 silly placeDep ROOT flat-cache@4.0.1 OK for: file-entry-cache@8.0.0 want: ^4.0.0
2526 silly fetch manifest keyv@^4.5.4
2527 silly packumentCache full:https://registry.npmjs.org/keyv cache-miss
2528 silly fetch manifest flatted@^3.2.9
2529 silly packumentCache full:https://registry.npmjs.org/flatted cache-miss
2530 http fetch GET 200 https://registry.npmjs.org/keyv 83ms (cache miss)
2531 silly packumentCache full:https://registry.npmjs.org/keyv set size:undefined disposed:false
2532 http fetch GET 200 https://registry.npmjs.org/flatted 298ms (cache miss)
2533 silly packumentCache full:https://registry.npmjs.org/flatted set size:undefined disposed:false
2534 silly placeDep ROOT locate-path@6.0.0 OK for: find-up@5.0.0 want: ^6.0.0
2535 silly placeDep ROOT path-exists@4.0.0 OK for: find-up@5.0.0 want: ^4.0.0
2536 silly fetch manifest p-locate@^5.0.0
2537 silly packumentCache full:https://registry.npmjs.org/p-locate cache-miss
2538 http fetch GET 200 https://registry.npmjs.org/p-locate 47ms (cache miss)
2539 silly packumentCache full:https://registry.npmjs.org/p-locate set size:undefined disposed:false
2540 silly placeDep ROOT flatted@3.4.4 OK for: flat-cache@4.0.1 want: ^3.2.9
2541 silly placeDep ROOT keyv@4.5.4 OK for: flat-cache@4.0.1 want: ^4.5.4
2542 silly fetch manifest json-buffer@3.0.1
2543 silly packumentCache full:https://registry.npmjs.org/json-buffer cache-miss
2544 http fetch GET 200 https://registry.npmjs.org/json-buffer 40ms (cache miss)
2545 silly packumentCache full:https://registry.npmjs.org/json-buffer set size:undefined disposed:false
2546 silly placeDep ROOT motion-dom@12.43.0 OK for: framer-motion@12.43.0 want: ^12.43.0
2547 silly placeDep ROOT motion-utils@12.39.0 OK for: framer-motion@12.43.0 want: ^12.39.0
2548 silly placeDep ROOT tslib@2.8.1 OK for: framer-motion@12.43.0 want: ^2.4.0
2549 silly placeDep ROOT functions-have-names@1.2.3 OK for: function.prototype.name@1.2.0 want: ^1.2.3
2550 silly placeDep ROOT is-document.all@1.0.0 OK for: function.prototype.name@1.2.0 want: ^1.0.0
2551 silly placeDep ROOT dunder-proto@1.0.1 OK for: get-proto@1.0.1 want: ^1.0.1
2552 silly placeDep ROOT resolve-pkg-maps@1.0.0 OK for: get-tsconfig@4.14.0 want: ^1.0.0
2553 silly placeDep ROOT parent-module@1.0.1 OK for: import-fresh@3.3.1 want: ^1.0.0
2554 silly placeDep ROOT resolve-from@4.0.0 OK for: import-fresh@3.3.1 want: ^4.0.0
2555 silly fetch manifest callsites@^3.0.0
2556 silly packumentCache full:https://registry.npmjs.org/callsites cache-miss
2557 http fetch GET 200 https://registry.npmjs.org/callsites 85ms (cache miss)
2558 silly packumentCache full:https://registry.npmjs.org/callsites set size:undefined disposed:false
2559 silly placeDep ROOT side-channel@1.1.1 OK for: internal-slot@1.1.0 want: ^1.1.0
2560 silly fetch manifest side-channel-list@^1.0.1
2561 silly packumentCache full:https://registry.npmjs.org/side-channel-list cache-miss
2562 silly fetch manifest side-channel-map@^1.0.1
2563 silly packumentCache full:https://registry.npmjs.org/side-channel-map cache-miss
2564 silly fetch manifest side-channel-weakmap@^1.0.2
2565 silly packumentCache full:https://registry.npmjs.org/side-channel-weakmap cache-miss
2566 http fetch GET 200 https://registry.npmjs.org/side-channel-list 80ms (cache miss)
2567 silly packumentCache full:https://registry.npmjs.org/side-channel-list set size:undefined disposed:false
2568 http fetch GET 200 https://registry.npmjs.org/side-channel-map 82ms (cache miss)
2569 silly packumentCache full:https://registry.npmjs.org/side-channel-map set size:undefined disposed:false
2570 http fetch GET 200 https://registry.npmjs.org/side-channel-weakmap 93ms (cache miss)
2571 silly packumentCache full:https://registry.npmjs.org/side-channel-weakmap set size:undefined disposed:false
2572 silly placeDep node_modules/is-bun-module semver@7.8.5 OK for: is-bun-module@2.0.0 want: ^7.7.1
2573 silly placeDep ROOT is-extglob@2.1.1 OK for: is-glob@4.0.3 want: ^2.1.1
2574 silly placeDep ROOT set-function-name@2.0.2 OK for: iterator.prototype@1.1.5 want: ^2.0.2
2575 silly placeDep ROOT argparse@2.0.1 OK for: js-yaml@4.3.0 want: ^2.0.1
2576 silly fetch manifest bufferutil@^4.0.1
2577 silly packumentCache full:https://registry.npmjs.org/bufferutil cache-miss
2578 http fetch GET 200 https://registry.npmjs.org/bufferutil 73ms (cache miss)
2579 silly packumentCache full:https://registry.npmjs.org/bufferutil set size:undefined disposed:false
2580 silly fetch manifest utf-8-validate@>=5.0.2
2581 silly packumentCache full:https://registry.npmjs.org/utf-8-validate cache-miss
2582 http fetch GET 200 https://registry.npmjs.org/utf-8-validate 100ms (cache miss)
2583 silly packumentCache full:https://registry.npmjs.org/utf-8-validate set size:undefined disposed:false
2584 silly placeDep ROOT cssstyle@4.6.0 OK for: jsdom@25.0.1 want: ^4.1.0
2585 silly placeDep ROOT data-urls@5.0.0 OK for: jsdom@25.0.1 want: ^5.0.0
2586 silly placeDep ROOT decimal.js@10.6.0 OK for: jsdom@25.0.1 want: ^10.4.3
2587 silly placeDep ROOT form-data@4.0.6 OK for: jsdom@25.0.1 want: ^4.0.0
2588 silly placeDep ROOT html-encoding-sniffer@4.0.0 OK for: jsdom@25.0.1 want: ^4.0.0
2589 silly placeDep ROOT http-proxy-agent@7.0.2 OK for: jsdom@25.0.1 want: ^7.0.2
2590 silly placeDep ROOT https-proxy-agent@7.0.6 OK for: jsdom@25.0.1 want: ^7.0.5
2591 silly placeDep ROOT is-potential-custom-element-name@1.0.1 OK for: jsdom@25.0.1 want: ^1.0.1
2592 silly placeDep ROOT nwsapi@2.2.24 OK for: jsdom@25.0.1 want: ^2.2.12
2593 silly placeDep ROOT parse5@7.3.0 OK for: jsdom@25.0.1 want: ^7.1.2
2594 silly placeDep ROOT rrweb-cssom@0.7.1 OK for: jsdom@25.0.1 want: ^0.7.1
2595 silly placeDep ROOT saxes@6.0.0 OK for: jsdom@25.0.1 want: ^6.0.0
2596 silly placeDep ROOT symbol-tree@3.2.4 OK for: jsdom@25.0.1 want: ^3.2.4
2597 silly placeDep ROOT tough-cookie@5.1.2 OK for: jsdom@25.0.1 want: ^5.0.0
2598 silly placeDep ROOT w3c-xmlserializer@5.0.0 OK for: jsdom@25.0.1 want: ^5.0.0
2599 silly placeDep ROOT webidl-conversions@7.0.0 OK for: jsdom@25.0.1 want: ^7.0.0
2600 silly placeDep ROOT whatwg-encoding@3.1.1 OK for: jsdom@25.0.1 want: ^3.1.1
2601 silly placeDep ROOT whatwg-mimetype@4.0.0 OK for: jsdom@25.0.1 want: ^4.0.0
2602 silly placeDep ROOT whatwg-url@14.2.0 OK for: jsdom@25.0.1 want: ^14.0.0
2603 silly placeDep ROOT ws@8.21.1 OK for: jsdom@25.0.1 want: ^8.18.0
2604 silly placeDep ROOT xml-name-validator@5.0.0 OK for: jsdom@25.0.1 want: ^5.0.0
2605 silly fetch manifest rrweb-cssom@^0.8.0
2606 silly packumentCache full:https://registry.npmjs.org/rrweb-cssom cache-miss
2607 silly fetch manifest @asamuzakjp/css-color@^3.2.0
2608 silly packumentCache full:https://registry.npmjs.org/@asamuzakjp%2fcss-color cache-miss
2609 silly fetch manifest asynckit@^0.4.0
2610 silly packumentCache full:https://registry.npmjs.org/asynckit cache-miss
2611 silly fetch manifest mime-types@^2.1.35
2612 silly packumentCache full:https://registry.npmjs.org/mime-types cache-miss
2613 silly fetch manifest combined-stream@^1.0.8
2614 silly packumentCache full:https://registry.npmjs.org/combined-stream cache-miss
2615 silly fetch manifest agent-base@^7.1.0
2616 silly packumentCache full:https://registry.npmjs.org/agent-base cache-miss
2617 silly fetch manifest agent-base@^7.1.2
2618 silly packumentCache full:https://registry.npmjs.org/agent-base cache-miss
2619 silly fetch manifest entities@^6.0.0
2620 silly packumentCache full:https://registry.npmjs.org/entities cache-miss
2621 silly fetch manifest xmlchars@^2.2.0
2622 silly packumentCache full:https://registry.npmjs.org/xmlchars cache-miss
2623 silly fetch manifest tldts@^6.1.32
2624 silly packumentCache full:https://registry.npmjs.org/tldts cache-miss
2625 silly fetch manifest iconv-lite@0.6.3
2626 silly packumentCache full:https://registry.npmjs.org/iconv-lite cache-miss
2627 http cache https://registry.npmjs.org/rrweb-cssom 137ms (cache hit)
2628 silly packumentCache full:https://registry.npmjs.org/rrweb-cssom set size:10104 disposed:false
2629 silly fetch manifest tr46@^5.1.0
2630 silly packumentCache full:https://registry.npmjs.org/tr46 cache-miss
2631 http fetch GET 200 https://registry.npmjs.org/asynckit 207ms (cache miss)
2632 silly packumentCache full:https://registry.npmjs.org/asynckit set size:undefined disposed:false
2633 http fetch GET 200 https://registry.npmjs.org/agent-base 280ms (cache miss)
2634 silly packumentCache full:https://registry.npmjs.org/agent-base set size:undefined disposed:false
2635 http fetch GET 200 https://registry.npmjs.org/mime-types 320ms (cache miss)
2636 silly packumentCache full:https://registry.npmjs.org/mime-types set size:undefined disposed:false
2637 http fetch GET 200 https://registry.npmjs.org/xmlchars 369ms (cache miss)
2638 silly packumentCache full:https://registry.npmjs.org/xmlchars set size:undefined disposed:false
2639 http fetch GET 200 https://registry.npmjs.org/agent-base 415ms (cache miss)
2640 silly packumentCache full:https://registry.npmjs.org/agent-base set size:undefined disposed:false
2641 http fetch GET 200 https://registry.npmjs.org/@asamuzakjp%2fcss-color 476ms (cache miss)
2642 silly packumentCache full:https://registry.npmjs.org/@asamuzakjp%2fcss-color set size:undefined disposed:false
2643 http fetch GET 200 https://registry.npmjs.org/entities 479ms (cache miss)
2644 silly packumentCache full:https://registry.npmjs.org/entities set size:undefined disposed:false
2645 http fetch GET 200 https://registry.npmjs.org/tr46 361ms (cache miss)
2646 silly packumentCache full:https://registry.npmjs.org/tr46 set size:undefined disposed:false
2647 http fetch GET 200 https://registry.npmjs.org/iconv-lite 485ms (cache miss)
2648 silly packumentCache full:https://registry.npmjs.org/iconv-lite set size:undefined disposed:false
2649 http fetch GET 200 https://registry.npmjs.org/combined-stream 557ms (cache miss)
2650 silly packumentCache full:https://registry.npmjs.org/combined-stream set size:undefined disposed:false
2651 http fetch GET 200 https://registry.npmjs.org/tldts 1082ms (cache miss)
2652 silly packumentCache full:https://registry.npmjs.org/tldts set size:undefined disposed:false
2653 silly placeDep ROOT @asamuzakjp/css-color@3.2.0 OK for: cssstyle@4.6.0 want: ^3.2.0
2654 silly placeDep node_modules/cssstyle rrweb-cssom@0.8.0 OK for: cssstyle@4.6.0 want: ^0.8.0
2655 silly fetch manifest lru-cache@^10.4.3
2656 silly packumentCache full:https://registry.npmjs.org/lru-cache cache-miss
2657 silly fetch manifest @csstools/css-calc@^2.1.3
2658 silly packumentCache full:https://registry.npmjs.org/@csstools%2fcss-calc cache-miss
2659 silly fetch manifest @csstools/css-tokenizer@^3.0.3
2660 silly packumentCache full:https://registry.npmjs.org/@csstools%2fcss-tokenizer cache-miss
2661 silly fetch manifest @csstools/css-color-parser@^3.0.9
2662 silly packumentCache full:https://registry.npmjs.org/@csstools%2fcss-color-parser cache-miss
2663 silly fetch manifest @csstools/css-parser-algorithms@^3.0.4
2664 silly packumentCache full:https://registry.npmjs.org/@csstools%2fcss-parser-algorithms cache-miss
2665 http cache https://registry.npmjs.org/lru-cache 54ms (cache hit)
2666 silly packumentCache full:https://registry.npmjs.org/lru-cache set size:460407 disposed:false
2667 http fetch GET 200 https://registry.npmjs.org/@csstools%2fcss-calc 241ms (cache miss)
2668 silly packumentCache full:https://registry.npmjs.org/@csstools%2fcss-calc set size:undefined disposed:false
2669 http fetch GET 200 https://registry.npmjs.org/@csstools%2fcss-parser-algorithms 243ms (cache miss)
2670 silly packumentCache full:https://registry.npmjs.org/@csstools%2fcss-parser-algorithms set size:undefined disposed:false
2671 http fetch GET 200 https://registry.npmjs.org/@csstools%2fcss-color-parser 257ms (cache miss)
2672 silly packumentCache full:https://registry.npmjs.org/@csstools%2fcss-color-parser set size:undefined disposed:false
2673 http fetch GET 200 https://registry.npmjs.org/@csstools%2fcss-tokenizer 357ms (cache miss)
2674 silly packumentCache full:https://registry.npmjs.org/@csstools%2fcss-tokenizer set size:undefined disposed:false
2675 silly placeDep ROOT @csstools/css-calc@2.1.4 OK for: @asamuzakjp/css-color@3.2.0 want: ^2.1.3
2676 silly placeDep ROOT @csstools/css-tokenizer@3.0.4 OK for: @csstools/css-calc@2.1.4 want: ^3.0.4
2677 silly placeDep ROOT @csstools/css-parser-algorithms@3.0.5 OK for: @csstools/css-calc@2.1.4 want: ^3.0.5
2678 silly placeDep ROOT @csstools/css-color-parser@3.1.0 OK for: @asamuzakjp/css-color@3.2.0 want: ^3.0.9
2679 silly placeDep node_modules/@asamuzakjp/css-color lru-cache@10.4.3 OK for: @asamuzakjp/css-color@3.2.0 want: ^10.4.3
2680 silly fetch manifest @csstools/color-helpers@^5.1.0
2681 silly packumentCache full:https://registry.npmjs.org/@csstools%2fcolor-helpers cache-miss
2682 http fetch GET 200 https://registry.npmjs.org/@csstools%2fcolor-helpers 93ms (cache miss)
2683 silly packumentCache full:https://registry.npmjs.org/@csstools%2fcolor-helpers set size:undefined disposed:false
2684 silly placeDep ROOT @csstools/color-helpers@5.1.0 OK for: @csstools/css-color-parser@3.1.0 want: ^5.1.0
2685 silly placeDep ROOT asynckit@0.4.0 OK for: form-data@4.0.6 want: ^0.4.0
2686 silly placeDep ROOT combined-stream@1.0.8 OK for: form-data@4.0.6 want: ^1.0.8
2687 silly placeDep ROOT mime-types@2.1.35 OK for: form-data@4.0.6 want: ^2.1.35
2688 silly fetch manifest delayed-stream@~1.0.0
2689 silly packumentCache full:https://registry.npmjs.org/delayed-stream cache-miss
2690 silly fetch manifest mime-db@1.52.0
2691 silly packumentCache full:https://registry.npmjs.org/mime-db cache-miss
2692 http fetch GET 200 https://registry.npmjs.org/delayed-stream 59ms (cache miss)
2693 silly packumentCache full:https://registry.npmjs.org/delayed-stream set size:undefined disposed:false
2694 http fetch GET 200 https://registry.npmjs.org/mime-db 113ms (cache miss)
2695 silly packumentCache full:https://registry.npmjs.org/mime-db set size:undefined disposed:false
2696 silly placeDep ROOT delayed-stream@1.0.0 OK for: combined-stream@1.0.8 want: ~1.0.0
2697 silly placeDep ROOT agent-base@7.1.4 OK for: http-proxy-agent@7.0.2 want: ^7.1.0
2698 silly placeDep ROOT json-buffer@3.0.1 OK for: keyv@4.5.4 want: 3.0.1
2699 silly placeDep ROOT language-subtag-registry@0.3.23 OK for: language-tags@1.0.9 want: ^0.3.20
2700 silly placeDep ROOT prelude-ls@1.2.1 OK for: levn@0.4.1 want: ^1.2.1
2701 silly placeDep ROOT type-check@0.4.0 OK for: levn@0.4.1 want: ~0.4.0
2702 silly placeDep ROOT p-locate@5.0.0 OK for: locate-path@6.0.0 want: ^5.0.0
2703 silly fetch manifest p-limit@^3.0.2
2704 silly packumentCache full:https://registry.npmjs.org/p-limit cache-miss
2705 http fetch GET 200 https://registry.npmjs.org/p-limit 71ms (cache miss)
2706 silly packumentCache full:https://registry.npmjs.org/p-limit set size:undefined disposed:false
2707 silly placeDep ROOT yallist@3.1.1 OK for: lru-cache@5.1.1 want: ^3.0.2
2708 silly placeDep ROOT braces@3.0.3 OK for: micromatch@4.0.8 want: ^3.0.3
2709 silly placeDep ROOT picomatch@2.3.2 OK for: micromatch@4.0.8 want: ^2.3.1
2710 silly fetch manifest fill-range@^7.1.1
2711 silly packumentCache full:https://registry.npmjs.org/fill-range cache-miss
2712 http fetch GET 200 https://registry.npmjs.org/fill-range 308ms (cache miss)
2713 silly packumentCache full:https://registry.npmjs.org/fill-range set size:undefined disposed:false
2714 silly placeDep ROOT fill-range@7.1.1 OK for: braces@3.0.3 want: ^7.1.1
2715 silly fetch manifest to-regex-range@^5.0.1
2716 silly packumentCache full:https://registry.npmjs.org/to-regex-range cache-miss
2717 http fetch GET 200 https://registry.npmjs.org/to-regex-range 59ms (cache miss)
2718 silly packumentCache full:https://registry.npmjs.org/to-regex-range set size:undefined disposed:false
2719 silly placeDep ROOT to-regex-range@5.0.1 OK for: fill-range@7.1.1 want: ^5.0.1
2720 silly fetch manifest is-number@^7.0.0
2721 silly packumentCache full:https://registry.npmjs.org/is-number cache-miss
2722 http fetch GET 200 https://registry.npmjs.org/is-number 72ms (cache miss)
2723 silly packumentCache full:https://registry.npmjs.org/is-number set size:undefined disposed:false
2724 silly placeDep ROOT mime-db@1.52.0 OK for: mime-types@2.1.35 want: 1.52.0
2725 silly placeDep ROOT brace-expansion@1.1.18 OK for: minimatch@3.1.5 want: ^1.1.7
2726 silly fetch manifest concat-map@0.0.1
2727 silly packumentCache full:https://registry.npmjs.org/concat-map cache-miss
2728 silly fetch manifest balanced-match@^1.0.0
2729 silly packumentCache full:https://registry.npmjs.org/balanced-match cache-miss
2730 http fetch GET 200 https://registry.npmjs.org/concat-map 54ms (cache miss)
2731 silly packumentCache full:https://registry.npmjs.org/concat-map set size:undefined disposed:false
2732 http fetch GET 200 https://registry.npmjs.org/balanced-match 62ms (cache miss)
2733 silly packumentCache full:https://registry.npmjs.org/balanced-match set size:undefined disposed:false
2734 silly placeDep ROOT balanced-match@1.0.2 OK for: brace-expansion@1.1.18 want: ^1.0.0
2735 silly placeDep ROOT concat-map@0.0.1 OK for: brace-expansion@1.1.18 want: 0.0.1
2736 silly fetch manifest react@^18.2.0 || 19.0.0-rc-de68d2f4-20241204 || ^19.0.0
2737 silly packumentCache full:https://registry.npmjs.org/react cache-miss
2738 http cache https://registry.npmjs.org/react 66ms (cache hit)
2739 silly packumentCache full:https://registry.npmjs.org/react set size:6849402 disposed:false
2740 silly placeDep ROOT @next/env@15.5.22 OK for: next@15.5.22 want: 15.5.22
2741 silly placeDep ROOT @next/swc-darwin-arm64@15.5.22 OK for: next@15.5.22 want: 15.5.22
2742 silly placeDep ROOT @next/swc-darwin-x64@15.5.22 OK for: next@15.5.22 want: 15.5.22
2743 silly placeDep ROOT @next/swc-linux-arm64-gnu@15.5.22 OK for: next@15.5.22 want: 15.5.22
2744 silly placeDep ROOT @next/swc-linux-arm64-musl@15.5.22 OK for: next@15.5.22 want: 15.5.22
2745 silly placeDep ROOT @next/swc-linux-x64-gnu@15.5.22 OK for: next@15.5.22 want: 15.5.22
2746 silly placeDep ROOT @next/swc-linux-x64-musl@15.5.22 OK for: next@15.5.22 want: 15.5.22
2747 silly placeDep ROOT @next/swc-win32-arm64-msvc@15.5.22 OK for: next@15.5.22 want: 15.5.22
2748 silly placeDep ROOT @next/swc-win32-x64-msvc@15.5.22 OK for: next@15.5.22 want: 15.5.22
2749 silly placeDep ROOT @swc/helpers@0.5.15 OK for: next@15.5.22 want: 0.5.15
2750 silly placeDep node_modules/next postcss@8.4.31 OK for: next@15.5.22 want: 8.4.31
2751 silly placeDep ROOT sharp@0.34.5 OK for: next@15.5.22 want: ^0.34.3
2752 silly placeDep ROOT styled-jsx@5.1.6 OK for: next@15.5.22 want: 5.1.6
2753 silly fetch manifest nanoid@^3.3.6
2754 silly packumentCache full:https://registry.npmjs.org/nanoid cache-miss
2755 silly fetch manifest source-map-js@^1.0.2
2756 silly packumentCache full:https://registry.npmjs.org/source-map-js cache-miss
2757 silly fetch manifest @img/colour@^1.0.0
2758 silly packumentCache full:https://registry.npmjs.org/@img%2fcolour cache-miss
2759 silly fetch manifest detect-libc@^2.1.2
2760 silly packumentCache full:https://registry.npmjs.org/detect-libc cache-miss
2761 silly fetch manifest @img/sharp-wasm32@0.34.5
2762 silly packumentCache full:https://registry.npmjs.org/@img%2fsharp-wasm32 cache-miss
2763 silly fetch manifest @img/sharp-linux-arm@0.34.5
2764 silly packumentCache full:https://registry.npmjs.org/@img%2fsharp-linux-arm cache-miss
2765 silly fetch manifest @img/sharp-linux-x64@0.34.5
2766 silly packumentCache full:https://registry.npmjs.org/@img%2fsharp-linux-x64 cache-miss
2767 silly fetch manifest @img/sharp-win32-x64@0.34.5
2768 silly packumentCache full:https://registry.npmjs.org/@img%2fsharp-win32-x64 cache-miss
2769 silly fetch manifest @img/sharp-darwin-x64@0.34.5
2770 silly packumentCache full:https://registry.npmjs.org/@img%2fsharp-darwin-x64 cache-miss
2771 silly fetch manifest @img/sharp-win32-ia32@0.34.5
2772 silly packumentCache full:https://registry.npmjs.org/@img%2fsharp-win32-ia32 cache-miss
2773 silly fetch manifest @img/sharp-linux-arm64@0.34.5
2774 silly packumentCache full:https://registry.npmjs.org/@img%2fsharp-linux-arm64 cache-miss
2775 http cache https://registry.npmjs.org/source-map-js 362ms (cache hit)
2776 silly packumentCache full:https://registry.npmjs.org/source-map-js set size:62640 disposed:false
2777 silly fetch manifest @img/sharp-linux-ppc64@0.34.5
2778 silly packumentCache full:https://registry.npmjs.org/@img%2fsharp-linux-ppc64 cache-miss
2779 http fetch GET 200 https://registry.npmjs.org/detect-libc 383ms (cache miss)
2780 silly packumentCache full:https://registry.npmjs.org/detect-libc set size:undefined disposed:false
2781 silly fetch manifest @img/sharp-linux-s390x@0.34.5
2782 silly packumentCache full:https://registry.npmjs.org/@img%2fsharp-linux-s390x cache-miss
2783 http cache https://registry.npmjs.org/nanoid 404ms (cache hit)
2784 silly packumentCache full:https://registry.npmjs.org/nanoid set size:335912 disposed:false
2785 silly fetch manifest @img/sharp-win32-arm64@0.34.5
2786 silly packumentCache full:https://registry.npmjs.org/@img%2fsharp-win32-arm64 cache-miss
2787 http fetch GET 200 https://registry.npmjs.org/@img%2fcolour 446ms (cache miss)
2788 silly packumentCache full:https://registry.npmjs.org/@img%2fcolour set size:undefined disposed:false
2789 silly fetch manifest @img/sharp-darwin-arm64@0.34.5
2790 silly packumentCache full:https://registry.npmjs.org/@img%2fsharp-darwin-arm64 cache-miss
2791 http fetch GET 200 https://registry.npmjs.org/@img%2fsharp-wasm32 467ms (cache miss)
2792 silly packumentCache full:https://registry.npmjs.org/@img%2fsharp-wasm32 set size:undefined disposed:false
2793 silly fetch manifest @img/sharp-linux-riscv64@0.34.5
2794 silly packumentCache full:https://registry.npmjs.org/@img%2fsharp-linux-riscv64 cache-miss
2795 http fetch GET 200 https://registry.npmjs.org/@img%2fsharp-linux-arm 479ms (cache miss)
2796 silly packumentCache full:https://registry.npmjs.org/@img%2fsharp-linux-arm set size:undefined disposed:false
2797 silly fetch manifest @img/sharp-linuxmusl-x64@0.34.5
2798 silly packumentCache full:https://registry.npmjs.org/@img%2fsharp-linuxmusl-x64 cache-miss
2799 http fetch GET 200 https://registry.npmjs.org/@img%2fsharp-win32-ia32 486ms (cache miss)
2800 silly packumentCache full:https://registry.npmjs.org/@img%2fsharp-win32-ia32 set size:undefined disposed:false
2801 silly fetch manifest @img/sharp-linuxmusl-arm64@0.34.5
2802 silly packumentCache full:https://registry.npmjs.org/@img%2fsharp-linuxmusl-arm64 cache-miss
2803 http fetch GET 200 https://registry.npmjs.org/@img%2fsharp-linux-x64 506ms (cache miss)
2804 silly packumentCache full:https://registry.npmjs.org/@img%2fsharp-linux-x64 set size:undefined disposed:false
2805 silly fetch manifest @img/sharp-libvips-linux-arm@1.2.4
2806 silly packumentCache full:https://registry.npmjs.org/@img%2fsharp-libvips-linux-arm cache-miss
2807 http fetch GET 200 https://registry.npmjs.org/@img%2fsharp-darwin-x64 552ms (cache miss)
2808 silly packumentCache full:https://registry.npmjs.org/@img%2fsharp-darwin-x64 set size:undefined disposed:false
2809 silly fetch manifest @img/sharp-libvips-linux-x64@1.2.4
2810 silly packumentCache full:https://registry.npmjs.org/@img%2fsharp-libvips-linux-x64 cache-miss
2811 http fetch GET 200 https://registry.npmjs.org/@img%2fsharp-linux-arm64 552ms (cache miss)
2812 silly packumentCache full:https://registry.npmjs.org/@img%2fsharp-linux-arm64 set size:undefined disposed:false
2813 silly fetch manifest @img/sharp-libvips-darwin-x64@1.2.4
2814 silly packumentCache full:https://registry.npmjs.org/@img%2fsharp-libvips-darwin-x64 cache-miss
2815 http fetch GET 200 https://registry.npmjs.org/@img%2fsharp-win32-x64 673ms (cache miss)
2816 silly packumentCache full:https://registry.npmjs.org/@img%2fsharp-win32-x64 set size:undefined disposed:false
2817 silly fetch manifest @img/sharp-libvips-linux-arm64@1.2.4
2818 silly packumentCache full:https://registry.npmjs.org/@img%2fsharp-libvips-linux-arm64 cache-miss
2819 http fetch GET 200 https://registry.npmjs.org/@img%2fsharp-win32-arm64 287ms (cache miss)
2820 silly packumentCache full:https://registry.npmjs.org/@img%2fsharp-win32-arm64 set size:undefined disposed:false
2821 silly fetch manifest @img/sharp-libvips-linux-ppc64@1.2.4
2822 silly packumentCache full:https://registry.npmjs.org/@img%2fsharp-libvips-linux-ppc64 cache-miss
2823 http fetch GET 200 https://registry.npmjs.org/@img%2fsharp-linux-s390x 412ms (cache miss)
2824 silly packumentCache full:https://registry.npmjs.org/@img%2fsharp-linux-s390x set size:undefined disposed:false
2825 silly fetch manifest @img/sharp-libvips-linux-s390x@1.2.4
2826 silly packumentCache full:https://registry.npmjs.org/@img%2fsharp-libvips-linux-s390x cache-miss
2827 http fetch GET 200 https://registry.npmjs.org/@img%2fsharp-linuxmusl-x64 349ms (cache miss)
2828 silly packumentCache full:https://registry.npmjs.org/@img%2fsharp-linuxmusl-x64 set size:undefined disposed:false
2829 silly fetch manifest @img/sharp-libvips-darwin-arm64@1.2.4
2830 silly packumentCache full:https://registry.npmjs.org/@img%2fsharp-libvips-darwin-arm64 cache-miss
2831 http fetch GET 200 https://registry.npmjs.org/@img%2fsharp-linuxmusl-arm64 376ms (cache miss)
2832 silly packumentCache full:https://registry.npmjs.org/@img%2fsharp-linuxmusl-arm64 set size:undefined disposed:false
2833 silly fetch manifest @img/sharp-libvips-linux-riscv64@1.2.4
2834 silly packumentCache full:https://registry.npmjs.org/@img%2fsharp-libvips-linux-riscv64 cache-miss
2835 http fetch GET 200 https://registry.npmjs.org/@img%2fsharp-libvips-linux-x64 642ms (cache miss)
2836 silly packumentCache full:https://registry.npmjs.org/@img%2fsharp-libvips-linux-x64 set size:undefined disposed:false
2837 silly fetch manifest @img/sharp-libvips-linuxmusl-x64@1.2.4
2838 silly packumentCache full:https://registry.npmjs.org/@img%2fsharp-libvips-linuxmusl-x64 cache-miss
2839 http fetch GET 200 https://registry.npmjs.org/@img%2fsharp-libvips-darwin-x64 656ms (cache miss)
2840 silly packumentCache full:https://registry.npmjs.org/@img%2fsharp-libvips-darwin-x64 set size:undefined disposed:false
2841 silly fetch manifest @img/sharp-libvips-linuxmusl-arm64@1.2.4
2842 silly packumentCache full:https://registry.npmjs.org/@img%2fsharp-libvips-linuxmusl-arm64 cache-miss
2843 http fetch GET 200 https://registry.npmjs.org/@img%2fsharp-linux-ppc64 875ms (cache miss)
2844 silly packumentCache full:https://registry.npmjs.org/@img%2fsharp-linux-ppc64 set size:undefined disposed:false
2845 silly fetch manifest client-only@0.0.1
2846 silly packumentCache full:https://registry.npmjs.org/client-only cache-miss
2847 http fetch GET 200 https://registry.npmjs.org/@img%2fsharp-libvips-linux-ppc64 535ms (cache miss)
2848 silly packumentCache full:https://registry.npmjs.org/@img%2fsharp-libvips-linux-ppc64 set size:undefined disposed:false
2849 http fetch GET 200 https://registry.npmjs.org/@img%2fsharp-linux-riscv64 805ms (cache miss)
2850 silly packumentCache full:https://registry.npmjs.org/@img%2fsharp-linux-riscv64 set size:undefined disposed:false
2851 http fetch GET 200 https://registry.npmjs.org/@img%2fsharp-libvips-linux-arm64 599ms (cache miss)
2852 silly packumentCache full:https://registry.npmjs.org/@img%2fsharp-libvips-linux-arm64 set size:undefined disposed:false
2853 http fetch GET 200 https://registry.npmjs.org/@img%2fsharp-darwin-arm64 862ms (cache miss)
2854 silly packumentCache full:https://registry.npmjs.org/@img%2fsharp-darwin-arm64 set size:undefined disposed:false
2855 http fetch GET 200 https://registry.npmjs.org/@img%2fsharp-libvips-linux-s390x 505ms (cache miss)
2856 silly packumentCache full:https://registry.npmjs.org/@img%2fsharp-libvips-linux-s390x set size:undefined disposed:false
2857 http fetch GET 200 https://registry.npmjs.org/@img%2fsharp-libvips-darwin-arm64 480ms (cache miss)
2858 silly packumentCache full:https://registry.npmjs.org/@img%2fsharp-libvips-darwin-arm64 set size:undefined disposed:false
2859 http fetch GET 200 https://registry.npmjs.org/@img%2fsharp-libvips-linux-arm 815ms (cache miss)
2860 silly packumentCache full:https://registry.npmjs.org/@img%2fsharp-libvips-linux-arm set size:undefined disposed:false
2861 http fetch GET 200 https://registry.npmjs.org/@img%2fsharp-libvips-linux-riscv64 445ms (cache miss)
2862 silly packumentCache full:https://registry.npmjs.org/@img%2fsharp-libvips-linux-riscv64 set size:undefined disposed:false
2863 http fetch GET 200 https://registry.npmjs.org/@img%2fsharp-libvips-linuxmusl-x64 160ms (cache miss)
2864 silly packumentCache full:https://registry.npmjs.org/@img%2fsharp-libvips-linuxmusl-x64 set size:undefined disposed:false
2865 http fetch GET 200 https://registry.npmjs.org/client-only 128ms (cache miss)
2866 silly packumentCache full:https://registry.npmjs.org/client-only set size:undefined disposed:false
2867 http fetch GET 200 https://registry.npmjs.org/@img%2fsharp-libvips-linuxmusl-arm64 145ms (cache miss)
2868 silly packumentCache full:https://registry.npmjs.org/@img%2fsharp-libvips-linuxmusl-arm64 set size:undefined disposed:false
2869 silly placeDep ROOT deep-is@0.1.4 OK for: optionator@0.9.4 want: ^0.1.3
2870 silly placeDep ROOT fast-levenshtein@2.0.6 OK for: optionator@0.9.4 want: ^2.0.6
2871 silly placeDep ROOT word-wrap@1.2.5 OK for: optionator@0.9.4 want: ^1.2.5
2872 silly placeDep ROOT p-limit@3.1.0 OK for: p-locate@5.0.0 want: ^3.0.2
2873 silly fetch manifest yocto-queue@^0.1.0
2874 silly packumentCache full:https://registry.npmjs.org/yocto-queue cache-miss
2875 http fetch GET 200 https://registry.npmjs.org/yocto-queue 99ms (cache miss)
2876 silly packumentCache full:https://registry.npmjs.org/yocto-queue set size:undefined disposed:false
2877 silly placeDep ROOT yocto-queue@0.1.0 OK for: p-limit@3.1.0 want: ^0.1.0
2878 silly placeDep ROOT callsites@3.1.0 OK for: parent-module@1.0.1 want: ^3.0.0
2879 silly placeDep ROOT entities@6.0.1 OK for: parse5@7.3.0 want: ^6.0.0
2880 silly placeDep ROOT nanoid@3.3.16 OK for: postcss@8.5.25 want: ^3.3.16
2881 silly placeDep ROOT source-map-js@1.2.1 OK for: postcss@8.5.25 want: ^1.2.1
2882 silly placeDep ROOT ansi-regex@5.0.1 OK for: pretty-format@27.5.1 want: ^5.0.1
2883 silly placeDep node_modules/pretty-format ansi-styles@5.2.0 OK for: pretty-format@27.5.1 want: ^5.0.0
2884 silly placeDep ROOT react-is@17.0.2 OK for: pretty-format@27.5.1 want: ^17.0.1
2885 silly placeDep ROOT loose-envify@1.4.0 OK for: prop-types@15.8.1 want: ^1.4.0
2886 silly placeDep ROOT object-assign@4.1.1 OK for: prop-types@15.8.1 want: ^4.1.1
2887 silly placeDep node_modules/prop-types react-is@16.13.1 OK for: prop-types@15.8.1 want: ^16.13.1
2888 silly placeDep ROOT scheduler@0.27.0 OK for: react-dom@19.2.8 want: ^0.27.0
2889 silly placeDep ROOT indent-string@4.0.0 OK for: redent@3.0.0 want: ^4.0.0
2890 silly placeDep ROOT strip-indent@3.0.0 OK for: redent@3.0.0 want: ^3.0.0
2891 silly fetch manifest min-indent@^1.0.0
2892 silly packumentCache full:https://registry.npmjs.org/min-indent cache-miss
2893 http fetch GET 200 https://registry.npmjs.org/min-indent 205ms (cache miss)
2894 silly packumentCache full:https://registry.npmjs.org/min-indent set size:undefined disposed:false
2895 silly placeDep ROOT node-exports-info@1.6.2 OK for: resolve@2.0.0-next.7 want: ^1.6.0
2896 silly placeDep ROOT path-parse@1.0.7 OK for: resolve@2.0.0-next.7 want: ^1.0.7
2897 silly placeDep ROOT supports-preserve-symlinks-flag@1.0.0 OK for: resolve@2.0.0-next.7 want: ^1.0.0
2898 silly placeDep ROOT queue-microtask@1.2.3 OK for: run-parallel@1.2.0 want: ^1.2.2
2899 silly placeDep ROOT isarray@2.0.5 OK for: safe-array-concat@1.1.4 want: ^2.0.5
2900 silly placeDep ROOT xmlchars@2.2.0 OK for: saxes@6.0.0 want: ^2.2.0
2901 silly placeDep ROOT @img/colour@1.1.0 OK for: sharp@0.34.5 want: ^1.0.0
2902 silly placeDep ROOT @img/sharp-darwin-arm64@0.34.5 OK for: sharp@0.34.5 want: 0.34.5
2903 silly placeDep ROOT @img/sharp-darwin-x64@0.34.5 OK for: sharp@0.34.5 want: 0.34.5
2904 silly placeDep ROOT @img/sharp-libvips-darwin-arm64@1.2.4 OK for: sharp@0.34.5 want: 1.2.4
2905 silly placeDep ROOT @img/sharp-libvips-darwin-x64@1.2.4 OK for: sharp@0.34.5 want: 1.2.4
2906 silly placeDep ROOT @img/sharp-libvips-linux-arm@1.2.4 OK for: sharp@0.34.5 want: 1.2.4
2907 silly placeDep ROOT @img/sharp-libvips-linux-arm64@1.2.4 OK for: sharp@0.34.5 want: 1.2.4
2908 silly placeDep ROOT @img/sharp-libvips-linux-ppc64@1.2.4 OK for: sharp@0.34.5 want: 1.2.4
2909 silly placeDep ROOT @img/sharp-libvips-linux-riscv64@1.2.4 OK for: sharp@0.34.5 want: 1.2.4
2910 silly placeDep ROOT @img/sharp-libvips-linux-s390x@1.2.4 OK for: sharp@0.34.5 want: 1.2.4
2911 silly placeDep ROOT @img/sharp-libvips-linux-x64@1.2.4 OK for: sharp@0.34.5 want: 1.2.4
2912 silly placeDep ROOT @img/sharp-libvips-linuxmusl-arm64@1.2.4 OK for: sharp@0.34.5 want: 1.2.4
2913 silly placeDep ROOT @img/sharp-libvips-linuxmusl-x64@1.2.4 OK for: sharp@0.34.5 want: 1.2.4
2914 silly placeDep ROOT @img/sharp-linux-arm@0.34.5 OK for: sharp@0.34.5 want: 0.34.5
2915 silly placeDep ROOT @img/sharp-linux-arm64@0.34.5 OK for: sharp@0.34.5 want: 0.34.5
2916 silly placeDep ROOT @img/sharp-linux-ppc64@0.34.5 OK for: sharp@0.34.5 want: 0.34.5
2917 silly placeDep ROOT @img/sharp-linux-riscv64@0.34.5 OK for: sharp@0.34.5 want: 0.34.5
2918 silly placeDep ROOT @img/sharp-linux-s390x@0.34.5 OK for: sharp@0.34.5 want: 0.34.5
2919 silly placeDep ROOT @img/sharp-linux-x64@0.34.5 OK for: sharp@0.34.5 want: 0.34.5
2920 silly placeDep ROOT @img/sharp-linuxmusl-arm64@0.34.5 OK for: sharp@0.34.5 want: 0.34.5
2921 silly placeDep ROOT @img/sharp-linuxmusl-x64@0.34.5 OK for: sharp@0.34.5 want: 0.34.5
2922 silly placeDep ROOT @img/sharp-wasm32@0.34.5 OK for: sharp@0.34.5 want: 0.34.5
2923 silly placeDep ROOT @img/sharp-win32-arm64@0.34.5 OK for: sharp@0.34.5 want: 0.34.5
2924 silly placeDep ROOT @img/sharp-win32-ia32@0.34.5 OK for: sharp@0.34.5 want: 0.34.5
2925 silly placeDep ROOT @img/sharp-win32-x64@0.34.5 OK for: sharp@0.34.5 want: 0.34.5
2926 silly placeDep ROOT detect-libc@2.1.2 OK for: sharp@0.34.5 want: ^2.1.2
2927 silly placeDep node_modules/sharp semver@7.8.5 OK for: sharp@0.34.5 want: ^7.7.3
2928 silly fetch manifest @emnapi/runtime@^1.7.0
2929 silly packumentCache full:https://registry.npmjs.org/@emnapi%2fruntime cache-miss
2930 http fetch GET 200 https://registry.npmjs.org/@emnapi%2fruntime 213ms (cache miss)
2931 silly packumentCache full:https://registry.npmjs.org/@emnapi%2fruntime set size:undefined disposed:false
2932 silly placeDep ROOT @emnapi/runtime@1.11.3 OK for: @img/sharp-wasm32@0.34.5 want: ^1.7.0
2933 silly placeDep ROOT shebang-regex@3.0.0 OK for: shebang-command@2.0.0 want: ^3.0.0
2934 silly placeDep ROOT side-channel-list@1.0.1 OK for: side-channel@1.1.1 want: ^1.0.1
2935 silly placeDep ROOT side-channel-map@1.0.1 OK for: side-channel@1.1.1 want: ^1.0.1
2936 silly placeDep ROOT side-channel-weakmap@1.0.2 OK for: side-channel@1.1.1 want: ^1.0.2
2937 silly placeDep ROOT min-indent@1.0.1 OK for: strip-indent@3.0.0 want: ^1.0.0
2938 silly placeDep ROOT client-only@0.0.1 OK for: styled-jsx@5.1.6 want: 0.0.1
2939 silly placeDep ROOT has-flag@4.0.0 OK for: supports-color@7.2.0 want: ^4.0.0
2940 silly fetch manifest postcss@^8.4.47
2941 silly packumentCache full:https://registry.npmjs.org/postcss cache-hit
2942 silly placeDep ROOT @alloc/quick-lru@5.2.0 OK for: tailwindcss@3.4.19 want: ^5.2.0
2943 silly placeDep ROOT arg@5.0.2 OK for: tailwindcss@3.4.19 want: ^5.0.2
2944 silly placeDep ROOT chokidar@3.6.0 OK for: tailwindcss@3.4.19 want: ^3.6.0
2945 silly placeDep ROOT didyoumean@1.2.2 OK for: tailwindcss@3.4.19 want: ^1.2.2
2946 silly placeDep ROOT dlv@1.1.3 OK for: tailwindcss@3.4.19 want: ^1.1.3
2947 silly placeDep node_modules/tailwindcss fast-glob@3.3.3 OK for: tailwindcss@3.4.19 want: ^3.3.2
2948 silly placeDep ROOT jiti@1.21.7 OK for: tailwindcss@3.4.19 want: ^1.21.7
2949 silly placeDep ROOT lilconfig@3.1.3 OK for: tailwindcss@3.4.19 want: ^3.1.3
2950 silly placeDep ROOT normalize-path@3.0.0 OK for: tailwindcss@3.4.19 want: ^3.0.0
2951 silly placeDep ROOT object-hash@3.0.0 OK for: tailwindcss@3.4.19 want: ^3.0.0
2952 silly placeDep ROOT postcss-import@15.1.0 OK for: tailwindcss@3.4.19 want: ^15.1.0
2953 silly placeDep ROOT postcss-js@4.1.0 OK for: tailwindcss@3.4.19 want: ^4.0.1
2954 silly placeDep ROOT postcss-load-config@6.0.1 OK for: tailwindcss@3.4.19 want: ^4.0.2 || ^5.0 || ^6.0
2955 silly placeDep ROOT postcss-nested@6.2.0 OK for: tailwindcss@3.4.19 want: ^6.2.0
2956 silly placeDep ROOT postcss-selector-parser@6.1.4 OK for: tailwindcss@3.4.19 want: ^6.1.2
2957 silly placeDep node_modules/tailwindcss resolve@1.22.12 OK for: tailwindcss@3.4.19 want: ^1.22.8
2958 silly placeDep ROOT sucrase@3.35.1 OK for: tailwindcss@3.4.19 want: ^3.35.0
2959 silly fetch manifest anymatch@~3.1.2
2960 silly packumentCache full:https://registry.npmjs.org/anymatch cache-miss
2961 silly fetch manifest readdirp@~3.6.0
2962 silly packumentCache full:https://registry.npmjs.org/readdirp cache-miss
2963 silly fetch manifest glob-parent@~5.1.2
2964 silly packumentCache full:https://registry.npmjs.org/glob-parent cache-hit
2965 silly fetch manifest is-binary-path@~2.1.0
2966 silly packumentCache full:https://registry.npmjs.org/is-binary-path cache-miss
2967 silly fetch manifest normalize-path@~3.0.0
2968 silly packumentCache full:https://registry.npmjs.org/normalize-path cache-miss
2969 silly fetch manifest fsevents@~2.3.2
2970 silly packumentCache full:https://registry.npmjs.org/fsevents cache-miss
2971 silly fetch manifest resolve@^1.1.7
2972 silly packumentCache full:https://registry.npmjs.org/resolve cache-hit
2973 silly fetch manifest read-cache@^1.0.0
2974 silly packumentCache full:https://registry.npmjs.org/read-cache cache-miss
2975 silly fetch manifest camelcase-css@^2.0.1
2976 silly packumentCache full:https://registry.npmjs.org/camelcase-css cache-miss
2977 silly fetch manifest postcss-selector-parser@^6.1.1
2978 silly packumentCache full:https://registry.npmjs.org/postcss-selector-parser cache-miss
2979 silly fetch manifest cssesc@^3.0.0
2980 silly packumentCache full:https://registry.npmjs.org/cssesc cache-miss
2981 silly fetch manifest util-deprecate@^1.0.2
2982 silly packumentCache full:https://registry.npmjs.org/util-deprecate cache-miss
2983 silly fetch manifest commander@^4.0.0
2984 silly packumentCache full:https://registry.npmjs.org/commander cache-miss
2985 http cache https://registry.npmjs.org/normalize-path 243ms (cache hit)
2986 silly packumentCache full:https://registry.npmjs.org/normalize-path set size:28713 disposed:false
2987 silly fetch manifest lines-and-columns@^1.1.6
2988 silly packumentCache full:https://registry.npmjs.org/lines-and-columns cache-miss
2989 http cache https://registry.npmjs.org/fsevents 347ms (cache hit)
2990 silly packumentCache full:https://registry.npmjs.org/fsevents set size:182472 disposed:false
2991 silly fetch manifest mz@^2.7.0
2992 silly packumentCache full:https://registry.npmjs.org/mz cache-miss
2993 http cache https://registry.npmjs.org/postcss-selector-parser 342ms (cache hit)
2994 silly packumentCache full:https://registry.npmjs.org/postcss-selector-parser set size:193966 disposed:false
2995 silly fetch manifest pirates@^4.0.1
2996 silly packumentCache full:https://registry.npmjs.org/pirates cache-miss
2997 http fetch GET 200 https://registry.npmjs.org/read-cache 462ms (cache miss)
2998 silly packumentCache full:https://registry.npmjs.org/read-cache set size:undefined disposed:false
2999 silly fetch manifest ts-interface-checker@^0.1.9
3000 silly packumentCache full:https://registry.npmjs.org/ts-interface-checker cache-miss
3001 http fetch GET 200 https://registry.npmjs.org/camelcase-css 531ms (cache miss)
3002 silly packumentCache full:https://registry.npmjs.org/camelcase-css set size:undefined disposed:false
3003 http fetch GET 200 https://registry.npmjs.org/anymatch 573ms (cache miss)
3004 silly packumentCache full:https://registry.npmjs.org/anymatch set size:undefined disposed:false
3005 http fetch GET 200 https://registry.npmjs.org/is-binary-path 650ms (cache miss)
3006 silly packumentCache full:https://registry.npmjs.org/is-binary-path set size:undefined disposed:false
3007 http fetch GET 200 https://registry.npmjs.org/cssesc 609ms (cache miss)
3008 silly packumentCache full:https://registry.npmjs.org/cssesc set size:undefined disposed:false
3009 http fetch GET 200 https://registry.npmjs.org/readdirp 721ms (cache miss)
3010 silly packumentCache full:https://registry.npmjs.org/readdirp set size:undefined disposed:false
3011 http fetch GET 200 https://registry.npmjs.org/util-deprecate 759ms (cache miss)
3012 silly packumentCache full:https://registry.npmjs.org/util-deprecate set size:undefined disposed:false
3013 http fetch GET 200 https://registry.npmjs.org/pirates 459ms (cache miss)
3014 silly packumentCache full:https://registry.npmjs.org/pirates set size:undefined disposed:false
3015 http fetch GET 200 https://registry.npmjs.org/lines-and-columns 607ms (cache miss)
3016 silly packumentCache full:https://registry.npmjs.org/lines-and-columns set size:undefined disposed:false
3017 http fetch GET 200 https://registry.npmjs.org/mz 506ms (cache miss)
3018 silly packumentCache full:https://registry.npmjs.org/mz set size:undefined disposed:false
3019 http fetch GET 200 https://registry.npmjs.org/commander 885ms (cache miss)
3020 silly packumentCache full:https://registry.npmjs.org/commander set size:undefined disposed:false
3021 http fetch GET 200 https://registry.npmjs.org/ts-interface-checker 492ms (cache miss)
3022 silly packumentCache full:https://registry.npmjs.org/ts-interface-checker set size:undefined disposed:false
3023 silly placeDep ROOT anymatch@3.1.3 OK for: chokidar@3.6.0 want: ~3.1.2
3024 silly placeDep ROOT fsevents@2.3.3 OK for: chokidar@3.6.0 want: ~2.3.2
3025 silly placeDep node_modules/chokidar glob-parent@5.1.2 OK for: chokidar@3.6.0 want: ~5.1.2
3026 silly placeDep ROOT is-binary-path@2.1.0 OK for: chokidar@3.6.0 want: ~2.1.0
3027 silly placeDep ROOT readdirp@3.6.0 OK for: chokidar@3.6.0 want: ~3.6.0
3028 silly fetch manifest binary-extensions@^2.0.0
3029 silly packumentCache full:https://registry.npmjs.org/binary-extensions cache-miss
3030 http fetch GET 200 https://registry.npmjs.org/binary-extensions 93ms (cache miss)
3031 silly packumentCache full:https://registry.npmjs.org/binary-extensions set size:undefined disposed:false
3032 silly placeDep ROOT binary-extensions@2.3.0 OK for: is-binary-path@2.1.0 want: ^2.0.0
3033 silly placeDep ROOT read-cache@1.0.0 OK for: postcss-import@15.1.0 want: ^1.0.0
3034 silly placeDep node_modules/postcss-import resolve@1.22.12 OK for: postcss-import@15.1.0 want: ^1.1.7
3035 silly fetch manifest pify@^2.3.0
3036 silly packumentCache full:https://registry.npmjs.org/pify cache-miss
3037 http fetch GET 200 https://registry.npmjs.org/pify 70ms (cache miss)
3038 silly packumentCache full:https://registry.npmjs.org/pify set size:undefined disposed:false
3039 silly placeDep ROOT camelcase-css@2.0.1 OK for: postcss-js@4.1.0 want: ^2.0.1
3040 silly placeDep ROOT cssesc@3.0.0 OK for: postcss-selector-parser@6.1.4 want: ^3.0.0
3041 silly placeDep ROOT util-deprecate@1.0.2 OK for: postcss-selector-parser@6.1.4 want: ^1.0.2
3042 silly placeDep ROOT pify@2.3.0 OK for: read-cache@1.0.0 want: ^2.3.0
3043 silly placeDep ROOT commander@4.1.1 OK for: sucrase@3.35.1 want: ^4.0.0
3044 silly placeDep ROOT lines-and-columns@1.2.4 OK for: sucrase@3.35.1 want: ^1.1.6
3045 silly placeDep ROOT mz@2.7.0 OK for: sucrase@3.35.1 want: ^2.7.0
3046 silly placeDep ROOT pirates@4.0.7 OK for: sucrase@3.35.1 want: ^4.0.1
3047 silly placeDep ROOT ts-interface-checker@0.1.13 OK for: sucrase@3.35.1 want: ^0.1.9
3048 silly fetch manifest any-promise@^1.0.0
3049 silly packumentCache full:https://registry.npmjs.org/any-promise cache-miss
3050 silly fetch manifest thenify-all@^1.0.0
3051 silly packumentCache full:https://registry.npmjs.org/thenify-all cache-miss
3052 http fetch GET 200 https://registry.npmjs.org/any-promise 116ms (cache miss)
3053 silly packumentCache full:https://registry.npmjs.org/any-promise set size:undefined disposed:false
3054 http fetch GET 200 https://registry.npmjs.org/thenify-all 115ms (cache miss)
3055 silly packumentCache full:https://registry.npmjs.org/thenify-all set size:undefined disposed:false
3056 silly placeDep ROOT any-promise@1.3.0 OK for: mz@2.7.0 want: ^1.0.0
3057 silly placeDep ROOT thenify-all@1.6.0 OK for: mz@2.7.0 want: ^1.0.0
3058 silly fetch manifest thenify@>= 3.1.0 < 4
3059 silly packumentCache full:https://registry.npmjs.org/thenify cache-miss
3060 http fetch GET 200 https://registry.npmjs.org/thenify 71ms (cache miss)
3061 silly packumentCache full:https://registry.npmjs.org/thenify set size:undefined disposed:false
3062 silly placeDep ROOT thenify@3.3.1 OK for: thenify-all@1.6.0 want: >= 3.1.0 < 4
3063 silly placeDep node_modules/tinyglobby fdir@6.5.0 OK for: tinyglobby@0.2.17 want: ^6.5.0
3064 silly placeDep node_modules/tinyglobby picomatch@4.0.5 OK for: fdir@6.5.0 want: ^3 || ^4
3065 silly placeDep ROOT is-number@7.0.0 OK for: to-regex-range@5.0.1 want: ^7.0.0
3066 silly placeDep ROOT tldts@6.1.86 OK for: tough-cookie@5.1.2 want: ^6.1.32
3067 silly fetch manifest tldts-core@^6.1.86
3068 silly packumentCache full:https://registry.npmjs.org/tldts-core cache-miss
3069 http fetch GET 200 https://registry.npmjs.org/tldts-core 496ms (cache miss)
3070 silly packumentCache full:https://registry.npmjs.org/tldts-core set size:undefined disposed:false
3071 silly placeDep ROOT tldts-core@6.1.86 OK for: tldts@6.1.86 want: ^6.1.86
3072 silly placeDep ROOT @types/json5@0.0.29 OK for: tsconfig-paths@3.15.0 want: ^0.0.29
3073 silly placeDep node_modules/tsconfig-paths json5@1.0.2 OK for: tsconfig-paths@3.15.0 want: ^1.0.2
3074 silly placeDep ROOT minimist@1.2.8 OK for: tsconfig-paths@3.15.0 want: ^1.2.6
3075 silly placeDep ROOT strip-bom@3.0.0 OK for: tsconfig-paths@3.15.0 want: ^3.0.0
3076 silly fetch manifest minimist@^1.2.0
3077 silly packumentCache full:https://registry.npmjs.org/minimist cache-miss
3078 http cache https://registry.npmjs.org/minimist 24ms (cache hit)
3079 silly packumentCache full:https://registry.npmjs.org/minimist set size:77063 disposed:false
3080 silly placeDep ROOT for-each@0.3.5 OK for: typed-array-byte-length@1.0.3 want: ^0.3.3
3081 silly placeDep ROOT reflect.getprototypeof@1.0.10 OK for: typed-array-byte-offset@1.0.4 want: ^1.0.9
3082 silly fetch manifest which-builtin-type@^1.2.1
3083 silly packumentCache full:https://registry.npmjs.org/which-builtin-type cache-miss
3084 http fetch GET 200 https://registry.npmjs.org/which-builtin-type 74ms (cache miss)
3085 silly packumentCache full:https://registry.npmjs.org/which-builtin-type set size:undefined disposed:false
3086 silly placeDep ROOT which-builtin-type@1.2.1 OK for: reflect.getprototypeof@1.0.10 want: ^1.2.1
3087 silly fetch manifest is-async-function@^2.0.0
3088 silly packumentCache full:https://registry.npmjs.org/is-async-function cache-miss
3089 silly fetch manifest is-finalizationregistry@^1.1.0
3090 silly packumentCache full:https://registry.npmjs.org/is-finalizationregistry cache-miss
3091 silly fetch manifest is-generator-function@^1.0.10
3092 silly packumentCache full:https://registry.npmjs.org/is-generator-function cache-miss
3093 silly fetch manifest which-boxed-primitive@^1.1.0
3094 silly packumentCache full:https://registry.npmjs.org/which-boxed-primitive cache-miss
3095 silly fetch manifest which-collection@^1.0.2
3096 silly packumentCache full:https://registry.npmjs.org/which-collection cache-miss
3097 http cache https://registry.npmjs.org/which-boxed-primitive 199ms (cache hit)
3098 silly packumentCache full:https://registry.npmjs.org/which-boxed-primitive set size:19407 disposed:false
3099 http fetch GET 200 https://registry.npmjs.org/is-finalizationregistry 224ms (cache miss)
3100 silly packumentCache full:https://registry.npmjs.org/is-finalizationregistry set size:undefined disposed:false
3101 http fetch GET 200 https://registry.npmjs.org/which-collection 212ms (cache miss)
3102 silly packumentCache full:https://registry.npmjs.org/which-collection set size:undefined disposed:false
3103 http fetch GET 200 https://registry.npmjs.org/is-generator-function 228ms (cache miss)
3104 silly packumentCache full:https://registry.npmjs.org/is-generator-function set size:undefined disposed:false
3105 http fetch GET 200 https://registry.npmjs.org/is-async-function 327ms (cache miss)
3106 silly packumentCache full:https://registry.npmjs.org/is-async-function set size:undefined disposed:false
3107 silly placeDep ROOT has-bigints@1.1.0 OK for: unbox-primitive@1.1.0 want: ^1.0.2
3108 silly placeDep ROOT which-boxed-primitive@1.1.1 OK for: unbox-primitive@1.1.0 want: ^1.1.1
3109 silly fetch manifest is-bigint@^1.1.0
3110 silly packumentCache full:https://registry.npmjs.org/is-bigint cache-miss
3111 silly fetch manifest is-boolean-object@^1.2.1
3112 silly packumentCache full:https://registry.npmjs.org/is-boolean-object cache-miss
3113 silly fetch manifest is-number-object@^1.1.1
3114 silly packumentCache full:https://registry.npmjs.org/is-number-object cache-miss
3115 http fetch GET 200 https://registry.npmjs.org/is-bigint 139ms (cache miss)
3116 silly packumentCache full:https://registry.npmjs.org/is-bigint set size:undefined disposed:false
3117 http fetch GET 200 https://registry.npmjs.org/is-boolean-object 147ms (cache miss)
3118 silly packumentCache full:https://registry.npmjs.org/is-boolean-object set size:undefined disposed:false
3119 http fetch GET 200 https://registry.npmjs.org/is-number-object 153ms (cache miss)
3120 silly packumentCache full:https://registry.npmjs.org/is-number-object set size:undefined disposed:false
3121 silly placeDep ROOT @unrs/resolver-binding-android-arm-eabi@1.12.2 OK for: unrs-resolver@1.12.2 want: 1.12.2
3122 silly placeDep ROOT @unrs/resolver-binding-android-arm64@1.12.2 OK for: unrs-resolver@1.12.2 want: 1.12.2
3123 silly placeDep ROOT @unrs/resolver-binding-darwin-arm64@1.12.2 OK for: unrs-resolver@1.12.2 want: 1.12.2
3124 silly placeDep ROOT @unrs/resolver-binding-darwin-x64@1.12.2 OK for: unrs-resolver@1.12.2 want: 1.12.2
3125 silly placeDep ROOT @unrs/resolver-binding-freebsd-x64@1.12.2 OK for: unrs-resolver@1.12.2 want: 1.12.2
3126 silly placeDep ROOT @unrs/resolver-binding-linux-arm-gnueabihf@1.12.2 OK for: unrs-resolver@1.12.2 want: 1.12.2
3127 silly placeDep ROOT @unrs/resolver-binding-linux-arm-musleabihf@1.12.2 OK for: unrs-resolver@1.12.2 want: 1.12.2
3128 silly placeDep ROOT @unrs/resolver-binding-linux-arm64-gnu@1.12.2 OK for: unrs-resolver@1.12.2 want: 1.12.2
3129 silly placeDep ROOT @unrs/resolver-binding-linux-arm64-musl@1.12.2 OK for: unrs-resolver@1.12.2 want: 1.12.2
3130 silly placeDep ROOT @unrs/resolver-binding-linux-loong64-gnu@1.12.2 OK for: unrs-resolver@1.12.2 want: 1.12.2
3131 silly placeDep ROOT @unrs/resolver-binding-linux-loong64-musl@1.12.2 OK for: unrs-resolver@1.12.2 want: 1.12.2
3132 silly placeDep ROOT @unrs/resolver-binding-linux-ppc64-gnu@1.12.2 OK for: unrs-resolver@1.12.2 want: 1.12.2
3133 silly placeDep ROOT @unrs/resolver-binding-linux-riscv64-gnu@1.12.2 OK for: unrs-resolver@1.12.2 want: 1.12.2
3134 silly placeDep ROOT @unrs/resolver-binding-linux-riscv64-musl@1.12.2 OK for: unrs-resolver@1.12.2 want: 1.12.2
3135 silly placeDep ROOT @unrs/resolver-binding-linux-s390x-gnu@1.12.2 OK for: unrs-resolver@1.12.2 want: 1.12.2
3136 silly placeDep ROOT @unrs/resolver-binding-linux-x64-gnu@1.12.2 OK for: unrs-resolver@1.12.2 want: 1.12.2
3137 silly placeDep ROOT @unrs/resolver-binding-linux-x64-musl@1.12.2 OK for: unrs-resolver@1.12.2 want: 1.12.2
3138 silly placeDep ROOT @unrs/resolver-binding-openharmony-arm64@1.12.2 OK for: unrs-resolver@1.12.2 want: 1.12.2
3139 silly placeDep ROOT @unrs/resolver-binding-wasm32-wasi@1.12.2 OK for: unrs-resolver@1.12.2 want: 1.12.2
3140 silly placeDep ROOT @unrs/resolver-binding-win32-arm64-msvc@1.12.2 OK for: unrs-resolver@1.12.2 want: 1.12.2
3141 silly placeDep ROOT @unrs/resolver-binding-win32-ia32-msvc@1.12.2 OK for: unrs-resolver@1.12.2 want: 1.12.2
3142 silly placeDep ROOT @unrs/resolver-binding-win32-x64-msvc@1.12.2 OK for: unrs-resolver@1.12.2 want: 1.12.2
3143 silly placeDep ROOT napi-postinstall@0.3.4 OK for: unrs-resolver@1.12.2 want: ^0.3.4
3144 silly fetch manifest @napi-rs/wasm-runtime@^1.1.4
3145 silly packumentCache full:https://registry.npmjs.org/@napi-rs%2fwasm-runtime cache-miss
3146 silly fetch manifest @emnapi/core@1.10.0
3147 silly packumentCache full:https://registry.npmjs.org/@emnapi%2fcore cache-miss
3148 silly fetch manifest @emnapi/runtime@1.10.0
3149 silly packumentCache full:https://registry.npmjs.org/@emnapi%2fruntime cache-miss
3150 http cache https://registry.npmjs.org/@emnapi%2fruntime 58ms (cache hit)
3151 silly packumentCache full:https://registry.npmjs.org/@emnapi%2fruntime set size:122916 disposed:false
3152 http fetch GET 200 https://registry.npmjs.org/@emnapi%2fcore 119ms (cache miss)
3153 silly packumentCache full:https://registry.npmjs.org/@emnapi%2fcore set size:undefined disposed:false
3154 http fetch GET 200 https://registry.npmjs.org/@napi-rs%2fwasm-runtime 133ms (cache miss)
3155 silly packumentCache full:https://registry.npmjs.org/@napi-rs%2fwasm-runtime set size:undefined disposed:false
3156 silly placeDep ROOT @emnapi/core@1.10.0 OK for: @unrs/resolver-binding-wasm32-wasi@1.12.2 want: 1.10.0
3157 silly placeDep node_modules/@unrs/resolver-binding-wasm32-wasi @emnapi/runtime@1.10.0 OK for: @unrs/resolver-binding-wasm32-wasi@1.12.2 want: 1.10.0
3158 silly placeDep ROOT @napi-rs/wasm-runtime@1.2.1 OK for: @unrs/resolver-binding-wasm32-wasi@1.12.2 want: ^1.1.4
3159 silly fetch manifest @emnapi/wasi-threads@1.2.1
3160 silly packumentCache full:https://registry.npmjs.org/@emnapi%2fwasi-threads cache-miss
3161 silly fetch manifest @tybys/wasm-util@^0.10.3
3162 silly packumentCache full:https://registry.npmjs.org/@tybys%2fwasm-util cache-miss
3163 http fetch GET 200 https://registry.npmjs.org/@emnapi%2fwasi-threads 85ms (cache miss)
3164 silly packumentCache full:https://registry.npmjs.org/@emnapi%2fwasi-threads set size:undefined disposed:false
3165 http fetch GET 200 https://registry.npmjs.org/@tybys%2fwasm-util 145ms (cache miss)
3166 silly packumentCache full:https://registry.npmjs.org/@tybys%2fwasm-util set size:undefined disposed:false
3167 silly placeDep ROOT @emnapi/wasi-threads@1.2.1 OK for: @emnapi/core@1.10.0 want: 1.2.1
3168 silly placeDep ROOT @tybys/wasm-util@0.10.3 OK for: @napi-rs/wasm-runtime@1.2.1 want: ^0.10.3
3169 silly placeDep ROOT escalade@3.2.0 OK for: update-browserslist-db@1.2.3 want: ^3.2.0
3170 silly placeDep ROOT punycode@2.3.1 OK for: uri-js@4.4.1 want: ^2.1.0
3171 silly placeDep ROOT esbuild@0.25.12 OK for: vite@6.4.3 want: ^0.25.0
3172 silly placeDep node_modules/vite fdir@6.5.0 OK for: vite@6.4.3 want: ^6.4.4
3173 silly placeDep node_modules/vite picomatch@4.0.5 OK for: fdir@6.5.0 want: ^3 || ^4
3174 silly placeDep ROOT rollup@4.62.3 OK for: vite@6.4.3 want: ^4.34.9
3175 silly fetch manifest @esbuild/aix-ppc64@0.25.12
3176 silly packumentCache full:https://registry.npmjs.org/@esbuild%2faix-ppc64 cache-miss
3177 silly fetch manifest @esbuild/linux-arm@0.25.12
3178 silly packumentCache full:https://registry.npmjs.org/@esbuild%2flinux-arm cache-miss
3179 silly fetch manifest @esbuild/linux-x64@0.25.12
3180 silly packumentCache full:https://registry.npmjs.org/@esbuild%2flinux-x64 cache-miss
3181 silly fetch manifest @esbuild/sunos-x64@0.25.12
3182 silly packumentCache full:https://registry.npmjs.org/@esbuild%2fsunos-x64 cache-miss
3183 silly fetch manifest @esbuild/win32-x64@0.25.12
3184 silly packumentCache full:https://registry.npmjs.org/@esbuild%2fwin32-x64 cache-miss
3185 silly fetch manifest @esbuild/darwin-x64@0.25.12
3186 silly packumentCache full:https://registry.npmjs.org/@esbuild%2fdarwin-x64 cache-miss
3187 silly fetch manifest @esbuild/linux-ia32@0.25.12
3188 silly packumentCache full:https://registry.npmjs.org/@esbuild%2flinux-ia32 cache-miss
3189 silly fetch manifest @esbuild/netbsd-x64@0.25.12
3190 silly packumentCache full:https://registry.npmjs.org/@esbuild%2fnetbsd-x64 cache-miss
3191 silly fetch manifest @esbuild/win32-ia32@0.25.12
3192 silly packumentCache full:https://registry.npmjs.org/@esbuild%2fwin32-ia32 cache-miss
3193 silly fetch manifest @esbuild/android-arm@0.25.12
3194 silly packumentCache full:https://registry.npmjs.org/@esbuild%2fandroid-arm cache-miss
3195 silly fetch manifest @esbuild/android-x64@0.25.12
3196 silly packumentCache full:https://registry.npmjs.org/@esbuild%2fandroid-x64 cache-miss
3197 http fetch GET 200 https://registry.npmjs.org/@esbuild%2faix-ppc64 320ms (cache miss)
3198 silly packumentCache full:https://registry.npmjs.org/@esbuild%2faix-ppc64 set size:undefined disposed:false
3199 silly fetch manifest @esbuild/freebsd-x64@0.25.12
3200 silly packumentCache full:https://registry.npmjs.org/@esbuild%2ffreebsd-x64 cache-miss
3201 http fetch GET 200 https://registry.npmjs.org/@esbuild%2fsunos-x64 387ms (cache miss)
3202 silly packumentCache full:https://registry.npmjs.org/@esbuild%2fsunos-x64 set size:undefined disposed:false
3203 silly fetch manifest @esbuild/linux-arm64@0.25.12
3204 silly packumentCache full:https://registry.npmjs.org/@esbuild%2flinux-arm64 cache-miss
3205 http fetch GET 200 https://registry.npmjs.org/@esbuild%2flinux-x64 433ms (cache miss)
3206 silly packumentCache full:https://registry.npmjs.org/@esbuild%2flinux-x64 set size:undefined disposed:false
3207 silly fetch manifest @esbuild/linux-ppc64@0.25.12
3208 silly packumentCache full:https://registry.npmjs.org/@esbuild%2flinux-ppc64 cache-miss
3209 http fetch GET 200 https://registry.npmjs.org/@esbuild%2fwin32-x64 452ms (cache miss)
3210 silly packumentCache full:https://registry.npmjs.org/@esbuild%2fwin32-x64 set size:undefined disposed:false
3211 silly fetch manifest @esbuild/linux-s390x@0.25.12
3212 silly packumentCache full:https://registry.npmjs.org/@esbuild%2flinux-s390x cache-miss
3213 http fetch GET 200 https://registry.npmjs.org/@esbuild%2flinux-ia32 508ms (cache miss)
3214 silly packumentCache full:https://registry.npmjs.org/@esbuild%2flinux-ia32 set size:undefined disposed:false
3215 silly fetch manifest @esbuild/openbsd-x64@0.25.12
3216 silly packumentCache full:https://registry.npmjs.org/@esbuild%2fopenbsd-x64 cache-miss
3217 http fetch GET 200 https://registry.npmjs.org/@esbuild%2fwin32-ia32 514ms (cache miss)
3218 silly packumentCache full:https://registry.npmjs.org/@esbuild%2fwin32-ia32 set size:undefined disposed:false
3219 silly fetch manifest @esbuild/win32-arm64@0.25.12
3220 silly packumentCache full:https://registry.npmjs.org/@esbuild%2fwin32-arm64 cache-miss
3221 http fetch GET 200 https://registry.npmjs.org/@esbuild%2fnetbsd-x64 545ms (cache miss)
3222 silly packumentCache full:https://registry.npmjs.org/@esbuild%2fnetbsd-x64 set size:undefined disposed:false
3223 silly fetch manifest @esbuild/darwin-arm64@0.25.12
3224 silly packumentCache full:https://registry.npmjs.org/@esbuild%2fdarwin-arm64 cache-miss
3225 http fetch GET 200 https://registry.npmjs.org/@esbuild%2fandroid-x64 552ms (cache miss)
3226 silly packumentCache full:https://registry.npmjs.org/@esbuild%2fandroid-x64 set size:undefined disposed:false
3227 silly fetch manifest @esbuild/netbsd-arm64@0.25.12
3228 silly packumentCache full:https://registry.npmjs.org/@esbuild%2fnetbsd-arm64 cache-miss
3229 http fetch GET 200 https://registry.npmjs.org/@esbuild%2fandroid-arm 566ms (cache miss)
3230 silly packumentCache full:https://registry.npmjs.org/@esbuild%2fandroid-arm set size:undefined disposed:false
3231 silly fetch manifest @esbuild/android-arm64@0.25.12
3232 silly packumentCache full:https://registry.npmjs.org/@esbuild%2fandroid-arm64 cache-miss
3233 http fetch GET 200 https://registry.npmjs.org/@esbuild%2ffreebsd-x64 343ms (cache miss)
3234 silly packumentCache full:https://registry.npmjs.org/@esbuild%2ffreebsd-x64 set size:undefined disposed:false
3235 silly fetch manifest @esbuild/freebsd-arm64@0.25.12
3236 silly packumentCache full:https://registry.npmjs.org/@esbuild%2ffreebsd-arm64 cache-miss
3237 http fetch GET 200 https://registry.npmjs.org/@esbuild%2flinux-arm64 301ms (cache miss)
3238 silly packumentCache full:https://registry.npmjs.org/@esbuild%2flinux-arm64 set size:undefined disposed:false
3239 silly fetch manifest @esbuild/linux-loong64@0.25.12
3240 silly packumentCache full:https://registry.npmjs.org/@esbuild%2flinux-loong64 cache-miss
3241 http fetch GET 200 https://registry.npmjs.org/@esbuild%2flinux-ppc64 291ms (cache miss)
3242 silly packumentCache full:https://registry.npmjs.org/@esbuild%2flinux-ppc64 set size:undefined disposed:false
3243 silly fetch manifest @esbuild/linux-riscv64@0.25.12
3244 silly packumentCache full:https://registry.npmjs.org/@esbuild%2flinux-riscv64 cache-miss
3245 http fetch GET 200 https://registry.npmjs.org/@esbuild%2fdarwin-x64 743ms (cache miss)
3246 silly packumentCache full:https://registry.npmjs.org/@esbuild%2fdarwin-x64 set size:undefined disposed:false
3247 silly fetch manifest @esbuild/openbsd-arm64@0.25.12
3248 silly packumentCache full:https://registry.npmjs.org/@esbuild%2fopenbsd-arm64 cache-miss
3249 http fetch GET 200 https://registry.npmjs.org/@esbuild%2fopenbsd-x64 250ms (cache miss)
3250 silly packumentCache full:https://registry.npmjs.org/@esbuild%2fopenbsd-x64 set size:undefined disposed:false
3251 silly fetch manifest @esbuild/linux-mips64el@0.25.12
3252 silly packumentCache full:https://registry.npmjs.org/@esbuild%2flinux-mips64el cache-miss
3253 http fetch GET 200 https://registry.npmjs.org/@esbuild%2flinux-s390x 325ms (cache miss)
3254 silly packumentCache full:https://registry.npmjs.org/@esbuild%2flinux-s390x set size:undefined disposed:false
3255 silly fetch manifest @esbuild/openharmony-arm64@0.25.12
3256 silly packumentCache full:https://registry.npmjs.org/@esbuild%2fopenharmony-arm64 cache-miss
3257 http fetch GET 200 https://registry.npmjs.org/@esbuild%2fwin32-arm64 250ms (cache miss)
3258 silly packumentCache full:https://registry.npmjs.org/@esbuild%2fwin32-arm64 set size:undefined disposed:false
3259 silly fetch manifest @rollup/rollup-darwin-x64@4.62.3
3260 silly packumentCache full:https://registry.npmjs.org/@rollup%2frollup-darwin-x64 cache-miss
3261 http fetch GET 200 https://registry.npmjs.org/@esbuild%2fnetbsd-arm64 245ms (cache miss)
3262 silly packumentCache full:https://registry.npmjs.org/@esbuild%2fnetbsd-arm64 set size:undefined disposed:false
3263 silly fetch manifest @rollup/rollup-freebsd-x64@4.62.3
3264 silly packumentCache full:https://registry.npmjs.org/@rollup%2frollup-freebsd-x64 cache-miss
3265 http fetch GET 200 https://registry.npmjs.org/@esbuild%2fdarwin-arm64 448ms (cache miss)
3266 silly packumentCache full:https://registry.npmjs.org/@esbuild%2fdarwin-arm64 set size:undefined disposed:false
3267 silly fetch manifest @rollup/rollup-openbsd-x64@4.62.3
3268 silly packumentCache full:https://registry.npmjs.org/@rollup%2frollup-openbsd-x64 cache-miss
3269 http fetch GET 200 https://registry.npmjs.org/@esbuild%2fandroid-arm64 548ms (cache miss)
3270 silly packumentCache full:https://registry.npmjs.org/@esbuild%2fandroid-arm64 set size:undefined disposed:false
3271 silly fetch manifest @rollup/rollup-darwin-arm64@4.62.3
3272 silly packumentCache full:https://registry.npmjs.org/@rollup%2frollup-darwin-arm64 cache-miss
3273 http fetch GET 200 https://registry.npmjs.org/@esbuild%2fopenharmony-arm64 421ms (cache miss)
3274 silly packumentCache full:https://registry.npmjs.org/@esbuild%2fopenharmony-arm64 set size:undefined disposed:false
3275 silly fetch manifest @rollup/rollup-android-arm64@4.62.3
3276 silly packumentCache full:https://registry.npmjs.org/@rollup%2frollup-android-arm64 cache-miss
3277 http fetch GET 200 https://registry.npmjs.org/@esbuild%2flinux-arm 1262ms (cache miss)
3278 silly packumentCache full:https://registry.npmjs.org/@esbuild%2flinux-arm set size:undefined disposed:false
3279 silly fetch manifest @rollup/rollup-freebsd-arm64@4.62.3
3280 silly packumentCache full:https://registry.npmjs.org/@rollup%2frollup-freebsd-arm64 cache-miss
3281 http fetch GET 200 https://registry.npmjs.org/@esbuild%2ffreebsd-arm64 598ms (cache miss)
3282 silly packumentCache full:https://registry.npmjs.org/@esbuild%2ffreebsd-arm64 set size:undefined disposed:false
3283 silly fetch manifest @rollup/rollup-linux-x64-gnu@4.62.3
3284 silly packumentCache full:https://registry.npmjs.org/@rollup%2frollup-linux-x64-gnu cache-miss
3285 http fetch GET 200 https://registry.npmjs.org/@esbuild%2flinux-loong64 647ms (cache miss)
3286 silly packumentCache full:https://registry.npmjs.org/@esbuild%2flinux-loong64 set size:undefined disposed:false
3287 silly fetch manifest @rollup/rollup-win32-x64-gnu@4.62.3
3288 silly packumentCache full:https://registry.npmjs.org/@rollup%2frollup-win32-x64-gnu cache-miss
3289 http fetch GET 200 https://registry.npmjs.org/@esbuild%2flinux-riscv64 631ms (cache miss)
3290 silly packumentCache full:https://registry.npmjs.org/@esbuild%2flinux-riscv64 set size:undefined disposed:false
3291 silly fetch manifest @rollup/rollup-linux-x64-musl@4.62.3
3292 silly packumentCache full:https://registry.npmjs.org/@rollup%2frollup-linux-x64-musl cache-miss
3293 http fetch GET 200 https://registry.npmjs.org/@esbuild%2flinux-mips64el 596ms (cache miss)
3294 silly packumentCache full:https://registry.npmjs.org/@esbuild%2flinux-mips64el set size:undefined disposed:false
3295 silly fetch manifest @rollup/rollup-win32-x64-msvc@4.62.3
3296 silly packumentCache full:https://registry.npmjs.org/@rollup%2frollup-win32-x64-msvc cache-miss
3297 http fetch GET 200 https://registry.npmjs.org/@rollup%2frollup-openbsd-x64 435ms (cache miss)
3298 silly packumentCache full:https://registry.npmjs.org/@rollup%2frollup-openbsd-x64 set size:undefined disposed:false
3299 silly fetch manifest @rollup/rollup-linux-arm64-gnu@4.62.3
3300 silly packumentCache full:https://registry.npmjs.org/@rollup%2frollup-linux-arm64-gnu cache-miss
3301 http fetch GET 200 https://registry.npmjs.org/@rollup%2frollup-freebsd-x64 633ms (cache miss)
3302 silly packumentCache full:https://registry.npmjs.org/@rollup%2frollup-freebsd-x64 set size:undefined disposed:false
3303 silly fetch manifest @rollup/rollup-linux-ppc64-gnu@4.62.3
3304 silly packumentCache full:https://registry.npmjs.org/@rollup%2frollup-linux-ppc64-gnu cache-miss
3305 http fetch GET 200 https://registry.npmjs.org/@rollup%2frollup-darwin-x64 705ms (cache miss)
3306 silly packumentCache full:https://registry.npmjs.org/@rollup%2frollup-darwin-x64 set size:undefined disposed:false
3307 silly fetch manifest @rollup/rollup-linux-s390x-gnu@4.62.3
3308 silly packumentCache full:https://registry.npmjs.org/@rollup%2frollup-linux-s390x-gnu cache-miss
3309 http fetch GET 200 https://registry.npmjs.org/@esbuild%2fopenbsd-arm64 769ms (cache miss)
3310 silly packumentCache full:https://registry.npmjs.org/@esbuild%2fopenbsd-arm64 set size:undefined disposed:false
3311 silly fetch manifest @rollup/rollup-win32-ia32-msvc@4.62.3
3312 silly packumentCache full:https://registry.npmjs.org/@rollup%2frollup-win32-ia32-msvc cache-miss
3313 http fetch GET 200 https://registry.npmjs.org/@rollup%2frollup-freebsd-arm64 368ms (cache miss)
3314 silly packumentCache full:https://registry.npmjs.org/@rollup%2frollup-freebsd-arm64 set size:undefined disposed:false
3315 silly fetch manifest @rollup/rollup-android-arm-eabi@4.62.3
3316 silly packumentCache full:https://registry.npmjs.org/@rollup%2frollup-android-arm-eabi cache-miss
3317 http fetch GET 200 https://registry.npmjs.org/@rollup%2frollup-darwin-arm64 476ms (cache miss)
3318 silly packumentCache full:https://registry.npmjs.org/@rollup%2frollup-darwin-arm64 set size:undefined disposed:false
3319 silly fetch manifest @rollup/rollup-linux-arm64-musl@4.62.3
3320 silly packumentCache full:https://registry.npmjs.org/@rollup%2frollup-linux-arm64-musl cache-miss
3321 http fetch GET 200 https://registry.npmjs.org/@rollup%2frollup-android-arm64 450ms (cache miss)
3322 silly packumentCache full:https://registry.npmjs.org/@rollup%2frollup-android-arm64 set size:undefined disposed:false
3323 silly fetch manifest @rollup/rollup-linux-ppc64-musl@4.62.3
3324 silly packumentCache full:https://registry.npmjs.org/@rollup%2frollup-linux-ppc64-musl cache-miss
3325 http fetch GET 200 https://registry.npmjs.org/@rollup%2frollup-linux-x64-gnu 416ms (cache miss)
3326 silly packumentCache full:https://registry.npmjs.org/@rollup%2frollup-linux-x64-gnu set size:undefined disposed:false
3327 silly fetch manifest @rollup/rollup-win32-arm64-msvc@4.62.3
3328 silly packumentCache full:https://registry.npmjs.org/@rollup%2frollup-win32-arm64-msvc cache-miss
3329 http fetch GET 200 https://registry.npmjs.org/@rollup%2frollup-win32-x64-msvc 348ms (cache miss)
3330 silly packumentCache full:https://registry.npmjs.org/@rollup%2frollup-win32-x64-msvc set size:undefined disposed:false
3331 silly fetch manifest @rollup/rollup-linux-loong64-gnu@4.62.3
3332 silly packumentCache full:https://registry.npmjs.org/@rollup%2frollup-linux-loong64-gnu cache-miss
3333 http fetch GET 200 https://registry.npmjs.org/@rollup%2frollup-linux-x64-musl 386ms (cache miss)
3334 silly packumentCache full:https://registry.npmjs.org/@rollup%2frollup-linux-x64-musl set size:undefined disposed:false
3335 silly fetch manifest @rollup/rollup-linux-riscv64-gnu@4.62.3
3336 silly packumentCache full:https://registry.npmjs.org/@rollup%2frollup-linux-riscv64-gnu cache-miss
3337 http fetch GET 200 https://registry.npmjs.org/@rollup%2frollup-linux-arm64-gnu 330ms (cache miss)
3338 silly packumentCache full:https://registry.npmjs.org/@rollup%2frollup-linux-arm64-gnu set size:undefined disposed:false
3339 silly fetch manifest @rollup/rollup-openharmony-arm64@4.62.3
3340 silly packumentCache full:https://registry.npmjs.org/@rollup%2frollup-openharmony-arm64 cache-miss
3341 http fetch GET 200 https://registry.npmjs.org/@rollup%2frollup-linux-ppc64-musl 171ms (cache miss)
3342 silly packumentCache full:https://registry.npmjs.org/@rollup%2frollup-linux-ppc64-musl set size:undefined disposed:false
3343 silly fetch manifest @rollup/rollup-linux-loong64-musl@4.62.3
3344 silly packumentCache full:https://registry.npmjs.org/@rollup%2frollup-linux-loong64-musl cache-miss
3345 http fetch GET 200 https://registry.npmjs.org/@rollup%2frollup-linux-s390x-gnu 350ms (cache miss)
3346 silly packumentCache full:https://registry.npmjs.org/@rollup%2frollup-linux-s390x-gnu set size:undefined disposed:false
3347 silly fetch manifest @rollup/rollup-linux-riscv64-musl@4.62.3
3348 silly packumentCache full:https://registry.npmjs.org/@rollup%2frollup-linux-riscv64-musl cache-miss
3349 http fetch GET 200 https://registry.npmjs.org/@rollup%2frollup-linux-ppc64-gnu 412ms (cache miss)
3350 silly packumentCache full:https://registry.npmjs.org/@rollup%2frollup-linux-ppc64-gnu set size:undefined disposed:false
3351 silly fetch manifest @rollup/rollup-linux-arm-gnueabihf@4.62.3
3352 silly packumentCache full:https://registry.npmjs.org/@rollup%2frollup-linux-arm-gnueabihf cache-miss
3353 http fetch GET 200 https://registry.npmjs.org/@rollup%2frollup-win32-ia32-msvc 369ms (cache miss)
3354 silly packumentCache full:https://registry.npmjs.org/@rollup%2frollup-win32-ia32-msvc set size:undefined disposed:false
3355 silly fetch manifest @rollup/rollup-linux-arm-musleabihf@4.62.3
3356 silly packumentCache full:https://registry.npmjs.org/@rollup%2frollup-linux-arm-musleabihf cache-miss
3357 http fetch GET 200 https://registry.npmjs.org/@rollup%2frollup-linux-arm64-musl 269ms (cache miss)
3358 silly packumentCache full:https://registry.npmjs.org/@rollup%2frollup-linux-arm64-musl set size:undefined disposed:false
3359 http fetch GET 200 https://registry.npmjs.org/@rollup%2frollup-android-arm-eabi 314ms (cache miss)
3360 silly packumentCache full:https://registry.npmjs.org/@rollup%2frollup-android-arm-eabi set size:undefined disposed:false
3361 http fetch GET 200 https://registry.npmjs.org/@rollup%2frollup-linux-loong64-gnu 231ms (cache miss)
3362 silly packumentCache full:https://registry.npmjs.org/@rollup%2frollup-linux-loong64-gnu set size:undefined disposed:false
3363 http fetch GET 200 https://registry.npmjs.org/@rollup%2frollup-win32-x64-gnu 661ms (cache miss)
3364 silly packumentCache full:https://registry.npmjs.org/@rollup%2frollup-win32-x64-gnu set size:undefined disposed:false
3365 http fetch GET 200 https://registry.npmjs.org/@rollup%2frollup-win32-arm64-msvc 306ms (cache miss)
3366 silly packumentCache full:https://registry.npmjs.org/@rollup%2frollup-win32-arm64-msvc set size:undefined disposed:false
3367 http fetch GET 200 https://registry.npmjs.org/@rollup%2frollup-linux-loong64-musl 171ms (cache miss)
3368 silly packumentCache full:https://registry.npmjs.org/@rollup%2frollup-linux-loong64-musl set size:undefined disposed:false
3369 http fetch GET 200 https://registry.npmjs.org/@rollup%2frollup-openharmony-arm64 241ms (cache miss)
3370 silly packumentCache full:https://registry.npmjs.org/@rollup%2frollup-openharmony-arm64 set size:undefined disposed:false
3371 http fetch GET 200 https://registry.npmjs.org/@rollup%2frollup-linux-riscv64-gnu 287ms (cache miss)
3372 silly packumentCache full:https://registry.npmjs.org/@rollup%2frollup-linux-riscv64-gnu set size:undefined disposed:false
3373 http fetch GET 200 https://registry.npmjs.org/@rollup%2frollup-linux-arm-musleabihf 181ms (cache miss)
3374 silly packumentCache full:https://registry.npmjs.org/@rollup%2frollup-linux-arm-musleabihf set size:undefined disposed:false
3375 http fetch GET 200 https://registry.npmjs.org/@rollup%2frollup-linux-arm-gnueabihf 219ms (cache miss)
3376 silly packumentCache full:https://registry.npmjs.org/@rollup%2frollup-linux-arm-gnueabihf set size:undefined disposed:false
3377 http fetch GET 200 https://registry.npmjs.org/@rollup%2frollup-linux-riscv64-musl 354ms (cache miss)
3378 silly packumentCache full:https://registry.npmjs.org/@rollup%2frollup-linux-riscv64-musl set size:undefined disposed:false
3379 silly placeDep ROOT @esbuild/aix-ppc64@0.25.12 OK for: esbuild@0.25.12 want: 0.25.12
3380 silly placeDep ROOT @esbuild/android-arm@0.25.12 OK for: esbuild@0.25.12 want: 0.25.12
3381 silly placeDep ROOT @esbuild/android-arm64@0.25.12 OK for: esbuild@0.25.12 want: 0.25.12
3382 silly placeDep ROOT @esbuild/android-x64@0.25.12 OK for: esbuild@0.25.12 want: 0.25.12
3383 silly placeDep ROOT @esbuild/darwin-arm64@0.25.12 OK for: esbuild@0.25.12 want: 0.25.12
3384 silly placeDep ROOT @esbuild/darwin-x64@0.25.12 OK for: esbuild@0.25.12 want: 0.25.12
3385 silly placeDep ROOT @esbuild/freebsd-arm64@0.25.12 OK for: esbuild@0.25.12 want: 0.25.12
3386 silly placeDep ROOT @esbuild/freebsd-x64@0.25.12 OK for: esbuild@0.25.12 want: 0.25.12
3387 silly placeDep ROOT @esbuild/linux-arm@0.25.12 OK for: esbuild@0.25.12 want: 0.25.12
3388 silly placeDep ROOT @esbuild/linux-arm64@0.25.12 OK for: esbuild@0.25.12 want: 0.25.12
3389 silly placeDep ROOT @esbuild/linux-ia32@0.25.12 OK for: esbuild@0.25.12 want: 0.25.12
3390 silly placeDep ROOT @esbuild/linux-loong64@0.25.12 OK for: esbuild@0.25.12 want: 0.25.12
3391 silly placeDep ROOT @esbuild/linux-mips64el@0.25.12 OK for: esbuild@0.25.12 want: 0.25.12
3392 silly placeDep ROOT @esbuild/linux-ppc64@0.25.12 OK for: esbuild@0.25.12 want: 0.25.12
3393 silly placeDep ROOT @esbuild/linux-riscv64@0.25.12 OK for: esbuild@0.25.12 want: 0.25.12
3394 silly placeDep ROOT @esbuild/linux-s390x@0.25.12 OK for: esbuild@0.25.12 want: 0.25.12
3395 silly placeDep ROOT @esbuild/linux-x64@0.25.12 OK for: esbuild@0.25.12 want: 0.25.12
3396 silly placeDep ROOT @esbuild/netbsd-arm64@0.25.12 OK for: esbuild@0.25.12 want: 0.25.12
3397 silly placeDep ROOT @esbuild/netbsd-x64@0.25.12 OK for: esbuild@0.25.12 want: 0.25.12
3398 silly placeDep ROOT @esbuild/openbsd-arm64@0.25.12 OK for: esbuild@0.25.12 want: 0.25.12
3399 silly placeDep ROOT @esbuild/openbsd-x64@0.25.12 OK for: esbuild@0.25.12 want: 0.25.12
3400 silly placeDep ROOT @esbuild/openharmony-arm64@0.25.12 OK for: esbuild@0.25.12 want: 0.25.12
3401 silly placeDep ROOT @esbuild/sunos-x64@0.25.12 OK for: esbuild@0.25.12 want: 0.25.12
3402 silly placeDep ROOT @esbuild/win32-arm64@0.25.12 OK for: esbuild@0.25.12 want: 0.25.12
3403 silly placeDep ROOT @esbuild/win32-ia32@0.25.12 OK for: esbuild@0.25.12 want: 0.25.12
3404 silly placeDep ROOT @esbuild/win32-x64@0.25.12 OK for: esbuild@0.25.12 want: 0.25.12
3405 silly placeDep ROOT @rollup/rollup-android-arm-eabi@4.62.3 OK for: rollup@4.62.3 want: 4.62.3
3406 silly placeDep ROOT @rollup/rollup-android-arm64@4.62.3 OK for: rollup@4.62.3 want: 4.62.3
3407 silly placeDep ROOT @rollup/rollup-darwin-arm64@4.62.3 OK for: rollup@4.62.3 want: 4.62.3
3408 silly placeDep ROOT @rollup/rollup-darwin-x64@4.62.3 OK for: rollup@4.62.3 want: 4.62.3
3409 silly placeDep ROOT @rollup/rollup-freebsd-arm64@4.62.3 OK for: rollup@4.62.3 want: 4.62.3
3410 silly placeDep ROOT @rollup/rollup-freebsd-x64@4.62.3 OK for: rollup@4.62.3 want: 4.62.3
3411 silly placeDep ROOT @rollup/rollup-linux-arm-gnueabihf@4.62.3 OK for: rollup@4.62.3 want: 4.62.3
3412 silly placeDep ROOT @rollup/rollup-linux-arm-musleabihf@4.62.3 OK for: rollup@4.62.3 want: 4.62.3
3413 silly placeDep ROOT @rollup/rollup-linux-arm64-gnu@4.62.3 OK for: rollup@4.62.3 want: 4.62.3
3414 silly placeDep ROOT @rollup/rollup-linux-arm64-musl@4.62.3 OK for: rollup@4.62.3 want: 4.62.3
3415 silly placeDep ROOT @rollup/rollup-linux-loong64-gnu@4.62.3 OK for: rollup@4.62.3 want: 4.62.3
3416 silly placeDep ROOT @rollup/rollup-linux-loong64-musl@4.62.3 OK for: rollup@4.62.3 want: 4.62.3
3417 silly placeDep ROOT @rollup/rollup-linux-ppc64-gnu@4.62.3 OK for: rollup@4.62.3 want: 4.62.3
3418 silly placeDep ROOT @rollup/rollup-linux-ppc64-musl@4.62.3 OK for: rollup@4.62.3 want: 4.62.3
3419 silly placeDep ROOT @rollup/rollup-linux-riscv64-gnu@4.62.3 OK for: rollup@4.62.3 want: 4.62.3
3420 silly placeDep ROOT @rollup/rollup-linux-riscv64-musl@4.62.3 OK for: rollup@4.62.3 want: 4.62.3
3421 silly placeDep ROOT @rollup/rollup-linux-s390x-gnu@4.62.3 OK for: rollup@4.62.3 want: 4.62.3
3422 silly placeDep ROOT @rollup/rollup-linux-x64-gnu@4.62.3 OK for: rollup@4.62.3 want: 4.62.3
3423 silly placeDep ROOT @rollup/rollup-linux-x64-musl@4.62.3 OK for: rollup@4.62.3 want: 4.62.3
3424 silly placeDep ROOT @rollup/rollup-openbsd-x64@4.62.3 OK for: rollup@4.62.3 want: 4.62.3
3425 silly placeDep ROOT @rollup/rollup-openharmony-arm64@4.62.3 OK for: rollup@4.62.3 want: 4.62.3
3426 silly placeDep ROOT @rollup/rollup-win32-arm64-msvc@4.62.3 OK for: rollup@4.62.3 want: 4.62.3
3427 silly placeDep ROOT @rollup/rollup-win32-ia32-msvc@4.62.3 OK for: rollup@4.62.3 want: 4.62.3
3428 silly placeDep ROOT @rollup/rollup-win32-x64-gnu@4.62.3 OK for: rollup@4.62.3 want: 4.62.3
3429 silly placeDep ROOT @rollup/rollup-win32-x64-msvc@4.62.3 OK for: rollup@4.62.3 want: 4.62.3
3430 silly fetch manifest @types/node@^18.0.0 || >=20.0.0
3431 silly packumentCache full:https://registry.npmjs.org/@types%2fnode cache-miss
3432 http cache https://registry.npmjs.org/@types%2fnode 132ms (cache hit)
3433 silly packumentCache full:https://registry.npmjs.org/@types%2fnode set size:11084776 disposed:false
3434 silly fetch manifest postcss@^8.3.3
3435 silly packumentCache full:https://registry.npmjs.org/postcss cache-hit
3436 silly fetch manifest terser@^5.4.0
3437 silly packumentCache full:https://registry.npmjs.org/terser cache-miss
3438 http cache https://registry.npmjs.org/terser 30ms (cache hit)
3439 silly packumentCache full:https://registry.npmjs.org/terser set size:806866 disposed:false
3440 silly fetch manifest msw@^2.4.9
3441 silly packumentCache full:https://registry.npmjs.org/msw cache-miss
3442 http fetch GET 200 https://registry.npmjs.org/msw 309ms (cache miss)
3443 silly packumentCache full:https://registry.npmjs.org/msw set size:undefined disposed:false
3444 silly fetch manifest typescript@>= 4.8.x
3445 silly packumentCache full:https://registry.npmjs.org/typescript cache-miss
3446 http cache https://registry.npmjs.org/typescript 120ms (cache hit)
3447 silly packumentCache full:https://registry.npmjs.org/typescript set size:15493019 disposed:false
3448 silly placeDep ROOT @vitest/expect@2.1.9 OK for: vitest@2.1.9 want: 2.1.9
3449 silly placeDep node_modules/vitest @vitest/mocker@2.1.9 OK for: vitest@2.1.9 want: 2.1.9
3450 silly placeDep node_modules/vitest vite@5.4.21 OK for: @vitest/mocker@2.1.9 want: ^5.0.0
3451 silly placeDep ROOT @vitest/pretty-format@2.1.9 OK for: vitest@2.1.9 want: ^2.1.9
3452 silly placeDep ROOT @vitest/runner@2.1.9 OK for: vitest@2.1.9 want: 2.1.9
3453 silly placeDep ROOT @vitest/snapshot@2.1.9 OK for: vitest@2.1.9 want: 2.1.9
3454 silly placeDep ROOT @vitest/spy@2.1.9 OK for: vitest@2.1.9 want: 2.1.9
3455 silly placeDep ROOT @vitest/utils@2.1.9 OK for: vitest@2.1.9 want: 2.1.9
3456 silly placeDep ROOT chai@5.3.3 OK for: vitest@2.1.9 want: ^5.1.2
3457 silly placeDep ROOT expect-type@1.4.0 OK for: vitest@2.1.9 want: ^1.1.0
3458 silly placeDep ROOT magic-string@0.30.21 OK for: vitest@2.1.9 want: ^0.30.12
3459 silly placeDep ROOT pathe@1.1.2 OK for: vitest@2.1.9 want: ^1.1.2
3460 silly placeDep ROOT std-env@3.10.0 OK for: vitest@2.1.9 want: ^3.8.0
3461 silly placeDep ROOT tinybench@2.9.0 OK for: vitest@2.1.9 want: ^2.9.0
3462 silly placeDep ROOT tinyexec@0.3.2 OK for: vitest@2.1.9 want: ^0.3.1
3463 silly placeDep ROOT tinypool@1.1.1 OK for: vitest@2.1.9 want: ^1.0.1
3464 silly placeDep ROOT tinyrainbow@1.2.0 OK for: vitest@2.1.9 want: ^1.2.0
3465 silly placeDep ROOT vite-node@2.1.9 OK for: vitest@2.1.9 want: 2.1.9
3466 silly placeDep ROOT why-is-node-running@2.3.0 OK for: vitest@2.1.9 want: ^2.3.0
3467 silly fetch manifest estree-walker@^3.0.3
3468 silly packumentCache full:https://registry.npmjs.org/estree-walker cache-miss
3469 silly fetch manifest esbuild@^0.21.3
3470 silly packumentCache full:https://registry.npmjs.org/esbuild cache-miss
3471 silly fetch manifest tinyspy@^3.0.2
3472 silly packumentCache full:https://registry.npmjs.org/tinyspy cache-miss
3473 silly fetch manifest loupe@^3.1.2
3474 silly packumentCache full:https://registry.npmjs.org/loupe cache-miss
3475 silly fetch manifest loupe@^3.1.0
3476 silly packumentCache full:https://registry.npmjs.org/loupe cache-miss
3477 silly fetch manifest pathval@^2.0.0
3478 silly packumentCache full:https://registry.npmjs.org/pathval cache-miss
3479 silly fetch manifest deep-eql@^5.0.1
3480 silly packumentCache full:https://registry.npmjs.org/deep-eql cache-miss
3481 silly fetch manifest check-error@^2.1.1
3482 silly packumentCache full:https://registry.npmjs.org/check-error cache-miss
3483 silly fetch manifest assertion-error@^2.0.1
3484 silly packumentCache full:https://registry.npmjs.org/assertion-error cache-miss
3485 silly fetch manifest cac@^6.7.14
3486 silly packumentCache full:https://registry.npmjs.org/cac cache-miss
3487 silly fetch manifest es-module-lexer@^1.5.4
3488 silly packumentCache full:https://registry.npmjs.org/es-module-lexer cache-miss
3489 http cache https://registry.npmjs.org/esbuild 108ms (cache hit)
3490 silly packumentCache full:https://registry.npmjs.org/esbuild set size:1259608 disposed:false
3491 silly fetch manifest siginfo@^2.0.0
3492 silly packumentCache full:https://registry.npmjs.org/siginfo cache-miss
3493 http fetch GET 200 https://registry.npmjs.org/assertion-error 233ms (cache miss)
3494 silly packumentCache full:https://registry.npmjs.org/assertion-error set size:undefined disposed:false
3495 silly fetch manifest stackback@0.0.2
3496 silly packumentCache full:https://registry.npmjs.org/stackback cache-miss
3497 http fetch GET 200 https://registry.npmjs.org/check-error 259ms (cache miss)
3498 silly packumentCache full:https://registry.npmjs.org/check-error set size:undefined disposed:false
3499 http fetch GET 200 https://registry.npmjs.org/estree-walker 313ms (cache miss)
3500 silly packumentCache full:https://registry.npmjs.org/estree-walker set size:undefined disposed:false
3501 http fetch GET 200 https://registry.npmjs.org/tinyspy 320ms (cache miss)
3502 silly packumentCache full:https://registry.npmjs.org/tinyspy set size:undefined disposed:false
3503 http fetch GET 200 https://registry.npmjs.org/loupe 342ms (cache miss)
3504 silly packumentCache full:https://registry.npmjs.org/loupe set size:undefined disposed:false
3505 http fetch GET 200 https://registry.npmjs.org/es-module-lexer 361ms (cache miss)
3506 silly packumentCache full:https://registry.npmjs.org/es-module-lexer set size:undefined disposed:false
3507 http fetch GET 200 https://registry.npmjs.org/loupe 386ms (cache miss)
3508 silly packumentCache full:https://registry.npmjs.org/loupe set size:undefined disposed:false
3509 http fetch GET 200 https://registry.npmjs.org/siginfo 284ms (cache miss)
3510 silly packumentCache full:https://registry.npmjs.org/siginfo set size:undefined disposed:false
3511 http fetch GET 200 https://registry.npmjs.org/cac 412ms (cache miss)
3512 silly packumentCache full:https://registry.npmjs.org/cac set size:undefined disposed:false
3513 http fetch GET 200 https://registry.npmjs.org/deep-eql 445ms (cache miss)
3514 silly packumentCache full:https://registry.npmjs.org/deep-eql set size:undefined disposed:false
3515 http fetch GET 200 https://registry.npmjs.org/stackback 211ms (cache miss)
3516 silly packumentCache full:https://registry.npmjs.org/stackback set size:undefined disposed:false
3517 http fetch GET 200 https://registry.npmjs.org/pathval 885ms (cache miss)
3518 silly packumentCache full:https://registry.npmjs.org/pathval set size:undefined disposed:false
3519 silly placeDep ROOT tinyspy@3.0.2 OK for: @vitest/spy@2.1.9 want: ^3.0.2
3520 silly placeDep ROOT loupe@3.2.1 OK for: @vitest/utils@2.1.9 want: ^3.1.2
3521 silly placeDep ROOT assertion-error@2.0.1 OK for: chai@5.3.3 want: ^2.0.1
3522 silly placeDep ROOT check-error@2.1.3 OK for: chai@5.3.3 want: ^2.1.1
3523 silly placeDep ROOT deep-eql@5.0.2 OK for: chai@5.3.3 want: ^5.0.1
3524 silly placeDep ROOT pathval@2.0.1 OK for: chai@5.3.3 want: ^2.0.0
3525 silly placeDep ROOT cac@6.7.14 OK for: vite-node@2.1.9 want: ^6.7.14
3526 silly placeDep ROOT es-module-lexer@1.7.0 OK for: vite-node@2.1.9 want: ^1.5.4
3527 silly placeDep node_modules/vite-node vite@5.4.21 OK for: vite-node@2.1.9 want: ^5.0.0
3528 silly placeDep ROOT iconv-lite@0.6.3 OK for: whatwg-encoding@3.1.1 want: 0.6.3
3529 silly fetch manifest safer-buffer@>= 2.1.2 < 3.0.0
3530 silly packumentCache full:https://registry.npmjs.org/safer-buffer cache-miss
3531 http fetch GET 200 https://registry.npmjs.org/safer-buffer 76ms (cache miss)
3532 silly packumentCache full:https://registry.npmjs.org/safer-buffer set size:undefined disposed:false
3533 silly placeDep ROOT safer-buffer@2.1.2 OK for: iconv-lite@0.6.3 want: >= 2.1.2 < 3.0.0
3534 silly placeDep ROOT tr46@5.1.1 OK for: whatwg-url@14.2.0 want: ^5.1.0
3535 silly placeDep ROOT isexe@2.0.0 OK for: which@2.0.2 want: ^2.0.0
3536 silly placeDep ROOT is-bigint@1.1.0 OK for: which-boxed-primitive@1.1.1 want: ^1.1.0
3537 silly placeDep ROOT is-boolean-object@1.2.2 OK for: which-boxed-primitive@1.1.1 want: ^1.2.1
3538 silly placeDep ROOT is-number-object@1.1.1 OK for: which-boxed-primitive@1.1.1 want: ^1.1.1
3539 silly placeDep ROOT is-async-function@2.1.1 OK for: which-builtin-type@1.2.1 want: ^2.0.0
3540 silly placeDep ROOT is-finalizationregistry@1.1.1 OK for: which-builtin-type@1.2.1 want: ^1.1.0
3541 silly placeDep ROOT is-generator-function@1.1.2 OK for: which-builtin-type@1.2.1 want: ^1.0.10
3542 silly placeDep ROOT which-collection@1.0.2 OK for: which-builtin-type@1.2.1 want: ^1.0.2
3543 silly fetch manifest async-function@^1.0.0
3544 silly packumentCache full:https://registry.npmjs.org/async-function cache-miss
3545 silly fetch manifest generator-function@^2.0.0
3546 silly packumentCache full:https://registry.npmjs.org/generator-function cache-miss
3547 silly fetch manifest is-map@^2.0.3
3548 silly packumentCache full:https://registry.npmjs.org/is-map cache-miss
3549 silly fetch manifest is-weakmap@^2.0.2
3550 silly packumentCache full:https://registry.npmjs.org/is-weakmap cache-miss
3551 silly fetch manifest is-weakset@^2.0.3
3552 silly packumentCache full:https://registry.npmjs.org/is-weakset cache-miss
3553 http fetch GET 200 https://registry.npmjs.org/generator-function 252ms (cache miss)
3554 silly packumentCache full:https://registry.npmjs.org/generator-function set size:undefined disposed:false
3555 http fetch GET 200 https://registry.npmjs.org/async-function 262ms (cache miss)
3556 silly packumentCache full:https://registry.npmjs.org/async-function set size:undefined disposed:false
3557 http fetch GET 200 https://registry.npmjs.org/is-map 276ms (cache miss)
3558 silly packumentCache full:https://registry.npmjs.org/is-map set size:undefined disposed:false
3559 http fetch GET 200 https://registry.npmjs.org/is-weakmap 293ms (cache miss)
3560 silly packumentCache full:https://registry.npmjs.org/is-weakmap set size:undefined disposed:false
3561 http fetch GET 200 https://registry.npmjs.org/is-weakset 302ms (cache miss)
3562 silly packumentCache full:https://registry.npmjs.org/is-weakset set size:undefined disposed:false
3563 silly placeDep ROOT async-function@1.0.0 OK for: is-async-function@2.1.1 want: ^1.0.0
3564 silly placeDep ROOT generator-function@2.0.1 OK for: is-generator-function@1.1.2 want: ^2.0.0
3565 silly placeDep ROOT is-map@2.0.3 OK for: which-collection@1.0.2 want: ^2.0.3
3566 silly placeDep ROOT is-weakmap@2.0.2 OK for: which-collection@1.0.2 want: ^2.0.2
3567 silly placeDep ROOT is-weakset@2.0.4 OK for: which-collection@1.0.2 want: ^2.0.3
3568 silly placeDep ROOT siginfo@2.0.0 OK for: why-is-node-running@2.3.0 want: ^2.0.0
3569 silly placeDep ROOT stackback@0.0.2 OK for: why-is-node-running@2.3.0 want: 0.0.2
3570 silly fetch manifest react@>=16.8
3571 silly packumentCache full:https://registry.npmjs.org/react cache-miss
3572 http cache https://registry.npmjs.org/react 103ms (cache hit)
3573 silly packumentCache full:https://registry.npmjs.org/react set size:6849402 disposed:false
3574 silly placeDep ROOT use-sync-external-store@1.6.0 OK for: zustand@4.5.7 want: ^1.2.2
3575 silly placeDep node_modules/@typescript-eslint/typescript-estree brace-expansion@5.0.9 OK for: minimatch@10.2.6 want: ^5.0.8
3576 silly fetch manifest balanced-match@^4.0.2
3577 silly packumentCache full:https://registry.npmjs.org/balanced-match cache-miss
3578 http cache https://registry.npmjs.org/balanced-match 30ms (cache hit)
3579 silly packumentCache full:https://registry.npmjs.org/balanced-match set size:39082 disposed:false
3580 silly placeDep node_modules/@typescript-eslint/typescript-estree balanced-match@4.0.4 OK for: brace-expansion@5.0.9 want: ^4.0.2
3581 silly placeDep node_modules/tailwindcss/node_modules/fast-glob glob-parent@5.1.2 OK for: fast-glob@3.3.3 want: ^5.1.2
3582 silly placeDep node_modules/vite-node esbuild@0.21.5 OK for: vite@5.4.21 want: ^0.21.3
3583 silly fetch manifest @esbuild/aix-ppc64@0.21.5
3584 silly packumentCache full:https://registry.npmjs.org/@esbuild%2faix-ppc64 cache-miss
3585 silly fetch manifest @esbuild/linux-arm@0.21.5
3586 silly packumentCache full:https://registry.npmjs.org/@esbuild%2flinux-arm cache-miss
3587 silly fetch manifest @esbuild/linux-x64@0.21.5
3588 silly packumentCache full:https://registry.npmjs.org/@esbuild%2flinux-x64 cache-miss
3589 silly fetch manifest @esbuild/sunos-x64@0.21.5
3590 silly packumentCache full:https://registry.npmjs.org/@esbuild%2fsunos-x64 cache-miss
3591 silly fetch manifest @esbuild/win32-x64@0.21.5
3592 silly packumentCache full:https://registry.npmjs.org/@esbuild%2fwin32-x64 cache-miss
3593 silly fetch manifest @esbuild/darwin-x64@0.21.5
3594 silly packumentCache full:https://registry.npmjs.org/@esbuild%2fdarwin-x64 cache-miss
3595 silly fetch manifest @esbuild/linux-ia32@0.21.5
3596 silly packumentCache full:https://registry.npmjs.org/@esbuild%2flinux-ia32 cache-miss
3597 silly fetch manifest @esbuild/netbsd-x64@0.21.5
3598 silly packumentCache full:https://registry.npmjs.org/@esbuild%2fnetbsd-x64 cache-miss
3599 silly fetch manifest @esbuild/win32-ia32@0.21.5
3600 silly packumentCache full:https://registry.npmjs.org/@esbuild%2fwin32-ia32 cache-miss
3601 silly fetch manifest @esbuild/android-arm@0.21.5
3602 silly packumentCache full:https://registry.npmjs.org/@esbuild%2fandroid-arm cache-miss
3603 silly fetch manifest @esbuild/android-x64@0.21.5
3604 silly packumentCache full:https://registry.npmjs.org/@esbuild%2fandroid-x64 cache-miss
3605 http cache https://registry.npmjs.org/@esbuild%2fsunos-x64 213ms (cache hit)
3606 silly packumentCache full:https://registry.npmjs.org/@esbuild%2fsunos-x64 set size:197370 disposed:false
3607 silly fetch manifest @esbuild/freebsd-x64@0.21.5
3608 silly packumentCache full:https://registry.npmjs.org/@esbuild%2ffreebsd-x64 cache-miss
3609 http cache https://registry.npmjs.org/@esbuild%2flinux-ia32 220ms (cache hit)
3610 silly packumentCache full:https://registry.npmjs.org/@esbuild%2flinux-ia32 set size:197805 disposed:false
3611 silly fetch manifest @esbuild/linux-arm64@0.21.5
3612 silly packumentCache full:https://registry.npmjs.org/@esbuild%2flinux-arm64 cache-miss
3613 http cache https://registry.npmjs.org/@esbuild%2fwin32-x64 234ms (cache hit)
3614 silly packumentCache full:https://registry.npmjs.org/@esbuild%2fwin32-x64 set size:195722 disposed:false
3615 silly fetch manifest @esbuild/linux-ppc64@0.21.5
3616 silly packumentCache full:https://registry.npmjs.org/@esbuild%2flinux-ppc64 cache-miss
3617 http cache https://registry.npmjs.org/@esbuild%2faix-ppc64 244ms (cache hit)
3618 silly packumentCache full:https://registry.npmjs.org/@esbuild%2faix-ppc64 set size:65972 disposed:false
3619 silly fetch manifest @esbuild/linux-s390x@0.21.5
3620 silly packumentCache full:https://registry.npmjs.org/@esbuild%2flinux-s390x cache-miss
3621 http cache https://registry.npmjs.org/@esbuild%2fdarwin-x64 243ms (cache hit)
3622 silly packumentCache full:https://registry.npmjs.org/@esbuild%2fdarwin-x64 set size:197848 disposed:false
3623 silly fetch manifest @esbuild/openbsd-x64@0.21.5
3624 silly packumentCache full:https://registry.npmjs.org/@esbuild%2fopenbsd-x64 cache-miss
3625 http cache https://registry.npmjs.org/@esbuild%2fandroid-arm 243ms (cache hit)
3626 silly packumentCache full:https://registry.npmjs.org/@esbuild%2fandroid-arm set size:223400 disposed:false
3627 silly fetch manifest @esbuild/win32-arm64@0.21.5
3628 silly packumentCache full:https://registry.npmjs.org/@esbuild%2fwin32-arm64 cache-miss
3629 http cache https://registry.npmjs.org/@esbuild%2fnetbsd-x64 262ms (cache hit)
3630 silly packumentCache full:https://registry.npmjs.org/@esbuild%2fnetbsd-x64 set size:195514 disposed:false
3631 silly fetch manifest @esbuild/darwin-arm64@0.21.5
3632 silly packumentCache full:https://registry.npmjs.org/@esbuild%2fdarwin-arm64 cache-miss
3633 http cache https://registry.npmjs.org/@esbuild%2flinux-arm 285ms (cache hit)
3634 silly packumentCache full:https://registry.npmjs.org/@esbuild%2flinux-arm set size:196784 disposed:false
3635 silly fetch manifest @esbuild/android-arm64@0.21.5
3636 silly packumentCache full:https://registry.npmjs.org/@esbuild%2fandroid-arm64 cache-miss
3637 http cache https://registry.npmjs.org/@esbuild%2flinux-x64 297ms (cache hit)
3638 silly packumentCache full:https://registry.npmjs.org/@esbuild%2flinux-x64 set size:197126 disposed:false
3639 silly fetch manifest @esbuild/freebsd-arm64@0.21.5
3640 silly packumentCache full:https://registry.npmjs.org/@esbuild%2ffreebsd-arm64 cache-miss
3641 http cache https://registry.npmjs.org/@esbuild%2fwin32-ia32 302ms (cache hit)
3642 silly packumentCache full:https://registry.npmjs.org/@esbuild%2fwin32-ia32 set size:198030 disposed:false
3643 silly fetch manifest @esbuild/linux-loong64@0.21.5
3644 silly packumentCache full:https://registry.npmjs.org/@esbuild%2flinux-loong64 cache-miss
3645 http cache https://registry.npmjs.org/@esbuild%2fandroid-x64 310ms (cache hit)
3646 silly packumentCache full:https://registry.npmjs.org/@esbuild%2fandroid-x64 set size:197200 disposed:false
3647 silly fetch manifest @esbuild/linux-riscv64@0.21.5
3648 silly packumentCache full:https://registry.npmjs.org/@esbuild%2flinux-riscv64 cache-miss
3649 http cache https://registry.npmjs.org/@esbuild%2ffreebsd-x64 208ms (cache hit)
3650 silly packumentCache full:https://registry.npmjs.org/@esbuild%2ffreebsd-x64 set size:198734 disposed:false
3651 silly fetch manifest @esbuild/linux-mips64el@0.21.5
3652 silly packumentCache full:https://registry.npmjs.org/@esbuild%2flinux-mips64el cache-miss
3653 http cache https://registry.npmjs.org/@esbuild%2flinux-arm64 209ms (cache hit)
3654 silly packumentCache full:https://registry.npmjs.org/@esbuild%2flinux-arm64 set size:198939 disposed:false
3655 http cache https://registry.npmjs.org/@esbuild%2flinux-ppc64 204ms (cache hit)
3656 silly packumentCache full:https://registry.npmjs.org/@esbuild%2flinux-ppc64 set size:200994 disposed:false
3657 http cache https://registry.npmjs.org/@esbuild%2fwin32-arm64 183ms (cache hit)
3658 silly packumentCache full:https://registry.npmjs.org/@esbuild%2fwin32-arm64 set size:199171 disposed:false
3659 http cache https://registry.npmjs.org/@esbuild%2fopenbsd-x64 209ms (cache hit)
3660 silly packumentCache full:https://registry.npmjs.org/@esbuild%2fopenbsd-x64 set size:198745 disposed:false
3661 http cache https://registry.npmjs.org/@esbuild%2fdarwin-arm64 196ms (cache hit)
3662 silly packumentCache full:https://registry.npmjs.org/@esbuild%2fdarwin-arm64 set size:199630 disposed:false
3663 http cache https://registry.npmjs.org/@esbuild%2flinux-s390x 240ms (cache hit)
3664 silly packumentCache full:https://registry.npmjs.org/@esbuild%2flinux-s390x set size:200463 disposed:false
3665 http cache https://registry.npmjs.org/@esbuild%2flinux-loong64 192ms (cache hit)
3666 silly packumentCache full:https://registry.npmjs.org/@esbuild%2flinux-loong64 set size:253896 disposed:false
3667 http cache https://registry.npmjs.org/@esbuild%2ffreebsd-arm64 212ms (cache hit)
3668 silly packumentCache full:https://registry.npmjs.org/@esbuild%2ffreebsd-arm64 set size:200534 disposed:false
3669 http cache https://registry.npmjs.org/@esbuild%2fandroid-arm64 236ms (cache hit)
3670 silly packumentCache full:https://registry.npmjs.org/@esbuild%2fandroid-arm64 set size:202366 disposed:false
3671 http cache https://registry.npmjs.org/@esbuild%2flinux-riscv64 203ms (cache hit)
3672 silly packumentCache full:https://registry.npmjs.org/@esbuild%2flinux-riscv64 set size:200662 disposed:false
3673 http cache https://registry.npmjs.org/@esbuild%2flinux-mips64el 124ms (cache hit)
3674 silly packumentCache full:https://registry.npmjs.org/@esbuild%2flinux-mips64el set size:202764 disposed:false
3675 silly placeDep node_modules/vite-node @esbuild/aix-ppc64@0.21.5 OK for: esbuild@0.21.5 want: 0.21.5
3676 silly placeDep node_modules/vite-node @esbuild/android-arm@0.21.5 OK for: esbuild@0.21.5 want: 0.21.5
3677 silly placeDep node_modules/vite-node @esbuild/android-arm64@0.21.5 OK for: esbuild@0.21.5 want: 0.21.5
3678 silly placeDep node_modules/vite-node @esbuild/android-x64@0.21.5 OK for: esbuild@0.21.5 want: 0.21.5
3679 silly placeDep node_modules/vite-node @esbuild/darwin-arm64@0.21.5 OK for: esbuild@0.21.5 want: 0.21.5
3680 silly placeDep node_modules/vite-node @esbuild/darwin-x64@0.21.5 OK for: esbuild@0.21.5 want: 0.21.5
3681 silly placeDep node_modules/vite-node @esbuild/freebsd-arm64@0.21.5 OK for: esbuild@0.21.5 want: 0.21.5
3682 silly placeDep node_modules/vite-node @esbuild/freebsd-x64@0.21.5 OK for: esbuild@0.21.5 want: 0.21.5
3683 silly placeDep node_modules/vite-node @esbuild/linux-arm@0.21.5 OK for: esbuild@0.21.5 want: 0.21.5
3684 silly placeDep node_modules/vite-node @esbuild/linux-arm64@0.21.5 OK for: esbuild@0.21.5 want: 0.21.5
3685 silly placeDep node_modules/vite-node @esbuild/linux-ia32@0.21.5 OK for: esbuild@0.21.5 want: 0.21.5
3686 silly placeDep node_modules/vite-node @esbuild/linux-loong64@0.21.5 OK for: esbuild@0.21.5 want: 0.21.5
3687 silly placeDep node_modules/vite-node @esbuild/linux-mips64el@0.21.5 OK for: esbuild@0.21.5 want: 0.21.5
3688 silly placeDep node_modules/vite-node @esbuild/linux-ppc64@0.21.5 OK for: esbuild@0.21.5 want: 0.21.5
3689 silly placeDep node_modules/vite-node @esbuild/linux-riscv64@0.21.5 OK for: esbuild@0.21.5 want: 0.21.5
3690 silly placeDep node_modules/vite-node @esbuild/linux-s390x@0.21.5 OK for: esbuild@0.21.5 want: 0.21.5
3691 silly placeDep node_modules/vite-node @esbuild/linux-x64@0.21.5 OK for: esbuild@0.21.5 want: 0.21.5
3692 silly placeDep node_modules/vite-node @esbuild/netbsd-x64@0.21.5 OK for: esbuild@0.21.5 want: 0.21.5
3693 silly placeDep node_modules/vite-node @esbuild/openbsd-x64@0.21.5 OK for: esbuild@0.21.5 want: 0.21.5
3694 silly placeDep node_modules/vite-node @esbuild/sunos-x64@0.21.5 OK for: esbuild@0.21.5 want: 0.21.5
3695 silly placeDep node_modules/vite-node @esbuild/win32-arm64@0.21.5 OK for: esbuild@0.21.5 want: 0.21.5
3696 silly placeDep node_modules/vite-node @esbuild/win32-ia32@0.21.5 OK for: esbuild@0.21.5 want: 0.21.5
3697 silly placeDep node_modules/vite-node @esbuild/win32-x64@0.21.5 OK for: esbuild@0.21.5 want: 0.21.5
3698 silly placeDep ROOT estree-walker@3.0.3 OK for: @vitest/mocker@2.1.9 want: ^3.0.3
3699 silly placeDep node_modules/vitest esbuild@0.21.5 OK for: vite@5.4.21 want: ^0.21.3
3700 silly placeDep node_modules/vitest @esbuild/aix-ppc64@0.21.5 OK for: esbuild@0.21.5 want: 0.21.5
3701 silly placeDep node_modules/vitest @esbuild/android-arm@0.21.5 OK for: esbuild@0.21.5 want: 0.21.5
3702 silly placeDep node_modules/vitest @esbuild/android-arm64@0.21.5 OK for: esbuild@0.21.5 want: 0.21.5
3703 silly placeDep node_modules/vitest @esbuild/android-x64@0.21.5 OK for: esbuild@0.21.5 want: 0.21.5
3704 silly placeDep node_modules/vitest @esbuild/darwin-arm64@0.21.5 OK for: esbuild@0.21.5 want: 0.21.5
3705 silly placeDep node_modules/vitest @esbuild/darwin-x64@0.21.5 OK for: esbuild@0.21.5 want: 0.21.5
3706 silly placeDep node_modules/vitest @esbuild/freebsd-arm64@0.21.5 OK for: esbuild@0.21.5 want: 0.21.5
3707 silly placeDep node_modules/vitest @esbuild/freebsd-x64@0.21.5 OK for: esbuild@0.21.5 want: 0.21.5
3708 silly placeDep node_modules/vitest @esbuild/linux-arm@0.21.5 OK for: esbuild@0.21.5 want: 0.21.5
3709 silly placeDep node_modules/vitest @esbuild/linux-arm64@0.21.5 OK for: esbuild@0.21.5 want: 0.21.5
3710 silly placeDep node_modules/vitest @esbuild/linux-ia32@0.21.5 OK for: esbuild@0.21.5 want: 0.21.5
3711 silly placeDep node_modules/vitest @esbuild/linux-loong64@0.21.5 OK for: esbuild@0.21.5 want: 0.21.5
3712 silly placeDep node_modules/vitest @esbuild/linux-mips64el@0.21.5 OK for: esbuild@0.21.5 want: 0.21.5
3713 silly placeDep node_modules/vitest @esbuild/linux-ppc64@0.21.5 OK for: esbuild@0.21.5 want: 0.21.5
3714 silly placeDep node_modules/vitest @esbuild/linux-riscv64@0.21.5 OK for: esbuild@0.21.5 want: 0.21.5
3715 silly placeDep node_modules/vitest @esbuild/linux-s390x@0.21.5 OK for: esbuild@0.21.5 want: 0.21.5
3716 silly placeDep node_modules/vitest @esbuild/linux-x64@0.21.5 OK for: esbuild@0.21.5 want: 0.21.5
3717 silly placeDep node_modules/vitest @esbuild/netbsd-x64@0.21.5 OK for: esbuild@0.21.5 want: 0.21.5
3718 silly placeDep node_modules/vitest @esbuild/openbsd-x64@0.21.5 OK for: esbuild@0.21.5 want: 0.21.5
3719 silly placeDep node_modules/vitest @esbuild/sunos-x64@0.21.5 OK for: esbuild@0.21.5 want: 0.21.5
3720 silly placeDep node_modules/vitest @esbuild/win32-arm64@0.21.5 OK for: esbuild@0.21.5 want: 0.21.5
3721 silly placeDep node_modules/vitest @esbuild/win32-ia32@0.21.5 OK for: esbuild@0.21.5 want: 0.21.5
3722 silly placeDep node_modules/vitest @esbuild/win32-x64@0.21.5 OK for: esbuild@0.21.5 want: 0.21.5
3723 silly reify moves {}
3724 silly audit bulk request {
3724 silly audit   '@eslint/eslintrc': [ '3.3.6' ],
3724 silly audit   '@testing-library/jest-dom': [ '6.9.1' ],
3724 silly audit   '@testing-library/react': [ '16.3.2' ],
3724 silly audit   '@testing-library/dom': [ '10.4.1' ],
3724 silly audit   react: [ '19.2.8' ],
3724 silly audit   'react-dom': [ '19.2.8' ],
3724 silly audit   '@types/node': [ '22.20.1' ],
3724 silly audit   '@types/react': [ '19.2.17' ],
3724 silly audit   '@types/react-dom': [ '19.2.3' ],
3724 silly audit   '@vitejs/plugin-react': [ '4.7.0' ],
3724 silly audit   vite: [ '6.4.3', '5.4.21' ],
3724 silly audit   '@xyflow/react': [ '12.11.2' ],
3724 silly audit   autoprefixer: [ '10.5.4' ],
3724 silly audit   postcss: [ '8.5.25', '8.4.31' ],
3724 silly audit   eslint: [ '9.39.5' ],
3724 silly audit   'eslint-config-next': [ '15.5.22' ],
3724 silly audit   'framer-motion': [ '12.43.0' ],
3724 silly audit   jsdom: [ '25.0.1' ],
3724 silly audit   'lucide-react': [ '0.468.0' ],
3724 silly audit   next: [ '15.5.22' ],
3724 silly audit   tailwindcss: [ '3.4.19' ],
3724 silly audit   typescript: [ '5.9.3' ],
3724 silly audit   vitest: [ '2.1.9' ],
3724 silly audit   ajv: [ '6.15.0' ],
3724 silly audit   debug: [ '4.4.3', '3.2.7' ],
3724 silly audit   espree: [ '10.4.0' ],
3724 silly audit   globals: [ '14.0.0' ],
3724 silly audit   ignore: [ '5.3.2', '7.0.6' ],
3724 silly audit   'import-fresh': [ '3.3.1' ],
3724 silly audit   'js-yaml': [ '4.3.0' ],
3724 silly audit   minimatch: [ '3.1.5', '10.2.6' ],
3724 silly audit   'strip-json-comments': [ '3.1.1' ],
3724 silly audit   '@babel/code-frame': [ '7.29.7' ],
3724 silly audit   '@babel/runtime': [ '7.29.7' ],
3724 silly audit   '@types/aria-query': [ '5.0.4' ],
3724 silly audit   'aria-query': [ '5.3.0', '5.3.2' ],
3724 silly audit   'dom-accessibility-api': [ '0.5.16', '0.6.3' ],
3724 silly audit   'lz-string': [ '1.5.0' ],
3724 silly audit   picocolors: [ '1.1.1' ],
3724 silly audit   'pretty-format': [ '27.5.1' ],
3724 silly audit   '@babel/helper-validator-identifier': [ '7.29.7' ],
3724 silly audit   'js-tokens': [ '4.0.0' ],
3724 silly audit   '@adobe/css-tools': [ '4.5.0' ],
3724 silly audit   'css.escape': [ '1.5.1' ],
3724 silly audit   redent: [ '3.0.0' ],
3724 silly audit   'undici-types': [ '6.21.0' ],
3724 silly audit   csstype: [ '3.2.3' ],
3724 silly audit   '@babel/core': [ '7.29.7' ],
3724 silly audit   '@babel/plugin-transform-react-jsx-self': [ '7.29.7' ],
3724 silly audit   '@babel/plugin-transform-react-jsx-source': [ '7.29.7' ],
3724 silly audit   '@rolldown/pluginutils': [ '1.0.0-beta.27' ],
3724 silly audit   '@types/babel__core': [ '7.20.5' ],
3724 silly audit   'react-refresh': [ '0.17.0' ],
3724 silly audit   '@babel/generator': [ '7.29.7' ],
3724 silly audit   '@babel/helper-compilation-targets': [ '7.29.7' ],
3724 silly audit   '@babel/helper-module-transforms': [ '7.29.7' ],
3724 silly audit   '@babel/helpers': [ '7.29.7' ],
3724 silly audit   '@babel/parser': [ '7.29.7' ],
3724 silly audit   '@babel/template': [ '7.29.7' ],
3724 silly audit   '@babel/traverse': [ '7.29.7' ],
3724 silly audit   '@babel/types': [ '7.29.7' ],
3724 silly audit   '@jridgewell/remapping': [ '2.3.5' ],
3724 silly audit   'convert-source-map': [ '2.0.0' ],
3724 silly audit   gensync: [ '1.0.0-beta.2' ],
3724 silly audit   json5: [ '2.2.3', '1.0.2' ],
3724 silly audit   semver: [ '6.3.1', '7.8.5' ],
3724 silly audit   '@jridgewell/gen-mapping': [ '0.3.13' ],
3724 silly audit   '@jridgewell/trace-mapping': [ '0.3.31' ],
3724 silly audit   jsesc: [ '3.1.0' ],
3724 silly audit   '@babel/compat-data': [ '7.29.7' ],
3724 silly audit   '@babel/helper-validator-option': [ '7.29.7' ],
3724 silly audit   browserslist: [ '4.28.7' ],
3724 silly audit   'lru-cache': [ '5.1.1', '10.4.3' ],
3724 silly audit   '@babel/helper-module-imports': [ '7.29.7' ],
3724 silly audit   '@babel/helper-plugin-utils': [ '7.29.7' ],
3724 silly audit   '@babel/helper-globals': [ '7.29.7' ],
3724 silly audit   '@babel/helper-string-parser': [ '7.29.7' ],
3724 silly audit   '@jridgewell/sourcemap-codec': [ '1.5.5' ],
3724 silly audit   '@jridgewell/resolve-uri': [ '3.1.2' ],
3724 silly audit   '@types/babel__generator': [ '7.27.0' ],
3724 silly audit   '@types/babel__template': [ '7.4.4' ],
3724 silly audit   '@types/babel__traverse': [ '7.28.0' ],
3724 silly audit   '@xyflow/system': [ '0.0.79' ],
3724 silly audit   classcat: [ '5.0.5' ],
3724 silly audit   zustand: [ '4.5.7' ],
3724 silly audit   '@types/d3-drag': [ '3.0.7' ],
3724 silly audit   '@types/d3-interpolate': [ '3.0.4' ],
3724 silly audit   '@types/d3-selection': [ '3.0.11' ],
3724 silly audit   '@types/d3-transition': [ '3.0.9' ],
3724 silly audit   '@types/d3-zoom': [ '3.0.8' ],
3724 silly audit   'd3-drag': [ '3.0.0' ],
3724 silly audit   'd3-interpolate': [ '3.0.1' ],
3724 silly audit   'd3-selection': [ '3.0.0' ],
3724 silly audit   'd3-zoom': [ '3.0.0' ],
3724 silly audit   '@types/d3-color': [ '3.1.3' ],
3724 silly audit   'fast-deep-equal': [ '3.1.3' ],
3724 silly audit   'fast-json-stable-stringify': [ '2.1.0' ],
3724 silly audit   'json-schema-traverse': [ '0.4.1' ],
3724 silly audit   'uri-js': [ '4.4.1' ],
3724 silly audit   dequal: [ '2.0.3' ],
3724 silly audit   'caniuse-lite': [ '1.0.30001806' ],
3724 silly audit   'fraction.js': [ '5.3.4' ],
3724 silly audit   'postcss-value-parser': [ '4.2.0' ],
3724 silly audit   'baseline-browser-mapping': [ '2.11.8' ],
3724 silly audit   'electron-to-chromium': [ '1.5.398' ],
3724 silly audit   'node-releases': [ '2.0.51' ],
3724 silly audit   'update-browserslist-db': [ '1.2.3' ],
3724 silly audit   'd3-dispatch': [ '3.0.1' ],
3724 silly audit   'd3-color': [ '3.1.0' ],
3724 silly audit   'd3-transition': [ '3.0.1' ],
3724 silly audit   'd3-ease': [ '3.0.1' ],
3724 silly audit   'd3-timer': [ '3.0.1' ],
3724 silly audit   ms: [ '2.1.3' ],
3724 silly audit   '@eslint-community/eslint-utils': [ '4.10.1' ],
3724 silly audit   '@eslint-community/regexpp': [ '4.12.2' ],
3724 silly audit   '@eslint/config-array': [ '0.21.2' ],
3724 silly audit   '@eslint/config-helpers': [ '0.4.2' ],
3724 silly audit   '@eslint/core': [ '0.17.0' ],
3724 silly audit   '@eslint/js': [ '9.39.5' ],
3724 silly audit   '@eslint/plugin-kit': [ '0.4.1' ],
3724 silly audit   '@humanfs/node': [ '0.16.8' ],
3724 silly audit   '@humanwhocodes/module-importer': [ '1.0.1' ],
3724 silly audit   '@humanwhocodes/retry': [ '0.4.3' ],
3724 silly audit   '@types/estree': [ '1.0.9' ],
3724 silly audit   chalk: [ '4.1.2' ],
3724 silly audit   'cross-spawn': [ '7.0.6' ],
3724 silly audit   'escape-string-regexp': [ '4.0.0' ],
3724 silly audit   'eslint-scope': [ '8.4.0' ],
3724 silly audit   'eslint-visitor-keys': [ '4.2.1', '3.4.3', '5.0.1' ],
3724 silly audit   esquery: [ '1.7.0' ],
3724 silly audit   esutils: [ '2.0.3' ],
3724 silly audit   'file-entry-cache': [ '8.0.0' ],
3724 silly audit   'find-up': [ '5.0.0' ],
3724 silly audit   'glob-parent': [ '6.0.2', '5.1.2' ],
3724 silly audit   imurmurhash: [ '0.1.4' ],
3724 silly audit   'is-glob': [ '4.0.3' ],
3724 silly audit   'json-stable-stringify-without-jsonify': [ '1.0.1' ],
3724 silly audit   'lodash.merge': [ '4.6.2' ],
3724 silly audit   'natural-compare': [ '1.4.0' ],
3724 silly audit   optionator: [ '0.9.4' ],
3724 silly audit   '@eslint/object-schema': [ '2.1.7' ],
3724 silly audit   '@types/json-schema': [ '7.0.15' ],
3724 silly audit   levn: [ '0.4.1' ],
3724 silly audit   '@humanfs/core': [ '0.19.2' ],
3724 silly audit   '@humanfs/types': [ '0.15.0' ],
3724 silly audit   'ansi-styles': [ '4.3.0', '5.2.0' ],
3724 silly audit   'supports-color': [ '7.2.0' ],
3724 silly audit   'color-convert': [ '2.0.1' ],
3724 silly audit   'color-name': [ '1.1.4' ],
3724 silly audit   'path-key': [ '3.1.1' ],
3724 silly audit   'shebang-command': [ '2.0.0' ],
3724 silly audit   which: [ '2.0.2' ],
3724 silly audit   '@next/eslint-plugin-next': [ '15.5.22' ],
3724 silly audit   '@rushstack/eslint-patch': [ '1.16.1' ],
3724 silly audit   '@typescript-eslint/eslint-plugin': [ '8.65.0' ],
3724 silly audit   '@typescript-eslint/parser': [ '8.65.0' ],
3724 silly audit   'eslint-import-resolver-node': [ '0.3.10' ],
3724 silly audit   'eslint-import-resolver-typescript': [ '3.10.1' ],
3724 silly audit   'eslint-plugin-import': [ '2.32.0' ],
3724 silly audit   'eslint-plugin-jsx-a11y': [ '6.10.2' ],
3724 silly audit   'eslint-plugin-react': [ '7.37.5' ],
3724 silly audit   'eslint-plugin-react-hooks': [ '5.2.0' ],
3724 silly audit   'fast-glob': [ '3.3.1', '3.3.3' ],
3724 silly audit   '@typescript-eslint/scope-manager': [ '8.65.0' ],
3724 silly audit   '@typescript-eslint/type-utils': [ '8.65.0' ],
3724 silly audit   '@typescript-eslint/utils': [ '8.65.0' ],
3724 silly audit   '@typescript-eslint/visitor-keys': [ '8.65.0' ],
3724 silly audit   'ts-api-utils': [ '2.5.0' ],
3724 silly audit   '@typescript-eslint/types': [ '8.65.0' ],
3724 silly audit   '@typescript-eslint/typescript-estree': [ '8.65.0' ],
3724 silly audit   '@typescript-eslint/project-service': [ '8.65.0' ],
3724 silly audit   '@typescript-eslint/tsconfig-utils': [ '8.65.0' ],
3724 silly audit   tinyglobby: [ '0.2.17' ],
3724 silly audit   'is-core-module': [ '2.16.2' ],
3724 silly audit   resolve: [ '2.0.0-next.7', '1.22.12' ],
3724 silly audit   '@nolyfill/is-core-module': [ '1.0.39' ],
3724 silly audit   'get-tsconfig': [ '4.14.0' ],
3724 silly audit   'is-bun-module': [ '2.0.0' ],
3724 silly audit   'stable-hash': [ '0.0.5' ],
3724 silly audit   'unrs-resolver': [ '1.12.2' ],
3724 silly audit   '@rtsao/scc': [ '1.1.0' ],
3724 silly audit   'array-includes': [ '3.1.9' ],
3724 silly audit   'array.prototype.findlastindex': [ '1.2.6' ],
3724 silly audit   'array.prototype.flat': [ '1.3.3' ],
3724 silly audit   'array.prototype.flatmap': [ '1.3.3' ],
3724 silly audit   doctrine: [ '2.1.0' ],
3724 silly audit   'eslint-module-utils': [ '2.14.0' ],
3724 silly audit   hasown: [ '2.0.4' ],
3724 silly audit   'object.fromentries': [ '2.0.8' ],
3724 silly audit   'object.groupby': [ '1.0.3' ],
3724 silly audit   'object.values': [ '1.2.1' ],
3724 silly audit   'string.prototype.trimend': [ '1.0.10' ],
3724 silly audit   'tsconfig-paths': [ '3.15.0' ],
3724 silly audit   'call-bind': [ '1.0.9' ],
3724 silly audit   'call-bound': [ '1.0.4' ],
3724 silly audit   'define-properties': [ '1.2.1' ],
3724 silly audit   'es-abstract': [ '1.24.2' ],
3724 silly audit   'es-object-atoms': [ '1.1.2' ],
3724 silly audit   'get-intrinsic': [ '1.3.0' ],
3724 silly audit   'is-string': [ '1.1.1' ],
3724 silly audit   'math-intrinsics': [ '1.1.0' ],
3724 silly audit   'es-errors': [ '1.3.0' ],
3724 silly audit   'es-shim-unscopables': [ '1.1.0' ],
3724 silly audit   'call-bind-apply-helpers': [ '1.0.2' ],
3724 silly audit   'es-define-property': [ '1.0.1' ],
3724 silly audit   'set-function-length': [ '1.2.2' ],
3724 silly audit   'function-bind': [ '1.1.2' ],
3724 silly audit   'define-data-property': [ '1.1.4' ],
3724 silly audit   'has-property-descriptors': [ '1.0.2' ],
3724 silly audit   'object-keys': [ '1.1.1' ],
3724 silly audit   gopd: [ '1.2.0' ],
3724 silly audit   'array-buffer-byte-length': [ '1.0.2' ],
3724 silly audit   'arraybuffer.prototype.slice': [ '1.0.4' ],
3724 silly audit   'available-typed-arrays': [ '1.0.7' ],
3724 silly audit   'data-view-buffer': [ '1.0.2' ],
3724 silly audit   'data-view-byte-length': [ '1.0.2' ],
3724 silly audit   'data-view-byte-offset': [ '1.0.1' ],
3724 silly audit   'es-set-tostringtag': [ '2.1.0' ],
3724 silly audit   'es-to-primitive': [ '1.3.4' ],
3724 silly audit   'function.prototype.name': [ '1.2.0' ],
3724 silly audit   'get-proto': [ '1.0.1' ],
3724 silly audit   'get-symbol-description': [ '1.1.0' ],
3724 silly audit   globalthis: [ '1.0.4' ],
3724 silly audit   'has-proto': [ '1.2.0' ],
3724 silly audit   'has-symbols': [ '1.1.0' ],
3724 silly audit   'internal-slot': [ '1.1.0' ],
3724 silly audit   'is-array-buffer': [ '3.0.5' ],
3724 silly audit   'is-callable': [ '1.2.7' ],
3724 silly audit   'is-data-view': [ '1.0.2' ],
3724 silly audit   'is-negative-zero': [ '2.0.3' ],
3724 silly audit   'is-regex': [ '1.2.1' ],
3724 silly audit   'is-set': [ '2.0.3' ],
3724 silly audit   'is-shared-array-buffer': [ '1.0.4' ],
3724 silly audit   'is-typed-array': [ '1.1.15' ],
3724 silly audit   'is-weakref': [ '1.1.1' ],
3724 silly audit   'object-inspect': [ '1.13.4' ],
3724 silly audit   'object.assign': [ '4.1.7' ],
3724 silly audit   'own-keys': [ '1.0.2' ],
3724 silly audit   'regexp.prototype.flags': [ '1.5.4' ],
3724 silly audit   'safe-array-concat': [ '1.1.4' ],
3724 silly audit   'safe-push-apply': [ '1.0.0' ],
3724 silly audit   'safe-regex-test': [ '1.1.0' ],
3724 silly audit   'set-proto': [ '1.0.0' ],
3724 silly audit   'stop-iteration-iterator': [ '1.1.0' ],
3724 silly audit   'string.prototype.trim': [ '1.2.11' ],
3724 silly audit   'string.prototype.trimstart': [ '1.0.8' ],
3724 silly audit   'typed-array-buffer': [ '1.0.3' ],
3724 silly audit   'typed-array-byte-length': [ '1.0.3' ],
3724 silly audit   'typed-array-byte-offset': [ '1.0.4' ],
3724 silly audit   'typed-array-length': [ '1.0.8' ],
3724 silly audit   'unbox-primitive': [ '1.1.0' ],
3724 silly audit   'which-typed-array': [ '1.1.22' ],
3724 silly audit   'possible-typed-array-names': [ '1.1.0' ],
3724 silly audit   'has-tostringtag': [ '1.0.2' ],
3724 silly audit   'es-abstract-get': [ '1.0.0' ],
3724 silly audit   'is-date-object': [ '1.1.0' ],
3724 silly audit   'is-symbol': [ '1.1.1' ],
3724 silly audit   'ast-types-flow': [ '0.0.8' ],
3724 silly audit   'axe-core': [ '4.12.1' ],
3724 silly audit   'axobject-query': [ '4.1.0' ],
3724 silly audit   'damerau-levenshtein': [ '1.0.8' ],
3724 silly audit   'emoji-regex': [ '9.2.2' ],
3724 silly audit   'jsx-ast-utils': [ '3.3.5' ],
3724 silly audit   'language-tags': [ '1.0.9' ],
3724 silly audit   'string.prototype.includes': [ '2.0.1' ],
3724 silly audit   'array.prototype.findlast': [ '1.2.5' ],
3724 silly audit   'array.prototype.tosorted': [ '1.1.4' ],
3724 silly audit   'es-iterator-helpers': [ '1.4.0' ],
3724 silly audit   estraverse: [ '5.3.0' ],
3724 silly audit   'object.entries': [ '1.1.9' ],
3724 silly audit   'prop-types': [ '15.8.1' ],
3724 silly audit   'string.prototype.matchall': [ '4.0.12' ],
3724 silly audit   'string.prototype.repeat': [ '1.0.0' ],
3724 silly audit   'iterator.prototype': [ '1.1.5' ],
3724 silly audit   esrecurse: [ '4.3.0' ],
3724 silly audit   acorn: [ '8.18.0' ],
3724 silly audit   'acorn-jsx': [ '5.3.2' ],
3724 silly audit   '@nodelib/fs.stat': [ '2.0.5' ],
3724 silly audit   '@nodelib/fs.walk': [ '1.2.8' ],
3724 silly audit   merge2: [ '1.4.1' ],
3724 silly audit   micromatch: [ '4.0.8' ],
3724 silly audit   '@nodelib/fs.scandir': [ '2.1.5' ],
3724 silly audit   fastq: [ '1.20.1' ],
3724 silly audit   'run-parallel': [ '1.2.0' ],
3724 silly audit   reusify: [ '1.1.0' ],
3724 silly audit   'flat-cache': [ '4.0.1' ],
3724 silly audit   'locate-path': [ '6.0.0' ],
3724 silly audit   'path-exists': [ '4.0.0' ],
3724 silly audit   flatted: [ '3.4.4' ],
3724 silly audit   keyv: [ '4.5.4' ],
3724 silly audit   'motion-dom': [ '12.43.0' ],
3724 silly audit   'motion-utils': [ '12.39.0' ],
3724 silly audit   tslib: [ '2.8.1' ],
3724 silly audit   'functions-have-names': [ '1.2.3' ],
3724 silly audit   'is-document.all': [ '1.0.0' ],
3724 silly audit   'dunder-proto': [ '1.0.1' ],
3724 silly audit   'resolve-pkg-maps': [ '1.0.0' ],
3724 silly audit   'parent-module': [ '1.0.1' ],
3724 silly audit   'resolve-from': [ '4.0.0' ],
3724 silly audit   'side-channel': [ '1.1.1' ],
3724 silly audit   'is-extglob': [ '2.1.1' ],
3724 silly audit   'set-function-name': [ '2.0.2' ],
3724 silly audit   argparse: [ '2.0.1' ],
3724 silly audit   cssstyle: [ '4.6.0' ],
3724 silly audit   'data-urls': [ '5.0.0' ],
3724 silly audit   'decimal.js': [ '10.6.0' ],
3724 silly audit   'form-data': [ '4.0.6' ],
3724 silly audit   'html-encoding-sniffer': [ '4.0.0' ],
3724 silly audit   'http-proxy-agent': [ '7.0.2' ],
3724 silly audit   'https-proxy-agent': [ '7.0.6' ],
3724 silly audit   'is-potential-custom-element-name': [ '1.0.1' ],
3724 silly audit   nwsapi: [ '2.2.24' ],
3724 silly audit   parse5: [ '7.3.0' ],
3724 silly audit   'rrweb-cssom': [ '0.7.1', '0.8.0' ],
3724 silly audit   saxes: [ '6.0.0' ],
3724 silly audit   'symbol-tree': [ '3.2.4' ],
3724 silly audit   'tough-cookie': [ '5.1.2' ],
3724 silly audit   'w3c-xmlserializer': [ '5.0.0' ],
3724 silly audit   'webidl-conversions': [ '7.0.0' ],
3724 silly audit   'whatwg-encoding': [ '3.1.1' ],
3724 silly audit   'whatwg-mimetype': [ '4.0.0' ],
3724 silly audit   'whatwg-url': [ '14.2.0' ],
3724 silly audit   ws: [ '8.21.1' ],
3724 silly audit   'xml-name-validator': [ '5.0.0' ],
3724 silly audit   '@asamuzakjp/css-color': [ '3.2.0' ],
3724 silly audit   '@csstools/css-calc': [ '2.1.4' ],
3724 silly audit   '@csstools/css-tokenizer': [ '3.0.4' ],
3724 silly audit   '@csstools/css-parser-algorithms': [ '3.0.5' ],
3724 silly audit   '@csstools/css-color-parser': [ '3.1.0' ],
3724 silly audit   '@csstools/color-helpers': [ '5.1.0' ],
3724 silly audit   asynckit: [ '0.4.0' ],
3724 silly audit   'combined-stream': [ '1.0.8' ],
3724 silly audit   'mime-types': [ '2.1.35' ],
3724 silly audit   'delayed-stream': [ '1.0.0' ],
3724 silly audit   'agent-base': [ '7.1.4' ],
3724 silly audit   'json-buffer': [ '3.0.1' ],
3724 silly audit   'language-subtag-registry': [ '0.3.23' ],
3724 silly audit   'prelude-ls': [ '1.2.1' ],
3724 silly audit   'type-check': [ '0.4.0' ],
3724 silly audit   'p-locate': [ '5.0.0' ],
3724 silly audit   yallist: [ '3.1.1' ],
3724 silly audit   braces: [ '3.0.3' ],
3724 silly audit   picomatch: [ '2.3.2', '4.0.5' ],
3724 silly audit   'fill-range': [ '7.1.1' ],
3724 silly audit   'to-regex-range': [ '5.0.1' ],
3724 silly audit   'mime-db': [ '1.52.0' ],
3724 silly audit   'brace-expansion': [ '1.1.18', '5.0.9' ],
3724 silly audit   'balanced-match': [ '1.0.2', '4.0.4' ],
3724 silly audit   'concat-map': [ '0.0.1' ],
3724 silly audit   '@next/env': [ '15.5.22' ],
3724 silly audit   '@next/swc-darwin-arm64': [ '15.5.22' ],
3724 silly audit   '@next/swc-darwin-x64': [ '15.5.22' ],
3724 silly audit   '@next/swc-linux-arm64-gnu': [ '15.5.22' ],
3724 silly audit   '@next/swc-linux-arm64-musl': [ '15.5.22' ],
3724 silly audit   '@next/swc-linux-x64-gnu': [ '15.5.22' ],
3724 silly audit   '@next/swc-linux-x64-musl': [ '15.5.22' ],
3724 silly audit   '@next/swc-win32-arm64-msvc': [ '15.5.22' ],
3724 silly audit   '@next/swc-win32-x64-msvc': [ '15.5.22' ],
3724 silly audit   '@swc/helpers': [ '0.5.15' ],
3724 silly audit   sharp: [ '0.34.5' ],
3724 silly audit   'styled-jsx': [ '5.1.6' ],
3724 silly audit   'deep-is': [ '0.1.4' ],
3724 silly audit   'fast-levenshtein': [ '2.0.6' ],
3724 silly audit   'word-wrap': [ '1.2.5' ],
3724 silly audit   'p-limit': [ '3.1.0' ],
3724 silly audit   'yocto-queue': [ '0.1.0' ],
3724 silly audit   callsites: [ '3.1.0' ],
3724 silly audit   entities: [ '6.0.1' ],
3724 silly audit   nanoid: [ '3.3.16' ],
3724 silly audit   'source-map-js': [ '1.2.1' ],
3724 silly audit   'ansi-regex': [ '5.0.1' ],
3724 silly audit   'react-is': [ '17.0.2', '16.13.1' ],
3724 silly audit   'loose-envify': [ '1.4.0' ],
3724 silly audit   'object-assign': [ '4.1.1' ],
3724 silly audit   scheduler: [ '0.27.0' ],
3724 silly audit   'indent-string': [ '4.0.0' ],
3724 silly audit   'strip-indent': [ '3.0.0' ],
3724 silly audit   'node-exports-info': [ '1.6.2' ],
3724 silly audit   'path-parse': [ '1.0.7' ],
3724 silly audit   'supports-preserve-symlinks-flag': [ '1.0.0' ],
3724 silly audit   'queue-microtask': [ '1.2.3' ],
3724 silly audit   isarray: [ '2.0.5' ],
3724 silly audit   xmlchars: [ '2.2.0' ],
3724 silly audit   '@img/colour': [ '1.1.0' ],
3724 silly audit   '@img/sharp-darwin-arm64': [ '0.34.5' ],
3724 silly audit   '@img/sharp-darwin-x64': [ '0.34.5' ],
3724 silly audit   '@img/sharp-libvips-darwin-arm64': [ '1.2.4' ],
3724 silly audit   '@img/sharp-libvips-darwin-x64': [ '1.2.4' ],
3724 silly audit   '@img/sharp-libvips-linux-arm': [ '1.2.4' ],
3724 silly audit   '@img/sharp-libvips-linux-arm64': [ '1.2.4' ],
3724 silly audit   '@img/sharp-libvips-linux-ppc64': [ '1.2.4' ],
3724 silly audit   '@img/sharp-libvips-linux-riscv64': [ '1.2.4' ],
3724 silly audit   '@img/sharp-libvips-linux-s390x': [ '1.2.4' ],
3724 silly audit   '@img/sharp-libvips-linux-x64': [ '1.2.4' ],
3724 silly audit   '@img/sharp-libvips-linuxmusl-arm64': [ '1.2.4' ],
3724 silly audit   '@img/sharp-libvips-linuxmusl-x64': [ '1.2.4' ],
3724 silly audit   '@img/sharp-linux-arm': [ '0.34.5' ],
3724 silly audit   '@img/sharp-linux-arm64': [ '0.34.5' ],
3724 silly audit   '@img/sharp-linux-ppc64': [ '0.34.5' ],
3724 silly audit   '@img/sharp-linux-riscv64': [ '0.34.5' ],
3724 silly audit   '@img/sharp-linux-s390x': [ '0.34.5' ],
3724 silly audit   '@img/sharp-linux-x64': [ '0.34.5' ],
3724 silly audit   '@img/sharp-linuxmusl-arm64': [ '0.34.5' ],
3724 silly audit   '@img/sharp-linuxmusl-x64': [ '0.34.5' ],
3724 silly audit   '@img/sharp-wasm32': [ '0.34.5' ],
3724 silly audit   '@img/sharp-win32-arm64': [ '0.34.5' ],
3724 silly audit   '@img/sharp-win32-ia32': [ '0.34.5' ],
3724 silly audit   '@img/sharp-win32-x64': [ '0.34.5' ],
3724 silly audit   'detect-libc': [ '2.1.2' ],
3724 silly audit   '@emnapi/runtime': [ '1.11.3', '1.10.0' ],
3724 silly audit   'shebang-regex': [ '3.0.0' ],
3724 silly audit   'side-channel-list': [ '1.0.1' ],
3724 silly audit   'side-channel-map': [ '1.0.1' ],
3724 silly audit   'side-channel-weakmap': [ '1.0.2' ],
3724 silly audit   'min-indent': [ '1.0.1' ],
3724 silly audit   'client-only': [ '0.0.1' ],
3724 silly audit   'has-flag': [ '4.0.0' ],
3724 silly audit   '@alloc/quick-lru': [ '5.2.0' ],
3724 silly audit   arg: [ '5.0.2' ],
3724 silly audit   chokidar: [ '3.6.0' ],
3724 silly audit   didyoumean: [ '1.2.2' ],
3724 silly audit   dlv: [ '1.1.3' ],
3724 silly audit   jiti: [ '1.21.7' ],
3724 silly audit   lilconfig: [ '3.1.3' ],
3724 silly audit   'normalize-path': [ '3.0.0' ],
3724 silly audit   'object-hash': [ '3.0.0' ],
3724 silly audit   'postcss-import': [ '15.1.0' ],
3724 silly audit   'postcss-js': [ '4.1.0' ],
3724 silly audit   'postcss-load-config': [ '6.0.1' ],
3724 silly audit   'postcss-nested': [ '6.2.0' ],
3724 silly audit   'postcss-selector-parser': [ '6.1.4' ],
3724 silly audit   sucrase: [ '3.35.1' ],
3724 silly audit   anymatch: [ '3.1.3' ],
3724 silly audit   fsevents: [ '2.3.3' ],
3724 silly audit   'is-binary-path': [ '2.1.0' ],
3724 silly audit   readdirp: [ '3.6.0' ],
3724 silly audit   'binary-extensions': [ '2.3.0' ],
3724 silly audit   'read-cache': [ '1.0.0' ],
3724 silly audit   'camelcase-css': [ '2.0.1' ],
3724 silly audit   cssesc: [ '3.0.0' ],
3724 silly audit   'util-deprecate': [ '1.0.2' ],
3724 silly audit   pify: [ '2.3.0' ],
3724 silly audit   commander: [ '4.1.1' ],
3724 silly audit   'lines-and-columns': [ '1.2.4' ],
3724 silly audit   mz: [ '2.7.0' ],
3724 silly audit   pirates: [ '4.0.7' ],
3724 silly audit   'ts-interface-checker': [ '0.1.13' ],
3724 silly audit   'any-promise': [ '1.3.0' ],
3724 silly audit   'thenify-all': [ '1.6.0' ],
3724 silly audit   thenify: [ '3.3.1' ],
3724 silly audit   fdir: [ '6.5.0' ],
3724 silly audit   'is-number': [ '7.0.0' ],
3724 silly audit   tldts: [ '6.1.86' ],
3724 silly audit   'tldts-core': [ '6.1.86' ],
3724 silly audit   '@types/json5': [ '0.0.29' ],
3724 silly audit   minimist: [ '1.2.8' ],
3724 silly audit   'strip-bom': [ '3.0.0' ],
3724 silly audit   'for-each': [ '0.3.5' ],
3724 silly audit   'reflect.getprototypeof': [ '1.0.10' ],
3724 silly audit   'which-builtin-type': [ '1.2.1' ],
3724 silly audit   'has-bigints': [ '1.1.0' ],
3724 silly audit   'which-boxed-primitive': [ '1.1.1' ],
3724 silly audit   '@unrs/resolver-binding-android-arm-eabi': [ '1.12.2' ],
3724 silly audit   '@unrs/resolver-binding-android-arm64': [ '1.12.2' ],
3724 silly audit   '@unrs/resolver-binding-darwin-arm64': [ '1.12.2' ],
3724 silly audit   '@unrs/resolver-binding-darwin-x64': [ '1.12.2' ],
3724 silly audit   '@unrs/resolver-binding-freebsd-x64': [ '1.12.2' ],
3724 silly audit   '@unrs/resolver-binding-linux-arm-gnueabihf': [ '1.12.2' ],
3724 silly audit   '@unrs/resolver-binding-linux-arm-musleabihf': [ '1.12.2' ],
3724 silly audit   '@unrs/resolver-binding-linux-arm64-gnu': [ '1.12.2' ],
3724 silly audit   '@unrs/resolver-binding-linux-arm64-musl': [ '1.12.2' ],
3724 silly audit   '@unrs/resolver-binding-linux-loong64-gnu': [ '1.12.2' ],
3724 silly audit   '@unrs/resolver-binding-linux-loong64-musl': [ '1.12.2' ],
3724 silly audit   '@unrs/resolver-binding-linux-ppc64-gnu': [ '1.12.2' ],
3724 silly audit   '@unrs/resolver-binding-linux-riscv64-gnu': [ '1.12.2' ],
3724 silly audit   '@unrs/resolver-binding-linux-riscv64-musl': [ '1.12.2' ],
3724 silly audit   '@unrs/resolver-binding-linux-s390x-gnu': [ '1.12.2' ],
3724 silly audit   '@unrs/resolver-binding-linux-x64-gnu': [ '1.12.2' ],
3724 silly audit   '@unrs/resolver-binding-linux-x64-musl': [ '1.12.2' ],
3724 silly audit   '@unrs/resolver-binding-openharmony-arm64': [ '1.12.2' ],
3724 silly audit   '@unrs/resolver-binding-wasm32-wasi': [ '1.12.2' ],
3724 silly audit   '@unrs/resolver-binding-win32-arm64-msvc': [ '1.12.2' ],
3724 silly audit   '@unrs/resolver-binding-win32-ia32-msvc': [ '1.12.2' ],
3724 silly audit   '@unrs/resolver-binding-win32-x64-msvc': [ '1.12.2' ],
3724 silly audit   'napi-postinstall': [ '0.3.4' ],
3724 silly audit   '@emnapi/core': [ '1.10.0' ],
3724 silly audit   '@napi-rs/wasm-runtime': [ '1.2.1' ],
3724 silly audit   '@emnapi/wasi-threads': [ '1.2.1' ],
3724 silly audit   '@tybys/wasm-util': [ '0.10.3' ],
3724 silly audit   escalade: [ '3.2.0' ],
3724 silly audit   punycode: [ '2.3.1' ],
3724 silly audit   esbuild: [ '0.25.12', '0.21.5' ],
3724 silly audit   rollup: [ '4.62.3' ],
3724 silly audit   '@esbuild/aix-ppc64': [ '0.25.12', '0.21.5' ],
3724 silly audit   '@esbuild/android-arm': [ '0.25.12', '0.21.5' ],
3724 silly audit   '@esbuild/android-arm64': [ '0.25.12', '0.21.5' ],
3724 silly audit   '@esbuild/android-x64': [ '0.25.12', '0.21.5' ],
3724 silly audit   '@esbuild/darwin-arm64': [ '0.25.12', '0.21.5' ],
3724 silly audit   '@esbuild/darwin-x64': [ '0.25.12', '0.21.5' ],
3724 silly audit   '@esbuild/freebsd-arm64': [ '0.25.12', '0.21.5' ],
3724 silly audit   '@esbuild/freebsd-x64': [ '0.25.12', '0.21.5' ],
3724 silly audit   '@esbuild/linux-arm': [ '0.25.12', '0.21.5' ],
3724 silly audit   '@esbuild/linux-arm64': [ '0.25.12', '0.21.5' ],
3724 silly audit   '@esbuild/linux-ia32': [ '0.25.12', '0.21.5' ],
3724 silly audit   '@esbuild/linux-loong64': [ '0.25.12', '0.21.5' ],
3724 silly audit   '@esbuild/linux-mips64el': [ '0.25.12', '0.21.5' ],
3724 silly audit   '@esbuild/linux-ppc64': [ '0.25.12', '0.21.5' ],
3724 silly audit   '@esbuild/linux-riscv64': [ '0.25.12', '0.21.5' ],
3724 silly audit   '@esbuild/linux-s390x': [ '0.25.12', '0.21.5' ],
3724 silly audit   '@esbuild/linux-x64': [ '0.25.12', '0.21.5' ],
3724 silly audit   '@esbuild/netbsd-arm64': [ '0.25.12' ],
3724 silly audit   '@esbuild/netbsd-x64': [ '0.25.12', '0.21.5' ],
3724 silly audit   '@esbuild/openbsd-arm64': [ '0.25.12' ],
3724 silly audit   '@esbuild/openbsd-x64': [ '0.25.12', '0.21.5' ],
3724 silly audit   '@esbuild/openharmony-arm64': [ '0.25.12' ],
3724 silly audit   '@esbuild/sunos-x64': [ '0.25.12', '0.21.5' ],
3724 silly audit   '@esbuild/win32-arm64': [ '0.25.12', '0.21.5' ],
3724 silly audit   '@esbuild/win32-ia32': [ '0.25.12', '0.21.5' ],
3724 silly audit   '@esbuild/win32-x64': [ '0.25.12', '0.21.5' ],
3724 silly audit   '@rollup/rollup-android-arm-eabi': [ '4.62.3' ],
3724 silly audit   '@rollup/rollup-android-arm64': [ '4.62.3' ],
3724 silly audit   '@rollup/rollup-darwin-arm64': [ '4.62.3' ],
3724 silly audit   '@rollup/rollup-darwin-x64': [ '4.62.3' ],
3724 silly audit   '@rollup/rollup-freebsd-arm64': [ '4.62.3' ],
3724 silly audit   '@rollup/rollup-freebsd-x64': [ '4.62.3' ],
3724 silly audit   '@rollup/rollup-linux-arm-gnueabihf': [ '4.62.3' ],
3724 silly audit   '@rollup/rollup-linux-arm-musleabihf': [ '4.62.3' ],
3724 silly audit   '@rollup/rollup-linux-arm64-gnu': [ '4.62.3' ],
3724 silly audit   '@rollup/rollup-linux-arm64-musl': [ '4.62.3' ],
3724 silly audit   '@rollup/rollup-linux-loong64-gnu': [ '4.62.3' ],
3724 silly audit   '@rollup/rollup-linux-loong64-musl': [ '4.62.3' ],
3724 silly audit   '@rollup/rollup-linux-ppc64-gnu': [ '4.62.3' ],
3724 silly audit   '@rollup/rollup-linux-ppc64-musl': [ '4.62.3' ],
3724 silly audit   '@rollup/rollup-linux-riscv64-gnu': [ '4.62.3' ],
3724 silly audit   '@rollup/rollup-linux-riscv64-musl': [ '4.62.3' ],
3724 silly audit   '@rollup/rollup-linux-s390x-gnu': [ '4.62.3' ],
3724 silly audit   '@rollup/rollup-linux-x64-gnu': [ '4.62.3' ],
3724 silly audit   '@rollup/rollup-linux-x64-musl': [ '4.62.3' ],
3724 silly audit   '@rollup/rollup-openbsd-x64': [ '4.62.3' ],
3724 silly audit   '@rollup/rollup-openharmony-arm64': [ '4.62.3' ],
3724 silly audit   '@rollup/rollup-win32-arm64-msvc': [ '4.62.3' ],
3724 silly audit   '@rollup/rollup-win32-ia32-msvc': [ '4.62.3' ],
3724 silly audit   '@rollup/rollup-win32-x64-gnu': [ '4.62.3' ],
3724 silly audit   '@rollup/rollup-win32-x64-msvc': [ '4.62.3' ],
3724 silly audit   '@vitest/expect': [ '2.1.9' ],
3724 silly audit   '@vitest/mocker': [ '2.1.9' ],
3724 silly audit   '@vitest/pretty-format': [ '2.1.9' ],
3724 silly audit   '@vitest/runner': [ '2.1.9' ],
3724 silly audit   '@vitest/snapshot': [ '2.1.9' ],
3724 silly audit   '@vitest/spy': [ '2.1.9' ],
3724 silly audit   '@vitest/utils': [ '2.1.9' ],
3724 silly audit   chai: [ '5.3.3' ],
3724 silly audit   'expect-type': [ '1.4.0' ],
3724 silly audit   'magic-string': [ '0.30.21' ],
3724 silly audit   pathe: [ '1.1.2' ],
3724 silly audit   'std-env': [ '3.10.0' ],
3724 silly audit   tinybench: [ '2.9.0' ],
3724 silly audit   tinyexec: [ '0.3.2' ],
3724 silly audit   tinypool: [ '1.1.1' ],
3724 silly audit   tinyrainbow: [ '1.2.0' ],
3724 silly audit   'vite-node': [ '2.1.9' ],
3724 silly audit   'why-is-node-running': [ '2.3.0' ],
3724 silly audit   tinyspy: [ '3.0.2' ],
3724 silly audit   loupe: [ '3.2.1' ],
3724 silly audit   'assertion-error': [ '2.0.1' ],
3724 silly audit   'check-error': [ '2.1.3' ],
3724 silly audit   'deep-eql': [ '5.0.2' ],
3724 silly audit   pathval: [ '2.0.1' ],
3724 silly audit   cac: [ '6.7.14' ],
3724 silly audit   'es-module-lexer': [ '1.7.0' ],
3724 silly audit   'iconv-lite': [ '0.6.3' ],
3724 silly audit   'safer-buffer': [ '2.1.2' ],
3724 silly audit   tr46: [ '5.1.1' ],
3724 silly audit   isexe: [ '2.0.0' ],
3724 silly audit   'is-bigint': [ '1.1.0' ],
3724 silly audit   'is-boolean-object': [ '1.2.2' ],
3724 silly audit   'is-number-object': [ '1.1.1' ],
3724 silly audit   'is-async-function': [ '2.1.1' ],
3724 silly audit   'is-finalizationregistry': [ '1.1.1' ],
3724 silly audit   'is-generator-function': [ '1.1.2' ],
3724 silly audit   'which-collection': [ '1.0.2' ],
3724 silly audit   'async-function': [ '1.0.0' ],
3724 silly audit   'generator-function': [ '2.0.1' ],
3724 silly audit   'is-map': [ '2.0.3' ],
3724 silly audit   'is-weakmap': [ '2.0.2' ],
3724 silly audit   'is-weakset': [ '2.0.4' ],
3724 silly audit   siginfo: [ '2.0.0' ],
3724 silly audit   stackback: [ '0.0.2' ],
3724 silly audit   'use-sync-external-store': [ '1.6.0' ],
3724 silly audit   'estree-walker': [ '3.0.3' ]
3724 silly audit }
3725 http cache estree-walker@https://registry.npmjs.org/estree-walker/-/estree-walker-3.0.3.tgz 0ms (cache hit)
3726 http cache siginfo@https://registry.npmjs.org/siginfo/-/siginfo-2.0.0.tgz 0ms (cache hit)
3727 http cache use-sync-external-store@https://registry.npmjs.org/use-sync-external-store/-/use-sync-external-store-1.6.0.tgz 6ms (cache hit)
3728 http cache is-weakset@https://registry.npmjs.org/is-weakset/-/is-weakset-2.0.4.tgz 0ms (cache hit)
3729 http cache is-weakmap@https://registry.npmjs.org/is-weakmap/-/is-weakmap-2.0.2.tgz 0ms (cache hit)
3730 http cache generator-function@https://registry.npmjs.org/generator-function/-/generator-function-2.0.1.tgz 0ms (cache hit)
3731 http cache async-function@https://registry.npmjs.org/async-function/-/async-function-1.0.0.tgz 0ms (cache hit)
3732 http cache is-generator-function@https://registry.npmjs.org/is-generator-function/-/is-generator-function-1.1.2.tgz 0ms (cache hit)
3733 http cache stackback@https://registry.npmjs.org/stackback/-/stackback-0.0.2.tgz 0ms (cache hit)
3734 http cache is-async-function@https://registry.npmjs.org/is-async-function/-/is-async-function-2.1.1.tgz 0ms (cache hit)
3735 http cache is-finalizationregistry@https://registry.npmjs.org/is-finalizationregistry/-/is-finalizationregistry-1.1.1.tgz 0ms (cache hit)
3736 http cache is-map@https://registry.npmjs.org/is-map/-/is-map-2.0.3.tgz 0ms (cache hit)
3737 http cache which-collection@https://registry.npmjs.org/which-collection/-/which-collection-1.0.2.tgz 0ms (cache hit)
3738 http cache is-boolean-object@https://registry.npmjs.org/is-boolean-object/-/is-boolean-object-1.2.2.tgz 1ms (cache hit)
3739 http cache is-bigint@https://registry.npmjs.org/is-bigint/-/is-bigint-1.1.0.tgz 0ms (cache hit)
3740 http cache isexe@https://registry.npmjs.org/isexe/-/isexe-2.0.0.tgz 0ms (cache hit)
3741 http cache tr46@https://registry.npmjs.org/tr46/-/tr46-5.1.1.tgz 0ms (cache hit)
3742 http cache is-number-object@https://registry.npmjs.org/is-number-object/-/is-number-object-1.1.1.tgz 0ms (cache hit)
3743 http cache safer-buffer@https://registry.npmjs.org/safer-buffer/-/safer-buffer-2.1.2.tgz 0ms (cache hit)
3744 http cache cac@https://registry.npmjs.org/cac/-/cac-6.7.14.tgz 0ms (cache hit)
3745 http cache iconv-lite@https://registry.npmjs.org/iconv-lite/-/iconv-lite-0.6.3.tgz 0ms (cache hit)
3746 http cache pathval@https://registry.npmjs.org/pathval/-/pathval-2.0.1.tgz 0ms (cache hit)
3747 http cache check-error@https://registry.npmjs.org/check-error/-/check-error-2.1.3.tgz 0ms (cache hit)
3748 http cache tinyspy@https://registry.npmjs.org/tinyspy/-/tinyspy-3.0.2.tgz 0ms (cache hit)
3749 http cache why-is-node-running@https://registry.npmjs.org/why-is-node-running/-/why-is-node-running-2.3.0.tgz 0ms (cache hit)
3750 http cache loupe@https://registry.npmjs.org/loupe/-/loupe-3.2.1.tgz 0ms (cache hit)
3751 http cache deep-eql@https://registry.npmjs.org/deep-eql/-/deep-eql-5.0.2.tgz 1ms (cache hit)
3752 http cache vite-node@https://registry.npmjs.org/vite-node/-/vite-node-2.1.9.tgz 0ms (cache hit)
3753 http cache tinypool@https://registry.npmjs.org/tinypool/-/tinypool-1.1.1.tgz 0ms (cache hit)
3754 http cache tinyexec@https://registry.npmjs.org/tinyexec/-/tinyexec-0.3.2.tgz 0ms (cache hit)
3755 http cache es-module-lexer@https://registry.npmjs.org/es-module-lexer/-/es-module-lexer-1.7.0.tgz 0ms (cache hit)
3756 http cache std-env@https://registry.npmjs.org/std-env/-/std-env-3.10.0.tgz 1ms (cache hit)
3757 http cache assertion-error@https://registry.npmjs.org/assertion-error/-/assertion-error-2.0.1.tgz 0ms (cache hit)
3758 http cache pathe@https://registry.npmjs.org/pathe/-/pathe-1.1.2.tgz 0ms (cache hit)
3759 http cache magic-string@https://registry.npmjs.org/magic-string/-/magic-string-0.30.21.tgz 0ms (cache hit)
3760 http cache @vitest/utils@https://registry.npmjs.org/@vitest/utils/-/utils-2.1.9.tgz 0ms (cache hit)
3761 http cache @vitest/spy@https://registry.npmjs.org/@vitest/spy/-/spy-2.1.9.tgz 0ms (cache hit)
3762 http cache @vitest/runner@https://registry.npmjs.org/@vitest/runner/-/runner-2.1.9.tgz 0ms (cache hit)
3763 http cache chai@https://registry.npmjs.org/chai/-/chai-5.3.3.tgz 0ms (cache hit)
3764 http cache tinybench@https://registry.npmjs.org/tinybench/-/tinybench-2.9.0.tgz 0ms (cache hit)
3765 http cache @vitest/pretty-format@https://registry.npmjs.org/@vitest/pretty-format/-/pretty-format-2.1.9.tgz 0ms (cache hit)
3766 http cache @vitest/snapshot@https://registry.npmjs.org/@vitest/snapshot/-/snapshot-2.1.9.tgz 0ms (cache hit)
3767 http cache @vitest/expect@https://registry.npmjs.org/@vitest/expect/-/expect-2.1.9.tgz 0ms (cache hit)
3768 http cache rollup@https://registry.npmjs.org/rollup/-/rollup-4.62.3.tgz 0ms (cache hit)
3769 http cache @rollup/rollup-win32-x64-gnu@https://registry.npmjs.org/@rollup/rollup-win32-x64-gnu/-/rollup-win32-x64-gnu-4.62.3.tgz 0ms (cache hit)
3770 http cache @esbuild/win32-x64@https://registry.npmjs.org/@esbuild/win32-x64/-/win32-x64-0.25.12.tgz 0ms (cache hit)
3771 http cache @rollup/rollup-win32-x64-msvc@https://registry.npmjs.org/@rollup/rollup-win32-x64-msvc/-/rollup-win32-x64-msvc-4.62.3.tgz 0ms (cache hit)
3772 http cache punycode@https://registry.npmjs.org/punycode/-/punycode-2.3.1.tgz 0ms (cache hit)
3773 http cache esbuild@https://registry.npmjs.org/esbuild/-/esbuild-0.25.12.tgz 0ms (cache hit)
3774 http cache expect-type@https://registry.npmjs.org/expect-type/-/expect-type-1.4.0.tgz 0ms (cache hit)
3775 http cache @unrs/resolver-binding-win32-x64-msvc@https://registry.npmjs.org/@unrs/resolver-binding-win32-x64-msvc/-/resolver-binding-win32-x64-msvc-1.12.2.tgz 0ms (cache hit)
3776 http cache escalade@https://registry.npmjs.org/escalade/-/escalade-3.2.0.tgz 0ms (cache hit)
3777 http cache tinyrainbow@https://registry.npmjs.org/tinyrainbow/-/tinyrainbow-1.2.0.tgz 0ms (cache hit)
3778 http cache which-boxed-primitive@https://registry.npmjs.org/which-boxed-primitive/-/which-boxed-primitive-1.1.1.tgz 0ms (cache hit)
3779 http cache has-bigints@https://registry.npmjs.org/has-bigints/-/has-bigints-1.1.0.tgz 0ms (cache hit)
3780 http cache napi-postinstall@https://registry.npmjs.org/napi-postinstall/-/napi-postinstall-0.3.4.tgz 0ms (cache hit)
3781 http cache which-builtin-type@https://registry.npmjs.org/which-builtin-type/-/which-builtin-type-1.2.1.tgz 0ms (cache hit)
3782 http cache @types/json5@https://registry.npmjs.org/@types/json5/-/json5-0.0.29.tgz 0ms (cache hit)
3783 http cache reflect.getprototypeof@https://registry.npmjs.org/reflect.getprototypeof/-/reflect.getprototypeof-1.0.10.tgz 0ms (cache hit)
3784 http cache strip-bom@https://registry.npmjs.org/strip-bom/-/strip-bom-3.0.0.tgz 0ms (cache hit)
3785 http cache minimist@https://registry.npmjs.org/minimist/-/minimist-1.2.8.tgz 0ms (cache hit)
3786 http cache for-each@https://registry.npmjs.org/for-each/-/for-each-0.3.5.tgz 0ms (cache hit)
3787 http cache tldts-core@https://registry.npmjs.org/tldts-core/-/tldts-core-6.1.86.tgz 0ms (cache hit)
3788 http cache is-number@https://registry.npmjs.org/is-number/-/is-number-7.0.0.tgz 0ms (cache hit)
3789 http cache thenify@https://registry.npmjs.org/thenify/-/thenify-3.3.1.tgz 0ms (cache hit)
3790 http cache thenify-all@https://registry.npmjs.org/thenify-all/-/thenify-all-1.6.0.tgz 0ms (cache hit)
3791 http cache mz@https://registry.npmjs.org/mz/-/mz-2.7.0.tgz 0ms (cache hit)
3792 http cache ts-interface-checker@https://registry.npmjs.org/ts-interface-checker/-/ts-interface-checker-0.1.13.tgz 0ms (cache hit)
3793 http cache pirates@https://registry.npmjs.org/pirates/-/pirates-4.0.7.tgz 0ms (cache hit)
3794 http cache any-promise@https://registry.npmjs.org/any-promise/-/any-promise-1.3.0.tgz 0ms (cache hit)
3795 http cache commander@https://registry.npmjs.org/commander/-/commander-4.1.1.tgz 0ms (cache hit)
3796 http cache lines-and-columns@https://registry.npmjs.org/lines-and-columns/-/lines-and-columns-1.2.4.tgz 0ms (cache hit)
3797 http cache cssesc@https://registry.npmjs.org/cssesc/-/cssesc-3.0.0.tgz 0ms (cache hit)
3798 http cache pify@https://registry.npmjs.org/pify/-/pify-2.3.0.tgz 0ms (cache hit)
3799 http cache util-deprecate@https://registry.npmjs.org/util-deprecate/-/util-deprecate-1.0.2.tgz 0ms (cache hit)
3800 http cache tldts@https://registry.npmjs.org/tldts/-/tldts-6.1.86.tgz 0ms (cache hit)
3801 http cache read-cache@https://registry.npmjs.org/read-cache/-/read-cache-1.0.0.tgz 0ms (cache hit)
3802 http cache is-binary-path@https://registry.npmjs.org/is-binary-path/-/is-binary-path-2.1.0.tgz 0ms (cache hit)
3803 http cache readdirp@https://registry.npmjs.org/readdirp/-/readdirp-3.6.0.tgz 0ms (cache hit)
3804 http cache anymatch@https://registry.npmjs.org/anymatch/-/anymatch-3.1.3.tgz 0ms (cache hit)
3805 http cache postcss-selector-parser@https://registry.npmjs.org/postcss-selector-parser/-/postcss-selector-parser-6.1.4.tgz 0ms (cache hit)
3806 http cache binary-extensions@https://registry.npmjs.org/binary-extensions/-/binary-extensions-2.3.0.tgz 0ms (cache hit)
3807 http cache postcss-nested@https://registry.npmjs.org/postcss-nested/-/postcss-nested-6.2.0.tgz 2ms (cache hit)
3808 http cache sucrase@https://registry.npmjs.org/sucrase/-/sucrase-3.35.1.tgz 1ms (cache hit)
3809 http cache postcss-js@https://registry.npmjs.org/postcss-js/-/postcss-js-4.1.0.tgz 0ms (cache hit)
3810 http cache postcss-import@https://registry.npmjs.org/postcss-import/-/postcss-import-15.1.0.tgz 0ms (cache hit)
3811 http cache camelcase-css@https://registry.npmjs.org/camelcase-css/-/camelcase-css-2.0.1.tgz 0ms (cache hit)
3812 http cache lilconfig@https://registry.npmjs.org/lilconfig/-/lilconfig-3.1.3.tgz 0ms (cache hit)
3813 http cache postcss-load-config@https://registry.npmjs.org/postcss-load-config/-/postcss-load-config-6.0.1.tgz 0ms (cache hit)
3814 http cache object-hash@https://registry.npmjs.org/object-hash/-/object-hash-3.0.0.tgz 0ms (cache hit)
3815 http cache normalize-path@https://registry.npmjs.org/normalize-path/-/normalize-path-3.0.0.tgz 0ms (cache hit)
3816 http cache didyoumean@https://registry.npmjs.org/didyoumean/-/didyoumean-1.2.2.tgz 0ms (cache hit)
3817 http cache jiti@https://registry.npmjs.org/jiti/-/jiti-1.21.7.tgz 0ms (cache hit)
3818 http cache dlv@https://registry.npmjs.org/dlv/-/dlv-1.1.3.tgz 0ms (cache hit)
3819 http cache arg@https://registry.npmjs.org/arg/-/arg-5.0.2.tgz 0ms (cache hit)
3820 http cache @alloc/quick-lru@https://registry.npmjs.org/@alloc/quick-lru/-/quick-lru-5.2.0.tgz 0ms (cache hit)
3821 http cache chokidar@https://registry.npmjs.org/chokidar/-/chokidar-3.6.0.tgz 0ms (cache hit)
3822 http cache client-only@https://registry.npmjs.org/client-only/-/client-only-0.0.1.tgz 0ms (cache hit)
3823 http cache min-indent@https://registry.npmjs.org/min-indent/-/min-indent-1.0.1.tgz 0ms (cache hit)
3824 http cache side-channel-list@https://registry.npmjs.org/side-channel-list/-/side-channel-list-1.0.1.tgz 0ms (cache hit)
3825 http cache side-channel-map@https://registry.npmjs.org/side-channel-map/-/side-channel-map-1.0.1.tgz 0ms (cache hit)
3826 http cache @img/sharp-win32-x64@https://registry.npmjs.org/@img/sharp-win32-x64/-/sharp-win32-x64-0.34.5.tgz 0ms (cache hit)
3827 http cache shebang-regex@https://registry.npmjs.org/shebang-regex/-/shebang-regex-3.0.0.tgz 0ms (cache hit)
3828 http cache @img/colour@https://registry.npmjs.org/@img/colour/-/colour-1.1.0.tgz 0ms (cache hit)
3829 http cache detect-libc@https://registry.npmjs.org/detect-libc/-/detect-libc-2.1.2.tgz 0ms (cache hit)
3830 http cache side-channel-weakmap@https://registry.npmjs.org/side-channel-weakmap/-/side-channel-weakmap-1.0.2.tgz 0ms (cache hit)
3831 http cache xmlchars@https://registry.npmjs.org/xmlchars/-/xmlchars-2.2.0.tgz 0ms (cache hit)
3832 http cache isarray@https://registry.npmjs.org/isarray/-/isarray-2.0.5.tgz 0ms (cache hit)
3833 http cache path-parse@https://registry.npmjs.org/path-parse/-/path-parse-1.0.7.tgz 0ms (cache hit)
3834 http cache supports-preserve-symlinks-flag@https://registry.npmjs.org/supports-preserve-symlinks-flag/-/supports-preserve-symlinks-flag-1.0.0.tgz 0ms (cache hit)
3835 http cache strip-indent@https://registry.npmjs.org/strip-indent/-/strip-indent-3.0.0.tgz 0ms (cache hit)
3836 http cache node-exports-info@https://registry.npmjs.org/node-exports-info/-/node-exports-info-1.6.2.tgz 0ms (cache hit)
3837 http cache indent-string@https://registry.npmjs.org/indent-string/-/indent-string-4.0.0.tgz 0ms (cache hit)
3838 http cache has-flag@https://registry.npmjs.org/has-flag/-/has-flag-4.0.0.tgz 0ms (cache hit)
3839 http cache object-assign@https://registry.npmjs.org/object-assign/-/object-assign-4.1.1.tgz 0ms (cache hit)
3840 http cache scheduler@https://registry.npmjs.org/scheduler/-/scheduler-0.27.0.tgz 0ms (cache hit)
3841 http cache loose-envify@https://registry.npmjs.org/loose-envify/-/loose-envify-1.4.0.tgz 0ms (cache hit)
3842 http cache ansi-regex@https://registry.npmjs.org/ansi-regex/-/ansi-regex-5.0.1.tgz 0ms (cache hit)
3843 http cache source-map-js@https://registry.npmjs.org/source-map-js/-/source-map-js-1.2.1.tgz 0ms (cache hit)
3844 http cache react-is@https://registry.npmjs.org/react-is/-/react-is-17.0.2.tgz 0ms (cache hit)
3845 http cache queue-microtask@https://registry.npmjs.org/queue-microtask/-/queue-microtask-1.2.3.tgz 0ms (cache hit)
3846 http cache callsites@https://registry.npmjs.org/callsites/-/callsites-3.1.0.tgz 0ms (cache hit)
3847 http cache entities@https://registry.npmjs.org/entities/-/entities-6.0.1.tgz 0ms (cache hit)
3848 http cache nanoid@https://registry.npmjs.org/nanoid/-/nanoid-3.3.16.tgz 0ms (cache hit)
3849 http cache yocto-queue@https://registry.npmjs.org/yocto-queue/-/yocto-queue-0.1.0.tgz 0ms (cache hit)
3850 http cache word-wrap@https://registry.npmjs.org/word-wrap/-/word-wrap-1.2.5.tgz 0ms (cache hit)
3851 http cache p-limit@https://registry.npmjs.org/p-limit/-/p-limit-3.1.0.tgz 1ms (cache hit)
3852 http cache styled-jsx@https://registry.npmjs.org/styled-jsx/-/styled-jsx-5.1.6.tgz 0ms (cache hit)
3853 http cache deep-is@https://registry.npmjs.org/deep-is/-/deep-is-0.1.4.tgz 0ms (cache hit)
3854 http cache sharp@https://registry.npmjs.org/sharp/-/sharp-0.34.5.tgz 0ms (cache hit)
3855 http cache @swc/helpers@https://registry.npmjs.org/@swc/helpers/-/helpers-0.5.15.tgz 0ms (cache hit)
3856 http cache @next/swc-win32-x64-msvc@https://registry.npmjs.org/@next/swc-win32-x64-msvc/-/swc-win32-x64-msvc-15.5.22.tgz 0ms (cache hit)
3857 http cache @next/env@https://registry.npmjs.org/@next/env/-/env-15.5.22.tgz 0ms (cache hit)
3858 http cache fast-levenshtein@https://registry.npmjs.org/fast-levenshtein/-/fast-levenshtein-2.0.6.tgz 0ms (cache hit)
3859 http cache concat-map@https://registry.npmjs.org/concat-map/-/concat-map-0.0.1.tgz 0ms (cache hit)
3860 http cache brace-expansion@https://registry.npmjs.org/brace-expansion/-/brace-expansion-1.1.18.tgz 0ms (cache hit)
3861 http cache balanced-match@https://registry.npmjs.org/balanced-match/-/balanced-match-1.0.2.tgz 0ms (cache hit)
3862 http cache mime-db@https://registry.npmjs.org/mime-db/-/mime-db-1.52.0.tgz 0ms (cache hit)
3863 http cache to-regex-range@https://registry.npmjs.org/to-regex-range/-/to-regex-range-5.0.1.tgz 0ms (cache hit)
3864 http cache picomatch@https://registry.npmjs.org/picomatch/-/picomatch-2.3.2.tgz 1ms (cache hit)
3865 http cache yallist@https://registry.npmjs.org/yallist/-/yallist-3.1.1.tgz 1ms (cache hit)
3866 http cache braces@https://registry.npmjs.org/braces/-/braces-3.0.3.tgz 1ms (cache hit)
3867 http cache type-check@https://registry.npmjs.org/type-check/-/type-check-0.4.0.tgz 0ms (cache hit)
3868 http cache p-locate@https://registry.npmjs.org/p-locate/-/p-locate-5.0.0.tgz 0ms (cache hit)
3869 http cache prelude-ls@https://registry.npmjs.org/prelude-ls/-/prelude-ls-1.2.1.tgz 0ms (cache hit)
3870 http cache language-subtag-registry@https://registry.npmjs.org/language-subtag-registry/-/language-subtag-registry-0.3.23.tgz 0ms (cache hit)
3871 http cache agent-base@https://registry.npmjs.org/agent-base/-/agent-base-7.1.4.tgz 0ms (cache hit)
3872 http cache json-buffer@https://registry.npmjs.org/json-buffer/-/json-buffer-3.0.1.tgz 0ms (cache hit)
3873 http cache delayed-stream@https://registry.npmjs.org/delayed-stream/-/delayed-stream-1.0.0.tgz 0ms (cache hit)
3874 http cache mime-types@https://registry.npmjs.org/mime-types/-/mime-types-2.1.35.tgz 0ms (cache hit)
3875 http cache @csstools/color-helpers@https://registry.npmjs.org/@csstools/color-helpers/-/color-helpers-5.1.0.tgz 0ms (cache hit)
3876 http cache combined-stream@https://registry.npmjs.org/combined-stream/-/combined-stream-1.0.8.tgz 0ms (cache hit)
3877 http cache asynckit@https://registry.npmjs.org/asynckit/-/asynckit-0.4.0.tgz 0ms (cache hit)
3878 http cache fill-range@https://registry.npmjs.org/fill-range/-/fill-range-7.1.1.tgz 0ms (cache hit)
3879 http cache @csstools/css-color-parser@https://registry.npmjs.org/@csstools/css-color-parser/-/css-color-parser-3.1.0.tgz 0ms (cache hit)
3880 http cache @csstools/css-parser-algorithms@https://registry.npmjs.org/@csstools/css-parser-algorithms/-/css-parser-algorithms-3.0.5.tgz 0ms (cache hit)
3881 http cache @csstools/css-tokenizer@https://registry.npmjs.org/@csstools/css-tokenizer/-/css-tokenizer-3.0.4.tgz 0ms (cache hit)
3882 http cache @csstools/css-calc@https://registry.npmjs.org/@csstools/css-calc/-/css-calc-2.1.4.tgz 0ms (cache hit)
3883 http cache @asamuzakjp/css-color@https://registry.npmjs.org/@asamuzakjp/css-color/-/css-color-3.2.0.tgz 0ms (cache hit)
3884 http cache ws@https://registry.npmjs.org/ws/-/ws-8.21.1.tgz 0ms (cache hit)
3885 http cache xml-name-validator@https://registry.npmjs.org/xml-name-validator/-/xml-name-validator-5.0.0.tgz 0ms (cache hit)
3886 http cache whatwg-url@https://registry.npmjs.org/whatwg-url/-/whatwg-url-14.2.0.tgz 0ms (cache hit)
3887 http cache whatwg-mimetype@https://registry.npmjs.org/whatwg-mimetype/-/whatwg-mimetype-4.0.0.tgz 0ms (cache hit)
3888 http cache whatwg-encoding@https://registry.npmjs.org/whatwg-encoding/-/whatwg-encoding-3.1.1.tgz 0ms (cache hit)
3889 http cache symbol-tree@https://registry.npmjs.org/symbol-tree/-/symbol-tree-3.2.4.tgz 1ms (cache hit)
3890 http cache w3c-xmlserializer@https://registry.npmjs.org/w3c-xmlserializer/-/w3c-xmlserializer-5.0.0.tgz 0ms (cache hit)
3891 http cache parse5@https://registry.npmjs.org/parse5/-/parse5-7.3.0.tgz 0ms (cache hit)
3892 http cache webidl-conversions@https://registry.npmjs.org/webidl-conversions/-/webidl-conversions-7.0.0.tgz 0ms (cache hit)
3893 http cache nwsapi@https://registry.npmjs.org/nwsapi/-/nwsapi-2.2.24.tgz 0ms (cache hit)
3894 http cache tough-cookie@https://registry.npmjs.org/tough-cookie/-/tough-cookie-5.1.2.tgz 0ms (cache hit)
3895 http cache rrweb-cssom@https://registry.npmjs.org/rrweb-cssom/-/rrweb-cssom-0.7.1.tgz 0ms (cache hit)
3896 http cache saxes@https://registry.npmjs.org/saxes/-/saxes-6.0.0.tgz 0ms (cache hit)
3897 http cache http-proxy-agent@https://registry.npmjs.org/http-proxy-agent/-/http-proxy-agent-7.0.2.tgz 0ms (cache hit)
3898 http cache https-proxy-agent@https://registry.npmjs.org/https-proxy-agent/-/https-proxy-agent-7.0.6.tgz 0ms (cache hit)
3899 http cache is-potential-custom-element-name@https://registry.npmjs.org/is-potential-custom-element-name/-/is-potential-custom-element-name-1.0.1.tgz 0ms (cache hit)
3900 http cache decimal.js@https://registry.npmjs.org/decimal.js/-/decimal.js-10.6.0.tgz 0ms (cache hit)
3901 http cache html-encoding-sniffer@https://registry.npmjs.org/html-encoding-sniffer/-/html-encoding-sniffer-4.0.0.tgz 0ms (cache hit)
3902 http cache form-data@https://registry.npmjs.org/form-data/-/form-data-4.0.6.tgz 0ms (cache hit)
3903 http cache data-urls@https://registry.npmjs.org/data-urls/-/data-urls-5.0.0.tgz 0ms (cache hit)
3904 http cache cssstyle@https://registry.npmjs.org/cssstyle/-/cssstyle-4.6.0.tgz 0ms (cache hit)
3905 http cache resolve-pkg-maps@https://registry.npmjs.org/resolve-pkg-maps/-/resolve-pkg-maps-1.0.0.tgz 0ms (cache hit)
3906 http cache is-extglob@https://registry.npmjs.org/is-extglob/-/is-extglob-2.1.1.tgz 0ms (cache hit)
3907 http cache set-function-name@https://registry.npmjs.org/set-function-name/-/set-function-name-2.0.2.tgz 0ms (cache hit)
3908 http cache argparse@https://registry.npmjs.org/argparse/-/argparse-2.0.1.tgz 0ms (cache hit)
3909 http cache parent-module@https://registry.npmjs.org/parent-module/-/parent-module-1.0.1.tgz 0ms (cache hit)
3910 http cache dunder-proto@https://registry.npmjs.org/dunder-proto/-/dunder-proto-1.0.1.tgz 1ms (cache hit)
3911 http cache side-channel@https://registry.npmjs.org/side-channel/-/side-channel-1.1.1.tgz 0ms (cache hit)
3912 http cache resolve-from@https://registry.npmjs.org/resolve-from/-/resolve-from-4.0.0.tgz 0ms (cache hit)
3913 http cache is-document.all@https://registry.npmjs.org/is-document.all/-/is-document.all-1.0.0.tgz 0ms (cache hit)
3914 http cache tslib@https://registry.npmjs.org/tslib/-/tslib-2.8.1.tgz 0ms (cache hit)
3915 http cache functions-have-names@https://registry.npmjs.org/functions-have-names/-/functions-have-names-1.2.3.tgz 0ms (cache hit)
3916 http cache keyv@https://registry.npmjs.org/keyv/-/keyv-4.5.4.tgz 1ms (cache hit)
3917 http cache flatted@https://registry.npmjs.org/flatted/-/flatted-3.4.4.tgz 1ms (cache hit)
3918 http cache motion-utils@https://registry.npmjs.org/motion-utils/-/motion-utils-12.39.0.tgz 0ms (cache hit)
3919 http cache locate-path@https://registry.npmjs.org/locate-path/-/locate-path-6.0.0.tgz 0ms (cache hit)
3920 http cache flat-cache@https://registry.npmjs.org/flat-cache/-/flat-cache-4.0.1.tgz 0ms (cache hit)
3921 http cache path-exists@https://registry.npmjs.org/path-exists/-/path-exists-4.0.0.tgz 0ms (cache hit)
3922 http cache motion-dom@https://registry.npmjs.org/motion-dom/-/motion-dom-12.43.0.tgz 0ms (cache hit)
3923 http cache @nodelib/fs.scandir@https://registry.npmjs.org/@nodelib/fs.scandir/-/fs.scandir-2.1.5.tgz 0ms (cache hit)
3924 http cache reusify@https://registry.npmjs.org/reusify/-/reusify-1.1.0.tgz 1ms (cache hit)
3925 http cache run-parallel@https://registry.npmjs.org/run-parallel/-/run-parallel-1.2.0.tgz 0ms (cache hit)
3926 http cache micromatch@https://registry.npmjs.org/micromatch/-/micromatch-4.0.8.tgz 0ms (cache hit)
3927 http cache fastq@https://registry.npmjs.org/fastq/-/fastq-1.20.1.tgz 0ms (cache hit)
3928 http cache merge2@https://registry.npmjs.org/merge2/-/merge2-1.4.1.tgz 0ms (cache hit)
3929 http cache @nodelib/fs.walk@https://registry.npmjs.org/@nodelib/fs.walk/-/fs.walk-1.2.8.tgz 0ms (cache hit)
3930 http cache @nodelib/fs.stat@https://registry.npmjs.org/@nodelib/fs.stat/-/fs.stat-2.0.5.tgz 1ms (cache hit)
3931 http cache acorn@https://registry.npmjs.org/acorn/-/acorn-8.18.0.tgz 0ms (cache hit)
3932 http cache acorn-jsx@https://registry.npmjs.org/acorn-jsx/-/acorn-jsx-5.3.2.tgz 0ms (cache hit)
3933 http cache esrecurse@https://registry.npmjs.org/esrecurse/-/esrecurse-4.3.0.tgz 1ms (cache hit)
3934 http cache string.prototype.repeat@https://registry.npmjs.org/string.prototype.repeat/-/string.prototype.repeat-1.0.0.tgz 0ms (cache hit)
3935 http cache iterator.prototype@https://registry.npmjs.org/iterator.prototype/-/iterator.prototype-1.1.5.tgz 0ms (cache hit)
3936 http cache object.entries@https://registry.npmjs.org/object.entries/-/object.entries-1.1.9.tgz 0ms (cache hit)
3937 http cache prop-types@https://registry.npmjs.org/prop-types/-/prop-types-15.8.1.tgz 0ms (cache hit)
3938 http cache estraverse@https://registry.npmjs.org/estraverse/-/estraverse-5.3.0.tgz 0ms (cache hit)
3939 http cache string.prototype.matchall@https://registry.npmjs.org/string.prototype.matchall/-/string.prototype.matchall-4.0.12.tgz 0ms (cache hit)
3940 http cache es-iterator-helpers@https://registry.npmjs.org/es-iterator-helpers/-/es-iterator-helpers-1.4.0.tgz 0ms (cache hit)
3941 http cache array.prototype.tosorted@https://registry.npmjs.org/array.prototype.tosorted/-/array.prototype.tosorted-1.1.4.tgz 0ms (cache hit)
3942 http cache language-tags@https://registry.npmjs.org/language-tags/-/language-tags-1.0.9.tgz 0ms (cache hit)
3943 http cache string.prototype.includes@https://registry.npmjs.org/string.prototype.includes/-/string.prototype.includes-2.0.1.tgz 0ms (cache hit)
3944 http cache emoji-regex@https://registry.npmjs.org/emoji-regex/-/emoji-regex-9.2.2.tgz 0ms (cache hit)
3945 http cache jsx-ast-utils@https://registry.npmjs.org/jsx-ast-utils/-/jsx-ast-utils-3.3.5.tgz 0ms (cache hit)
3946 http cache array.prototype.findlast@https://registry.npmjs.org/array.prototype.findlast/-/array.prototype.findlast-1.2.5.tgz 0ms (cache hit)
3947 http cache damerau-levenshtein@https://registry.npmjs.org/damerau-levenshtein/-/damerau-levenshtein-1.0.8.tgz 0ms (cache hit)
3948 http cache es-abstract-get@https://registry.npmjs.org/es-abstract-get/-/es-abstract-get-1.0.0.tgz 0ms (cache hit)
3949 http cache axe-core@https://registry.npmjs.org/axe-core/-/axe-core-4.12.1.tgz 0ms (cache hit)
3950 http cache ast-types-flow@https://registry.npmjs.org/ast-types-flow/-/ast-types-flow-0.0.8.tgz 0ms (cache hit)
3951 http cache has-tostringtag@https://registry.npmjs.org/has-tostringtag/-/has-tostringtag-1.0.2.tgz 0ms (cache hit)
3952 http cache unbox-primitive@https://registry.npmjs.org/unbox-primitive/-/unbox-primitive-1.1.0.tgz 0ms (cache hit)
3953 http cache possible-typed-array-names@https://registry.npmjs.org/possible-typed-array-names/-/possible-typed-array-names-1.1.0.tgz 0ms (cache hit)
3954 http cache axobject-query@https://registry.npmjs.org/axobject-query/-/axobject-query-4.1.0.tgz 0ms (cache hit)
3955 http cache typed-array-length@https://registry.npmjs.org/typed-array-length/-/typed-array-length-1.0.8.tgz 0ms (cache hit)
3956 http cache is-date-object@https://registry.npmjs.org/is-date-object/-/is-date-object-1.1.0.tgz 0ms (cache hit)
3957 http cache typed-array-byte-offset@https://registry.npmjs.org/typed-array-byte-offset/-/typed-array-byte-offset-1.0.4.tgz 0ms (cache hit)
3958 http cache typed-array-buffer@https://registry.npmjs.org/typed-array-buffer/-/typed-array-buffer-1.0.3.tgz 0ms (cache hit)
3959 http cache string.prototype.trimstart@https://registry.npmjs.org/string.prototype.trimstart/-/string.prototype.trimstart-1.0.8.tgz 0ms (cache hit)
3960 http cache string.prototype.trim@https://registry.npmjs.org/string.prototype.trim/-/string.prototype.trim-1.2.11.tgz 0ms (cache hit)
3961 http cache stop-iteration-iterator@https://registry.npmjs.org/stop-iteration-iterator/-/stop-iteration-iterator-1.1.0.tgz 0ms (cache hit)
3962 http cache which-typed-array@https://registry.npmjs.org/which-typed-array/-/which-typed-array-1.1.22.tgz 0ms (cache hit)
3963 http cache safe-regex-test@https://registry.npmjs.org/safe-regex-test/-/safe-regex-test-1.1.0.tgz 1ms (cache hit)
3964 http cache set-proto@https://registry.npmjs.org/set-proto/-/set-proto-1.0.0.tgz 0ms (cache hit)
3965 http cache regexp.prototype.flags@https://registry.npmjs.org/regexp.prototype.flags/-/regexp.prototype.flags-1.5.4.tgz 0ms (cache hit)
3966 http cache safe-push-apply@https://registry.npmjs.org/safe-push-apply/-/safe-push-apply-1.0.0.tgz 0ms (cache hit)
3967 http cache safe-array-concat@https://registry.npmjs.org/safe-array-concat/-/safe-array-concat-1.1.4.tgz 0ms (cache hit)
3968 http cache own-keys@https://registry.npmjs.org/own-keys/-/own-keys-1.0.2.tgz 0ms (cache hit)
3969 http cache object.assign@https://registry.npmjs.org/object.assign/-/object.assign-4.1.7.tgz 0ms (cache hit)
3970 http cache typed-array-byte-length@https://registry.npmjs.org/typed-array-byte-length/-/typed-array-byte-length-1.0.3.tgz 0ms (cache hit)
3971 http cache is-typed-array@https://registry.npmjs.org/is-typed-array/-/is-typed-array-1.1.15.tgz 0ms (cache hit)
3972 http cache is-negative-zero@https://registry.npmjs.org/is-negative-zero/-/is-negative-zero-2.0.3.tgz 0ms (cache hit)
3973 http cache is-set@https://registry.npmjs.org/is-set/-/is-set-2.0.3.tgz 0ms (cache hit)
3974 http cache object-inspect@https://registry.npmjs.org/object-inspect/-/object-inspect-1.13.4.tgz 1ms (cache hit)
3975 http cache is-regex@https://registry.npmjs.org/is-regex/-/is-regex-1.2.1.tgz 0ms (cache hit)
3976 http cache is-callable@https://registry.npmjs.org/is-callable/-/is-callable-1.2.7.tgz 0ms (cache hit)
3977 http cache is-data-view@https://registry.npmjs.org/is-data-view/-/is-data-view-1.0.2.tgz 0ms (cache hit)
3978 http cache is-weakref@https://registry.npmjs.org/is-weakref/-/is-weakref-1.1.1.tgz 0ms (cache hit)
3979 http cache has-symbols@https://registry.npmjs.org/has-symbols/-/has-symbols-1.1.0.tgz 0ms (cache hit)
3980 http cache is-shared-array-buffer@https://registry.npmjs.org/is-shared-array-buffer/-/is-shared-array-buffer-1.0.4.tgz 0ms (cache hit)
3981 http cache is-symbol@https://registry.npmjs.org/is-symbol/-/is-symbol-1.1.1.tgz 0ms (cache hit)
3982 http cache internal-slot@https://registry.npmjs.org/internal-slot/-/internal-slot-1.1.0.tgz 0ms (cache hit)
3983 http cache get-symbol-description@https://registry.npmjs.org/get-symbol-description/-/get-symbol-description-1.1.0.tgz 1ms (cache hit)
3984 http cache has-proto@https://registry.npmjs.org/has-proto/-/has-proto-1.2.0.tgz 0ms (cache hit)
3985 http cache function.prototype.name@https://registry.npmjs.org/function.prototype.name/-/function.prototype.name-1.2.0.tgz 0ms (cache hit)
3986 http cache globalthis@https://registry.npmjs.org/globalthis/-/globalthis-1.0.4.tgz 0ms (cache hit)
3987 http cache is-array-buffer@https://registry.npmjs.org/is-array-buffer/-/is-array-buffer-3.0.5.tgz 0ms (cache hit)
3988 http cache get-proto@https://registry.npmjs.org/get-proto/-/get-proto-1.0.1.tgz 0ms (cache hit)
3989 http cache es-to-primitive@https://registry.npmjs.org/es-to-primitive/-/es-to-primitive-1.3.4.tgz 0ms (cache hit)
3990 http cache data-view-byte-offset@https://registry.npmjs.org/data-view-byte-offset/-/data-view-byte-offset-1.0.1.tgz 0ms (cache hit)
3991 http cache available-typed-arrays@https://registry.npmjs.org/available-typed-arrays/-/available-typed-arrays-1.0.7.tgz 0ms (cache hit)
3992 http cache es-set-tostringtag@https://registry.npmjs.org/es-set-tostringtag/-/es-set-tostringtag-2.1.0.tgz 0ms (cache hit)
3993 http cache array-buffer-byte-length@https://registry.npmjs.org/array-buffer-byte-length/-/array-buffer-byte-length-1.0.2.tgz 0ms (cache hit)
3994 http cache data-view-buffer@https://registry.npmjs.org/data-view-buffer/-/data-view-buffer-1.0.2.tgz 0ms (cache hit)
3995 http cache data-view-byte-length@https://registry.npmjs.org/data-view-byte-length/-/data-view-byte-length-1.0.2.tgz 1ms (cache hit)
3996 http cache gopd@https://registry.npmjs.org/gopd/-/gopd-1.2.0.tgz 0ms (cache hit)
3997 http cache object-keys@https://registry.npmjs.org/object-keys/-/object-keys-1.1.1.tgz 0ms (cache hit)
3998 http cache arraybuffer.prototype.slice@https://registry.npmjs.org/arraybuffer.prototype.slice/-/arraybuffer.prototype.slice-1.0.4.tgz 1ms (cache hit)
3999 http cache function-bind@https://registry.npmjs.org/function-bind/-/function-bind-1.1.2.tgz 0ms (cache hit)
4000 http cache define-data-property@https://registry.npmjs.org/define-data-property/-/define-data-property-1.1.4.tgz 0ms (cache hit)
4001 http cache call-bind-apply-helpers@https://registry.npmjs.org/call-bind-apply-helpers/-/call-bind-apply-helpers-1.0.2.tgz 0ms (cache hit)
4002 http cache set-function-length@https://registry.npmjs.org/set-function-length/-/set-function-length-1.2.2.tgz 0ms (cache hit)
4003 http cache es-define-property@https://registry.npmjs.org/es-define-property/-/es-define-property-1.0.1.tgz 0ms (cache hit)
4004 http cache es-shim-unscopables@https://registry.npmjs.org/es-shim-unscopables/-/es-shim-unscopables-1.1.0.tgz 1ms (cache hit)
4005 http cache math-intrinsics@https://registry.npmjs.org/math-intrinsics/-/math-intrinsics-1.1.0.tgz 0ms (cache hit)
4006 http cache es-object-atoms@https://registry.npmjs.org/es-object-atoms/-/es-object-atoms-1.1.2.tgz 0ms (cache hit)
4007 http cache has-property-descriptors@https://registry.npmjs.org/has-property-descriptors/-/has-property-descriptors-1.0.2.tgz 1ms (cache hit)
4008 http cache is-string@https://registry.npmjs.org/is-string/-/is-string-1.1.1.tgz 0ms (cache hit)
4009 http cache get-intrinsic@https://registry.npmjs.org/get-intrinsic/-/get-intrinsic-1.3.0.tgz 0ms (cache hit)
4010 http cache es-abstract@https://registry.npmjs.org/es-abstract/-/es-abstract-1.24.2.tgz 0ms (cache hit)
4011 http cache call-bound@https://registry.npmjs.org/call-bound/-/call-bound-1.0.4.tgz 0ms (cache hit)
4012 http cache define-properties@https://registry.npmjs.org/define-properties/-/define-properties-1.2.1.tgz 0ms (cache hit)
4013 http cache es-errors@https://registry.npmjs.org/es-errors/-/es-errors-1.3.0.tgz 0ms (cache hit)
4014 http cache object.groupby@https://registry.npmjs.org/object.groupby/-/object.groupby-1.0.3.tgz 0ms (cache hit)
4015 http cache call-bind@https://registry.npmjs.org/call-bind/-/call-bind-1.0.9.tgz 0ms (cache hit)
4016 http cache object.values@https://registry.npmjs.org/object.values/-/object.values-1.2.1.tgz 0ms (cache hit)
4017 http cache object.fromentries@https://registry.npmjs.org/object.fromentries/-/object.fromentries-2.0.8.tgz 0ms (cache hit)
4018 http cache eslint-module-utils@https://registry.npmjs.org/eslint-module-utils/-/eslint-module-utils-2.14.0.tgz 0ms (cache hit)
4019 http cache string.prototype.trimend@https://registry.npmjs.org/string.prototype.trimend/-/string.prototype.trimend-1.0.10.tgz 1ms (cache hit)
4020 http cache hasown@https://registry.npmjs.org/hasown/-/hasown-2.0.4.tgz 0ms (cache hit)
4021 http cache doctrine@https://registry.npmjs.org/doctrine/-/doctrine-2.1.0.tgz 0ms (cache hit)
4022 http cache array.prototype.flatmap@https://registry.npmjs.org/array.prototype.flatmap/-/array.prototype.flatmap-1.3.3.tgz 0ms (cache hit)
4023 http cache array.prototype.flat@https://registry.npmjs.org/array.prototype.flat/-/array.prototype.flat-1.3.3.tgz 1ms (cache hit)
4024 http cache @rtsao/scc@https://registry.npmjs.org/@rtsao/scc/-/scc-1.1.0.tgz 0ms (cache hit)
4025 http cache array-includes@https://registry.npmjs.org/array-includes/-/array-includes-3.1.9.tgz 0ms (cache hit)
4026 http cache is-bun-module@https://registry.npmjs.org/is-bun-module/-/is-bun-module-2.0.0.tgz 0ms (cache hit)
4027 http cache array.prototype.findlastindex@https://registry.npmjs.org/array.prototype.findlastindex/-/array.prototype.findlastindex-1.2.6.tgz 0ms (cache hit)
4028 http cache stable-hash@https://registry.npmjs.org/stable-hash/-/stable-hash-0.0.5.tgz 0ms (cache hit)
4029 http cache get-tsconfig@https://registry.npmjs.org/get-tsconfig/-/get-tsconfig-4.14.0.tgz 0ms (cache hit)
4030 http cache unrs-resolver@https://registry.npmjs.org/unrs-resolver/-/unrs-resolver-1.12.2.tgz 0ms (cache hit)
4031 http cache tsconfig-paths@https://registry.npmjs.org/tsconfig-paths/-/tsconfig-paths-3.15.0.tgz 0ms (cache hit)
4032 http cache @nolyfill/is-core-module@https://registry.npmjs.org/@nolyfill/is-core-module/-/is-core-module-1.0.39.tgz 0ms (cache hit)
4033 http cache @typescript-eslint/tsconfig-utils@https://registry.npmjs.org/@typescript-eslint/tsconfig-utils/-/tsconfig-utils-8.65.0.tgz 0ms (cache hit)
4034 http cache is-core-module@https://registry.npmjs.org/is-core-module/-/is-core-module-2.16.2.tgz 0ms (cache hit)
4035 http cache resolve@https://registry.npmjs.org/resolve/-/resolve-2.0.0-next.7.tgz 0ms (cache hit)
4036 http cache @typescript-eslint/project-service@https://registry.npmjs.org/@typescript-eslint/project-service/-/project-service-8.65.0.tgz 0ms (cache hit)
4037 http cache @typescript-eslint/typescript-estree@https://registry.npmjs.org/@typescript-eslint/typescript-estree/-/typescript-estree-8.65.0.tgz 0ms (cache hit)
4038 http cache tinyglobby@https://registry.npmjs.org/tinyglobby/-/tinyglobby-0.2.17.tgz 0ms (cache hit)
4039 http cache @typescript-eslint/visitor-keys@https://registry.npmjs.org/@typescript-eslint/visitor-keys/-/visitor-keys-8.65.0.tgz 0ms (cache hit)
4040 http cache ts-api-utils@https://registry.npmjs.org/ts-api-utils/-/ts-api-utils-2.5.0.tgz 0ms (cache hit)
4041 http cache @typescript-eslint/utils@https://registry.npmjs.org/@typescript-eslint/utils/-/utils-8.65.0.tgz 0ms (cache hit)
4042 http cache @typescript-eslint/type-utils@https://registry.npmjs.org/@typescript-eslint/type-utils/-/type-utils-8.65.0.tgz 0ms (cache hit)
4043 http cache @typescript-eslint/scope-manager@https://registry.npmjs.org/@typescript-eslint/scope-manager/-/scope-manager-8.65.0.tgz 0ms (cache hit)
4044 http cache @typescript-eslint/types@https://registry.npmjs.org/@typescript-eslint/types/-/types-8.65.0.tgz 0ms (cache hit)
4045 http cache eslint-plugin-react@https://registry.npmjs.org/eslint-plugin-react/-/eslint-plugin-react-7.37.5.tgz 0ms (cache hit)
4046 http cache eslint-plugin-jsx-a11y@https://registry.npmjs.org/eslint-plugin-jsx-a11y/-/eslint-plugin-jsx-a11y-6.10.2.tgz 0ms (cache hit)
4047 http cache eslint-import-resolver-typescript@https://registry.npmjs.org/eslint-import-resolver-typescript/-/eslint-import-resolver-typescript-3.10.1.tgz 0ms (cache hit)
4048 http cache eslint-plugin-import@https://registry.npmjs.org/eslint-plugin-import/-/eslint-plugin-import-2.32.0.tgz 1ms (cache hit)
4049 http cache eslint-import-resolver-node@https://registry.npmjs.org/eslint-import-resolver-node/-/eslint-import-resolver-node-0.3.10.tgz 0ms (cache hit)
4050 http cache @rushstack/eslint-patch@https://registry.npmjs.org/@rushstack/eslint-patch/-/eslint-patch-1.16.1.tgz 0ms (cache hit)
4051 http cache @next/eslint-plugin-next@https://registry.npmjs.org/@next/eslint-plugin-next/-/eslint-plugin-next-15.5.22.tgz 0ms (cache hit)
4052 http cache @typescript-eslint/parser@https://registry.npmjs.org/@typescript-eslint/parser/-/parser-8.65.0.tgz 0ms (cache hit)
4053 http cache @typescript-eslint/eslint-plugin@https://registry.npmjs.org/@typescript-eslint/eslint-plugin/-/eslint-plugin-8.65.0.tgz 0ms (cache hit)
4054 http cache fast-glob@https://registry.npmjs.org/fast-glob/-/fast-glob-3.3.1.tgz 0ms (cache hit)
4055 http cache path-key@https://registry.npmjs.org/path-key/-/path-key-3.1.1.tgz 0ms (cache hit)
4056 http cache color-name@https://registry.npmjs.org/color-name/-/color-name-1.1.4.tgz 0ms (cache hit)
4057 http cache which@https://registry.npmjs.org/which/-/which-2.0.2.tgz 0ms (cache hit)
4058 http cache supports-color@https://registry.npmjs.org/supports-color/-/supports-color-7.2.0.tgz 0ms (cache hit)
4059 http cache color-convert@https://registry.npmjs.org/color-convert/-/color-convert-2.0.1.tgz 0ms (cache hit)
4060 http cache ansi-styles@https://registry.npmjs.org/ansi-styles/-/ansi-styles-4.3.0.tgz 0ms (cache hit)
4061 http cache shebang-command@https://registry.npmjs.org/shebang-command/-/shebang-command-2.0.0.tgz 0ms (cache hit)
4062 http cache @humanfs/types@https://registry.npmjs.org/@humanfs/types/-/types-0.15.0.tgz 0ms (cache hit)
4063 http cache @humanfs/core@https://registry.npmjs.org/@humanfs/core/-/core-0.19.2.tgz 0ms (cache hit)
4064 http cache levn@https://registry.npmjs.org/levn/-/levn-0.4.1.tgz 0ms (cache hit)
4065 http cache @eslint/object-schema@https://registry.npmjs.org/@eslint/object-schema/-/object-schema-2.1.7.tgz 0ms (cache hit)
4066 http cache eslint-plugin-react-hooks@https://registry.npmjs.org/eslint-plugin-react-hooks/-/eslint-plugin-react-hooks-5.2.0.tgz 0ms (cache hit)
4067 http cache @types/json-schema@https://registry.npmjs.org/@types/json-schema/-/json-schema-7.0.15.tgz 0ms (cache hit)
4068 http cache optionator@https://registry.npmjs.org/optionator/-/optionator-0.9.4.tgz 0ms (cache hit)
4069 http cache is-glob@https://registry.npmjs.org/is-glob/-/is-glob-4.0.3.tgz 0ms (cache hit)
4070 http cache natural-compare@https://registry.npmjs.org/natural-compare/-/natural-compare-1.4.0.tgz 0ms (cache hit)
4071 http cache lodash.merge@https://registry.npmjs.org/lodash.merge/-/lodash.merge-4.6.2.tgz 0ms (cache hit)
4072 http cache imurmurhash@https://registry.npmjs.org/imurmurhash/-/imurmurhash-0.1.4.tgz 0ms (cache hit)
4073 http cache find-up@https://registry.npmjs.org/find-up/-/find-up-5.0.0.tgz 0ms (cache hit)
4074 http cache glob-parent@https://registry.npmjs.org/glob-parent/-/glob-parent-6.0.2.tgz 0ms (cache hit)
4075 http cache esutils@https://registry.npmjs.org/esutils/-/esutils-2.0.3.tgz 0ms (cache hit)
4076 http cache file-entry-cache@https://registry.npmjs.org/file-entry-cache/-/file-entry-cache-8.0.0.tgz 0ms (cache hit)
4077 http cache esquery@https://registry.npmjs.org/esquery/-/esquery-1.7.0.tgz 0ms (cache hit)
4078 http cache escape-string-regexp@https://registry.npmjs.org/escape-string-regexp/-/escape-string-regexp-4.0.0.tgz 0ms (cache hit)
4079 http cache eslint-scope@https://registry.npmjs.org/eslint-scope/-/eslint-scope-8.4.0.tgz 0ms (cache hit)
4080 http cache @humanwhocodes/retry@https://registry.npmjs.org/@humanwhocodes/retry/-/retry-0.4.3.tgz 0ms (cache hit)
4081 http cache eslint-visitor-keys@https://registry.npmjs.org/eslint-visitor-keys/-/eslint-visitor-keys-4.2.1.tgz 0ms (cache hit)
4082 http cache @humanwhocodes/module-importer@https://registry.npmjs.org/@humanwhocodes/module-importer/-/module-importer-1.0.1.tgz 0ms (cache hit)
4083 http cache @eslint/plugin-kit@https://registry.npmjs.org/@eslint/plugin-kit/-/plugin-kit-0.4.1.tgz 0ms (cache hit)
4084 http cache cross-spawn@https://registry.npmjs.org/cross-spawn/-/cross-spawn-7.0.6.tgz 0ms (cache hit)
4085 http cache chalk@https://registry.npmjs.org/chalk/-/chalk-4.1.2.tgz 0ms (cache hit)
4086 http cache @humanfs/node@https://registry.npmjs.org/@humanfs/node/-/node-0.16.8.tgz 0ms (cache hit)
4087 http cache @eslint/js@https://registry.npmjs.org/@eslint/js/-/js-9.39.5.tgz 0ms (cache hit)
4088 http cache @eslint/core@https://registry.npmjs.org/@eslint/core/-/core-0.17.0.tgz 0ms (cache hit)
4089 http cache @eslint/config-array@https://registry.npmjs.org/@eslint/config-array/-/config-array-0.21.2.tgz 0ms (cache hit)
4090 http cache @eslint/config-helpers@https://registry.npmjs.org/@eslint/config-helpers/-/config-helpers-0.4.2.tgz 0ms (cache hit)
4091 http cache @eslint-community/regexpp@https://registry.npmjs.org/@eslint-community/regexpp/-/regexpp-4.12.2.tgz 1ms (cache hit)
4092 http cache @eslint-community/eslint-utils@https://registry.npmjs.org/@eslint-community/eslint-utils/-/eslint-utils-4.10.1.tgz 0ms (cache hit)
4093 http cache d3-timer@https://registry.npmjs.org/d3-timer/-/d3-timer-3.0.1.tgz 0ms (cache hit)
4094 http cache d3-ease@https://registry.npmjs.org/d3-ease/-/d3-ease-3.0.1.tgz 0ms (cache hit)
4095 http cache d3-color@https://registry.npmjs.org/d3-color/-/d3-color-3.1.0.tgz 0ms (cache hit)
4096 http cache d3-transition@https://registry.npmjs.org/d3-transition/-/d3-transition-3.0.1.tgz 0ms (cache hit)
4097 http cache d3-dispatch@https://registry.npmjs.org/d3-dispatch/-/d3-dispatch-3.0.1.tgz 0ms (cache hit)
4098 http cache update-browserslist-db@https://registry.npmjs.org/update-browserslist-db/-/update-browserslist-db-1.2.3.tgz 0ms (cache hit)
4099 http cache node-releases@https://registry.npmjs.org/node-releases/-/node-releases-2.0.51.tgz 1ms (cache hit)
4100 http cache ms@https://registry.npmjs.org/ms/-/ms-2.1.3.tgz 0ms (cache hit)
4101 http cache baseline-browser-mapping@https://registry.npmjs.org/baseline-browser-mapping/-/baseline-browser-mapping-2.11.8.tgz 0ms (cache hit)
4102 http cache json-stable-stringify-without-jsonify@https://registry.npmjs.org/json-stable-stringify-without-jsonify/-/json-stable-stringify-without-jsonify-1.0.1.tgz 0ms (cache hit)
4103 http cache @types/estree@https://registry.npmjs.org/@types/estree/-/estree-1.0.9.tgz 1ms (cache hit)
4104 http cache uri-js@https://registry.npmjs.org/uri-js/-/uri-js-4.4.1.tgz 0ms (cache hit)
4105 http cache fraction.js@https://registry.npmjs.org/fraction.js/-/fraction.js-5.3.4.tgz 0ms (cache hit)
4106 http cache electron-to-chromium@https://registry.npmjs.org/electron-to-chromium/-/electron-to-chromium-1.5.398.tgz 0ms (cache hit)
4107 http cache postcss-value-parser@https://registry.npmjs.org/postcss-value-parser/-/postcss-value-parser-4.2.0.tgz 0ms (cache hit)
4108 http cache dequal@https://registry.npmjs.org/dequal/-/dequal-2.0.3.tgz 0ms (cache hit)
4109 http cache caniuse-lite@https://registry.npmjs.org/caniuse-lite/-/caniuse-lite-1.0.30001806.tgz 0ms (cache hit)
4110 http cache d3-selection@https://registry.npmjs.org/d3-selection/-/d3-selection-3.0.0.tgz 1ms (cache hit)
4111 http cache @types/d3-color@https://registry.npmjs.org/@types/d3-color/-/d3-color-3.1.3.tgz 0ms (cache hit)
4112 http cache json-schema-traverse@https://registry.npmjs.org/json-schema-traverse/-/json-schema-traverse-0.4.1.tgz 1ms (cache hit)
4113 http cache d3-interpolate@https://registry.npmjs.org/d3-interpolate/-/d3-interpolate-3.0.1.tgz 0ms (cache hit)
4114 http cache d3-zoom@https://registry.npmjs.org/d3-zoom/-/d3-zoom-3.0.0.tgz 0ms (cache hit)
4115 http cache fast-json-stable-stringify@https://registry.npmjs.org/fast-json-stable-stringify/-/fast-json-stable-stringify-2.1.0.tgz 0ms (cache hit)
4116 http cache @types/d3-selection@https://registry.npmjs.org/@types/d3-selection/-/d3-selection-3.0.11.tgz 0ms (cache hit)
4117 http cache fast-deep-equal@https://registry.npmjs.org/fast-deep-equal/-/fast-deep-equal-3.1.3.tgz 0ms (cache hit)
4118 http cache d3-drag@https://registry.npmjs.org/d3-drag/-/d3-drag-3.0.0.tgz 0ms (cache hit)
4119 http cache zustand@https://registry.npmjs.org/zustand/-/zustand-4.5.7.tgz 0ms (cache hit)
4120 http cache @types/d3-zoom@https://registry.npmjs.org/@types/d3-zoom/-/d3-zoom-3.0.8.tgz 0ms (cache hit)
4121 http cache @types/d3-transition@https://registry.npmjs.org/@types/d3-transition/-/d3-transition-3.0.9.tgz 0ms (cache hit)
4122 http cache @types/d3-interpolate@https://registry.npmjs.org/@types/d3-interpolate/-/d3-interpolate-3.0.4.tgz 0ms (cache hit)
4123 http cache @xyflow/system@https://registry.npmjs.org/@xyflow/system/-/system-0.0.79.tgz 0ms (cache hit)
4124 http cache classcat@https://registry.npmjs.org/classcat/-/classcat-5.0.5.tgz 0ms (cache hit)
4125 http cache @types/d3-drag@https://registry.npmjs.org/@types/d3-drag/-/d3-drag-3.0.7.tgz 0ms (cache hit)
4126 http cache @types/babel__traverse@https://registry.npmjs.org/@types/babel__traverse/-/babel__traverse-7.28.0.tgz 0ms (cache hit)
4127 http cache @types/babel__generator@https://registry.npmjs.org/@types/babel__generator/-/babel__generator-7.27.0.tgz 0ms (cache hit)
4128 http cache @jridgewell/sourcemap-codec@https://registry.npmjs.org/@jridgewell/sourcemap-codec/-/sourcemap-codec-1.5.5.tgz 0ms (cache hit)
4129 http cache @babel/helper-string-parser@https://registry.npmjs.org/@babel/helper-string-parser/-/helper-string-parser-7.29.7.tgz 0ms (cache hit)
4130 http cache @types/babel__template@https://registry.npmjs.org/@types/babel__template/-/babel__template-7.4.4.tgz 0ms (cache hit)
4131 http cache @jridgewell/resolve-uri@https://registry.npmjs.org/@jridgewell/resolve-uri/-/resolve-uri-3.1.2.tgz 1ms (cache hit)
4132 http cache lru-cache@https://registry.npmjs.org/lru-cache/-/lru-cache-5.1.1.tgz 0ms (cache hit)
4133 http cache @babel/helper-module-imports@https://registry.npmjs.org/@babel/helper-module-imports/-/helper-module-imports-7.29.7.tgz 0ms (cache hit)
4134 http cache browserslist@https://registry.npmjs.org/browserslist/-/browserslist-4.28.7.tgz 0ms (cache hit)
4135 http cache @babel/helper-globals@https://registry.npmjs.org/@babel/helper-globals/-/helper-globals-7.29.7.tgz 0ms (cache hit)
4136 http cache @babel/helper-validator-option@https://registry.npmjs.org/@babel/helper-validator-option/-/helper-validator-option-7.29.7.tgz 0ms (cache hit)
4137 http cache jsesc@https://registry.npmjs.org/jsesc/-/jsesc-3.1.0.tgz 0ms (cache hit)
4138 http cache @babel/compat-data@https://registry.npmjs.org/@babel/compat-data/-/compat-data-7.29.7.tgz 0ms (cache hit)
4139 http cache @jridgewell/trace-mapping@https://registry.npmjs.org/@jridgewell/trace-mapping/-/trace-mapping-0.3.31.tgz 0ms (cache hit)
4140 http cache @jridgewell/gen-mapping@https://registry.npmjs.org/@jridgewell/gen-mapping/-/gen-mapping-0.3.13.tgz 0ms (cache hit)
4141 http cache gensync@https://registry.npmjs.org/gensync/-/gensync-1.0.0-beta.2.tgz 0ms (cache hit)
4142 http cache semver@https://registry.npmjs.org/semver/-/semver-6.3.1.tgz 0ms (cache hit)
4143 http cache convert-source-map@https://registry.npmjs.org/convert-source-map/-/convert-source-map-2.0.0.tgz 0ms (cache hit)
4144 http cache @jridgewell/remapping@https://registry.npmjs.org/@jridgewell/remapping/-/remapping-2.3.5.tgz 0ms (cache hit)
4145 http cache @babel/traverse@https://registry.npmjs.org/@babel/traverse/-/traverse-7.29.7.tgz 1ms (cache hit)
4146 http cache @babel/types@https://registry.npmjs.org/@babel/types/-/types-7.29.7.tgz 0ms (cache hit)
4147 http cache @babel/template@https://registry.npmjs.org/@babel/template/-/template-7.29.7.tgz 0ms (cache hit)
4148 http cache @babel/parser@https://registry.npmjs.org/@babel/parser/-/parser-7.29.7.tgz 0ms (cache hit)
4149 http cache @babel/helpers@https://registry.npmjs.org/@babel/helpers/-/helpers-7.29.7.tgz 0ms (cache hit)
4150 http cache @babel/helper-compilation-targets@https://registry.npmjs.org/@babel/helper-compilation-targets/-/helper-compilation-targets-7.29.7.tgz 0ms (cache hit)
4151 http cache @babel/helper-module-transforms@https://registry.npmjs.org/@babel/helper-module-transforms/-/helper-module-transforms-7.29.7.tgz 0ms (cache hit)
4152 http cache @babel/generator@https://registry.npmjs.org/@babel/generator/-/generator-7.29.7.tgz 0ms (cache hit)
4153 http cache json5@https://registry.npmjs.org/json5/-/json5-2.2.3.tgz 0ms (cache hit)
4154 http cache @babel/helper-plugin-utils@https://registry.npmjs.org/@babel/helper-plugin-utils/-/helper-plugin-utils-7.29.7.tgz 0ms (cache hit)
4155 http cache react-refresh@https://registry.npmjs.org/react-refresh/-/react-refresh-0.17.0.tgz 0ms (cache hit)
4156 http cache @types/babel__core@https://registry.npmjs.org/@types/babel__core/-/babel__core-7.20.5.tgz 0ms (cache hit)
4157 http cache @babel/plugin-transform-react-jsx-self@https://registry.npmjs.org/@babel/plugin-transform-react-jsx-self/-/plugin-transform-react-jsx-self-7.29.7.tgz 0ms (cache hit)
4158 http cache csstype@https://registry.npmjs.org/csstype/-/csstype-3.2.3.tgz 0ms (cache hit)
4159 http cache @rolldown/pluginutils@https://registry.npmjs.org/@rolldown/pluginutils/-/pluginutils-1.0.0-beta.27.tgz 0ms (cache hit)
4160 http cache @adobe/css-tools@https://registry.npmjs.org/@adobe/css-tools/-/css-tools-4.5.0.tgz 0ms (cache hit)
4161 http cache undici-types@https://registry.npmjs.org/undici-types/-/undici-types-6.21.0.tgz 0ms (cache hit)
4162 http cache js-tokens@https://registry.npmjs.org/js-tokens/-/js-tokens-4.0.0.tgz 0ms (cache hit)
4163 http cache @babel/core@https://registry.npmjs.org/@babel/core/-/core-7.29.7.tgz 0ms (cache hit)
4164 http cache redent@https://registry.npmjs.org/redent/-/redent-3.0.0.tgz 1ms (cache hit)
4165 http cache @babel/helper-validator-identifier@https://registry.npmjs.org/@babel/helper-validator-identifier/-/helper-validator-identifier-7.29.7.tgz 0ms (cache hit)
4166 http cache lz-string@https://registry.npmjs.org/lz-string/-/lz-string-1.5.0.tgz 0ms (cache hit)
4167 http cache @babel/plugin-transform-react-jsx-source@https://registry.npmjs.org/@babel/plugin-transform-react-jsx-source/-/plugin-transform-react-jsx-source-7.29.7.tgz 0ms (cache hit)
4168 http cache @types/aria-query@https://registry.npmjs.org/@types/aria-query/-/aria-query-5.0.4.tgz 0ms (cache hit)
4169 http cache css.escape@https://registry.npmjs.org/css.escape/-/css.escape-1.5.1.tgz 0ms (cache hit)
4170 http cache picocolors@https://registry.npmjs.org/picocolors/-/picocolors-1.1.1.tgz 0ms (cache hit)
4171 http cache pretty-format@https://registry.npmjs.org/pretty-format/-/pretty-format-27.5.1.tgz 0ms (cache hit)
4172 http cache aria-query@https://registry.npmjs.org/aria-query/-/aria-query-5.3.0.tgz 0ms (cache hit)
4173 http cache @babel/runtime@https://registry.npmjs.org/@babel/runtime/-/runtime-7.29.7.tgz 1ms (cache hit)
4174 http cache @babel/code-frame@https://registry.npmjs.org/@babel/code-frame/-/code-frame-7.29.7.tgz 0ms (cache hit)
4175 http cache dom-accessibility-api@https://registry.npmjs.org/dom-accessibility-api/-/dom-accessibility-api-0.5.16.tgz 0ms (cache hit)
4176 http cache minimatch@https://registry.npmjs.org/minimatch/-/minimatch-3.1.5.tgz 0ms (cache hit)
4177 http cache ignore@https://registry.npmjs.org/ignore/-/ignore-5.3.2.tgz 0ms (cache hit)
4178 http cache import-fresh@https://registry.npmjs.org/import-fresh/-/import-fresh-3.3.1.tgz 0ms (cache hit)
4179 http cache globals@https://registry.npmjs.org/globals/-/globals-14.0.0.tgz 0ms (cache hit)
4180 http cache js-yaml@https://registry.npmjs.org/js-yaml/-/js-yaml-4.3.0.tgz 1ms (cache hit)
4181 http cache espree@https://registry.npmjs.org/espree/-/espree-10.4.0.tgz 0ms (cache hit)
4182 http cache strip-json-comments@https://registry.npmjs.org/strip-json-comments/-/strip-json-comments-3.1.1.tgz 0ms (cache hit)
4183 http cache debug@https://registry.npmjs.org/debug/-/debug-4.4.3.tgz 0ms (cache hit)
4184 http cache ajv@https://registry.npmjs.org/ajv/-/ajv-6.15.0.tgz 0ms (cache hit)
4185 http cache lucide-react@https://registry.npmjs.org/lucide-react/-/lucide-react-0.468.0.tgz 0ms (cache hit)
4186 http cache vitest@https://registry.npmjs.org/vitest/-/vitest-2.1.9.tgz 0ms (cache hit)
4187 http cache typescript@https://registry.npmjs.org/typescript/-/typescript-5.9.3.tgz 0ms (cache hit)
4188 http cache eslint-config-next@https://registry.npmjs.org/eslint-config-next/-/eslint-config-next-15.5.22.tgz 0ms (cache hit)
4189 http cache jsdom@https://registry.npmjs.org/jsdom/-/jsdom-25.0.1.tgz 0ms (cache hit)
4190 http cache postcss@https://registry.npmjs.org/postcss/-/postcss-8.5.25.tgz 0ms (cache hit)
4191 http cache eslint@https://registry.npmjs.org/eslint/-/eslint-9.39.5.tgz 0ms (cache hit)
4192 http cache autoprefixer@https://registry.npmjs.org/autoprefixer/-/autoprefixer-10.5.4.tgz 0ms (cache hit)
4193 http cache vite@https://registry.npmjs.org/vite/-/vite-6.4.3.tgz 0ms (cache hit)
4194 http cache tailwindcss@https://registry.npmjs.org/tailwindcss/-/tailwindcss-3.4.19.tgz 0ms (cache hit)
4195 http cache framer-motion@https://registry.npmjs.org/framer-motion/-/framer-motion-12.43.0.tgz 0ms (cache hit)
4196 http cache @types/react-dom@https://registry.npmjs.org/@types/react-dom/-/react-dom-19.2.3.tgz 0ms (cache hit)
4197 http cache @types/node@https://registry.npmjs.org/@types/node/-/node-22.20.1.tgz 0ms (cache hit)
4198 http cache react-dom@https://registry.npmjs.org/react-dom/-/react-dom-19.2.8.tgz 0ms (cache hit)
4199 http cache react@https://registry.npmjs.org/react/-/react-19.2.8.tgz 0ms (cache hit)
4200 http cache @testing-library/dom@https://registry.npmjs.org/@testing-library/dom/-/dom-10.4.1.tgz 0ms (cache hit)
4201 http fetch POST 200 https://registry.npmjs.org/-/npm/v1/security/advisories/bulk 2877ms
4202 silly audit report {
4202 silly audit report   vite: [
4202 silly audit report     {
4202 silly audit report       id: 1120784,
4202 silly audit report       url: 'https://github.com/advisories/GHSA-v6wh-96g9-6wx3',
4202 silly audit report       title: 'launch-editor: NTLMv2 hash disclosure via UNC path handling on Windows',
4202 silly audit report       severity: 'moderate',
4202 silly audit report       vulnerable_versions: '<=6.4.2',
4202 silly audit report       cwe: [Array],
4202 silly audit report       cvss: [Object]
4202 silly audit report     },
4202 silly audit report     {
4202 silly audit report       id: 1116229,
4202 silly audit report       url: 'https://github.com/advisories/GHSA-4w7w-66w2-5vf9',
4202 silly audit report       title: 'Vite Vulnerable to Path Traversal in Optimized Deps `.map` Handling',
4202 silly audit report       severity: 'moderate',
4202 silly audit report       vulnerable_versions: '<=6.4.1',
4202 silly audit report       cwe: [Array],
4202 silly audit report       cvss: [Object]
4202 silly audit report     },
4202 silly audit report     {
4202 silly audit report       id: 1123525,
4202 silly audit report       url: 'https://github.com/advisories/GHSA-fx2h-pf6j-xcff',
4202 silly audit report       title: 'vite: `server.fs.deny` bypass on Windows alternate paths',
4202 silly audit report       severity: 'high',
4202 silly audit report       vulnerable_versions: '<=6.4.2',
4202 silly audit report       cwe: [Array],
4202 silly audit report       cvss: [Object]
4202 silly audit report     }
4202 silly audit report   ],
4202 silly audit report   postcss: [
4202 silly audit report     {
4202 silly audit report       id: 1117015,
4202 silly audit report       url: 'https://github.com/advisories/GHSA-qx2v-qp2m-jg93',
4202 silly audit report       title: 'PostCSS has XSS via Unescaped </style> in its CSS Stringify Output',
4202 silly audit report       severity: 'moderate',
4202 silly audit report       vulnerable_versions: '<8.5.10',
4202 silly audit report       cwe: [Array],
4202 silly audit report       cvss: [Object]
4202 silly audit report     },
4202 silly audit report     {
4202 silly audit report       id: 1124252,
4202 silly audit report       url: 'https://github.com/advisories/GHSA-6g55-p6wh-862q',
4202 silly audit report       title: 'PostCSS: Arbitrary file read and information disclosure via attacker-controlled sourceMappingURL in CSS comments',
4202 silly audit report       severity: 'high',
4202 silly audit report       vulnerable_versions: '<=8.5.11',
4202 silly audit report       cwe: [Array],
4202 silly audit report       cvss: [Object]
4202 silly audit report     },
4202 silly audit report     {
4202 silly audit report       id: 1124288,
4202 silly audit report       url: 'https://github.com/advisories/GHSA-r28c-9q8g-f849',
4202 silly audit report       title: 'PostCSS: Path Traversal in Previous Source Map Auto-Loading (sourceMappingURL) leads to Arbitrary .map File Disclosure',
4202 silly audit report       severity: 'high',
4202 silly audit report       vulnerable_versions: '<=8.5.17',
4202 silly audit report       cwe: [Array],
4202 silly audit report       cvss: [Object]
4202 silly audit report     }
4202 silly audit report   ],
4202 silly audit report   vitest: [
4202 silly audit report     {
4202 silly audit report       id: 1120126,
4202 silly audit report       url: 'https://github.com/advisories/GHSA-5xrq-8626-4rwp',
4202 silly audit report       title: 'When Vitest UI server is listening, arbitrary file can be read and executed',
4202 silly audit report       severity: 'critical',
4202 silly audit report       vulnerable_versions: '<3.2.6',
4202 silly audit report       cwe: [Array],
4202 silly audit report       cvss: [Object]
4202 silly audit report     }
4202 silly audit report   ],
4202 silly audit report   'brace-expansion': [
4202 silly audit report     {
4202 silly audit report       id: 1124334,
4202 silly audit report       url: 'https://github.com/advisories/GHSA-mh99-v99m-4gvg',
4202 silly audit report       title: 'brace-expansion: DoS via unbounded expansion length causing an out-of-memory process crash',
4202 silly audit report       severity: 'high',
4202 silly audit report       vulnerable_versions: '<=5.0.7',
4202 silly audit report       cwe: [Array],
4202 silly audit report       cvss: [Object]
4202 silly audit report     }
4202 silly audit report   ],
4202 silly audit report   sharp: [
4202 silly audit report     {
4202 silly audit report       id: 1124066,
4202 silly audit report       url: 'https://github.com/advisories/GHSA-f88m-g3jw-g9cj',
4202 silly audit report       title: 'sharp inherited vulnerabilities in libvips: CVE-2026-33327, CVE-2026-33328, CVE-2026-35590, CVE-2026-35591',
4202 silly audit report       severity: 'high',
4202 silly audit report       vulnerable_versions: '<0.35.0',
4202 silly audit report       cwe: [Array],
4202 silly audit report       cvss: [Object]
4202 silly audit report     }
4202 silly audit report   ],
4202 silly audit report   esbuild: [
4202 silly audit report     {
4202 silly audit report       id: 1102341,
4202 silly audit report       url: 'https://github.com/advisories/GHSA-67mh-4wv8-2f99',
4202 silly audit report       title: 'esbuild enables any website to send any requests to the development server and read the response',
4202 silly audit report       severity: 'moderate',
4202 silly audit report       vulnerable_versions: '<=0.24.2',
4202 silly audit report       cwe: [Array],
4202 silly audit report       cvss: [Object]
4202 silly audit report     }
4202 silly audit report   ]
4202 silly audit report }
4203 silly packumentCache corgi:https://registry.npmjs.org/vite cache-miss
4204 silly packumentCache corgi:https://registry.npmjs.org/postcss cache-miss
4205 silly packumentCache corgi:https://registry.npmjs.org/vitest cache-miss
4206 silly packumentCache corgi:https://registry.npmjs.org/brace-expansion cache-miss
4207 silly packumentCache corgi:https://registry.npmjs.org/sharp cache-miss
4208 silly packumentCache corgi:https://registry.npmjs.org/esbuild cache-miss
4209 http cache @testing-library/react@https://registry.npmjs.org/@testing-library/react/-/react-16.3.2.tgz 0ms (cache hit)
4210 http cache @testing-library/jest-dom@https://registry.npmjs.org/@testing-library/jest-dom/-/jest-dom-6.9.1.tgz 0ms (cache hit)
4211 http cache @xyflow/react@https://registry.npmjs.org/@xyflow/react/-/react-12.11.2.tgz 0ms (cache hit)
4212 http cache @vitejs/plugin-react@https://registry.npmjs.org/@vitejs/plugin-react/-/plugin-react-4.7.0.tgz 0ms (cache hit)
4213 http cache resolve@https://registry.npmjs.org/resolve/-/resolve-1.22.12.tgz 0ms (cache hit)
4214 http cache @esbuild/win32-x64@https://registry.npmjs.org/@esbuild/win32-x64/-/win32-x64-0.21.5.tgz 1ms (cache hit)
4215 http cache @eslint/eslintrc@https://registry.npmjs.org/@eslint/eslintrc/-/eslintrc-3.3.6.tgz 0ms (cache hit)
4216 http cache @types/react@https://registry.npmjs.org/@types/react/-/react-19.2.17.tgz 0ms (cache hit)
4217 http cache next@https://registry.npmjs.org/next/-/next-15.5.22.tgz 0ms (cache hit)
4218 http cache esbuild@https://registry.npmjs.org/esbuild/-/esbuild-0.21.5.tgz 0ms (cache hit)
4219 http cache lru-cache@https://registry.npmjs.org/lru-cache/-/lru-cache-10.4.3.tgz 0ms (cache hit)
4220 http cache glob-parent@https://registry.npmjs.org/glob-parent/-/glob-parent-5.1.2.tgz 0ms (cache hit)
4221 http cache rrweb-cssom@https://registry.npmjs.org/rrweb-cssom/-/rrweb-cssom-0.8.0.tgz 0ms (cache hit)
4222 http cache semver@https://registry.npmjs.org/semver/-/semver-7.8.5.tgz 0ms (cache hit)
4223 http cache semver@https://registry.npmjs.org/semver/-/semver-7.8.5.tgz 0ms (cache hit)
4224 http cache react-is@https://registry.npmjs.org/react-is/-/react-is-16.13.1.tgz 0ms (cache hit)
4225 http cache picomatch@https://registry.npmjs.org/picomatch/-/picomatch-4.0.5.tgz 0ms (cache hit)
4226 http cache vite@https://registry.npmjs.org/vite/-/vite-5.4.21.tgz 0ms (cache hit)
4227 http cache debug@https://registry.npmjs.org/debug/-/debug-3.2.7.tgz 0ms (cache hit)
4228 http cache semver@https://registry.npmjs.org/semver/-/semver-7.8.5.tgz 0ms (cache hit)
4229 http cache json5@https://registry.npmjs.org/json5/-/json5-1.0.2.tgz 0ms (cache hit)
4230 http cache fdir@https://registry.npmjs.org/fdir/-/fdir-6.5.0.tgz 0ms (cache hit)
4231 http cache brace-expansion@https://registry.npmjs.org/brace-expansion/-/brace-expansion-5.0.9.tgz 0ms (cache hit)
4232 http cache glob-parent@https://registry.npmjs.org/glob-parent/-/glob-parent-5.1.2.tgz 1ms (cache hit)
4233 http cache minimatch@https://registry.npmjs.org/minimatch/-/minimatch-10.2.6.tgz 1ms (cache hit)
4234 http cache ansi-styles@https://registry.npmjs.org/ansi-styles/-/ansi-styles-5.2.0.tgz 1ms (cache hit)
4235 http cache debug@https://registry.npmjs.org/debug/-/debug-3.2.7.tgz 0ms (cache hit)
4236 http cache ignore@https://registry.npmjs.org/ignore/-/ignore-7.0.6.tgz 0ms (cache hit)
4237 http cache eslint-visitor-keys@https://registry.npmjs.org/eslint-visitor-keys/-/eslint-visitor-keys-5.0.1.tgz 0ms (cache hit)
4238 http cache aria-query@https://registry.npmjs.org/aria-query/-/aria-query-5.3.2.tgz 0ms (cache hit)
4239 http cache eslint-visitor-keys@https://registry.npmjs.org/eslint-visitor-keys/-/eslint-visitor-keys-3.4.3.tgz 0ms (cache hit)
4240 http cache vite@https://registry.npmjs.org/vite/-/vite-5.4.21.tgz 0ms (cache hit)
4241 http cache debug@https://registry.npmjs.org/debug/-/debug-3.2.7.tgz 0ms (cache hit)
4242 http cache fast-glob@https://registry.npmjs.org/fast-glob/-/fast-glob-3.3.3.tgz 0ms (cache hit)
4243 http cache postcss@https://registry.npmjs.org/postcss/-/postcss-8.4.31.tgz 1ms (cache hit)
4244 http cache picomatch@https://registry.npmjs.org/picomatch/-/picomatch-4.0.5.tgz 0ms (cache hit)
4245 http cache glob-parent@https://registry.npmjs.org/glob-parent/-/glob-parent-5.1.2.tgz 0ms (cache hit)
4246 http cache resolve@https://registry.npmjs.org/resolve/-/resolve-1.22.12.tgz 0ms (cache hit)
4247 http cache @vitest/mocker@https://registry.npmjs.org/@vitest/mocker/-/mocker-2.1.9.tgz 0ms (cache hit)
4248 http cache dom-accessibility-api@https://registry.npmjs.org/dom-accessibility-api/-/dom-accessibility-api-0.6.3.tgz 0ms (cache hit)
4249 http cache esbuild@https://registry.npmjs.org/esbuild/-/esbuild-0.21.5.tgz 0ms (cache hit)
4250 silly tarball no local data for siginfo@https://registry.npmjs.org/siginfo/-/siginfo-2.0.0.tgz. Extracting by manifest.
4251 silly tarball no local data for use-sync-external-store@https://registry.npmjs.org/use-sync-external-store/-/use-sync-external-store-1.6.0.tgz. Extracting by manifest.
4252 http cache balanced-match@https://registry.npmjs.org/balanced-match/-/balanced-match-4.0.4.tgz 0ms (cache hit)
4253 silly tarball no local data for is-weakmap@https://registry.npmjs.org/is-weakmap/-/is-weakmap-2.0.2.tgz. Extracting by manifest.
4254 silly tarball no local data for is-weakset@https://registry.npmjs.org/is-weakset/-/is-weakset-2.0.4.tgz. Extracting by manifest.
4255 silly tarball no local data for generator-function@https://registry.npmjs.org/generator-function/-/generator-function-2.0.1.tgz. Extracting by manifest.
4256 silly tarball no local data for is-generator-function@https://registry.npmjs.org/is-generator-function/-/is-generator-function-1.1.2.tgz. Extracting by manifest.
4257 silly tarball no local data for async-function@https://registry.npmjs.org/async-function/-/async-function-1.0.0.tgz. Extracting by manifest.
4258 silly tarball no local data for stackback@https://registry.npmjs.org/stackback/-/stackback-0.0.2.tgz. Extracting by manifest.
4259 silly tarball no local data for is-async-function@https://registry.npmjs.org/is-async-function/-/is-async-function-2.1.1.tgz. Extracting by manifest.
4260 silly tarball no local data for estree-walker@https://registry.npmjs.org/estree-walker/-/estree-walker-3.0.3.tgz. Extracting by manifest.
4261 silly tarball no local data for is-finalizationregistry@https://registry.npmjs.org/is-finalizationregistry/-/is-finalizationregistry-1.1.1.tgz. Extracting by manifest.
4262 silly tarball no local data for which-collection@https://registry.npmjs.org/which-collection/-/which-collection-1.0.2.tgz. Extracting by manifest.
4263 http cache @esbuild/win32-x64@https://registry.npmjs.org/@esbuild/win32-x64/-/win32-x64-0.21.5.tgz 1ms (cache hit)
4264 silly tarball no local data for is-map@https://registry.npmjs.org/is-map/-/is-map-2.0.3.tgz. Extracting by manifest.
4265 http cache fdir@https://registry.npmjs.org/fdir/-/fdir-6.5.0.tgz 0ms (cache hit)
4266 silly tarball no local data for is-bigint@https://registry.npmjs.org/is-bigint/-/is-bigint-1.1.0.tgz. Extracting by manifest.
4267 silly tarball no local data for is-boolean-object@https://registry.npmjs.org/is-boolean-object/-/is-boolean-object-1.2.2.tgz. Extracting by manifest.
4268 silly tarball no local data for isexe@https://registry.npmjs.org/isexe/-/isexe-2.0.0.tgz. Extracting by manifest.
4269 silly tarball no local data for tr46@https://registry.npmjs.org/tr46/-/tr46-5.1.1.tgz. Extracting by manifest.
4270 silly tarball no local data for is-number-object@https://registry.npmjs.org/is-number-object/-/is-number-object-1.1.1.tgz. Extracting by manifest.
4271 silly tarball no local data for safer-buffer@https://registry.npmjs.org/safer-buffer/-/safer-buffer-2.1.2.tgz. Extracting by manifest.
4272 silly tarball no local data for cac@https://registry.npmjs.org/cac/-/cac-6.7.14.tgz. Extracting by manifest.
4273 silly tarball no local data for iconv-lite@https://registry.npmjs.org/iconv-lite/-/iconv-lite-0.6.3.tgz. Extracting by manifest.
4274 silly tarball no local data for pathval@https://registry.npmjs.org/pathval/-/pathval-2.0.1.tgz. Extracting by manifest.
4275 silly tarball no local data for check-error@https://registry.npmjs.org/check-error/-/check-error-2.1.3.tgz. Extracting by manifest.
4276 silly tarball no local data for tinyspy@https://registry.npmjs.org/tinyspy/-/tinyspy-3.0.2.tgz. Extracting by manifest.
4277 silly tarball no local data for loupe@https://registry.npmjs.org/loupe/-/loupe-3.2.1.tgz. Extracting by manifest.
4278 silly tarball no local data for why-is-node-running@https://registry.npmjs.org/why-is-node-running/-/why-is-node-running-2.3.0.tgz. Extracting by manifest.
4279 silly tarball no local data for deep-eql@https://registry.npmjs.org/deep-eql/-/deep-eql-5.0.2.tgz. Extracting by manifest.
4280 silly tarball no local data for vite-node@https://registry.npmjs.org/vite-node/-/vite-node-2.1.9.tgz. Extracting by manifest.
4281 silly tarball no local data for tinypool@https://registry.npmjs.org/tinypool/-/tinypool-1.1.1.tgz. Extracting by manifest.
4282 silly tarball no local data for tinyexec@https://registry.npmjs.org/tinyexec/-/tinyexec-0.3.2.tgz. Extracting by manifest.
4283 silly tarball no local data for es-module-lexer@https://registry.npmjs.org/es-module-lexer/-/es-module-lexer-1.7.0.tgz. Extracting by manifest.
4284 silly tarball no local data for std-env@https://registry.npmjs.org/std-env/-/std-env-3.10.0.tgz. Extracting by manifest.
4285 silly tarball no local data for assertion-error@https://registry.npmjs.org/assertion-error/-/assertion-error-2.0.1.tgz. Extracting by manifest.
4286 silly tarball no local data for pathe@https://registry.npmjs.org/pathe/-/pathe-1.1.2.tgz. Extracting by manifest.
4287 silly tarball no local data for magic-string@https://registry.npmjs.org/magic-string/-/magic-string-0.30.21.tgz. Extracting by manifest.
4288 silly tarball no local data for @vitest/utils@https://registry.npmjs.org/@vitest/utils/-/utils-2.1.9.tgz. Extracting by manifest.
4289 silly tarball no local data for @vitest/spy@https://registry.npmjs.org/@vitest/spy/-/spy-2.1.9.tgz. Extracting by manifest.
4290 silly tarball no local data for @vitest/runner@https://registry.npmjs.org/@vitest/runner/-/runner-2.1.9.tgz. Extracting by manifest.
4291 silly tarball no local data for chai@https://registry.npmjs.org/chai/-/chai-5.3.3.tgz. Extracting by manifest.
4292 silly tarball no local data for tinybench@https://registry.npmjs.org/tinybench/-/tinybench-2.9.0.tgz. Extracting by manifest.
4293 silly tarball no local data for @vitest/pretty-format@https://registry.npmjs.org/@vitest/pretty-format/-/pretty-format-2.1.9.tgz. Extracting by manifest.
4294 silly tarball no local data for @vitest/snapshot@https://registry.npmjs.org/@vitest/snapshot/-/snapshot-2.1.9.tgz. Extracting by manifest.
4295 silly tarball no local data for @vitest/expect@https://registry.npmjs.org/@vitest/expect/-/expect-2.1.9.tgz. Extracting by manifest.
4296 silly tarball no local data for rollup@https://registry.npmjs.org/rollup/-/rollup-4.62.3.tgz. Extracting by manifest.
4297 silly tarball no local data for @rollup/rollup-win32-x64-gnu@https://registry.npmjs.org/@rollup/rollup-win32-x64-gnu/-/rollup-win32-x64-gnu-4.62.3.tgz. Extracting by manifest.
4298 silly tarball no local data for @esbuild/win32-x64@https://registry.npmjs.org/@esbuild/win32-x64/-/win32-x64-0.25.12.tgz. Extracting by manifest.
4299 silly tarball no local data for @rollup/rollup-win32-x64-msvc@https://registry.npmjs.org/@rollup/rollup-win32-x64-msvc/-/rollup-win32-x64-msvc-4.62.3.tgz. Extracting by manifest.
4300 silly tarball no local data for punycode@https://registry.npmjs.org/punycode/-/punycode-2.3.1.tgz. Extracting by manifest.
4301 silly tarball no local data for esbuild@https://registry.npmjs.org/esbuild/-/esbuild-0.25.12.tgz. Extracting by manifest.
4302 silly tarball no local data for expect-type@https://registry.npmjs.org/expect-type/-/expect-type-1.4.0.tgz. Extracting by manifest.
4303 silly tarball no local data for @unrs/resolver-binding-win32-x64-msvc@https://registry.npmjs.org/@unrs/resolver-binding-win32-x64-msvc/-/resolver-binding-win32-x64-msvc-1.12.2.tgz. Extracting by manifest.
4304 silly tarball no local data for escalade@https://registry.npmjs.org/escalade/-/escalade-3.2.0.tgz. Extracting by manifest.
4305 silly tarball no local data for tinyrainbow@https://registry.npmjs.org/tinyrainbow/-/tinyrainbow-1.2.0.tgz. Extracting by manifest.
4306 silly tarball no local data for which-boxed-primitive@https://registry.npmjs.org/which-boxed-primitive/-/which-boxed-primitive-1.1.1.tgz. Extracting by manifest.
4307 silly tarball no local data for has-bigints@https://registry.npmjs.org/has-bigints/-/has-bigints-1.1.0.tgz. Extracting by manifest.
4308 silly tarball no local data for napi-postinstall@https://registry.npmjs.org/napi-postinstall/-/napi-postinstall-0.3.4.tgz. Extracting by manifest.
4309 silly tarball no local data for which-builtin-type@https://registry.npmjs.org/which-builtin-type/-/which-builtin-type-1.2.1.tgz. Extracting by manifest.
4310 silly tarball no local data for @types/json5@https://registry.npmjs.org/@types/json5/-/json5-0.0.29.tgz. Extracting by manifest.
4311 silly tarball no local data for reflect.getprototypeof@https://registry.npmjs.org/reflect.getprototypeof/-/reflect.getprototypeof-1.0.10.tgz. Extracting by manifest.
4312 silly tarball no local data for strip-bom@https://registry.npmjs.org/strip-bom/-/strip-bom-3.0.0.tgz. Extracting by manifest.
4313 silly tarball no local data for minimist@https://registry.npmjs.org/minimist/-/minimist-1.2.8.tgz. Extracting by manifest.
4314 silly tarball no local data for for-each@https://registry.npmjs.org/for-each/-/for-each-0.3.5.tgz. Extracting by manifest.
4315 silly tarball no local data for tldts-core@https://registry.npmjs.org/tldts-core/-/tldts-core-6.1.86.tgz. Extracting by manifest.
4316 silly tarball no local data for is-number@https://registry.npmjs.org/is-number/-/is-number-7.0.0.tgz. Extracting by manifest.
4317 silly tarball no local data for thenify@https://registry.npmjs.org/thenify/-/thenify-3.3.1.tgz. Extracting by manifest.
4318 silly tarball no local data for thenify-all@https://registry.npmjs.org/thenify-all/-/thenify-all-1.6.0.tgz. Extracting by manifest.
4319 silly tarball no local data for mz@https://registry.npmjs.org/mz/-/mz-2.7.0.tgz. Extracting by manifest.
4320 silly tarball no local data for ts-interface-checker@https://registry.npmjs.org/ts-interface-checker/-/ts-interface-checker-0.1.13.tgz. Extracting by manifest.
4321 silly tarball no local data for pirates@https://registry.npmjs.org/pirates/-/pirates-4.0.7.tgz. Extracting by manifest.
4322 silly tarball no local data for any-promise@https://registry.npmjs.org/any-promise/-/any-promise-1.3.0.tgz. Extracting by manifest.
4323 silly tarball no local data for commander@https://registry.npmjs.org/commander/-/commander-4.1.1.tgz. Extracting by manifest.
4324 silly tarball no local data for lines-and-columns@https://registry.npmjs.org/lines-and-columns/-/lines-and-columns-1.2.4.tgz. Extracting by manifest.
4325 silly tarball no local data for cssesc@https://registry.npmjs.org/cssesc/-/cssesc-3.0.0.tgz. Extracting by manifest.
4326 silly tarball no local data for pify@https://registry.npmjs.org/pify/-/pify-2.3.0.tgz. Extracting by manifest.
4327 silly tarball no local data for util-deprecate@https://registry.npmjs.org/util-deprecate/-/util-deprecate-1.0.2.tgz. Extracting by manifest.
4328 silly tarball no local data for tldts@https://registry.npmjs.org/tldts/-/tldts-6.1.86.tgz. Extracting by manifest.
4329 silly tarball no local data for read-cache@https://registry.npmjs.org/read-cache/-/read-cache-1.0.0.tgz. Extracting by manifest.
4330 silly tarball no local data for is-binary-path@https://registry.npmjs.org/is-binary-path/-/is-binary-path-2.1.0.tgz. Extracting by manifest.
4331 silly tarball no local data for readdirp@https://registry.npmjs.org/readdirp/-/readdirp-3.6.0.tgz. Extracting by manifest.
4332 silly tarball no local data for anymatch@https://registry.npmjs.org/anymatch/-/anymatch-3.1.3.tgz. Extracting by manifest.
4333 silly tarball no local data for postcss-selector-parser@https://registry.npmjs.org/postcss-selector-parser/-/postcss-selector-parser-6.1.4.tgz. Extracting by manifest.
4334 silly tarball no local data for binary-extensions@https://registry.npmjs.org/binary-extensions/-/binary-extensions-2.3.0.tgz. Extracting by manifest.
4335 silly tarball no local data for postcss-nested@https://registry.npmjs.org/postcss-nested/-/postcss-nested-6.2.0.tgz. Extracting by manifest.
4336 silly tarball no local data for sucrase@https://registry.npmjs.org/sucrase/-/sucrase-3.35.1.tgz. Extracting by manifest.
4337 silly tarball no local data for postcss-js@https://registry.npmjs.org/postcss-js/-/postcss-js-4.1.0.tgz. Extracting by manifest.
4338 silly tarball no local data for postcss-import@https://registry.npmjs.org/postcss-import/-/postcss-import-15.1.0.tgz. Extracting by manifest.
4339 silly tarball no local data for camelcase-css@https://registry.npmjs.org/camelcase-css/-/camelcase-css-2.0.1.tgz. Extracting by manifest.
4340 silly tarball no local data for lilconfig@https://registry.npmjs.org/lilconfig/-/lilconfig-3.1.3.tgz. Extracting by manifest.
4341 silly tarball no local data for postcss-load-config@https://registry.npmjs.org/postcss-load-config/-/postcss-load-config-6.0.1.tgz. Extracting by manifest.
4342 silly tarball no local data for object-hash@https://registry.npmjs.org/object-hash/-/object-hash-3.0.0.tgz. Extracting by manifest.
4343 silly tarball no local data for normalize-path@https://registry.npmjs.org/normalize-path/-/normalize-path-3.0.0.tgz. Extracting by manifest.
4344 silly tarball no local data for didyoumean@https://registry.npmjs.org/didyoumean/-/didyoumean-1.2.2.tgz. Extracting by manifest.
4345 silly tarball no local data for jiti@https://registry.npmjs.org/jiti/-/jiti-1.21.7.tgz. Extracting by manifest.
4346 silly tarball no local data for dlv@https://registry.npmjs.org/dlv/-/dlv-1.1.3.tgz. Extracting by manifest.
4347 silly tarball no local data for arg@https://registry.npmjs.org/arg/-/arg-5.0.2.tgz. Extracting by manifest.
4348 silly tarball no local data for @alloc/quick-lru@https://registry.npmjs.org/@alloc/quick-lru/-/quick-lru-5.2.0.tgz. Extracting by manifest.
4349 silly tarball no local data for chokidar@https://registry.npmjs.org/chokidar/-/chokidar-3.6.0.tgz. Extracting by manifest.
4350 silly tarball no local data for client-only@https://registry.npmjs.org/client-only/-/client-only-0.0.1.tgz. Extracting by manifest.
4351 silly tarball no local data for min-indent@https://registry.npmjs.org/min-indent/-/min-indent-1.0.1.tgz. Extracting by manifest.
4352 silly tarball no local data for side-channel-list@https://registry.npmjs.org/side-channel-list/-/side-channel-list-1.0.1.tgz. Extracting by manifest.
4353 silly tarball no local data for side-channel-map@https://registry.npmjs.org/side-channel-map/-/side-channel-map-1.0.1.tgz. Extracting by manifest.
4354 silly tarball no local data for @img/sharp-win32-x64@https://registry.npmjs.org/@img/sharp-win32-x64/-/sharp-win32-x64-0.34.5.tgz. Extracting by manifest.
4355 silly tarball no local data for shebang-regex@https://registry.npmjs.org/shebang-regex/-/shebang-regex-3.0.0.tgz. Extracting by manifest.
4356 silly tarball no local data for @img/colour@https://registry.npmjs.org/@img/colour/-/colour-1.1.0.tgz. Extracting by manifest.
4357 silly tarball no local data for detect-libc@https://registry.npmjs.org/detect-libc/-/detect-libc-2.1.2.tgz. Extracting by manifest.
4358 silly tarball no local data for side-channel-weakmap@https://registry.npmjs.org/side-channel-weakmap/-/side-channel-weakmap-1.0.2.tgz. Extracting by manifest.
4359 silly tarball no local data for xmlchars@https://registry.npmjs.org/xmlchars/-/xmlchars-2.2.0.tgz. Extracting by manifest.
4360 silly tarball no local data for isarray@https://registry.npmjs.org/isarray/-/isarray-2.0.5.tgz. Extracting by manifest.
4361 silly tarball no local data for path-parse@https://registry.npmjs.org/path-parse/-/path-parse-1.0.7.tgz. Extracting by manifest.
4362 silly tarball no local data for supports-preserve-symlinks-flag@https://registry.npmjs.org/supports-preserve-symlinks-flag/-/supports-preserve-symlinks-flag-1.0.0.tgz. Extracting by manifest.
4363 silly tarball no local data for strip-indent@https://registry.npmjs.org/strip-indent/-/strip-indent-3.0.0.tgz. Extracting by manifest.
4364 silly tarball no local data for node-exports-info@https://registry.npmjs.org/node-exports-info/-/node-exports-info-1.6.2.tgz. Extracting by manifest.
4365 silly tarball no local data for indent-string@https://registry.npmjs.org/indent-string/-/indent-string-4.0.0.tgz. Extracting by manifest.
4366 silly tarball no local data for has-flag@https://registry.npmjs.org/has-flag/-/has-flag-4.0.0.tgz. Extracting by manifest.
4367 silly tarball no local data for object-assign@https://registry.npmjs.org/object-assign/-/object-assign-4.1.1.tgz. Extracting by manifest.
4368 silly tarball no local data for scheduler@https://registry.npmjs.org/scheduler/-/scheduler-0.27.0.tgz. Extracting by manifest.
4369 silly tarball no local data for loose-envify@https://registry.npmjs.org/loose-envify/-/loose-envify-1.4.0.tgz. Extracting by manifest.
4370 silly tarball no local data for ansi-regex@https://registry.npmjs.org/ansi-regex/-/ansi-regex-5.0.1.tgz. Extracting by manifest.
4371 silly tarball no local data for source-map-js@https://registry.npmjs.org/source-map-js/-/source-map-js-1.2.1.tgz. Extracting by manifest.
4372 silly tarball no local data for react-is@https://registry.npmjs.org/react-is/-/react-is-17.0.2.tgz. Extracting by manifest.
4373 silly tarball no local data for queue-microtask@https://registry.npmjs.org/queue-microtask/-/queue-microtask-1.2.3.tgz. Extracting by manifest.
4374 silly tarball no local data for callsites@https://registry.npmjs.org/callsites/-/callsites-3.1.0.tgz. Extracting by manifest.
4375 silly tarball no local data for entities@https://registry.npmjs.org/entities/-/entities-6.0.1.tgz. Extracting by manifest.
4376 silly tarball no local data for nanoid@https://registry.npmjs.org/nanoid/-/nanoid-3.3.16.tgz. Extracting by manifest.
4377 silly tarball no local data for yocto-queue@https://registry.npmjs.org/yocto-queue/-/yocto-queue-0.1.0.tgz. Extracting by manifest.
4378 silly tarball no local data for word-wrap@https://registry.npmjs.org/word-wrap/-/word-wrap-1.2.5.tgz. Extracting by manifest.
4379 silly tarball no local data for p-limit@https://registry.npmjs.org/p-limit/-/p-limit-3.1.0.tgz. Extracting by manifest.
4380 silly tarball no local data for styled-jsx@https://registry.npmjs.org/styled-jsx/-/styled-jsx-5.1.6.tgz. Extracting by manifest.
4381 silly tarball no local data for deep-is@https://registry.npmjs.org/deep-is/-/deep-is-0.1.4.tgz. Extracting by manifest.
4382 silly tarball no local data for sharp@https://registry.npmjs.org/sharp/-/sharp-0.34.5.tgz. Extracting by manifest.
4383 silly tarball no local data for @swc/helpers@https://registry.npmjs.org/@swc/helpers/-/helpers-0.5.15.tgz. Extracting by manifest.
4384 silly tarball no local data for @next/swc-win32-x64-msvc@https://registry.npmjs.org/@next/swc-win32-x64-msvc/-/swc-win32-x64-msvc-15.5.22.tgz. Extracting by manifest.
4385 silly tarball no local data for @next/env@https://registry.npmjs.org/@next/env/-/env-15.5.22.tgz. Extracting by manifest.
4386 silly tarball no local data for fast-levenshtein@https://registry.npmjs.org/fast-levenshtein/-/fast-levenshtein-2.0.6.tgz. Extracting by manifest.
4387 silly tarball no local data for concat-map@https://registry.npmjs.org/concat-map/-/concat-map-0.0.1.tgz. Extracting by manifest.
4388 silly tarball no local data for brace-expansion@https://registry.npmjs.org/brace-expansion/-/brace-expansion-1.1.18.tgz. Extracting by manifest.
4389 silly tarball no local data for balanced-match@https://registry.npmjs.org/balanced-match/-/balanced-match-1.0.2.tgz. Extracting by manifest.
4390 silly tarball no local data for mime-db@https://registry.npmjs.org/mime-db/-/mime-db-1.52.0.tgz. Extracting by manifest.
4391 silly tarball no local data for to-regex-range@https://registry.npmjs.org/to-regex-range/-/to-regex-range-5.0.1.tgz. Extracting by manifest.
4392 silly tarball no local data for picomatch@https://registry.npmjs.org/picomatch/-/picomatch-2.3.2.tgz. Extracting by manifest.
4393 silly tarball no local data for yallist@https://registry.npmjs.org/yallist/-/yallist-3.1.1.tgz. Extracting by manifest.
4394 silly tarball no local data for braces@https://registry.npmjs.org/braces/-/braces-3.0.3.tgz. Extracting by manifest.
4395 silly tarball no local data for type-check@https://registry.npmjs.org/type-check/-/type-check-0.4.0.tgz. Extracting by manifest.
4396 silly tarball no local data for p-locate@https://registry.npmjs.org/p-locate/-/p-locate-5.0.0.tgz. Extracting by manifest.
4397 silly tarball no local data for prelude-ls@https://registry.npmjs.org/prelude-ls/-/prelude-ls-1.2.1.tgz. Extracting by manifest.
4398 silly tarball no local data for language-subtag-registry@https://registry.npmjs.org/language-subtag-registry/-/language-subtag-registry-0.3.23.tgz. Extracting by manifest.
4399 silly tarball no local data for agent-base@https://registry.npmjs.org/agent-base/-/agent-base-7.1.4.tgz. Extracting by manifest.
4400 silly tarball no local data for json-buffer@https://registry.npmjs.org/json-buffer/-/json-buffer-3.0.1.tgz. Extracting by manifest.
4401 silly tarball no local data for delayed-stream@https://registry.npmjs.org/delayed-stream/-/delayed-stream-1.0.0.tgz. Extracting by manifest.
4402 silly tarball no local data for mime-types@https://registry.npmjs.org/mime-types/-/mime-types-2.1.35.tgz. Extracting by manifest.
4403 silly tarball no local data for @csstools/color-helpers@https://registry.npmjs.org/@csstools/color-helpers/-/color-helpers-5.1.0.tgz. Extracting by manifest.
4404 silly tarball no local data for combined-stream@https://registry.npmjs.org/combined-stream/-/combined-stream-1.0.8.tgz. Extracting by manifest.
4405 silly tarball no local data for asynckit@https://registry.npmjs.org/asynckit/-/asynckit-0.4.0.tgz. Extracting by manifest.
4406 silly tarball no local data for fill-range@https://registry.npmjs.org/fill-range/-/fill-range-7.1.1.tgz. Extracting by manifest.
4407 silly tarball no local data for @csstools/css-color-parser@https://registry.npmjs.org/@csstools/css-color-parser/-/css-color-parser-3.1.0.tgz. Extracting by manifest.
4408 silly tarball no local data for @csstools/css-parser-algorithms@https://registry.npmjs.org/@csstools/css-parser-algorithms/-/css-parser-algorithms-3.0.5.tgz. Extracting by manifest.
4409 silly tarball no local data for @csstools/css-tokenizer@https://registry.npmjs.org/@csstools/css-tokenizer/-/css-tokenizer-3.0.4.tgz. Extracting by manifest.
4410 silly tarball no local data for @csstools/css-calc@https://registry.npmjs.org/@csstools/css-calc/-/css-calc-2.1.4.tgz. Extracting by manifest.
4411 silly tarball no local data for @asamuzakjp/css-color@https://registry.npmjs.org/@asamuzakjp/css-color/-/css-color-3.2.0.tgz. Extracting by manifest.
4412 silly tarball no local data for ws@https://registry.npmjs.org/ws/-/ws-8.21.1.tgz. Extracting by manifest.
4413 silly tarball no local data for xml-name-validator@https://registry.npmjs.org/xml-name-validator/-/xml-name-validator-5.0.0.tgz. Extracting by manifest.
4414 silly tarball no local data for whatwg-url@https://registry.npmjs.org/whatwg-url/-/whatwg-url-14.2.0.tgz. Extracting by manifest.
4415 silly tarball no local data for whatwg-mimetype@https://registry.npmjs.org/whatwg-mimetype/-/whatwg-mimetype-4.0.0.tgz. Extracting by manifest.
4416 silly tarball no local data for whatwg-encoding@https://registry.npmjs.org/whatwg-encoding/-/whatwg-encoding-3.1.1.tgz. Extracting by manifest.
4417 silly tarball no local data for symbol-tree@https://registry.npmjs.org/symbol-tree/-/symbol-tree-3.2.4.tgz. Extracting by manifest.
4418 silly tarball no local data for w3c-xmlserializer@https://registry.npmjs.org/w3c-xmlserializer/-/w3c-xmlserializer-5.0.0.tgz. Extracting by manifest.
4419 silly tarball no local data for parse5@https://registry.npmjs.org/parse5/-/parse5-7.3.0.tgz. Extracting by manifest.
4420 silly tarball no local data for webidl-conversions@https://registry.npmjs.org/webidl-conversions/-/webidl-conversions-7.0.0.tgz. Extracting by manifest.
4421 silly tarball no local data for nwsapi@https://registry.npmjs.org/nwsapi/-/nwsapi-2.2.24.tgz. Extracting by manifest.
4422 silly tarball no local data for tough-cookie@https://registry.npmjs.org/tough-cookie/-/tough-cookie-5.1.2.tgz. Extracting by manifest.
4423 silly tarball no local data for rrweb-cssom@https://registry.npmjs.org/rrweb-cssom/-/rrweb-cssom-0.7.1.tgz. Extracting by manifest.
4424 silly tarball no local data for saxes@https://registry.npmjs.org/saxes/-/saxes-6.0.0.tgz. Extracting by manifest.
4425 silly tarball no local data for http-proxy-agent@https://registry.npmjs.org/http-proxy-agent/-/http-proxy-agent-7.0.2.tgz. Extracting by manifest.
4426 silly tarball no local data for https-proxy-agent@https://registry.npmjs.org/https-proxy-agent/-/https-proxy-agent-7.0.6.tgz. Extracting by manifest.
4427 silly tarball no local data for is-potential-custom-element-name@https://registry.npmjs.org/is-potential-custom-element-name/-/is-potential-custom-element-name-1.0.1.tgz. Extracting by manifest.
4428 silly tarball no local data for decimal.js@https://registry.npmjs.org/decimal.js/-/decimal.js-10.6.0.tgz. Extracting by manifest.
4429 silly tarball no local data for html-encoding-sniffer@https://registry.npmjs.org/html-encoding-sniffer/-/html-encoding-sniffer-4.0.0.tgz. Extracting by manifest.
4430 silly tarball no local data for form-data@https://registry.npmjs.org/form-data/-/form-data-4.0.6.tgz. Extracting by manifest.
4431 silly tarball no local data for data-urls@https://registry.npmjs.org/data-urls/-/data-urls-5.0.0.tgz. Extracting by manifest.
4432 silly tarball no local data for cssstyle@https://registry.npmjs.org/cssstyle/-/cssstyle-4.6.0.tgz. Extracting by manifest.
4433 silly tarball no local data for resolve-pkg-maps@https://registry.npmjs.org/resolve-pkg-maps/-/resolve-pkg-maps-1.0.0.tgz. Extracting by manifest.
4434 silly tarball no local data for is-extglob@https://registry.npmjs.org/is-extglob/-/is-extglob-2.1.1.tgz. Extracting by manifest.
4435 silly tarball no local data for set-function-name@https://registry.npmjs.org/set-function-name/-/set-function-name-2.0.2.tgz. Extracting by manifest.
4436 silly tarball no local data for argparse@https://registry.npmjs.org/argparse/-/argparse-2.0.1.tgz. Extracting by manifest.
4437 silly tarball no local data for parent-module@https://registry.npmjs.org/parent-module/-/parent-module-1.0.1.tgz. Extracting by manifest.
4438 silly tarball no local data for dunder-proto@https://registry.npmjs.org/dunder-proto/-/dunder-proto-1.0.1.tgz. Extracting by manifest.
4439 silly tarball no local data for side-channel@https://registry.npmjs.org/side-channel/-/side-channel-1.1.1.tgz. Extracting by manifest.
4440 silly tarball no local data for resolve-from@https://registry.npmjs.org/resolve-from/-/resolve-from-4.0.0.tgz. Extracting by manifest.
4441 silly tarball no local data for is-document.all@https://registry.npmjs.org/is-document.all/-/is-document.all-1.0.0.tgz. Extracting by manifest.
4442 silly tarball no local data for tslib@https://registry.npmjs.org/tslib/-/tslib-2.8.1.tgz. Extracting by manifest.
4443 silly tarball no local data for functions-have-names@https://registry.npmjs.org/functions-have-names/-/functions-have-names-1.2.3.tgz. Extracting by manifest.
4444 silly tarball no local data for keyv@https://registry.npmjs.org/keyv/-/keyv-4.5.4.tgz. Extracting by manifest.
4445 silly tarball no local data for flatted@https://registry.npmjs.org/flatted/-/flatted-3.4.4.tgz. Extracting by manifest.
4446 silly tarball no local data for motion-utils@https://registry.npmjs.org/motion-utils/-/motion-utils-12.39.0.tgz. Extracting by manifest.
4447 silly tarball no local data for locate-path@https://registry.npmjs.org/locate-path/-/locate-path-6.0.0.tgz. Extracting by manifest.
4448 silly tarball no local data for flat-cache@https://registry.npmjs.org/flat-cache/-/flat-cache-4.0.1.tgz. Extracting by manifest.
4449 silly tarball no local data for path-exists@https://registry.npmjs.org/path-exists/-/path-exists-4.0.0.tgz. Extracting by manifest.
4450 silly tarball no local data for motion-dom@https://registry.npmjs.org/motion-dom/-/motion-dom-12.43.0.tgz. Extracting by manifest.
4451 silly tarball no local data for @nodelib/fs.scandir@https://registry.npmjs.org/@nodelib/fs.scandir/-/fs.scandir-2.1.5.tgz. Extracting by manifest.
4452 silly tarball no local data for reusify@https://registry.npmjs.org/reusify/-/reusify-1.1.0.tgz. Extracting by manifest.
4453 silly tarball no local data for run-parallel@https://registry.npmjs.org/run-parallel/-/run-parallel-1.2.0.tgz. Extracting by manifest.
4454 silly tarball no local data for micromatch@https://registry.npmjs.org/micromatch/-/micromatch-4.0.8.tgz. Extracting by manifest.
4455 silly tarball no local data for fastq@https://registry.npmjs.org/fastq/-/fastq-1.20.1.tgz. Extracting by manifest.
4456 silly tarball no local data for merge2@https://registry.npmjs.org/merge2/-/merge2-1.4.1.tgz. Extracting by manifest.
4457 silly tarball no local data for @nodelib/fs.walk@https://registry.npmjs.org/@nodelib/fs.walk/-/fs.walk-1.2.8.tgz. Extracting by manifest.
4458 silly tarball no local data for @nodelib/fs.stat@https://registry.npmjs.org/@nodelib/fs.stat/-/fs.stat-2.0.5.tgz. Extracting by manifest.
4459 silly tarball no local data for acorn@https://registry.npmjs.org/acorn/-/acorn-8.18.0.tgz. Extracting by manifest.
4460 silly tarball no local data for acorn-jsx@https://registry.npmjs.org/acorn-jsx/-/acorn-jsx-5.3.2.tgz. Extracting by manifest.
4461 silly tarball no local data for esrecurse@https://registry.npmjs.org/esrecurse/-/esrecurse-4.3.0.tgz. Extracting by manifest.
4462 silly tarball no local data for string.prototype.repeat@https://registry.npmjs.org/string.prototype.repeat/-/string.prototype.repeat-1.0.0.tgz. Extracting by manifest.
4463 silly tarball no local data for iterator.prototype@https://registry.npmjs.org/iterator.prototype/-/iterator.prototype-1.1.5.tgz. Extracting by manifest.
4464 silly tarball no local data for object.entries@https://registry.npmjs.org/object.entries/-/object.entries-1.1.9.tgz. Extracting by manifest.
4465 silly tarball no local data for prop-types@https://registry.npmjs.org/prop-types/-/prop-types-15.8.1.tgz. Extracting by manifest.
4466 silly tarball no local data for estraverse@https://registry.npmjs.org/estraverse/-/estraverse-5.3.0.tgz. Extracting by manifest.
4467 silly tarball no local data for string.prototype.matchall@https://registry.npmjs.org/string.prototype.matchall/-/string.prototype.matchall-4.0.12.tgz. Extracting by manifest.
4468 silly tarball no local data for es-iterator-helpers@https://registry.npmjs.org/es-iterator-helpers/-/es-iterator-helpers-1.4.0.tgz. Extracting by manifest.
4469 silly tarball no local data for array.prototype.tosorted@https://registry.npmjs.org/array.prototype.tosorted/-/array.prototype.tosorted-1.1.4.tgz. Extracting by manifest.
4470 silly tarball no local data for language-tags@https://registry.npmjs.org/language-tags/-/language-tags-1.0.9.tgz. Extracting by manifest.
4471 silly tarball no local data for string.prototype.includes@https://registry.npmjs.org/string.prototype.includes/-/string.prototype.includes-2.0.1.tgz. Extracting by manifest.
4472 silly tarball no local data for emoji-regex@https://registry.npmjs.org/emoji-regex/-/emoji-regex-9.2.2.tgz. Extracting by manifest.
4473 silly tarball no local data for jsx-ast-utils@https://registry.npmjs.org/jsx-ast-utils/-/jsx-ast-utils-3.3.5.tgz. Extracting by manifest.
4474 silly tarball no local data for array.prototype.findlast@https://registry.npmjs.org/array.prototype.findlast/-/array.prototype.findlast-1.2.5.tgz. Extracting by manifest.
4475 silly tarball no local data for damerau-levenshtein@https://registry.npmjs.org/damerau-levenshtein/-/damerau-levenshtein-1.0.8.tgz. Extracting by manifest.
4476 silly tarball no local data for es-abstract-get@https://registry.npmjs.org/es-abstract-get/-/es-abstract-get-1.0.0.tgz. Extracting by manifest.
4477 silly tarball no local data for axe-core@https://registry.npmjs.org/axe-core/-/axe-core-4.12.1.tgz. Extracting by manifest.
4478 silly tarball no local data for ast-types-flow@https://registry.npmjs.org/ast-types-flow/-/ast-types-flow-0.0.8.tgz. Extracting by manifest.
4479 silly tarball no local data for has-tostringtag@https://registry.npmjs.org/has-tostringtag/-/has-tostringtag-1.0.2.tgz. Extracting by manifest.
4480 silly tarball no local data for unbox-primitive@https://registry.npmjs.org/unbox-primitive/-/unbox-primitive-1.1.0.tgz. Extracting by manifest.
4481 silly tarball no local data for possible-typed-array-names@https://registry.npmjs.org/possible-typed-array-names/-/possible-typed-array-names-1.1.0.tgz. Extracting by manifest.
4482 silly tarball no local data for axobject-query@https://registry.npmjs.org/axobject-query/-/axobject-query-4.1.0.tgz. Extracting by manifest.
4483 silly tarball no local data for typed-array-length@https://registry.npmjs.org/typed-array-length/-/typed-array-length-1.0.8.tgz. Extracting by manifest.
4484 silly tarball no local data for is-date-object@https://registry.npmjs.org/is-date-object/-/is-date-object-1.1.0.tgz. Extracting by manifest.
4485 silly tarball no local data for typed-array-buffer@https://registry.npmjs.org/typed-array-buffer/-/typed-array-buffer-1.0.3.tgz. Extracting by manifest.
4486 silly tarball no local data for typed-array-byte-offset@https://registry.npmjs.org/typed-array-byte-offset/-/typed-array-byte-offset-1.0.4.tgz. Extracting by manifest.
4487 silly tarball no local data for string.prototype.trimstart@https://registry.npmjs.org/string.prototype.trimstart/-/string.prototype.trimstart-1.0.8.tgz. Extracting by manifest.
4488 silly tarball no local data for string.prototype.trim@https://registry.npmjs.org/string.prototype.trim/-/string.prototype.trim-1.2.11.tgz. Extracting by manifest.
4489 silly tarball no local data for stop-iteration-iterator@https://registry.npmjs.org/stop-iteration-iterator/-/stop-iteration-iterator-1.1.0.tgz. Extracting by manifest.
4490 silly tarball no local data for which-typed-array@https://registry.npmjs.org/which-typed-array/-/which-typed-array-1.1.22.tgz. Extracting by manifest.
4491 silly tarball no local data for safe-regex-test@https://registry.npmjs.org/safe-regex-test/-/safe-regex-test-1.1.0.tgz. Extracting by manifest.
4492 silly tarball no local data for set-proto@https://registry.npmjs.org/set-proto/-/set-proto-1.0.0.tgz. Extracting by manifest.
4493 silly tarball no local data for regexp.prototype.flags@https://registry.npmjs.org/regexp.prototype.flags/-/regexp.prototype.flags-1.5.4.tgz. Extracting by manifest.
4494 silly tarball no local data for safe-push-apply@https://registry.npmjs.org/safe-push-apply/-/safe-push-apply-1.0.0.tgz. Extracting by manifest.
4495 silly tarball no local data for safe-array-concat@https://registry.npmjs.org/safe-array-concat/-/safe-array-concat-1.1.4.tgz. Extracting by manifest.
4496 silly tarball no local data for own-keys@https://registry.npmjs.org/own-keys/-/own-keys-1.0.2.tgz. Extracting by manifest.
4497 silly tarball no local data for object.assign@https://registry.npmjs.org/object.assign/-/object.assign-4.1.7.tgz. Extracting by manifest.
4498 silly tarball no local data for typed-array-byte-length@https://registry.npmjs.org/typed-array-byte-length/-/typed-array-byte-length-1.0.3.tgz. Extracting by manifest.
4499 silly tarball no local data for is-typed-array@https://registry.npmjs.org/is-typed-array/-/is-typed-array-1.1.15.tgz. Extracting by manifest.
4500 silly tarball no local data for is-negative-zero@https://registry.npmjs.org/is-negative-zero/-/is-negative-zero-2.0.3.tgz. Extracting by manifest.
4501 silly tarball no local data for is-set@https://registry.npmjs.org/is-set/-/is-set-2.0.3.tgz. Extracting by manifest.
4502 silly tarball no local data for object-inspect@https://registry.npmjs.org/object-inspect/-/object-inspect-1.13.4.tgz. Extracting by manifest.
4503 silly tarball no local data for is-regex@https://registry.npmjs.org/is-regex/-/is-regex-1.2.1.tgz. Extracting by manifest.
4504 silly tarball no local data for is-callable@https://registry.npmjs.org/is-callable/-/is-callable-1.2.7.tgz. Extracting by manifest.
4505 silly tarball no local data for is-data-view@https://registry.npmjs.org/is-data-view/-/is-data-view-1.0.2.tgz. Extracting by manifest.
4506 silly tarball no local data for is-weakref@https://registry.npmjs.org/is-weakref/-/is-weakref-1.1.1.tgz. Extracting by manifest.
4507 silly tarball no local data for has-symbols@https://registry.npmjs.org/has-symbols/-/has-symbols-1.1.0.tgz. Extracting by manifest.
4508 silly tarball no local data for is-shared-array-buffer@https://registry.npmjs.org/is-shared-array-buffer/-/is-shared-array-buffer-1.0.4.tgz. Extracting by manifest.
4509 silly tarball no local data for is-symbol@https://registry.npmjs.org/is-symbol/-/is-symbol-1.1.1.tgz. Extracting by manifest.
4510 silly tarball no local data for internal-slot@https://registry.npmjs.org/internal-slot/-/internal-slot-1.1.0.tgz. Extracting by manifest.
4511 silly tarball no local data for get-symbol-description@https://registry.npmjs.org/get-symbol-description/-/get-symbol-description-1.1.0.tgz. Extracting by manifest.
4512 silly tarball no local data for has-proto@https://registry.npmjs.org/has-proto/-/has-proto-1.2.0.tgz. Extracting by manifest.
4513 silly tarball no local data for function.prototype.name@https://registry.npmjs.org/function.prototype.name/-/function.prototype.name-1.2.0.tgz. Extracting by manifest.
4514 silly tarball no local data for globalthis@https://registry.npmjs.org/globalthis/-/globalthis-1.0.4.tgz. Extracting by manifest.
4515 silly tarball no local data for is-array-buffer@https://registry.npmjs.org/is-array-buffer/-/is-array-buffer-3.0.5.tgz. Extracting by manifest.
4516 silly tarball no local data for get-proto@https://registry.npmjs.org/get-proto/-/get-proto-1.0.1.tgz. Extracting by manifest.
4517 silly tarball no local data for es-to-primitive@https://registry.npmjs.org/es-to-primitive/-/es-to-primitive-1.3.4.tgz. Extracting by manifest.
4518 silly tarball no local data for data-view-byte-offset@https://registry.npmjs.org/data-view-byte-offset/-/data-view-byte-offset-1.0.1.tgz. Extracting by manifest.
4519 silly tarball no local data for available-typed-arrays@https://registry.npmjs.org/available-typed-arrays/-/available-typed-arrays-1.0.7.tgz. Extracting by manifest.
4520 silly tarball no local data for es-set-tostringtag@https://registry.npmjs.org/es-set-tostringtag/-/es-set-tostringtag-2.1.0.tgz. Extracting by manifest.
4521 silly tarball no local data for array-buffer-byte-length@https://registry.npmjs.org/array-buffer-byte-length/-/array-buffer-byte-length-1.0.2.tgz. Extracting by manifest.
4522 silly tarball no local data for data-view-buffer@https://registry.npmjs.org/data-view-buffer/-/data-view-buffer-1.0.2.tgz. Extracting by manifest.
4523 silly tarball no local data for data-view-byte-length@https://registry.npmjs.org/data-view-byte-length/-/data-view-byte-length-1.0.2.tgz. Extracting by manifest.
4524 silly tarball no local data for gopd@https://registry.npmjs.org/gopd/-/gopd-1.2.0.tgz. Extracting by manifest.
4525 silly tarball no local data for object-keys@https://registry.npmjs.org/object-keys/-/object-keys-1.1.1.tgz. Extracting by manifest.
4526 silly tarball no local data for arraybuffer.prototype.slice@https://registry.npmjs.org/arraybuffer.prototype.slice/-/arraybuffer.prototype.slice-1.0.4.tgz. Extracting by manifest.
4527 silly tarball no local data for function-bind@https://registry.npmjs.org/function-bind/-/function-bind-1.1.2.tgz. Extracting by manifest.
4528 silly tarball no local data for define-data-property@https://registry.npmjs.org/define-data-property/-/define-data-property-1.1.4.tgz. Extracting by manifest.
4529 silly tarball no local data for call-bind-apply-helpers@https://registry.npmjs.org/call-bind-apply-helpers/-/call-bind-apply-helpers-1.0.2.tgz. Extracting by manifest.
4530 silly tarball no local data for set-function-length@https://registry.npmjs.org/set-function-length/-/set-function-length-1.2.2.tgz. Extracting by manifest.
4531 silly tarball no local data for es-define-property@https://registry.npmjs.org/es-define-property/-/es-define-property-1.0.1.tgz. Extracting by manifest.
4532 silly tarball no local data for es-shim-unscopables@https://registry.npmjs.org/es-shim-unscopables/-/es-shim-unscopables-1.1.0.tgz. Extracting by manifest.
4533 silly tarball no local data for math-intrinsics@https://registry.npmjs.org/math-intrinsics/-/math-intrinsics-1.1.0.tgz. Extracting by manifest.
4534 silly tarball no local data for es-object-atoms@https://registry.npmjs.org/es-object-atoms/-/es-object-atoms-1.1.2.tgz. Extracting by manifest.
4535 silly tarball no local data for has-property-descriptors@https://registry.npmjs.org/has-property-descriptors/-/has-property-descriptors-1.0.2.tgz. Extracting by manifest.
4536 silly tarball no local data for is-string@https://registry.npmjs.org/is-string/-/is-string-1.1.1.tgz. Extracting by manifest.
4537 silly tarball no local data for get-intrinsic@https://registry.npmjs.org/get-intrinsic/-/get-intrinsic-1.3.0.tgz. Extracting by manifest.
4538 silly tarball no local data for es-abstract@https://registry.npmjs.org/es-abstract/-/es-abstract-1.24.2.tgz. Extracting by manifest.
4539 silly tarball no local data for call-bound@https://registry.npmjs.org/call-bound/-/call-bound-1.0.4.tgz. Extracting by manifest.
4540 silly tarball no local data for define-properties@https://registry.npmjs.org/define-properties/-/define-properties-1.2.1.tgz. Extracting by manifest.
4541 silly tarball no local data for es-errors@https://registry.npmjs.org/es-errors/-/es-errors-1.3.0.tgz. Extracting by manifest.
4542 silly tarball no local data for object.groupby@https://registry.npmjs.org/object.groupby/-/object.groupby-1.0.3.tgz. Extracting by manifest.
4543 silly tarball no local data for call-bind@https://registry.npmjs.org/call-bind/-/call-bind-1.0.9.tgz. Extracting by manifest.
4544 silly tarball no local data for object.values@https://registry.npmjs.org/object.values/-/object.values-1.2.1.tgz. Extracting by manifest.
4545 silly tarball no local data for object.fromentries@https://registry.npmjs.org/object.fromentries/-/object.fromentries-2.0.8.tgz. Extracting by manifest.
4546 silly tarball no local data for eslint-module-utils@https://registry.npmjs.org/eslint-module-utils/-/eslint-module-utils-2.14.0.tgz. Extracting by manifest.
4547 silly tarball no local data for string.prototype.trimend@https://registry.npmjs.org/string.prototype.trimend/-/string.prototype.trimend-1.0.10.tgz. Extracting by manifest.
4548 silly tarball no local data for hasown@https://registry.npmjs.org/hasown/-/hasown-2.0.4.tgz. Extracting by manifest.
4549 silly tarball no local data for doctrine@https://registry.npmjs.org/doctrine/-/doctrine-2.1.0.tgz. Extracting by manifest.
4550 silly tarball no local data for array.prototype.flatmap@https://registry.npmjs.org/array.prototype.flatmap/-/array.prototype.flatmap-1.3.3.tgz. Extracting by manifest.
4551 silly tarball no local data for array.prototype.flat@https://registry.npmjs.org/array.prototype.flat/-/array.prototype.flat-1.3.3.tgz. Extracting by manifest.
4552 silly tarball no local data for @rtsao/scc@https://registry.npmjs.org/@rtsao/scc/-/scc-1.1.0.tgz. Extracting by manifest.
4553 silly tarball no local data for array-includes@https://registry.npmjs.org/array-includes/-/array-includes-3.1.9.tgz. Extracting by manifest.
4554 silly tarball no local data for is-bun-module@https://registry.npmjs.org/is-bun-module/-/is-bun-module-2.0.0.tgz. Extracting by manifest.
4555 silly tarball no local data for array.prototype.findlastindex@https://registry.npmjs.org/array.prototype.findlastindex/-/array.prototype.findlastindex-1.2.6.tgz. Extracting by manifest.
4556 silly tarball no local data for stable-hash@https://registry.npmjs.org/stable-hash/-/stable-hash-0.0.5.tgz. Extracting by manifest.
4557 silly tarball no local data for get-tsconfig@https://registry.npmjs.org/get-tsconfig/-/get-tsconfig-4.14.0.tgz. Extracting by manifest.
4558 silly tarball no local data for unrs-resolver@https://registry.npmjs.org/unrs-resolver/-/unrs-resolver-1.12.2.tgz. Extracting by manifest.
4559 silly tarball no local data for tsconfig-paths@https://registry.npmjs.org/tsconfig-paths/-/tsconfig-paths-3.15.0.tgz. Extracting by manifest.
4560 silly tarball no local data for @nolyfill/is-core-module@https://registry.npmjs.org/@nolyfill/is-core-module/-/is-core-module-1.0.39.tgz. Extracting by manifest.
4561 silly tarball no local data for @typescript-eslint/tsconfig-utils@https://registry.npmjs.org/@typescript-eslint/tsconfig-utils/-/tsconfig-utils-8.65.0.tgz. Extracting by manifest.
4562 silly tarball no local data for is-core-module@https://registry.npmjs.org/is-core-module/-/is-core-module-2.16.2.tgz. Extracting by manifest.
4563 silly tarball no local data for resolve@https://registry.npmjs.org/resolve/-/resolve-2.0.0-next.7.tgz. Extracting by manifest.
4564 silly tarball no local data for @typescript-eslint/project-service@https://registry.npmjs.org/@typescript-eslint/project-service/-/project-service-8.65.0.tgz. Extracting by manifest.
4565 silly tarball no local data for @typescript-eslint/typescript-estree@https://registry.npmjs.org/@typescript-eslint/typescript-estree/-/typescript-estree-8.65.0.tgz. Extracting by manifest.
4566 silly tarball no local data for tinyglobby@https://registry.npmjs.org/tinyglobby/-/tinyglobby-0.2.17.tgz. Extracting by manifest.
4567 silly tarball no local data for @typescript-eslint/visitor-keys@https://registry.npmjs.org/@typescript-eslint/visitor-keys/-/visitor-keys-8.65.0.tgz. Extracting by manifest.
4568 silly tarball no local data for ts-api-utils@https://registry.npmjs.org/ts-api-utils/-/ts-api-utils-2.5.0.tgz. Extracting by manifest.
4569 silly tarball no local data for @typescript-eslint/utils@https://registry.npmjs.org/@typescript-eslint/utils/-/utils-8.65.0.tgz. Extracting by manifest.
4570 silly tarball no local data for @typescript-eslint/type-utils@https://registry.npmjs.org/@typescript-eslint/type-utils/-/type-utils-8.65.0.tgz. Extracting by manifest.
4571 silly tarball no local data for @typescript-eslint/scope-manager@https://registry.npmjs.org/@typescript-eslint/scope-manager/-/scope-manager-8.65.0.tgz. Extracting by manifest.
4572 silly tarball no local data for @typescript-eslint/types@https://registry.npmjs.org/@typescript-eslint/types/-/types-8.65.0.tgz. Extracting by manifest.
4573 silly tarball no local data for eslint-plugin-react@https://registry.npmjs.org/eslint-plugin-react/-/eslint-plugin-react-7.37.5.tgz. Extracting by manifest.
4574 silly tarball no local data for eslint-import-resolver-typescript@https://registry.npmjs.org/eslint-import-resolver-typescript/-/eslint-import-resolver-typescript-3.10.1.tgz. Extracting by manifest.
4575 silly tarball no local data for eslint-plugin-jsx-a11y@https://registry.npmjs.org/eslint-plugin-jsx-a11y/-/eslint-plugin-jsx-a11y-6.10.2.tgz. Extracting by manifest.
4576 silly tarball no local data for eslint-plugin-import@https://registry.npmjs.org/eslint-plugin-import/-/eslint-plugin-import-2.32.0.tgz. Extracting by manifest.
4577 silly tarball no local data for eslint-import-resolver-node@https://registry.npmjs.org/eslint-import-resolver-node/-/eslint-import-resolver-node-0.3.10.tgz. Extracting by manifest.
4578 silly tarball no local data for @rushstack/eslint-patch@https://registry.npmjs.org/@rushstack/eslint-patch/-/eslint-patch-1.16.1.tgz. Extracting by manifest.
4579 silly tarball no local data for @next/eslint-plugin-next@https://registry.npmjs.org/@next/eslint-plugin-next/-/eslint-plugin-next-15.5.22.tgz. Extracting by manifest.
4580 silly tarball no local data for @typescript-eslint/parser@https://registry.npmjs.org/@typescript-eslint/parser/-/parser-8.65.0.tgz. Extracting by manifest.
4581 silly tarball no local data for @typescript-eslint/eslint-plugin@https://registry.npmjs.org/@typescript-eslint/eslint-plugin/-/eslint-plugin-8.65.0.tgz. Extracting by manifest.
4582 silly tarball no local data for fast-glob@https://registry.npmjs.org/fast-glob/-/fast-glob-3.3.1.tgz. Extracting by manifest.
4583 silly tarball no local data for path-key@https://registry.npmjs.org/path-key/-/path-key-3.1.1.tgz. Extracting by manifest.
4584 silly tarball no local data for color-name@https://registry.npmjs.org/color-name/-/color-name-1.1.4.tgz. Extracting by manifest.
4585 silly tarball no local data for which@https://registry.npmjs.org/which/-/which-2.0.2.tgz. Extracting by manifest.
4586 silly tarball no local data for supports-color@https://registry.npmjs.org/supports-color/-/supports-color-7.2.0.tgz. Extracting by manifest.
4587 silly tarball no local data for color-convert@https://registry.npmjs.org/color-convert/-/color-convert-2.0.1.tgz. Extracting by manifest.
4588 silly tarball no local data for ansi-styles@https://registry.npmjs.org/ansi-styles/-/ansi-styles-4.3.0.tgz. Extracting by manifest.
4589 silly tarball no local data for shebang-command@https://registry.npmjs.org/shebang-command/-/shebang-command-2.0.0.tgz. Extracting by manifest.
4590 silly tarball no local data for @humanfs/types@https://registry.npmjs.org/@humanfs/types/-/types-0.15.0.tgz. Extracting by manifest.
4591 silly tarball no local data for @humanfs/core@https://registry.npmjs.org/@humanfs/core/-/core-0.19.2.tgz. Extracting by manifest.
4592 silly tarball no local data for levn@https://registry.npmjs.org/levn/-/levn-0.4.1.tgz. Extracting by manifest.
4593 silly tarball no local data for @eslint/object-schema@https://registry.npmjs.org/@eslint/object-schema/-/object-schema-2.1.7.tgz. Extracting by manifest.
4594 silly tarball no local data for eslint-plugin-react-hooks@https://registry.npmjs.org/eslint-plugin-react-hooks/-/eslint-plugin-react-hooks-5.2.0.tgz. Extracting by manifest.
4595 silly tarball no local data for @types/json-schema@https://registry.npmjs.org/@types/json-schema/-/json-schema-7.0.15.tgz. Extracting by manifest.
4596 silly tarball no local data for optionator@https://registry.npmjs.org/optionator/-/optionator-0.9.4.tgz. Extracting by manifest.
4597 silly tarball no local data for is-glob@https://registry.npmjs.org/is-glob/-/is-glob-4.0.3.tgz. Extracting by manifest.
4598 silly tarball no local data for natural-compare@https://registry.npmjs.org/natural-compare/-/natural-compare-1.4.0.tgz. Extracting by manifest.
4599 silly tarball no local data for lodash.merge@https://registry.npmjs.org/lodash.merge/-/lodash.merge-4.6.2.tgz. Extracting by manifest.
4600 silly tarball no local data for imurmurhash@https://registry.npmjs.org/imurmurhash/-/imurmurhash-0.1.4.tgz. Extracting by manifest.
4601 silly tarball no local data for find-up@https://registry.npmjs.org/find-up/-/find-up-5.0.0.tgz. Extracting by manifest.
4602 silly tarball no local data for glob-parent@https://registry.npmjs.org/glob-parent/-/glob-parent-6.0.2.tgz. Extracting by manifest.
4603 silly tarball no local data for esutils@https://registry.npmjs.org/esutils/-/esutils-2.0.3.tgz. Extracting by manifest.
4604 silly tarball no local data for file-entry-cache@https://registry.npmjs.org/file-entry-cache/-/file-entry-cache-8.0.0.tgz. Extracting by manifest.
4605 silly tarball no local data for esquery@https://registry.npmjs.org/esquery/-/esquery-1.7.0.tgz. Extracting by manifest.
4606 silly tarball no local data for escape-string-regexp@https://registry.npmjs.org/escape-string-regexp/-/escape-string-regexp-4.0.0.tgz. Extracting by manifest.
4607 silly tarball no local data for eslint-scope@https://registry.npmjs.org/eslint-scope/-/eslint-scope-8.4.0.tgz. Extracting by manifest.
4608 silly tarball no local data for @humanwhocodes/retry@https://registry.npmjs.org/@humanwhocodes/retry/-/retry-0.4.3.tgz. Extracting by manifest.
4609 silly tarball no local data for eslint-visitor-keys@https://registry.npmjs.org/eslint-visitor-keys/-/eslint-visitor-keys-4.2.1.tgz. Extracting by manifest.
4610 silly tarball no local data for @humanwhocodes/module-importer@https://registry.npmjs.org/@humanwhocodes/module-importer/-/module-importer-1.0.1.tgz. Extracting by manifest.
4611 silly tarball no local data for @eslint/plugin-kit@https://registry.npmjs.org/@eslint/plugin-kit/-/plugin-kit-0.4.1.tgz. Extracting by manifest.
4612 silly tarball no local data for cross-spawn@https://registry.npmjs.org/cross-spawn/-/cross-spawn-7.0.6.tgz. Extracting by manifest.
4613 silly tarball no local data for chalk@https://registry.npmjs.org/chalk/-/chalk-4.1.2.tgz. Extracting by manifest.
4614 silly tarball no local data for @humanfs/node@https://registry.npmjs.org/@humanfs/node/-/node-0.16.8.tgz. Extracting by manifest.
4615 silly tarball no local data for @eslint/js@https://registry.npmjs.org/@eslint/js/-/js-9.39.5.tgz. Extracting by manifest.
4616 silly tarball no local data for @eslint/core@https://registry.npmjs.org/@eslint/core/-/core-0.17.0.tgz. Extracting by manifest.
4617 silly tarball no local data for @eslint/config-array@https://registry.npmjs.org/@eslint/config-array/-/config-array-0.21.2.tgz. Extracting by manifest.
4618 silly tarball no local data for @eslint/config-helpers@https://registry.npmjs.org/@eslint/config-helpers/-/config-helpers-0.4.2.tgz. Extracting by manifest.
4619 silly tarball no local data for @eslint-community/regexpp@https://registry.npmjs.org/@eslint-community/regexpp/-/regexpp-4.12.2.tgz. Extracting by manifest.
4620 silly tarball no local data for @eslint-community/eslint-utils@https://registry.npmjs.org/@eslint-community/eslint-utils/-/eslint-utils-4.10.1.tgz. Extracting by manifest.
4621 silly tarball no local data for d3-timer@https://registry.npmjs.org/d3-timer/-/d3-timer-3.0.1.tgz. Extracting by manifest.
4622 silly tarball no local data for d3-ease@https://registry.npmjs.org/d3-ease/-/d3-ease-3.0.1.tgz. Extracting by manifest.
4623 silly tarball no local data for d3-color@https://registry.npmjs.org/d3-color/-/d3-color-3.1.0.tgz. Extracting by manifest.
4624 silly tarball no local data for d3-transition@https://registry.npmjs.org/d3-transition/-/d3-transition-3.0.1.tgz. Extracting by manifest.
4625 silly tarball no local data for d3-dispatch@https://registry.npmjs.org/d3-dispatch/-/d3-dispatch-3.0.1.tgz. Extracting by manifest.
4626 silly tarball no local data for update-browserslist-db@https://registry.npmjs.org/update-browserslist-db/-/update-browserslist-db-1.2.3.tgz. Extracting by manifest.
4627 silly tarball no local data for node-releases@https://registry.npmjs.org/node-releases/-/node-releases-2.0.51.tgz. Extracting by manifest.
4628 silly tarball no local data for ms@https://registry.npmjs.org/ms/-/ms-2.1.3.tgz. Extracting by manifest.
4629 silly tarball no local data for baseline-browser-mapping@https://registry.npmjs.org/baseline-browser-mapping/-/baseline-browser-mapping-2.11.8.tgz. Extracting by manifest.
4630 silly tarball no local data for json-stable-stringify-without-jsonify@https://registry.npmjs.org/json-stable-stringify-without-jsonify/-/json-stable-stringify-without-jsonify-1.0.1.tgz. Extracting by manifest.
4631 silly tarball no local data for @types/estree@https://registry.npmjs.org/@types/estree/-/estree-1.0.9.tgz. Extracting by manifest.
4632 silly tarball no local data for uri-js@https://registry.npmjs.org/uri-js/-/uri-js-4.4.1.tgz. Extracting by manifest.
4633 silly tarball no local data for fraction.js@https://registry.npmjs.org/fraction.js/-/fraction.js-5.3.4.tgz. Extracting by manifest.
4634 silly tarball no local data for electron-to-chromium@https://registry.npmjs.org/electron-to-chromium/-/electron-to-chromium-1.5.398.tgz. Extracting by manifest.
4635 silly tarball no local data for postcss-value-parser@https://registry.npmjs.org/postcss-value-parser/-/postcss-value-parser-4.2.0.tgz. Extracting by manifest.
4636 silly tarball no local data for dequal@https://registry.npmjs.org/dequal/-/dequal-2.0.3.tgz. Extracting by manifest.
4637 silly tarball no local data for caniuse-lite@https://registry.npmjs.org/caniuse-lite/-/caniuse-lite-1.0.30001806.tgz. Extracting by manifest.
4638 silly tarball no local data for d3-selection@https://registry.npmjs.org/d3-selection/-/d3-selection-3.0.0.tgz. Extracting by manifest.
4639 silly tarball no local data for @types/d3-color@https://registry.npmjs.org/@types/d3-color/-/d3-color-3.1.3.tgz. Extracting by manifest.
4640 silly tarball no local data for json-schema-traverse@https://registry.npmjs.org/json-schema-traverse/-/json-schema-traverse-0.4.1.tgz. Extracting by manifest.
4641 silly tarball no local data for d3-interpolate@https://registry.npmjs.org/d3-interpolate/-/d3-interpolate-3.0.1.tgz. Extracting by manifest.
4642 silly tarball no local data for d3-zoom@https://registry.npmjs.org/d3-zoom/-/d3-zoom-3.0.0.tgz. Extracting by manifest.
4643 silly tarball no local data for fast-json-stable-stringify@https://registry.npmjs.org/fast-json-stable-stringify/-/fast-json-stable-stringify-2.1.0.tgz. Extracting by manifest.
4644 silly tarball no local data for @types/d3-selection@https://registry.npmjs.org/@types/d3-selection/-/d3-selection-3.0.11.tgz. Extracting by manifest.
4645 silly tarball no local data for fast-deep-equal@https://registry.npmjs.org/fast-deep-equal/-/fast-deep-equal-3.1.3.tgz. Extracting by manifest.
4646 silly tarball no local data for d3-drag@https://registry.npmjs.org/d3-drag/-/d3-drag-3.0.0.tgz. Extracting by manifest.
4647 silly tarball no local data for zustand@https://registry.npmjs.org/zustand/-/zustand-4.5.7.tgz. Extracting by manifest.
4648 silly tarball no local data for @types/d3-zoom@https://registry.npmjs.org/@types/d3-zoom/-/d3-zoom-3.0.8.tgz. Extracting by manifest.
4649 silly tarball no local data for @types/d3-transition@https://registry.npmjs.org/@types/d3-transition/-/d3-transition-3.0.9.tgz. Extracting by manifest.
4650 silly tarball no local data for @types/d3-interpolate@https://registry.npmjs.org/@types/d3-interpolate/-/d3-interpolate-3.0.4.tgz. Extracting by manifest.
4651 silly tarball no local data for @xyflow/system@https://registry.npmjs.org/@xyflow/system/-/system-0.0.79.tgz. Extracting by manifest.
4652 silly tarball no local data for classcat@https://registry.npmjs.org/classcat/-/classcat-5.0.5.tgz. Extracting by manifest.
4653 silly tarball no local data for @types/d3-drag@https://registry.npmjs.org/@types/d3-drag/-/d3-drag-3.0.7.tgz. Extracting by manifest.
4654 silly tarball no local data for @types/babel__traverse@https://registry.npmjs.org/@types/babel__traverse/-/babel__traverse-7.28.0.tgz. Extracting by manifest.
4655 silly tarball no local data for @types/babel__generator@https://registry.npmjs.org/@types/babel__generator/-/babel__generator-7.27.0.tgz. Extracting by manifest.
4656 silly tarball no local data for @jridgewell/sourcemap-codec@https://registry.npmjs.org/@jridgewell/sourcemap-codec/-/sourcemap-codec-1.5.5.tgz. Extracting by manifest.
4657 silly tarball no local data for @babel/helper-string-parser@https://registry.npmjs.org/@babel/helper-string-parser/-/helper-string-parser-7.29.7.tgz. Extracting by manifest.
4658 silly tarball no local data for @types/babel__template@https://registry.npmjs.org/@types/babel__template/-/babel__template-7.4.4.tgz. Extracting by manifest.
4659 silly tarball no local data for @jridgewell/resolve-uri@https://registry.npmjs.org/@jridgewell/resolve-uri/-/resolve-uri-3.1.2.tgz. Extracting by manifest.
4660 silly tarball no local data for lru-cache@https://registry.npmjs.org/lru-cache/-/lru-cache-5.1.1.tgz. Extracting by manifest.
4661 silly tarball no local data for @babel/helper-module-imports@https://registry.npmjs.org/@babel/helper-module-imports/-/helper-module-imports-7.29.7.tgz. Extracting by manifest.
4662 silly tarball no local data for browserslist@https://registry.npmjs.org/browserslist/-/browserslist-4.28.7.tgz. Extracting by manifest.
4663 silly tarball no local data for @babel/helper-globals@https://registry.npmjs.org/@babel/helper-globals/-/helper-globals-7.29.7.tgz. Extracting by manifest.
4664 silly tarball no local data for @babel/helper-validator-option@https://registry.npmjs.org/@babel/helper-validator-option/-/helper-validator-option-7.29.7.tgz. Extracting by manifest.
4665 silly tarball no local data for jsesc@https://registry.npmjs.org/jsesc/-/jsesc-3.1.0.tgz. Extracting by manifest.
4666 silly tarball no local data for @babel/compat-data@https://registry.npmjs.org/@babel/compat-data/-/compat-data-7.29.7.tgz. Extracting by manifest.
4667 silly tarball no local data for @jridgewell/trace-mapping@https://registry.npmjs.org/@jridgewell/trace-mapping/-/trace-mapping-0.3.31.tgz. Extracting by manifest.
4668 silly tarball no local data for @jridgewell/gen-mapping@https://registry.npmjs.org/@jridgewell/gen-mapping/-/gen-mapping-0.3.13.tgz. Extracting by manifest.
4669 silly tarball no local data for gensync@https://registry.npmjs.org/gensync/-/gensync-1.0.0-beta.2.tgz. Extracting by manifest.
4670 silly tarball no local data for semver@https://registry.npmjs.org/semver/-/semver-6.3.1.tgz. Extracting by manifest.
4671 silly tarball no local data for convert-source-map@https://registry.npmjs.org/convert-source-map/-/convert-source-map-2.0.0.tgz. Extracting by manifest.
4672 silly tarball no local data for @jridgewell/remapping@https://registry.npmjs.org/@jridgewell/remapping/-/remapping-2.3.5.tgz. Extracting by manifest.
4673 silly tarball no local data for @babel/traverse@https://registry.npmjs.org/@babel/traverse/-/traverse-7.29.7.tgz. Extracting by manifest.
4674 silly tarball no local data for @babel/types@https://registry.npmjs.org/@babel/types/-/types-7.29.7.tgz. Extracting by manifest.
4675 silly tarball no local data for @babel/template@https://registry.npmjs.org/@babel/template/-/template-7.29.7.tgz. Extracting by manifest.
4676 silly tarball no local data for @babel/parser@https://registry.npmjs.org/@babel/parser/-/parser-7.29.7.tgz. Extracting by manifest.
4677 silly tarball no local data for @babel/helpers@https://registry.npmjs.org/@babel/helpers/-/helpers-7.29.7.tgz. Extracting by manifest.
4678 silly tarball no local data for @babel/helper-compilation-targets@https://registry.npmjs.org/@babel/helper-compilation-targets/-/helper-compilation-targets-7.29.7.tgz. Extracting by manifest.
4679 silly tarball no local data for @babel/helper-module-transforms@https://registry.npmjs.org/@babel/helper-module-transforms/-/helper-module-transforms-7.29.7.tgz. Extracting by manifest.
4680 silly tarball no local data for @babel/generator@https://registry.npmjs.org/@babel/generator/-/generator-7.29.7.tgz. Extracting by manifest.
4681 silly tarball no local data for json5@https://registry.npmjs.org/json5/-/json5-2.2.3.tgz. Extracting by manifest.
4682 silly tarball no local data for @babel/helper-plugin-utils@https://registry.npmjs.org/@babel/helper-plugin-utils/-/helper-plugin-utils-7.29.7.tgz. Extracting by manifest.
4683 silly tarball no local data for react-refresh@https://registry.npmjs.org/react-refresh/-/react-refresh-0.17.0.tgz. Extracting by manifest.
4684 silly tarball no local data for @types/babel__core@https://registry.npmjs.org/@types/babel__core/-/babel__core-7.20.5.tgz. Extracting by manifest.
4685 silly tarball no local data for @babel/plugin-transform-react-jsx-self@https://registry.npmjs.org/@babel/plugin-transform-react-jsx-self/-/plugin-transform-react-jsx-self-7.29.7.tgz. Extracting by manifest.
4686 silly tarball no local data for csstype@https://registry.npmjs.org/csstype/-/csstype-3.2.3.tgz. Extracting by manifest.
4687 silly tarball no local data for @rolldown/pluginutils@https://registry.npmjs.org/@rolldown/pluginutils/-/pluginutils-1.0.0-beta.27.tgz. Extracting by manifest.
4688 silly tarball no local data for @adobe/css-tools@https://registry.npmjs.org/@adobe/css-tools/-/css-tools-4.5.0.tgz. Extracting by manifest.
4689 silly tarball no local data for undici-types@https://registry.npmjs.org/undici-types/-/undici-types-6.21.0.tgz. Extracting by manifest.
4690 silly tarball no local data for js-tokens@https://registry.npmjs.org/js-tokens/-/js-tokens-4.0.0.tgz. Extracting by manifest.
4691 silly tarball no local data for @babel/core@https://registry.npmjs.org/@babel/core/-/core-7.29.7.tgz. Extracting by manifest.
4692 silly tarball no local data for redent@https://registry.npmjs.org/redent/-/redent-3.0.0.tgz. Extracting by manifest.
4693 silly tarball no local data for @babel/helper-validator-identifier@https://registry.npmjs.org/@babel/helper-validator-identifier/-/helper-validator-identifier-7.29.7.tgz. Extracting by manifest.
4694 silly tarball no local data for lz-string@https://registry.npmjs.org/lz-string/-/lz-string-1.5.0.tgz. Extracting by manifest.
4695 silly tarball no local data for @babel/plugin-transform-react-jsx-source@https://registry.npmjs.org/@babel/plugin-transform-react-jsx-source/-/plugin-transform-react-jsx-source-7.29.7.tgz. Extracting by manifest.
4696 silly tarball no local data for @types/aria-query@https://registry.npmjs.org/@types/aria-query/-/aria-query-5.0.4.tgz. Extracting by manifest.
4697 silly tarball no local data for css.escape@https://registry.npmjs.org/css.escape/-/css.escape-1.5.1.tgz. Extracting by manifest.
4698 silly tarball no local data for picocolors@https://registry.npmjs.org/picocolors/-/picocolors-1.1.1.tgz. Extracting by manifest.
4699 silly tarball no local data for pretty-format@https://registry.npmjs.org/pretty-format/-/pretty-format-27.5.1.tgz. Extracting by manifest.
4700 silly tarball no local data for aria-query@https://registry.npmjs.org/aria-query/-/aria-query-5.3.0.tgz. Extracting by manifest.
4701 silly tarball no local data for @babel/runtime@https://registry.npmjs.org/@babel/runtime/-/runtime-7.29.7.tgz. Extracting by manifest.
4702 silly tarball no local data for @babel/code-frame@https://registry.npmjs.org/@babel/code-frame/-/code-frame-7.29.7.tgz. Extracting by manifest.
4703 silly tarball no local data for dom-accessibility-api@https://registry.npmjs.org/dom-accessibility-api/-/dom-accessibility-api-0.5.16.tgz. Extracting by manifest.
4704 silly tarball no local data for minimatch@https://registry.npmjs.org/minimatch/-/minimatch-3.1.5.tgz. Extracting by manifest.
4705 silly tarball no local data for ignore@https://registry.npmjs.org/ignore/-/ignore-5.3.2.tgz. Extracting by manifest.
4706 silly tarball no local data for import-fresh@https://registry.npmjs.org/import-fresh/-/import-fresh-3.3.1.tgz. Extracting by manifest.
4707 silly tarball no local data for globals@https://registry.npmjs.org/globals/-/globals-14.0.0.tgz. Extracting by manifest.
4708 silly tarball no local data for js-yaml@https://registry.npmjs.org/js-yaml/-/js-yaml-4.3.0.tgz. Extracting by manifest.
4709 silly tarball no local data for espree@https://registry.npmjs.org/espree/-/espree-10.4.0.tgz. Extracting by manifest.
4710 silly tarball no local data for strip-json-comments@https://registry.npmjs.org/strip-json-comments/-/strip-json-comments-3.1.1.tgz. Extracting by manifest.
4711 silly tarball no local data for debug@https://registry.npmjs.org/debug/-/debug-4.4.3.tgz. Extracting by manifest.
4712 silly tarball no local data for ajv@https://registry.npmjs.org/ajv/-/ajv-6.15.0.tgz. Extracting by manifest.
4713 silly tarball no local data for lucide-react@https://registry.npmjs.org/lucide-react/-/lucide-react-0.468.0.tgz. Extracting by manifest.
4714 silly tarball no local data for vitest@https://registry.npmjs.org/vitest/-/vitest-2.1.9.tgz. Extracting by manifest.
4715 silly tarball no local data for typescript@https://registry.npmjs.org/typescript/-/typescript-5.9.3.tgz. Extracting by manifest.
4716 silly tarball no local data for eslint-config-next@https://registry.npmjs.org/eslint-config-next/-/eslint-config-next-15.5.22.tgz. Extracting by manifest.
4717 silly tarball no local data for jsdom@https://registry.npmjs.org/jsdom/-/jsdom-25.0.1.tgz. Extracting by manifest.
4718 silly tarball no local data for postcss@https://registry.npmjs.org/postcss/-/postcss-8.5.25.tgz. Extracting by manifest.
4719 silly tarball no local data for eslint@https://registry.npmjs.org/eslint/-/eslint-9.39.5.tgz. Extracting by manifest.
4720 silly tarball no local data for autoprefixer@https://registry.npmjs.org/autoprefixer/-/autoprefixer-10.5.4.tgz. Extracting by manifest.
4721 silly tarball no local data for vite@https://registry.npmjs.org/vite/-/vite-6.4.3.tgz. Extracting by manifest.
4722 silly tarball no local data for tailwindcss@https://registry.npmjs.org/tailwindcss/-/tailwindcss-3.4.19.tgz. Extracting by manifest.
4723 silly tarball no local data for framer-motion@https://registry.npmjs.org/framer-motion/-/framer-motion-12.43.0.tgz. Extracting by manifest.
4724 silly tarball no local data for @types/react-dom@https://registry.npmjs.org/@types/react-dom/-/react-dom-19.2.3.tgz. Extracting by manifest.
4725 silly tarball no local data for @types/node@https://registry.npmjs.org/@types/node/-/node-22.20.1.tgz. Extracting by manifest.
4726 silly tarball no local data for react-dom@https://registry.npmjs.org/react-dom/-/react-dom-19.2.8.tgz. Extracting by manifest.
4727 silly tarball no local data for react@https://registry.npmjs.org/react/-/react-19.2.8.tgz. Extracting by manifest.
4728 silly tarball no local data for @testing-library/dom@https://registry.npmjs.org/@testing-library/dom/-/dom-10.4.1.tgz. Extracting by manifest.
4729 silly tarball no local data for @testing-library/react@https://registry.npmjs.org/@testing-library/react/-/react-16.3.2.tgz. Extracting by manifest.
4730 silly tarball no local data for @testing-library/jest-dom@https://registry.npmjs.org/@testing-library/jest-dom/-/jest-dom-6.9.1.tgz. Extracting by manifest.
4731 silly tarball no local data for @xyflow/react@https://registry.npmjs.org/@xyflow/react/-/react-12.11.2.tgz. Extracting by manifest.
4732 silly tarball no local data for @vitejs/plugin-react@https://registry.npmjs.org/@vitejs/plugin-react/-/plugin-react-4.7.0.tgz. Extracting by manifest.
4733 silly tarball no local data for resolve@https://registry.npmjs.org/resolve/-/resolve-1.22.12.tgz. Extracting by manifest.
4734 silly tarball no local data for @esbuild/win32-x64@https://registry.npmjs.org/@esbuild/win32-x64/-/win32-x64-0.21.5.tgz. Extracting by manifest.
4735 silly tarball no local data for @eslint/eslintrc@https://registry.npmjs.org/@eslint/eslintrc/-/eslintrc-3.3.6.tgz. Extracting by manifest.
4736 silly tarball no local data for @types/react@https://registry.npmjs.org/@types/react/-/react-19.2.17.tgz. Extracting by manifest.
4737 silly tarball no local data for next@https://registry.npmjs.org/next/-/next-15.5.22.tgz. Extracting by manifest.
4738 silly tarball no local data for esbuild@https://registry.npmjs.org/esbuild/-/esbuild-0.21.5.tgz. Extracting by manifest.
4739 silly tarball no local data for lru-cache@https://registry.npmjs.org/lru-cache/-/lru-cache-10.4.3.tgz. Extracting by manifest.
4740 silly tarball no local data for glob-parent@https://registry.npmjs.org/glob-parent/-/glob-parent-5.1.2.tgz. Extracting by manifest.
4741 silly tarball no local data for rrweb-cssom@https://registry.npmjs.org/rrweb-cssom/-/rrweb-cssom-0.8.0.tgz. Extracting by manifest.
4742 silly tarball no local data for semver@https://registry.npmjs.org/semver/-/semver-7.8.5.tgz. Extracting by manifest.
4743 silly tarball no local data for semver@https://registry.npmjs.org/semver/-/semver-7.8.5.tgz. Extracting by manifest.
4744 silly tarball no local data for react-is@https://registry.npmjs.org/react-is/-/react-is-16.13.1.tgz. Extracting by manifest.
4745 silly tarball no local data for picomatch@https://registry.npmjs.org/picomatch/-/picomatch-4.0.5.tgz. Extracting by manifest.
4746 silly tarball no local data for vite@https://registry.npmjs.org/vite/-/vite-5.4.21.tgz. Extracting by manifest.
4747 silly tarball no local data for debug@https://registry.npmjs.org/debug/-/debug-3.2.7.tgz. Extracting by manifest.
4748 silly tarball no local data for semver@https://registry.npmjs.org/semver/-/semver-7.8.5.tgz. Extracting by manifest.
4749 silly tarball no local data for json5@https://registry.npmjs.org/json5/-/json5-1.0.2.tgz. Extracting by manifest.
4750 silly tarball no local data for fdir@https://registry.npmjs.org/fdir/-/fdir-6.5.0.tgz. Extracting by manifest.
4751 silly tarball no local data for brace-expansion@https://registry.npmjs.org/brace-expansion/-/brace-expansion-5.0.9.tgz. Extracting by manifest.
4752 silly tarball no local data for glob-parent@https://registry.npmjs.org/glob-parent/-/glob-parent-5.1.2.tgz. Extracting by manifest.
4753 silly tarball no local data for minimatch@https://registry.npmjs.org/minimatch/-/minimatch-10.2.6.tgz. Extracting by manifest.
4754 silly tarball no local data for ansi-styles@https://registry.npmjs.org/ansi-styles/-/ansi-styles-5.2.0.tgz. Extracting by manifest.
4755 silly tarball no local data for debug@https://registry.npmjs.org/debug/-/debug-3.2.7.tgz. Extracting by manifest.
4756 silly tarball no local data for ignore@https://registry.npmjs.org/ignore/-/ignore-7.0.6.tgz. Extracting by manifest.
4757 silly tarball no local data for eslint-visitor-keys@https://registry.npmjs.org/eslint-visitor-keys/-/eslint-visitor-keys-5.0.1.tgz. Extracting by manifest.
4758 silly tarball no local data for aria-query@https://registry.npmjs.org/aria-query/-/aria-query-5.3.2.tgz. Extracting by manifest.
4759 silly tarball no local data for eslint-visitor-keys@https://registry.npmjs.org/eslint-visitor-keys/-/eslint-visitor-keys-3.4.3.tgz. Extracting by manifest.
4760 silly tarball no local data for vite@https://registry.npmjs.org/vite/-/vite-5.4.21.tgz. Extracting by manifest.
4761 silly tarball no local data for debug@https://registry.npmjs.org/debug/-/debug-3.2.7.tgz. Extracting by manifest.
4762 silly tarball no local data for fast-glob@https://registry.npmjs.org/fast-glob/-/fast-glob-3.3.3.tgz. Extracting by manifest.
4763 silly tarball no local data for postcss@https://registry.npmjs.org/postcss/-/postcss-8.4.31.tgz. Extracting by manifest.
4764 silly tarball no local data for picomatch@https://registry.npmjs.org/picomatch/-/picomatch-4.0.5.tgz. Extracting by manifest.
4765 silly tarball no local data for glob-parent@https://registry.npmjs.org/glob-parent/-/glob-parent-5.1.2.tgz. Extracting by manifest.
4766 silly tarball no local data for resolve@https://registry.npmjs.org/resolve/-/resolve-1.22.12.tgz. Extracting by manifest.
4767 silly tarball no local data for @vitest/mocker@https://registry.npmjs.org/@vitest/mocker/-/mocker-2.1.9.tgz. Extracting by manifest.
4768 silly tarball no local data for dom-accessibility-api@https://registry.npmjs.org/dom-accessibility-api/-/dom-accessibility-api-0.6.3.tgz. Extracting by manifest.
4769 silly tarball no local data for esbuild@https://registry.npmjs.org/esbuild/-/esbuild-0.21.5.tgz. Extracting by manifest.
4770 silly tarball no local data for balanced-match@https://registry.npmjs.org/balanced-match/-/balanced-match-4.0.4.tgz. Extracting by manifest.
4771 silly tarball no local data for @esbuild/win32-x64@https://registry.npmjs.org/@esbuild/win32-x64/-/win32-x64-0.21.5.tgz. Extracting by manifest.
4772 silly tarball no local data for fdir@https://registry.npmjs.org/fdir/-/fdir-6.5.0.tgz. Extracting by manifest.
4773 http fetch GET 200 https://registry.npmjs.org/is-generator-function/-/is-generator-function-1.1.2.tgz 3504ms (cache miss)
4774 http fetch GET 200 https://registry.npmjs.org/is-weakmap/-/is-weakmap-2.0.2.tgz 3523ms (cache miss)
4775 http fetch GET 200 https://registry.npmjs.org/siginfo/-/siginfo-2.0.0.tgz 3567ms (cache miss)
4776 http fetch GET 200 https://registry.npmjs.org/estree-walker/-/estree-walker-3.0.3.tgz 3492ms (cache miss)
4777 http fetch GET 200 https://registry.npmjs.org/async-function/-/async-function-1.0.0.tgz 3504ms (cache miss)
4778 http fetch GET 200 https://registry.npmjs.org/is-weakset/-/is-weakset-2.0.4.tgz 3522ms (cache miss)
4779 http fetch GET 200 https://registry.npmjs.org/is-async-function/-/is-async-function-2.1.1.tgz 3497ms (cache miss)
4780 http fetch GET 200 https://registry.npmjs.org/stackback/-/stackback-0.0.2.tgz 3502ms (cache miss)
4781 http fetch GET 200 https://registry.npmjs.org/is-finalizationregistry/-/is-finalizationregistry-1.1.1.tgz 3493ms (cache miss)
4782 http fetch GET 200 https://registry.npmjs.org/use-sync-external-store/-/use-sync-external-store-1.6.0.tgz 3594ms (cache miss)
4783 http fetch GET 200 https://registry.npmjs.org/pathval/-/pathval-2.0.1.tgz 3489ms (cache miss)
4784 http fetch GET 200 https://registry.npmjs.org/generator-function/-/generator-function-2.0.1.tgz 3618ms (cache miss)
4785 http fetch GET 200 https://registry.npmjs.org/loupe/-/loupe-3.2.1.tgz 3530ms (cache miss)
4786 http fetch GET 200 https://registry.npmjs.org/check-error/-/check-error-2.1.3.tgz 3607ms (cache miss)
4787 http fetch GET 200 https://registry.npmjs.org/safer-buffer/-/safer-buffer-2.1.2.tgz 3625ms (cache miss)
4788 http fetch GET 200 https://registry.npmjs.org/std-env/-/std-env-3.10.0.tgz 3540ms (cache miss)
4789 http fetch GET 200 https://registry.npmjs.org/deep-eql/-/deep-eql-5.0.2.tgz 3580ms (cache miss)
4790 http fetch GET 200 https://registry.npmjs.org/tinyspy/-/tinyspy-3.0.2.tgz 3616ms (cache miss)
4791 http fetch GET 200 https://registry.npmjs.org/why-is-node-running/-/why-is-node-running-2.3.0.tgz 3662ms (cache miss)
4792 http fetch GET 200 https://registry.npmjs.org/tinybench/-/tinybench-2.9.0.tgz 3559ms (cache miss)
4793 http fetch GET 200 https://registry.npmjs.org/pathe/-/pathe-1.1.2.tgz 3605ms (cache miss)
4794 http fetch GET 200 https://registry.npmjs.org/assertion-error/-/assertion-error-2.0.1.tgz 3647ms (cache miss)
4795 http fetch GET 200 https://registry.npmjs.org/tinyexec/-/tinyexec-0.3.2.tgz 3669ms (cache miss)
4796 http fetch GET 200 https://registry.npmjs.org/punycode/-/punycode-2.3.1.tgz 3676ms (cache miss)
4797 http fetch GET 200 https://registry.npmjs.org/has-bigints/-/has-bigints-1.1.0.tgz 3792ms (cache miss)
4798 http fetch GET 200 https://registry.npmjs.org/@vitest/spy/-/spy-2.1.9.tgz 3944ms (cache miss)
4799 http fetch GET 200 https://registry.npmjs.org/@vitest/pretty-format/-/pretty-format-2.1.9.tgz 3965ms (cache miss)
4800 http fetch GET 200 https://registry.npmjs.org/reflect.getprototypeof/-/reflect.getprototypeof-1.0.10.tgz 3828ms (cache miss)
4801 http fetch GET 200 https://registry.npmjs.org/strip-bom/-/strip-bom-3.0.0.tgz 3891ms (cache miss)
4802 http fetch GET 200 https://registry.npmjs.org/for-each/-/for-each-0.3.5.tgz 3883ms (cache miss)
4803 http fetch GET 200 https://registry.npmjs.org/@types/json5/-/json5-0.0.29.tgz 3910ms (cache miss)
4804 http fetch GET 200 https://registry.npmjs.org/is-number/-/is-number-7.0.0.tgz 3883ms (cache miss)
4805 http fetch GET 200 https://registry.npmjs.org/thenify/-/thenify-3.3.1.tgz 3887ms (cache miss)
4806 http fetch GET 200 https://registry.npmjs.org/mz/-/mz-2.7.0.tgz 3948ms (cache miss)
4807 http fetch GET 200 https://registry.npmjs.org/thenify-all/-/thenify-all-1.6.0.tgz 3954ms (cache miss)
4808 http fetch GET 200 https://registry.npmjs.org/cssesc/-/cssesc-3.0.0.tgz 3933ms (cache miss)
4809 http fetch GET 200 https://registry.npmjs.org/lines-and-columns/-/lines-and-columns-1.2.4.tgz 3940ms (cache miss)
4810 http fetch GET 200 https://registry.npmjs.org/util-deprecate/-/util-deprecate-1.0.2.tgz 4003ms (cache miss)
4811 http fetch GET 200 https://registry.npmjs.org/pirates/-/pirates-4.0.7.tgz 4059ms (cache miss)
4812 http fetch GET 200 https://registry.npmjs.org/read-cache/-/read-cache-1.0.0.tgz 4029ms (cache miss)
4813 http fetch GET 200 https://registry.npmjs.org/readdirp/-/readdirp-3.6.0.tgz 4022ms (cache miss)
4814 http fetch GET 200 https://registry.npmjs.org/pify/-/pify-2.3.0.tgz 4047ms (cache miss)
4815 http fetch GET 200 https://registry.npmjs.org/postcss-js/-/postcss-js-4.1.0.tgz 4119ms (cache miss)
4816 http fetch GET 200 https://registry.npmjs.org/binary-extensions/-/binary-extensions-2.3.0.tgz 4199ms (cache miss)
4817 http fetch GET 200 https://registry.npmjs.org/normalize-path/-/normalize-path-3.0.0.tgz 4179ms (cache miss)
4818 http fetch GET 200 https://registry.npmjs.org/didyoumean/-/didyoumean-1.2.2.tgz 4182ms (cache miss)
4819 http fetch GET 200 https://registry.npmjs.org/arg/-/arg-5.0.2.tgz 4236ms (cache miss)
4820 http fetch GET 200 https://registry.npmjs.org/isexe/-/isexe-2.0.0.tgz 4765ms (cache miss)
4821 http fetch GET 200 https://registry.npmjs.org/anymatch/-/anymatch-3.1.3.tgz 4402ms (cache miss)
4822 http fetch GET 200 https://registry.npmjs.org/dlv/-/dlv-1.1.3.tgz 4346ms (cache miss)
4823 http fetch GET 200 https://registry.npmjs.org/@alloc/quick-lru/-/quick-lru-5.2.0.tgz 4334ms (cache miss)
4824 http fetch GET 200 https://registry.npmjs.org/is-binary-path/-/is-binary-path-2.1.0.tgz 4420ms (cache miss)
4825 http fetch GET 200 https://registry.npmjs.org/camelcase-css/-/camelcase-css-2.0.1.tgz 4443ms (cache miss)
4826 http fetch GET 200 https://registry.npmjs.org/postcss-nested/-/postcss-nested-6.2.0.tgz 4507ms (cache miss)
4827 http fetch GET 200 https://registry.npmjs.org/side-channel-list/-/side-channel-list-1.0.1.tgz 4543ms (cache miss)
4828 http fetch GET 200 https://registry.npmjs.org/min-indent/-/min-indent-1.0.1.tgz 4625ms (cache miss)
4829 http fetch GET 200 https://registry.npmjs.org/client-only/-/client-only-0.0.1.tgz 4641ms (cache miss)
4830 http fetch GET 200 https://registry.npmjs.org/shebang-regex/-/shebang-regex-3.0.0.tgz 4616ms (cache miss)
4831 http fetch GET 200 https://registry.npmjs.org/side-channel-map/-/side-channel-map-1.0.1.tgz 4698ms (cache miss)
4832 http fetch GET 200 https://registry.npmjs.org/detect-libc/-/detect-libc-2.1.2.tgz 4692ms (cache miss)
4833 http fetch GET 200 https://registry.npmjs.org/supports-preserve-symlinks-flag/-/supports-preserve-symlinks-flag-1.0.0.tgz 4792ms (cache miss)
4834 http fetch GET 200 https://registry.npmjs.org/strip-indent/-/strip-indent-3.0.0.tgz 4832ms (cache miss)
4835 http fetch GET 200 https://registry.npmjs.org/object-hash/-/object-hash-3.0.0.tgz 4940ms (cache miss)
4836 http fetch GET 200 https://registry.npmjs.org/has-flag/-/has-flag-4.0.0.tgz 4852ms (cache miss)
4837 http fetch GET 200 https://registry.npmjs.org/indent-string/-/indent-string-4.0.0.tgz 4858ms (cache miss)
4838 http fetch GET 200 https://registry.npmjs.org/isarray/-/isarray-2.0.5.tgz 4910ms (cache miss)
4839 http fetch GET 200 https://registry.npmjs.org/object-assign/-/object-assign-4.1.1.tgz 4902ms (cache miss)
4840 http fetch GET 200 https://registry.npmjs.org/lilconfig/-/lilconfig-3.1.3.tgz 5039ms (cache miss)
4841 http fetch GET 200 https://registry.npmjs.org/path-parse/-/path-parse-1.0.7.tgz 4944ms (cache miss)
4842 http fetch GET 200 https://registry.npmjs.org/react-is/-/react-is-17.0.2.tgz 4918ms (cache miss)
4843 http fetch GET 200 https://registry.npmjs.org/queue-microtask/-/queue-microtask-1.2.3.tgz 4923ms (cache miss)
4844 http fetch GET 200 https://registry.npmjs.org/callsites/-/callsites-3.1.0.tgz 4924ms (cache miss)
4845 http fetch GET 200 https://registry.npmjs.org/side-channel-weakmap/-/side-channel-weakmap-1.0.2.tgz 5062ms (cache miss)
4846 http fetch GET 200 https://registry.npmjs.org/loose-envify/-/loose-envify-1.4.0.tgz 5031ms (cache miss)
4847 http fetch GET 200 https://registry.npmjs.org/yocto-queue/-/yocto-queue-0.1.0.tgz 4981ms (cache miss)
4848 http fetch GET 200 https://registry.npmjs.org/word-wrap/-/word-wrap-1.2.5.tgz 4979ms (cache miss)
4849 http fetch GET 200 https://registry.npmjs.org/p-limit/-/p-limit-3.1.0.tgz 4984ms (cache miss)
4850 http fetch GET 200 https://registry.npmjs.org/fast-levenshtein/-/fast-levenshtein-2.0.6.tgz 5095ms (cache miss)
4851 http fetch GET 200 https://registry.npmjs.org/es-module-lexer/-/es-module-lexer-1.7.0.tgz 5676ms (cache miss)
4852 http fetch GET 200 https://registry.npmjs.org/ansi-regex/-/ansi-regex-5.0.1.tgz 5230ms (cache miss)
4853 http fetch GET 200 https://registry.npmjs.org/concat-map/-/concat-map-0.0.1.tgz 5154ms (cache miss)
4854 http fetch GET 200 https://registry.npmjs.org/@vitest/expect/-/expect-2.1.9.tgz 5653ms (cache miss)
4855 http fetch GET 200 https://registry.npmjs.org/esbuild/-/esbuild-0.25.12.tgz 5620ms (cache miss)
4856 http fetch GET 200 https://registry.npmjs.org/brace-expansion/-/brace-expansion-1.1.18.tgz 5197ms (cache miss)
4857 http fetch GET 200 https://registry.npmjs.org/yallist/-/yallist-3.1.1.tgz 5248ms (cache miss)
4858 http fetch GET 200 https://registry.npmjs.org/@next/env/-/env-15.5.22.tgz 5282ms (cache miss)
4859 http fetch GET 200 https://registry.npmjs.org/tr46/-/tr46-5.1.1.tgz 5907ms (cache miss)
4860 http fetch GET 200 https://registry.npmjs.org/to-regex-range/-/to-regex-range-5.0.1.tgz 5284ms (cache miss)
4861 http fetch GET 200 https://registry.npmjs.org/balanced-match/-/balanced-match-1.0.2.tgz 5297ms (cache miss)
4862 http fetch GET 200 https://registry.npmjs.org/p-locate/-/p-locate-5.0.0.tgz 5285ms (cache miss)
4863 http fetch GET 200 https://registry.npmjs.org/type-check/-/type-check-0.4.0.tgz 5298ms (cache miss)
4864 http fetch GET 200 https://registry.npmjs.org/is-number-object/-/is-number-object-1.1.1.tgz 5976ms (cache miss)
4865 http fetch GET 200 https://registry.npmjs.org/json-buffer/-/json-buffer-3.0.1.tgz 5312ms (cache miss)
4866 http fetch GET 200 https://registry.npmjs.org/which-builtin-type/-/which-builtin-type-1.2.1.tgz 5746ms (cache miss)
4867 http fetch GET 200 https://registry.npmjs.org/mime-types/-/mime-types-2.1.35.tgz 5348ms (cache miss)
4868 http fetch GET 200 https://registry.npmjs.org/@img/colour/-/colour-1.1.0.tgz 5544ms (cache miss)
4869 http fetch GET 200 https://registry.npmjs.org/combined-stream/-/combined-stream-1.0.8.tgz 5351ms (cache miss)
4870 http fetch GET 200 https://registry.npmjs.org/fill-range/-/fill-range-7.1.1.tgz 5389ms (cache miss)
4871 http fetch GET 200 https://registry.npmjs.org/asynckit/-/asynckit-0.4.0.tgz 5406ms (cache miss)
4872 http fetch GET 200 https://registry.npmjs.org/which-collection/-/which-collection-1.0.2.tgz 6162ms (cache miss)
4873 http fetch GET 200 https://registry.npmjs.org/delayed-stream/-/delayed-stream-1.0.0.tgz 5462ms (cache miss)
4874 http fetch GET 200 https://registry.npmjs.org/is-bigint/-/is-bigint-1.1.0.tgz 6191ms (cache miss)
4875 http fetch GET 200 https://registry.npmjs.org/tinyrainbow/-/tinyrainbow-1.2.0.tgz 6033ms (cache miss)
4876 http fetch GET 200 https://registry.npmjs.org/xml-name-validator/-/xml-name-validator-5.0.0.tgz 5641ms (cache miss)
4877 http fetch GET 200 https://registry.npmjs.org/whatwg-mimetype/-/whatwg-mimetype-4.0.0.tgz 5758ms (cache miss)
4878 http fetch GET 200 https://registry.npmjs.org/is-boolean-object/-/is-boolean-object-1.2.2.tgz 6568ms (cache miss)
4879 http fetch GET 200 https://registry.npmjs.org/w3c-xmlserializer/-/w3c-xmlserializer-5.0.0.tgz 5879ms (cache miss)
4880 http fetch GET 200 https://registry.npmjs.org/webidl-conversions/-/webidl-conversions-7.0.0.tgz 5892ms (cache miss)
4881 http fetch GET 200 https://registry.npmjs.org/chokidar/-/chokidar-3.6.0.tgz 6326ms (cache miss)
4882 http fetch GET 200 https://registry.npmjs.org/escalade/-/escalade-3.2.0.tgz 6594ms (cache miss)
4883 http fetch GET 200 https://registry.npmjs.org/which-boxed-primitive/-/which-boxed-primitive-1.1.1.tgz 6568ms (cache miss)
4884 http fetch GET 200 https://registry.npmjs.org/commander/-/commander-4.1.1.tgz 6518ms (cache miss)
4885 http fetch GET 200 https://registry.npmjs.org/is-map/-/is-map-2.0.3.tgz 7120ms (cache miss)
4886 http fetch GET 200 https://registry.npmjs.org/is-potential-custom-element-name/-/is-potential-custom-element-name-1.0.1.tgz 6408ms (cache miss)
4887 http fetch GET 200 https://registry.npmjs.org/postcss-load-config/-/postcss-load-config-6.0.1.tgz 6842ms (cache miss)
4888 http fetch GET 200 https://registry.npmjs.org/html-encoding-sniffer/-/html-encoding-sniffer-4.0.0.tgz 6523ms (cache miss)
4889 http fetch GET 200 https://registry.npmjs.org/data-urls/-/data-urls-5.0.0.tgz 6749ms (cache miss)
4890 http fetch GET 200 https://registry.npmjs.org/set-function-name/-/set-function-name-2.0.2.tgz 6762ms (cache miss)
4891 http fetch GET 200 https://registry.npmjs.org/resolve-pkg-maps/-/resolve-pkg-maps-1.0.0.tgz 6775ms (cache miss)
4892 http fetch GET 200 https://registry.npmjs.org/is-extglob/-/is-extglob-2.1.1.tgz 6778ms (cache miss)
4893 http fetch GET 200 https://registry.npmjs.org/parent-module/-/parent-module-1.0.1.tgz 6976ms (cache miss)
4894 http fetch GET 200 https://registry.npmjs.org/resolve-from/-/resolve-from-4.0.0.tgz 7080ms (cache miss)
4895 http fetch GET 200 https://registry.npmjs.org/ts-interface-checker/-/ts-interface-checker-0.1.13.tgz 7559ms (cache miss)
4896 http fetch GET 200 https://registry.npmjs.org/deep-is/-/deep-is-0.1.4.tgz 7299ms (cache miss)
4897 http fetch GET 200 https://registry.npmjs.org/side-channel/-/side-channel-1.1.1.tgz 7235ms (cache miss)
4898 http fetch GET 200 https://registry.npmjs.org/is-document.all/-/is-document.all-1.0.0.tgz 7234ms (cache miss)
4899 http fetch GET 200 https://registry.npmjs.org/dunder-proto/-/dunder-proto-1.0.1.tgz 7262ms (cache miss)
4900 http fetch GET 200 https://registry.npmjs.org/whatwg-encoding/-/whatwg-encoding-3.1.1.tgz 7363ms (cache miss)
4901 http fetch GET 200 https://registry.npmjs.org/mime-db/-/mime-db-1.52.0.tgz 7578ms (cache miss)
4902 http fetch GET 200 https://registry.npmjs.org/@csstools/css-parser-algorithms/-/css-parser-algorithms-3.0.5.tgz 7531ms (cache miss)
4903 http fetch GET 200 https://registry.npmjs.org/flatted/-/flatted-3.4.4.tgz 7508ms (cache miss)
4904 http fetch GET 200 https://registry.npmjs.org/locate-path/-/locate-path-6.0.0.tgz 7570ms (cache miss)
4905 http fetch GET 200 https://registry.npmjs.org/path-exists/-/path-exists-4.0.0.tgz 7575ms (cache miss)
4906 warn deprecated whatwg-encoding@3.1.1: Use @exodus/bytes instead for a more spec-conformant and faster implementation
4907 http fetch GET 200 https://registry.npmjs.org/run-parallel/-/run-parallel-1.2.0.tgz 7821ms (cache miss)
4908 http fetch GET 200 https://registry.npmjs.org/micromatch/-/micromatch-4.0.8.tgz 7836ms (cache miss)
4909 http fetch GET 200 https://registry.npmjs.org/@csstools/css-calc/-/css-calc-2.1.4.tgz 8048ms (cache miss)
4910 http fetch GET 200 https://registry.npmjs.org/@vitest/snapshot/-/snapshot-2.1.9.tgz 8606ms (cache miss)
4911 http fetch GET 200 https://registry.npmjs.org/saxes/-/saxes-6.0.0.tgz 8014ms (cache miss)
4912 http fetch GET 200 https://registry.npmjs.org/@nodelib/fs.walk/-/fs.walk-1.2.8.tgz 7971ms (cache miss)
4913 http fetch GET 200 https://registry.npmjs.org/merge2/-/merge2-1.4.1.tgz 7978ms (cache miss)
4914 http fetch GET 200 https://registry.npmjs.org/keyv/-/keyv-4.5.4.tgz 8010ms (cache miss)
4915 http fetch GET 200 https://registry.npmjs.org/@nodelib/fs.stat/-/fs.stat-2.0.5.tgz 7980ms (cache miss)
4916 http fetch GET 200 https://registry.npmjs.org/@nodelib/fs.scandir/-/fs.scandir-2.1.5.tgz 8036ms (cache miss)
4917 http fetch GET 200 https://registry.npmjs.org/@csstools/color-helpers/-/color-helpers-5.1.0.tgz 8191ms (cache miss)
4918 http fetch GET 200 https://registry.npmjs.org/esrecurse/-/esrecurse-4.3.0.tgz 8114ms (cache miss)
4919 http fetch GET 200 https://registry.npmjs.org/object.entries/-/object.entries-1.1.9.tgz 8170ms (cache miss)
4920 http fetch GET 200 https://registry.npmjs.org/iterator.prototype/-/iterator.prototype-1.1.5.tgz 8173ms (cache miss)
4921 http fetch GET 200 https://registry.npmjs.org/estraverse/-/estraverse-5.3.0.tgz 8208ms (cache miss)
4922 http fetch GET 200 https://registry.npmjs.org/@csstools/css-tokenizer/-/css-tokenizer-3.0.4.tgz 8378ms (cache miss)
4923 http fetch GET 200 https://registry.npmjs.org/array.prototype.tosorted/-/array.prototype.tosorted-1.1.4.tgz 8248ms (cache miss)
4924 http fetch GET 200 https://registry.npmjs.org/string.prototype.repeat/-/string.prototype.repeat-1.0.0.tgz 8259ms (cache miss)
4925 http fetch GET 200 https://registry.npmjs.org/@csstools/css-color-parser/-/css-color-parser-3.1.0.tgz 8425ms (cache miss)
4926 http fetch GET 200 https://registry.npmjs.org/language-tags/-/language-tags-1.0.9.tgz 8272ms (cache miss)
4927 http fetch GET 200 https://registry.npmjs.org/emoji-regex/-/emoji-regex-9.2.2.tgz 8336ms (cache miss)
4928 http fetch GET 200 https://registry.npmjs.org/string.prototype.includes/-/string.prototype.includes-2.0.1.tgz 8341ms (cache miss)
4929 http fetch GET 200 https://registry.npmjs.org/@vitest/runner/-/runner-2.1.9.tgz 9096ms (cache miss)
4930 http fetch GET 200 https://registry.npmjs.org/postcss-import/-/postcss-import-15.1.0.tgz 8849ms (cache miss)
4931 http fetch GET 200 https://registry.npmjs.org/cac/-/cac-6.7.14.tgz 9258ms (cache miss)
4932 http fetch GET 200 https://registry.npmjs.org/array.prototype.findlast/-/array.prototype.findlast-1.2.5.tgz 8383ms (cache miss)
4933 http fetch GET 200 https://registry.npmjs.org/symbol-tree/-/symbol-tree-3.2.4.tgz 8547ms (cache miss)
4934 http fetch GET 200 https://registry.npmjs.org/es-abstract-get/-/es-abstract-get-1.0.0.tgz 8390ms (cache miss)
4935 http fetch GET 200 https://registry.npmjs.org/has-tostringtag/-/has-tostringtag-1.0.2.tgz 8406ms (cache miss)
4936 http fetch GET 200 https://registry.npmjs.org/picomatch/-/picomatch-2.3.2.tgz 8673ms (cache miss)
4937 http fetch GET 200 https://registry.npmjs.org/unbox-primitive/-/unbox-primitive-1.1.0.tgz 8438ms (cache miss)
4938 http fetch GET 200 https://registry.npmjs.org/possible-typed-array-names/-/possible-typed-array-names-1.1.0.tgz 8440ms (cache miss)
4939 http fetch GET 200 https://registry.npmjs.org/damerau-levenshtein/-/damerau-levenshtein-1.0.8.tgz 8492ms (cache miss)
4940 http fetch GET 200 https://registry.npmjs.org/typed-array-byte-offset/-/typed-array-byte-offset-1.0.4.tgz 8553ms (cache miss)
4941 http fetch GET 200 https://registry.npmjs.org/typed-array-buffer/-/typed-array-buffer-1.0.3.tgz 8560ms (cache miss)
4942 http fetch GET 200 https://registry.npmjs.org/string.prototype.trimstart/-/string.prototype.trimstart-1.0.8.tgz 8602ms (cache miss)
4943 http fetch GET 200 https://registry.npmjs.org/string.prototype.trim/-/string.prototype.trim-1.2.11.tgz 8600ms (cache miss)
4944 http fetch GET 200 https://registry.npmjs.org/prelude-ls/-/prelude-ls-1.2.1.tgz 8916ms (cache miss)
4945 http fetch GET 200 https://registry.npmjs.org/nwsapi/-/nwsapi-2.2.24.tgz 8848ms (cache miss)
4946 http fetch GET 200 https://registry.npmjs.org/is-date-object/-/is-date-object-1.1.0.tgz 8708ms (cache miss)
4947 http fetch GET 200 https://registry.npmjs.org/safe-regex-test/-/safe-regex-test-1.1.0.tgz 8686ms (cache miss)
4948 http fetch GET 200 https://registry.npmjs.org/typed-array-length/-/typed-array-length-1.0.8.tgz 8721ms (cache miss)
4949 http fetch GET 200 https://registry.npmjs.org/braces/-/braces-3.0.3.tgz 9011ms (cache miss)
4950 http fetch GET 200 https://registry.npmjs.org/set-proto/-/set-proto-1.0.0.tgz 8729ms (cache miss)
4951 http fetch GET 200 https://registry.npmjs.org/safe-push-apply/-/safe-push-apply-1.0.0.tgz 8742ms (cache miss)
4952 http fetch GET 200 https://registry.npmjs.org/typed-array-byte-length/-/typed-array-byte-length-1.0.3.tgz 8737ms (cache miss)
4953 http fetch GET 200 https://registry.npmjs.org/regexp.prototype.flags/-/regexp.prototype.flags-1.5.4.tgz 8752ms (cache miss)
4954 http fetch GET 200 https://registry.npmjs.org/safe-array-concat/-/safe-array-concat-1.1.4.tgz 8750ms (cache miss)
4955 http fetch GET 200 https://registry.npmjs.org/own-keys/-/own-keys-1.0.2.tgz 8789ms (cache miss)
4956 http fetch GET 200 https://registry.npmjs.org/acorn-jsx/-/acorn-jsx-5.3.2.tgz 8956ms (cache miss)
4957 http fetch GET 200 https://registry.npmjs.org/is-negative-zero/-/is-negative-zero-2.0.3.tgz 8868ms (cache miss)
4958 http fetch GET 200 https://registry.npmjs.org/is-set/-/is-set-2.0.3.tgz 8954ms (cache miss)
4959 http fetch GET 200 https://registry.npmjs.org/is-typed-array/-/is-typed-array-1.1.15.tgz 8961ms (cache miss)
4960 http fetch GET 200 https://registry.npmjs.org/is-regex/-/is-regex-1.2.1.tgz 8962ms (cache miss)
4961 http fetch GET 200 https://registry.npmjs.org/ast-types-flow/-/ast-types-flow-0.0.8.tgz 9054ms (cache miss)
4962 http fetch GET 200 https://registry.npmjs.org/is-callable/-/is-callable-1.2.7.tgz 8970ms (cache miss)
4963 http fetch GET 200 https://registry.npmjs.org/is-symbol/-/is-symbol-1.1.1.tgz 9068ms (cache miss)
4964 http fetch GET 200 https://registry.npmjs.org/is-data-view/-/is-data-view-1.0.2.tgz 9083ms (cache miss)
4965 http fetch GET 200 https://registry.npmjs.org/is-weakref/-/is-weakref-1.1.1.tgz 9092ms (cache miss)
4966 http fetch GET 200 https://registry.npmjs.org/has-symbols/-/has-symbols-1.1.0.tgz 9099ms (cache miss)
4967 http fetch GET 200 https://registry.npmjs.org/http-proxy-agent/-/http-proxy-agent-7.0.2.tgz 9392ms (cache miss)
4968 http fetch GET 200 https://registry.npmjs.org/get-symbol-description/-/get-symbol-description-1.1.0.tgz 9211ms (cache miss)
4969 http fetch GET 200 https://registry.npmjs.org/has-proto/-/has-proto-1.2.0.tgz 9229ms (cache miss)
4970 http fetch GET 200 https://registry.npmjs.org/function.prototype.name/-/function.prototype.name-1.2.0.tgz 9234ms (cache miss)
4971 http fetch GET 200 https://registry.npmjs.org/globalthis/-/globalthis-1.0.4.tgz 9239ms (cache miss)
4972 http fetch GET 200 https://registry.npmjs.org/flat-cache/-/flat-cache-4.0.1.tgz 9405ms (cache miss)
4973 http fetch GET 200 https://registry.npmjs.org/form-data/-/form-data-4.0.6.tgz 9548ms (cache miss)
4974 http fetch GET 200 https://registry.npmjs.org/expect-type/-/expect-type-1.4.0.tgz 10126ms (cache miss)
4975 http fetch GET 200 https://registry.npmjs.org/is-array-buffer/-/is-array-buffer-3.0.5.tgz 9408ms (cache miss)
4976 http fetch GET 200 https://registry.npmjs.org/get-proto/-/get-proto-1.0.1.tgz 9407ms (cache miss)
4977 http fetch GET 200 https://registry.npmjs.org/es-to-primitive/-/es-to-primitive-1.3.4.tgz 9406ms (cache miss)
4978 http fetch GET 200 https://registry.npmjs.org/data-view-byte-offset/-/data-view-byte-offset-1.0.1.tgz 9555ms (cache miss)
4979 http fetch GET 200 https://registry.npmjs.org/es-set-tostringtag/-/es-set-tostringtag-2.1.0.tgz 9563ms (cache miss)
4980 http fetch GET 200 https://registry.npmjs.org/magic-string/-/magic-string-0.30.21.tgz 10687ms (cache miss)
4981 http fetch GET 200 https://registry.npmjs.org/decimal.js/-/decimal.js-10.6.0.tgz 10081ms (cache miss)
4982 http fetch GET 200 https://registry.npmjs.org/gopd/-/gopd-1.2.0.tgz 9850ms (cache miss)
4983 http fetch GET 200 https://registry.npmjs.org/data-view-buffer/-/data-view-buffer-1.0.2.tgz 9875ms (cache miss)
4984 http fetch GET 200 https://registry.npmjs.org/array-buffer-byte-length/-/array-buffer-byte-length-1.0.2.tgz 9887ms (cache miss)
4985 http fetch GET 200 https://registry.npmjs.org/object-keys/-/object-keys-1.1.1.tgz 9886ms (cache miss)
4986 http fetch GET 200 https://registry.npmjs.org/data-view-byte-length/-/data-view-byte-length-1.0.2.tgz 9933ms (cache miss)
4987 http fetch GET 200 https://registry.npmjs.org/arraybuffer.prototype.slice/-/arraybuffer.prototype.slice-1.0.4.tgz 9935ms (cache miss)
4988 http fetch GET 200 https://registry.npmjs.org/function-bind/-/function-bind-1.1.2.tgz 9941ms (cache miss)
4989 http fetch GET 200 https://registry.npmjs.org/tinypool/-/tinypool-1.1.1.tgz 10898ms (cache miss)
4990 http fetch GET 200 https://registry.npmjs.org/define-data-property/-/define-data-property-1.1.4.tgz 10488ms (cache miss)
4991 http fetch GET 200 https://registry.npmjs.org/call-bind-apply-helpers/-/call-bind-apply-helpers-1.0.2.tgz 10494ms (cache miss)
4992 http fetch GET 200 https://registry.npmjs.org/es-shim-unscopables/-/es-shim-unscopables-1.1.0.tgz 10567ms (cache miss)
4993 http fetch GET 200 https://registry.npmjs.org/has-property-descriptors/-/has-property-descriptors-1.0.2.tgz 10560ms (cache miss)
4994 http fetch GET 200 https://registry.npmjs.org/math-intrinsics/-/math-intrinsics-1.1.0.tgz 10635ms (cache miss)
4995 http fetch GET 200 https://registry.npmjs.org/get-intrinsic/-/get-intrinsic-1.3.0.tgz 10785ms (cache miss)
4996 http fetch GET 200 https://registry.npmjs.org/is-string/-/is-string-1.1.1.tgz 10827ms (cache miss)
4997 http fetch GET 200 https://registry.npmjs.org/es-define-property/-/es-define-property-1.0.1.tgz 10841ms (cache miss)
4998 http fetch GET 200 https://registry.npmjs.org/object.groupby/-/object.groupby-1.0.3.tgz 11002ms (cache miss)
4999 http fetch GET 200 https://registry.npmjs.org/define-properties/-/define-properties-1.2.1.tgz 11008ms (cache miss)
5000 http fetch GET 200 https://registry.npmjs.org/es-errors/-/es-errors-1.3.0.tgz 11010ms (cache miss)
5001 http fetch GET 200 https://registry.npmjs.org/argparse/-/argparse-2.0.1.tgz 11313ms (cache miss)
5002 http fetch GET 200 https://registry.npmjs.org/functions-have-names/-/functions-have-names-1.2.3.tgz 11309ms (cache miss)
5003 http fetch GET 200 https://registry.npmjs.org/call-bind/-/call-bind-1.0.9.tgz 11156ms (cache miss)
5004 http fetch GET 200 https://registry.npmjs.org/internal-slot/-/internal-slot-1.1.0.tgz 11246ms (cache miss)
5005 http fetch GET 200 https://registry.npmjs.org/object.fromentries/-/object.fromentries-2.0.8.tgz 11747ms (cache miss)
5006 http fetch GET 200 https://registry.npmjs.org/string.prototype.trimend/-/string.prototype.trimend-1.0.10.tgz 12113ms (cache miss)
5007 http fetch GET 200 https://registry.npmjs.org/@rtsao/scc/-/scc-1.1.0.tgz 12306ms (cache miss)
5008 http fetch GET 200 https://registry.npmjs.org/array.prototype.findlastindex/-/array.prototype.findlastindex-1.2.6.tgz 12468ms (cache miss)
5009 http fetch GET 200 https://registry.npmjs.org/stable-hash/-/stable-hash-0.0.5.tgz 12621ms (cache miss)
5010 http fetch GET 200 https://registry.npmjs.org/unrs-resolver/-/unrs-resolver-1.12.2.tgz 12923ms (cache miss)
5011 http fetch GET 200 https://registry.npmjs.org/@nolyfill/is-core-module/-/is-core-module-1.0.39.tgz 13036ms (cache miss)
5012 http fetch GET 200 https://registry.npmjs.org/@typescript-eslint/tsconfig-utils/-/tsconfig-utils-8.65.0.tgz 13081ms (cache miss)
5013 http fetch GET 200 https://registry.npmjs.org/array.prototype.flat/-/array.prototype.flat-1.3.3.tgz 13136ms (cache miss)
5014 http fetch GET 200 https://registry.npmjs.org/is-bun-module/-/is-bun-module-2.0.0.tgz 13215ms (cache miss)
5015 http fetch GET 200 https://registry.npmjs.org/agent-base/-/agent-base-7.1.4.tgz 13734ms (cache miss)
5016 http fetch GET 200 https://registry.npmjs.org/scheduler/-/scheduler-0.27.0.tgz 13868ms (cache miss)
5017 http fetch GET 200 https://registry.npmjs.org/@typescript-eslint/project-service/-/project-service-8.65.0.tgz 13429ms (cache miss)
5018 http fetch GET 200 https://registry.npmjs.org/tinyglobby/-/tinyglobby-0.2.17.tgz 13441ms (cache miss)
5019 http fetch GET 200 https://registry.npmjs.org/@typescript-eslint/visitor-keys/-/visitor-keys-8.65.0.tgz 13476ms (cache miss)
5020 http fetch GET 200 https://registry.npmjs.org/array-includes/-/array-includes-3.1.9.tgz 13803ms (cache miss)
5021 http fetch GET 200 https://registry.npmjs.org/eslint-import-resolver-node/-/eslint-import-resolver-node-0.3.10.tgz 13773ms (cache miss)
5022 http fetch GET 200 https://registry.npmjs.org/@typescript-eslint/parser/-/parser-8.65.0.tgz 13894ms (cache miss)
5023 http fetch GET 200 https://registry.npmjs.org/path-key/-/path-key-3.1.1.tgz 13989ms (cache miss)
5024 http fetch GET 200 https://registry.npmjs.org/color-name/-/color-name-1.1.4.tgz 14118ms (cache miss)
5025 http fetch GET 200 https://registry.npmjs.org/which/-/which-2.0.2.tgz 14167ms (cache miss)
5026 http fetch GET 200 https://registry.npmjs.org/eslint-import-resolver-typescript/-/eslint-import-resolver-typescript-3.10.1.tgz 14194ms (cache miss)
5027 http fetch GET 200 https://registry.npmjs.org/supports-color/-/supports-color-7.2.0.tgz 14241ms (cache miss)
5028 http fetch GET 200 https://registry.npmjs.org/ansi-styles/-/ansi-styles-4.3.0.tgz 14446ms (cache miss)
