0 verbose cli C:\Program Files\nodejs\node.exe C:\Program Files\nodejs\node_modules\npm\bin\npm-cli.js
1 info using npm@11.16.0
2 info using node@v24.18.0
3 silly config load:file:C:\Program Files\nodejs\node_modules\npm\npmrc
4 silly config load:file:D:\Axion\dashboard\.npmrc
5 silly config load:file:C:\Users\ADMIN\.npmrc
6 silly config load:file:C:\Users\ADMIN\AppData\Roaming\npm\etc\npmrc
7 verbose title npm install
8 verbose argv "install" "--cache" ".npm-cache"
9 verbose logfile logs-max:10 dir:D:\Axion\dashboard\.npm-cache\_logs\2026-07-30T17_24_30_985Z-
10 verbose logfile D:\Axion\dashboard\.npm-cache\_logs\2026-07-30T17_24_30_985Z-debug-0.log
11 silly logfile done cleaning log files
12 silly packumentCache heap:4496293888 maxSize:1124073472 maxEntrySize:562036736
13 silly idealTree buildDeps
14 silly fetch manifest @xyflow/react@^12.8.2
15 silly packumentCache full:https://registry.npmjs.org/@xyflow%2freact cache-miss
16 http cache https://registry.npmjs.org/@xyflow%2freact 162ms (cache hit)
17 silly packumentCache full:https://registry.npmjs.org/@xyflow%2freact set size:268363 disposed:false
18 silly fetch manifest @types/react@^19.0.3
19 silly packumentCache full:https://registry.npmjs.org/@types%2freact cache-miss
20 http cache https://registry.npmjs.org/@types%2freact 87ms (cache hit)
21 silly packumentCache full:https://registry.npmjs.org/@types%2freact set size:2632776 disposed:false
22 silly fetch manifest @types/react-dom@^19.0.2
23 silly packumentCache full:https://registry.npmjs.org/@types%2freact-dom cache-miss
24 http cache https://registry.npmjs.org/@types%2freact-dom 173ms (cache hit)
25 silly packumentCache full:https://registry.npmjs.org/@types%2freact-dom set size:429026 disposed:false
26 silly fetch manifest react@^19.1.0
27 silly packumentCache full:https://registry.npmjs.org/react cache-miss
28 http cache https://registry.npmjs.org/react 206ms (cache hit)
29 silly packumentCache full:https://registry.npmjs.org/react set size:6849402 disposed:false
30 silly fetch manifest react-dom@^19.1.0
31 silly packumentCache full:https://registry.npmjs.org/react-dom cache-miss
32 http cache https://registry.npmjs.org/react-dom 153ms (cache hit)
33 silly packumentCache full:https://registry.npmjs.org/react-dom set size:9191033 disposed:false
34 silly fetch manifest framer-motion@^12.23.12
35 silly packumentCache full:https://registry.npmjs.org/framer-motion cache-miss
36 http cache https://registry.npmjs.org/framer-motion 260ms (cache hit)
37 silly packumentCache full:https://registry.npmjs.org/framer-motion set size:10035490 disposed:false
38 silly fetch manifest @emotion/is-prop-valid@*
39 silly packumentCache full:https://registry.npmjs.org/@emotion%2fis-prop-valid cache-miss
40 http cache https://registry.npmjs.org/@emotion%2fis-prop-valid 147ms (cache hit)
41 silly packumentCache full:https://registry.npmjs.org/@emotion%2fis-prop-valid set size:96539 disposed:false
42 silly fetch manifest lucide-react@^0.468.0
43 silly packumentCache full:https://registry.npmjs.org/lucide-react cache-miss
44 http cache https://registry.npmjs.org/lucide-react 164ms (cache hit)
45 silly packumentCache full:https://registry.npmjs.org/lucide-react set size:2302993 disposed:false
46 silly fetch manifest next@^15.4.4
47 silly packumentCache full:https://registry.npmjs.org/next cache-miss
48 http cache https://registry.npmjs.org/next 359ms (cache hit)
49 silly packumentCache full:https://registry.npmjs.org/next set size:31016633 disposed:false
50 silly fetch manifest @opentelemetry/api@^1.1.0
51 silly packumentCache full:https://registry.npmjs.org/@opentelemetry%2fapi cache-miss
52 http cache https://registry.npmjs.org/@opentelemetry%2fapi 292ms (cache hit)
53 silly packumentCache full:https://registry.npmjs.org/@opentelemetry%2fapi set size:272967 disposed:false
54 silly fetch manifest @playwright/test@^1.51.1
55 silly packumentCache full:https://registry.npmjs.org/@playwright%2ftest cache-miss
56 http cache https://registry.npmjs.org/@playwright%2ftest 163ms (cache hit)
57 silly packumentCache full:https://registry.npmjs.org/@playwright%2ftest set size:9387384 disposed:false
58 silly fetch manifest babel-plugin-react-compiler@*
59 silly packumentCache full:https://registry.npmjs.org/babel-plugin-react-compiler cache-miss
60 http cache https://registry.npmjs.org/babel-plugin-react-compiler 46ms (cache hit)
61 silly packumentCache full:https://registry.npmjs.org/babel-plugin-react-compiler set size:1356999 disposed:false
62 silly fetch manifest sass@^1.3.0
63 silly packumentCache full:https://registry.npmjs.org/sass cache-miss
64 http cache https://registry.npmjs.org/sass 44ms (cache hit)
65 silly packumentCache full:https://registry.npmjs.org/sass set size:743214 disposed:false
66 silly fetch manifest @eslint/eslintrc@^3.3.1
67 silly packumentCache full:https://registry.npmjs.org/@eslint%2feslintrc cache-miss
68 http cache https://registry.npmjs.org/@eslint%2feslintrc 55ms (cache hit)
69 silly packumentCache full:https://registry.npmjs.org/@eslint%2feslintrc set size:171352 disposed:false
70 silly fetch manifest @testing-library/jest-dom@^6.6.3
71 silly packumentCache full:https://registry.npmjs.org/@testing-library%2fjest-dom cache-miss
72 http cache https://registry.npmjs.org/@testing-library%2fjest-dom 37ms (cache hit)
73 silly packumentCache full:https://registry.npmjs.org/@testing-library%2fjest-dom set size:432748 disposed:false
74 silly fetch manifest @testing-library/react@^16.3.0
75 silly packumentCache full:https://registry.npmjs.org/@testing-library%2freact cache-miss
76 http cache https://registry.npmjs.org/@testing-library%2freact 29ms (cache hit)
77 silly packumentCache full:https://registry.npmjs.org/@testing-library%2freact set size:620176 disposed:false
78 silly fetch manifest @testing-library/dom@^10.0.0
79 silly packumentCache full:https://registry.npmjs.org/@testing-library%2fdom cache-miss
80 http cache https://registry.npmjs.org/@testing-library%2fdom 59ms (cache hit)
81 silly packumentCache full:https://registry.npmjs.org/@testing-library%2fdom set size:1097547 disposed:false
82 silly fetch manifest @types/node@^22.10.5
83 silly packumentCache full:https://registry.npmjs.org/@types%2fnode cache-miss
84 http cache https://registry.npmjs.org/@types%2fnode 126ms (cache hit)
85 silly packumentCache full:https://registry.npmjs.org/@types%2fnode set size:11084776 disposed:false
86 silly fetch manifest @vitejs/plugin-react@^4.3.4
87 silly packumentCache full:https://registry.npmjs.org/@vitejs%2fplugin-react cache-miss
88 http cache https://registry.npmjs.org/@vitejs%2fplugin-react 52ms (cache hit)
89 silly packumentCache full:https://registry.npmjs.org/@vitejs%2fplugin-react set size:276693 disposed:false
90 silly fetch manifest vite@^6.0.7
91 silly packumentCache full:https://registry.npmjs.org/vite cache-miss
92 http cache https://registry.npmjs.org/vite 641ms (cache hit)
93 silly packumentCache full:https://registry.npmjs.org/vite set size:38918610 disposed:false
94 silly fetch manifest jiti@>=1.21.0
95 silly packumentCache full:https://registry.npmjs.org/jiti cache-miss
96 http cache https://registry.npmjs.org/jiti 113ms (cache hit)
97 silly packumentCache full:https://registry.npmjs.org/jiti set size:387989 disposed:false
98 silly fetch manifest less@*
99 silly packumentCache full:https://registry.npmjs.org/less cache-miss
100 http cache https://registry.npmjs.org/less 29ms (cache hit)
101 silly packumentCache full:https://registry.npmjs.org/less set size:492138 disposed:false
102 silly fetch manifest lightningcss@^1.21.0
103 silly packumentCache full:https://registry.npmjs.org/lightningcss cache-miss
104 http cache https://registry.npmjs.org/lightningcss 29ms (cache hit)
105 silly packumentCache full:https://registry.npmjs.org/lightningcss set size:191065 disposed:false
106 silly fetch manifest sass@*
107 silly packumentCache full:https://registry.npmjs.org/sass cache-hit
108 silly fetch manifest sass-embedded@*
109 silly packumentCache full:https://registry.npmjs.org/sass-embedded cache-miss
110 http cache https://registry.npmjs.org/sass-embedded 32ms (cache hit)
111 silly packumentCache full:https://registry.npmjs.org/sass-embedded set size:419718 disposed:false
112 silly fetch manifest stylus@*
113 silly packumentCache full:https://registry.npmjs.org/stylus cache-miss
114 http cache https://registry.npmjs.org/stylus 32ms (cache hit)
115 silly packumentCache full:https://registry.npmjs.org/stylus set size:286766 disposed:false
116 silly fetch manifest sugarss@*
117 silly packumentCache full:https://registry.npmjs.org/sugarss cache-miss
118 http cache https://registry.npmjs.org/sugarss 29ms (cache hit)
119 silly packumentCache full:https://registry.npmjs.org/sugarss set size:44975 disposed:false
120 silly fetch manifest postcss@^8.4.49
121 silly packumentCache full:https://registry.npmjs.org/postcss cache-miss
122 http cache https://registry.npmjs.org/postcss 26ms (cache hit)
123 silly packumentCache full:https://registry.npmjs.org/postcss set size:756623 disposed:false
124 silly fetch manifest terser@^5.16.0
125 silly packumentCache full:https://registry.npmjs.org/terser cache-miss
126 http cache https://registry.npmjs.org/terser 45ms (cache hit)
127 silly packumentCache full:https://registry.npmjs.org/terser set size:806866 disposed:false
128 silly fetch manifest tsx@^4.8.1
129 silly packumentCache full:https://registry.npmjs.org/tsx cache-miss
130 http cache https://registry.npmjs.org/tsx 31ms (cache hit)
131 silly packumentCache full:https://registry.npmjs.org/tsx set size:312195 disposed:false
132 silly fetch manifest yaml@^2.4.2
133 silly packumentCache full:https://registry.npmjs.org/yaml cache-miss
134 http cache https://registry.npmjs.org/yaml 28ms (cache hit)
135 silly packumentCache full:https://registry.npmjs.org/yaml set size:385754 disposed:false
136 silly fetch manifest autoprefixer@^10.4.20
137 silly packumentCache full:https://registry.npmjs.org/autoprefixer cache-miss
138 http cache https://registry.npmjs.org/autoprefixer 49ms (cache hit)
139 silly packumentCache full:https://registry.npmjs.org/autoprefixer set size:1366815 disposed:false
140 silly fetch manifest eslint@^9.17.0
141 silly packumentCache full:https://registry.npmjs.org/eslint cache-miss
142 http cache https://registry.npmjs.org/eslint 43ms (cache hit)
143 silly packumentCache full:https://registry.npmjs.org/eslint set size:2040662 disposed:false
144 silly fetch manifest jiti@*
145 silly packumentCache full:https://registry.npmjs.org/jiti cache-hit
146 silly fetch manifest eslint-config-next@^15.4.4
147 silly packumentCache full:https://registry.npmjs.org/eslint-config-next cache-miss
148 http cache https://registry.npmjs.org/eslint-config-next 76ms (cache hit)
149 silly packumentCache full:https://registry.npmjs.org/eslint-config-next set size:6981957 disposed:false
150 silly fetch manifest typescript@^5.7.2
151 silly packumentCache full:https://registry.npmjs.org/typescript cache-miss
152 http cache https://registry.npmjs.org/typescript 127ms (cache hit)
153 silly packumentCache full:https://registry.npmjs.org/typescript set size:15493019 disposed:false
154 silly fetch manifest jsdom@^25.0.1
155 silly packumentCache full:https://registry.npmjs.org/jsdom cache-miss
156 http cache https://registry.npmjs.org/jsdom 35ms (cache hit)
157 silly packumentCache full:https://registry.npmjs.org/jsdom set size:1074418 disposed:false
158 silly fetch manifest canvas@^2.11.2
159 silly packumentCache full:https://registry.npmjs.org/canvas cache-miss
160 http cache https://registry.npmjs.org/canvas 33ms (cache hit)
161 silly packumentCache full:https://registry.npmjs.org/canvas set size:346176 disposed:false
162 silly fetch manifest tailwindcss@^3.4.17
163 silly packumentCache full:https://registry.npmjs.org/tailwindcss cache-miss
164 http cache https://registry.npmjs.org/tailwindcss 88ms (cache hit)
165 silly packumentCache full:https://registry.npmjs.org/tailwindcss set size:10785871 disposed:false
166 silly fetch manifest vitest@^2.1.8
167 silly packumentCache full:https://registry.npmjs.org/vitest cache-miss
168 http cache https://registry.npmjs.org/vitest 77ms (cache hit)
169 silly packumentCache full:https://registry.npmjs.org/vitest set size:2224337 disposed:false
170 silly fetch manifest @edge-runtime/vm@*
171 silly packumentCache full:https://registry.npmjs.org/@edge-runtime%2fvm cache-miss
172 http cache https://registry.npmjs.org/@edge-runtime%2fvm 20ms (cache hit)
173 silly packumentCache full:https://registry.npmjs.org/@edge-runtime%2fvm set size:269934 disposed:false
174 silly fetch manifest @vitest/browser@2.1.9
175 silly packumentCache full:https://registry.npmjs.org/@vitest%2fbrowser cache-miss
176 http cache https://registry.npmjs.org/@vitest%2fbrowser 25ms (cache hit)
177 silly packumentCache full:https://registry.npmjs.org/@vitest%2fbrowser set size:786640 disposed:false
178 silly fetch manifest playwright@*
179 silly packumentCache full:https://registry.npmjs.org/playwright cache-miss
180 http cache https://registry.npmjs.org/playwright 136ms (cache hit)
181 silly packumentCache full:https://registry.npmjs.org/playwright set size:16583480 disposed:false
182 silly fetch manifest webdriverio@*
183 silly packumentCache full:https://registry.npmjs.org/webdriverio cache-miss
184 http cache https://registry.npmjs.org/webdriverio 97ms (cache hit)
185 silly packumentCache full:https://registry.npmjs.org/webdriverio set size:3144295 disposed:false
186 silly fetch manifest puppeteer-core@>=22.x || <=24.x
187 silly packumentCache full:https://registry.npmjs.org/puppeteer-core cache-miss
188 http cache https://registry.npmjs.org/puppeteer-core 75ms (cache hit)
189 silly packumentCache full:https://registry.npmjs.org/puppeteer-core set size:1554071 disposed:false
190 silly fetch manifest @vitest/ui@2.1.9
191 silly packumentCache full:https://registry.npmjs.org/@vitest%2fui cache-miss
192 http cache https://registry.npmjs.org/@vitest%2fui 82ms (cache hit)
193 silly packumentCache full:https://registry.npmjs.org/@vitest%2fui set size:1275474 disposed:false
194 silly fetch manifest happy-dom@*
195 silly packumentCache full:https://registry.npmjs.org/happy-dom cache-miss
196 http cache https://registry.npmjs.org/happy-dom 100ms (cache hit)
197 silly packumentCache full:https://registry.npmjs.org/happy-dom set size:2478647 disposed:false
198 silly placeDep ROOT @eslint/eslintrc@3.3.6 REPLACE for: axion-skilltree-dashboard@1.0.0 want: ^3.3.1
199 silly placeDep ROOT @testing-library/jest-dom@6.9.1 REPLACE for: axion-skilltree-dashboard@1.0.0 want: ^6.6.3
200 silly placeDep ROOT @testing-library/react@16.3.2 REPLACE for: axion-skilltree-dashboard@1.0.0 want: ^16.3.0
201 silly placeDep ROOT @testing-library/dom@10.4.1 OK for: @testing-library/react@16.3.2 want: ^10.0.0
202 silly placeDep ROOT react@19.2.8 OK for: @testing-library/react@16.3.2 want: ^18.0.0 || ^19.0.0
203 silly placeDep ROOT react-dom@19.2.8 OK for: @testing-library/react@16.3.2 want: ^18.0.0 || ^19.0.0
204 silly placeDep ROOT @types/node@22.20.1 REPLACE for: axion-skilltree-dashboard@1.0.0 want: ^22.10.5
205 silly placeDep ROOT @types/react@19.2.17 OK for: axion-skilltree-dashboard@1.0.0 want: ^19.0.3
206 silly placeDep ROOT @types/react-dom@19.2.3 OK for: axion-skilltree-dashboard@1.0.0 want: ^19.0.2
207 silly placeDep ROOT @vitejs/plugin-react@4.7.0 REPLACE for: axion-skilltree-dashboard@1.0.0 want: ^4.3.4
208 silly placeDep ROOT vite@6.4.3 OK for: @vitejs/plugin-react@4.7.0 want: ^4.2.0 || ^5.0.0 || ^6.0.0 || ^7.0.0
209 silly placeDep ROOT jiti@2.7.0 REPLACE for: vite@6.4.3 want: >=1.21.0
210 silly placeDep ROOT @xyflow/react@12.11.2 REPLACE for: axion-skilltree-dashboard@1.0.0 want: ^12.8.2
211 silly placeDep ROOT autoprefixer@10.5.4 REPLACE for: axion-skilltree-dashboard@1.0.0 want: ^10.4.20
212 silly placeDep ROOT postcss@8.5.25 OK for: autoprefixer@10.5.4 want: ^8.1.0
213 silly placeDep ROOT eslint@9.39.5 REPLACE for: axion-skilltree-dashboard@1.0.0 want: ^9.17.0
214 silly placeDep ROOT eslint-config-next@15.5.22 REPLACE for: axion-skilltree-dashboard@1.0.0 want: ^15.4.4
215 silly placeDep ROOT framer-motion@12.43.0 REPLACE for: axion-skilltree-dashboard@1.0.0 want: ^12.23.12
216 silly placeDep ROOT jsdom@25.0.1 REPLACE for: axion-skilltree-dashboard@1.0.0 want: ^25.0.1
217 silly placeDep ROOT lucide-react@0.468.0 REPLACE for: axion-skilltree-dashboard@1.0.0 want: ^0.468.0
218 silly placeDep ROOT next@15.5.22 REPLACE for: axion-skilltree-dashboard@1.0.0 want: ^15.4.4
219 silly placeDep ROOT tailwindcss@3.4.19 REPLACE for: axion-skilltree-dashboard@1.0.0 want: ^3.4.17
220 silly placeDep ROOT typescript@5.9.3 OK for: axion-skilltree-dashboard@1.0.0 want: ^5.7.2
221 silly placeDep ROOT vitest@2.1.9 REPLACE for: axion-skilltree-dashboard@1.0.0 want: ^2.1.8
222 silly fetch manifest ajv@^6.14.0
223 silly packumentCache full:https://registry.npmjs.org/ajv cache-miss
224 silly fetch manifest debug@^4.3.2
225 silly packumentCache full:https://registry.npmjs.org/debug cache-miss
226 silly fetch manifest espree@^10.0.1
227 silly packumentCache full:https://registry.npmjs.org/espree cache-miss
228 silly fetch manifest globals@^14.0.0
229 silly packumentCache full:https://registry.npmjs.org/globals cache-miss
230 silly fetch manifest ignore@^5.2.0
231 silly packumentCache full:https://registry.npmjs.org/ignore cache-miss
232 silly fetch manifest import-fresh@^3.2.1
233 silly packumentCache full:https://registry.npmjs.org/import-fresh cache-miss
234 silly fetch manifest js-yaml@^4.3.0
235 silly packumentCache full:https://registry.npmjs.org/js-yaml cache-miss
236 silly fetch manifest minimatch@^3.1.5
237 silly packumentCache full:https://registry.npmjs.org/minimatch cache-miss
238 silly fetch manifest strip-json-comments@^3.1.1
239 silly packumentCache full:https://registry.npmjs.org/strip-json-comments cache-miss
240 silly fetch manifest redent@^3.0.0
241 silly packumentCache full:https://registry.npmjs.org/redent cache-miss
242 silly fetch manifest aria-query@^5.0.0
243 silly packumentCache full:https://registry.npmjs.org/aria-query cache-miss
244 http cache https://registry.npmjs.org/debug 479ms (cache hit)
245 silly packumentCache full:https://registry.npmjs.org/debug set size:195840 disposed:false
246 silly fetch manifest css.escape@^1.5.1
247 silly packumentCache full:https://registry.npmjs.org/css.escape cache-miss
248 http cache https://registry.npmjs.org/ajv 542ms (cache hit)
249 silly packumentCache full:https://registry.npmjs.org/ajv set size:1142658 disposed:false
250 silly fetch manifest picocolors@^1.1.1
251 silly packumentCache full:https://registry.npmjs.org/picocolors cache-miss
252 http cache https://registry.npmjs.org/globals 610ms (cache hit)
253 silly packumentCache full:https://registry.npmjs.org/globals set size:323528 disposed:false
254 silly fetch manifest @adobe/css-tools@^4.4.0
255 silly packumentCache full:https://registry.npmjs.org/@adobe%2fcss-tools cache-miss
256 http cache https://registry.npmjs.org/espree 644ms (cache hit)
257 silly packumentCache full:https://registry.npmjs.org/espree set size:326080 disposed:false
258 silly fetch manifest dom-accessibility-api@^0.6.3
259 silly packumentCache full:https://registry.npmjs.org/dom-accessibility-api cache-miss
260 http cache https://registry.npmjs.org/import-fresh 650ms (cache hit)
261 silly packumentCache full:https://registry.npmjs.org/import-fresh set size:24604 disposed:false
262 silly fetch manifest @babel/runtime@^7.12.5
263 silly packumentCache full:https://registry.npmjs.org/@babel%2fruntime cache-miss
264 http cache https://registry.npmjs.org/js-yaml 649ms (cache hit)
265 silly packumentCache full:https://registry.npmjs.org/js-yaml set size:175381 disposed:false
266 silly fetch manifest lz-string@^1.5.0
267 silly packumentCache full:https://registry.npmjs.org/lz-string cache-miss
268 http cache https://registry.npmjs.org/minimatch 637ms (cache hit)
269 silly packumentCache full:https://registry.npmjs.org/minimatch set size:377924 disposed:false
270 silly fetch manifest aria-query@5.3.0
271 silly packumentCache full:https://registry.npmjs.org/aria-query cache-miss
272 http cache https://registry.npmjs.org/ignore 691ms (cache hit)
273 silly packumentCache full:https://registry.npmjs.org/ignore set size:240910 disposed:false
274 silly fetch manifest picocolors@1.1.1
275 silly packumentCache full:https://registry.npmjs.org/picocolors cache-miss
276 http cache https://registry.npmjs.org/redent 654ms (cache hit)
277 silly packumentCache full:https://registry.npmjs.org/redent set size:10478 disposed:false
278 silly fetch manifest pretty-format@^27.0.2
279 silly packumentCache full:https://registry.npmjs.org/pretty-format cache-miss
280 http cache https://registry.npmjs.org/strip-json-comments 669ms (cache hit)
281 silly packumentCache full:https://registry.npmjs.org/strip-json-comments set size:43569 disposed:false
282 silly fetch manifest @babel/runtime@^7.12.5
283 silly packumentCache full:https://registry.npmjs.org/@babel%2fruntime cache-miss
284 http cache https://registry.npmjs.org/aria-query 670ms (cache hit)
285 silly packumentCache full:https://registry.npmjs.org/aria-query set size:98864 disposed:false
286 silly fetch manifest @babel/code-frame@^7.10.4
287 silly packumentCache full:https://registry.npmjs.org/@babel%2fcode-frame cache-miss
288 http cache https://registry.npmjs.org/@adobe%2fcss-tools 252ms (cache hit)
289 silly packumentCache full:https://registry.npmjs.org/@adobe%2fcss-tools set size:93694 disposed:false
290 silly fetch manifest @types/aria-query@^5.0.1
291 silly packumentCache full:https://registry.npmjs.org/@types%2faria-query cache-miss
292 http cache https://registry.npmjs.org/picocolors 305ms (cache hit)
293 silly packumentCache full:https://registry.npmjs.org/picocolors set size:16648 disposed:false
294 silly fetch manifest dom-accessibility-api@^0.5.9
295 silly packumentCache full:https://registry.npmjs.org/dom-accessibility-api cache-miss
296 http cache https://registry.npmjs.org/css.escape 406ms (cache hit)
297 silly packumentCache full:https://registry.npmjs.org/css.escape set size:18160 disposed:false
298 silly fetch manifest undici-types@~6.21.0
299 silly packumentCache full:https://registry.npmjs.org/undici-types cache-miss
300 http cache https://registry.npmjs.org/dom-accessibility-api 277ms (cache hit)
301 silly packumentCache full:https://registry.npmjs.org/dom-accessibility-api set size:175425 disposed:false
302 silly fetch manifest csstype@^3.2.2
303 silly packumentCache full:https://registry.npmjs.org/csstype cache-miss
304 http cache https://registry.npmjs.org/picocolors 224ms (cache hit)
305 silly packumentCache full:https://registry.npmjs.org/picocolors set size:16648 disposed:false
306 silly packumentCache full:https://registry.npmjs.org/picocolors dispose
307 silly fetch manifest @babel/core@^7.28.0
308 silly packumentCache full:https://registry.npmjs.org/@babel%2fcore cache-miss
309 http cache https://registry.npmjs.org/lz-string 271ms (cache hit)
310 silly packumentCache full:https://registry.npmjs.org/lz-string set size:16381 disposed:false
311 silly fetch manifest react-refresh@^0.17.0
312 silly packumentCache full:https://registry.npmjs.org/react-refresh cache-miss
313 http cache https://registry.npmjs.org/@babel%2fruntime 298ms (cache hit)
314 silly packumentCache full:https://registry.npmjs.org/@babel%2fruntime set size:3471810 disposed:false
315 silly fetch manifest @types/babel__core@^7.20.5
316 silly packumentCache full:https://registry.npmjs.org/@types%2fbabel__core cache-miss
317 http cache https://registry.npmjs.org/aria-query 329ms (cache hit)
318 silly packumentCache full:https://registry.npmjs.org/aria-query set size:98864 disposed:false
319 silly packumentCache full:https://registry.npmjs.org/aria-query dispose
320 silly fetch manifest @rolldown/pluginutils@1.0.0-beta.27
321 silly packumentCache full:https://registry.npmjs.org/@rolldown%2fpluginutils cache-miss
322 http cache https://registry.npmjs.org/@babel%2fcode-frame 297ms (cache hit)
323 silly packumentCache full:https://registry.npmjs.org/@babel%2fcode-frame set size:206617 disposed:false
324 silly fetch manifest @babel/plugin-transform-react-jsx-self@^7.27.1
325 silly packumentCache full:https://registry.npmjs.org/@babel%2fplugin-transform-react-jsx-self cache-miss
326 http cache https://registry.npmjs.org/pretty-format 326ms (cache hit)
327 silly packumentCache full:https://registry.npmjs.org/pretty-format set size:598313 disposed:false
328 silly fetch manifest @babel/plugin-transform-react-jsx-source@^7.27.1
329 silly packumentCache full:https://registry.npmjs.org/@babel%2fplugin-transform-react-jsx-source cache-miss
330 http cache https://registry.npmjs.org/@babel%2fruntime 362ms (cache hit)
331 silly packumentCache full:https://registry.npmjs.org/@babel%2fruntime set size:3471810 disposed:false
332 silly fetch manifest fdir@^6.4.4
333 silly packumentCache full:https://registry.npmjs.org/fdir cache-miss
334 http cache https://registry.npmjs.org/dom-accessibility-api 389ms (cache hit)
335 silly packumentCache full:https://registry.npmjs.org/dom-accessibility-api set size:175425 disposed:false
336 silly packumentCache full:https://registry.npmjs.org/dom-accessibility-api dispose
337 silly fetch manifest rollup@^4.34.9
338 silly packumentCache full:https://registry.npmjs.org/rollup cache-miss
339 http cache https://registry.npmjs.org/@types%2faria-query 423ms (cache hit)
340 silly packumentCache full:https://registry.npmjs.org/@types%2faria-query set size:21095 disposed:false
341 silly fetch manifest postcss@^8.5.3
342 silly packumentCache full:https://registry.npmjs.org/postcss cache-hit
343 silly fetch manifest picomatch@^4.0.2
344 silly packumentCache full:https://registry.npmjs.org/picomatch cache-miss
345 http cache https://registry.npmjs.org/undici-types 455ms (cache hit)
346 silly packumentCache full:https://registry.npmjs.org/undici-types set size:247750 disposed:false
347 silly fetch manifest fsevents@~2.3.3
348 silly packumentCache full:https://registry.npmjs.org/fsevents cache-miss
349 http cache https://registry.npmjs.org/csstype 481ms (cache hit)
350 silly packumentCache full:https://registry.npmjs.org/csstype set size:274189 disposed:false
351 silly fetch manifest classcat@^5.0.3
352 silly packumentCache full:https://registry.npmjs.org/classcat cache-miss
353 http cache https://registry.npmjs.org/react-refresh 533ms (cache hit)
354 silly packumentCache full:https://registry.npmjs.org/react-refresh set size:6502470 disposed:false
355 silly fetch manifest zustand@^4.4.0
356 silly packumentCache full:https://registry.npmjs.org/zustand cache-miss
357 http cache https://registry.npmjs.org/@babel%2fcore 794ms (cache hit)
358 silly packumentCache full:https://registry.npmjs.org/@babel%2fcore set size:788273 disposed:false
359 silly fetch manifest @xyflow/system@0.0.79
360 silly packumentCache full:https://registry.npmjs.org/@xyflow%2fsystem cache-miss
361 http cache https://registry.npmjs.org/@rolldown%2fpluginutils 751ms (cache hit)
362 silly packumentCache full:https://registry.npmjs.org/@rolldown%2fpluginutils set size:300388 disposed:false
363 silly fetch manifest fraction.js@^5.3.4
364 silly packumentCache full:https://registry.npmjs.org/fraction.js cache-miss
365 http cache https://registry.npmjs.org/@types%2fbabel__core 787ms (cache hit)
366 silly packumentCache full:https://registry.npmjs.org/@types%2fbabel__core set size:88676 disposed:false
367 silly fetch manifest browserslist@^4.28.6
368 silly packumentCache full:https://registry.npmjs.org/browserslist cache-miss
369 http cache https://registry.npmjs.org/fdir 650ms (cache hit)
370 silly packumentCache full:https://registry.npmjs.org/fdir set size:136182 disposed:false
371 silly fetch manifest caniuse-lite@^1.0.30001806
372 silly packumentCache full:https://registry.npmjs.org/caniuse-lite cache-miss
373 http cache https://registry.npmjs.org/@babel%2fplugin-transform-react-jsx-self 785ms (cache hit)
374 silly packumentCache full:https://registry.npmjs.org/@babel%2fplugin-transform-react-jsx-self set size:200274 disposed:false
375 silly fetch manifest postcss-value-parser@^4.2.0
376 silly packumentCache full:https://registry.npmjs.org/postcss-value-parser cache-miss
377 http cache https://registry.npmjs.org/@babel%2fplugin-transform-react-jsx-source 772ms (cache hit)
378 silly packumentCache full:https://registry.npmjs.org/@babel%2fplugin-transform-react-jsx-source set size:205288 disposed:false
379 silly fetch manifest nanoid@^3.3.16
380 silly packumentCache full:https://registry.npmjs.org/nanoid cache-miss
381 http cache https://registry.npmjs.org/fsevents 546ms (cache hit)
382 silly packumentCache full:https://registry.npmjs.org/fsevents set size:182472 disposed:false
383 silly fetch manifest source-map-js@^1.2.1
384 silly packumentCache full:https://registry.npmjs.org/source-map-js cache-miss
385 http cache https://registry.npmjs.org/picomatch 619ms (cache hit)
386 silly packumentCache full:https://registry.npmjs.org/picomatch set size:128942 disposed:false
387 silly fetch manifest chalk@^4.0.0
388 silly packumentCache full:https://registry.npmjs.org/chalk cache-miss
389 http cache https://registry.npmjs.org/classcat 545ms (cache hit)
390 silly packumentCache full:https://registry.npmjs.org/classcat set size:85975 disposed:false
391 silly fetch manifest espree@^10.4.0
392 silly packumentCache full:https://registry.npmjs.org/espree cache-hit
393 silly fetch manifest esquery@^1.5.0
394 silly packumentCache full:https://registry.npmjs.org/esquery cache-miss
395 http cache https://registry.npmjs.org/rollup 737ms (cache hit)
396 silly packumentCache full:https://registry.npmjs.org/rollup set size:6266245 disposed:false
397 silly fetch manifest @eslint/js@9.39.5
398 silly packumentCache full:https://registry.npmjs.org/@eslint%2fjs cache-miss
399 http cache https://registry.npmjs.org/fraction.js 513ms (cache hit)
400 silly packumentCache full:https://registry.npmjs.org/fraction.js set size:149386 disposed:false
401 silly fetch manifest optionator@^0.9.3
402 silly packumentCache full:https://registry.npmjs.org/optionator cache-miss
403 http cache https://registry.npmjs.org/zustand 605ms (cache hit)
404 silly packumentCache full:https://registry.npmjs.org/zustand set size:486775 disposed:false
405 silly fetch manifest cross-spawn@^7.0.6
406 silly packumentCache full:https://registry.npmjs.org/cross-spawn cache-miss
407 http cache https://registry.npmjs.org/@xyflow%2fsystem 562ms (cache hit)
408 silly packumentCache full:https://registry.npmjs.org/@xyflow%2fsystem set size:215003 disposed:false
409 silly fetch manifest @eslint/core@^0.17.0
410 silly packumentCache full:https://registry.npmjs.org/@eslint%2fcore cache-miss
411 http cache https://registry.npmjs.org/caniuse-lite 522ms (cache hit)
412 silly packumentCache full:https://registry.npmjs.org/caniuse-lite set size:2306880 disposed:false
413 silly fetch manifest eslint-scope@^8.4.0
414 silly packumentCache full:https://registry.npmjs.org/eslint-scope cache-miss
415 http cache https://registry.npmjs.org/postcss-value-parser 542ms (cache hit)
416 silly packumentCache full:https://registry.npmjs.org/postcss-value-parser set size:73526 disposed:false
417 silly fetch manifest @humanfs/node@^0.16.6
418 silly packumentCache full:https://registry.npmjs.org/@humanfs%2fnode cache-miss
419 http cache https://registry.npmjs.org/browserslist 581ms (cache hit)
420 silly packumentCache full:https://registry.npmjs.org/browserslist set size:516369 disposed:false
421 silly fetch manifest @types/estree@^1.0.6
422 silly packumentCache full:https://registry.npmjs.org/@types%2festree cache-miss
423 http cache https://registry.npmjs.org/nanoid 569ms (cache hit)
424 silly packumentCache full:https://registry.npmjs.org/nanoid set size:335912 disposed:false
425 silly fetch manifest fast-deep-equal@^3.1.3
426 silly packumentCache full:https://registry.npmjs.org/fast-deep-equal cache-miss
427 http cache https://registry.npmjs.org/source-map-js 622ms (cache hit)
428 silly packumentCache full:https://registry.npmjs.org/source-map-js set size:62640 disposed:false
429 silly fetch manifest file-entry-cache@^8.0.0
430 silly packumentCache full:https://registry.npmjs.org/file-entry-cache cache-miss
431 http cache https://registry.npmjs.org/esquery 602ms (cache hit)
432 silly packumentCache full:https://registry.npmjs.org/esquery set size:48888 disposed:false
433 silly fetch manifest @eslint/plugin-kit@^0.4.1
434 silly packumentCache full:https://registry.npmjs.org/@eslint%2fplugin-kit cache-miss
435 http cache https://registry.npmjs.org/chalk 648ms (cache hit)
436 silly packumentCache full:https://registry.npmjs.org/chalk set size:134775 disposed:false
437 silly fetch manifest eslint-visitor-keys@^4.2.1
438 silly packumentCache full:https://registry.npmjs.org/eslint-visitor-keys cache-miss
439 http cache https://registry.npmjs.org/@eslint%2fjs 368ms (cache hit)
440 silly packumentCache full:https://registry.npmjs.org/@eslint%2fjs set size:141633 disposed:false
441 silly fetch manifest @eslint/config-array@^0.21.2
442 silly packumentCache full:https://registry.npmjs.org/@eslint%2fconfig-array cache-miss
443 http cache https://registry.npmjs.org/eslint-scope 289ms (cache hit)
444 silly packumentCache full:https://registry.npmjs.org/eslint-scope set size:98867 disposed:false
445 silly fetch manifest @humanwhocodes/retry@^0.4.2
446 silly packumentCache full:https://registry.npmjs.org/@humanwhocodes%2fretry cache-miss
447 http cache https://registry.npmjs.org/cross-spawn 345ms (cache hit)
448 silly packumentCache full:https://registry.npmjs.org/cross-spawn set size:109066 disposed:false
449 silly fetch manifest @eslint/config-helpers@^0.4.2
450 silly packumentCache full:https://registry.npmjs.org/@eslint%2fconfig-helpers cache-miss
451 http cache https://registry.npmjs.org/@eslint%2fcore 349ms (cache hit)
452 silly packumentCache full:https://registry.npmjs.org/@eslint%2fcore set size:58023 disposed:false
453 silly fetch manifest @eslint-community/regexpp@^4.12.1
454 silly packumentCache full:https://registry.npmjs.org/@eslint-community%2fregexpp cache-miss
455 http cache https://registry.npmjs.org/optionator 385ms (cache hit)
456 silly packumentCache full:https://registry.npmjs.org/optionator set size:49651 disposed:false
457 silly fetch manifest @eslint-community/eslint-utils@^4.8.0
458 silly packumentCache full:https://registry.npmjs.org/@eslint-community%2feslint-utils cache-miss
459 http cache https://registry.npmjs.org/@humanfs%2fnode 325ms (cache hit)
460 silly packumentCache full:https://registry.npmjs.org/@humanfs%2fnode set size:39629 disposed:false
461 silly fetch manifest @humanwhocodes/module-importer@^1.0.1
462 silly packumentCache full:https://registry.npmjs.org/@humanwhocodes%2fmodule-importer cache-miss
463 http cache https://registry.npmjs.org/fast-deep-equal 269ms (cache hit)
464 silly packumentCache full:https://registry.npmjs.org/fast-deep-equal set size:48634 disposed:false
465 silly fetch manifest eslint-plugin-react@^7.37.0
466 silly packumentCache full:https://registry.npmjs.org/eslint-plugin-react cache-miss
467 http cache https://registry.npmjs.org/@types%2festree 320ms (cache hit)
468 silly packumentCache full:https://registry.npmjs.org/@types%2festree set size:76072 disposed:false
469 silly fetch manifest eslint-plugin-import@^2.31.0
470 silly packumentCache full:https://registry.npmjs.org/eslint-plugin-import cache-miss
471 http cache https://registry.npmjs.org/file-entry-cache 202ms (cache hit)
472 silly packumentCache full:https://registry.npmjs.org/file-entry-cache set size:127645 disposed:false
473 silly fetch manifest eslint-plugin-jsx-a11y@^6.10.0
474 silly packumentCache full:https://registry.npmjs.org/eslint-plugin-jsx-a11y cache-miss
475 http cache https://registry.npmjs.org/eslint-visitor-keys 164ms (cache hit)
476 silly packumentCache full:https://registry.npmjs.org/eslint-visitor-keys set size:69949 disposed:false
477 silly fetch manifest @rushstack/eslint-patch@^1.10.3
478 silly packumentCache full:https://registry.npmjs.org/@rushstack%2feslint-patch cache-miss
479 http cache https://registry.npmjs.org/@eslint%2fplugin-kit 193ms (cache hit)
480 silly packumentCache full:https://registry.npmjs.org/@eslint%2fplugin-kit set size:76057 disposed:false
481 silly fetch manifest @next/eslint-plugin-next@15.5.22
482 silly packumentCache full:https://registry.npmjs.org/@next%2feslint-plugin-next cache-miss
483 http cache https://registry.npmjs.org/@eslint%2fconfig-helpers 138ms (cache hit)
484 silly packumentCache full:https://registry.npmjs.org/@eslint%2fconfig-helpers set size:55216 disposed:false
485 silly fetch manifest @typescript-eslint/parser@^5.4.2 || ^6.0.0 || ^7.0.0 || ^8.0.0
486 silly packumentCache full:https://registry.npmjs.org/@typescript-eslint%2fparser cache-miss
487 http cache https://registry.npmjs.org/@humanwhocodes%2fretry 161ms (cache hit)
488 silly packumentCache full:https://registry.npmjs.org/@humanwhocodes%2fretry set size:42348 disposed:false
489 silly fetch manifest eslint-plugin-react-hooks@^5.0.0
490 silly packumentCache full:https://registry.npmjs.org/eslint-plugin-react-hooks cache-miss
491 http cache https://registry.npmjs.org/@eslint%2fconfig-array 187ms (cache hit)
492 silly packumentCache full:https://registry.npmjs.org/@eslint%2fconfig-array set size:74140 disposed:false
493 silly fetch manifest @typescript-eslint/eslint-plugin@^5.4.2 || ^6.0.0 || ^7.0.0 || ^8.0.0
494 silly packumentCache full:https://registry.npmjs.org/@typescript-eslint%2feslint-plugin cache-miss
495 http cache https://registry.npmjs.org/@eslint-community%2fregexpp 163ms (cache hit)
496 silly packumentCache full:https://registry.npmjs.org/@eslint-community%2fregexpp set size:106609 disposed:false
497 silly fetch manifest eslint-import-resolver-typescript@^3.5.2
498 silly packumentCache full:https://registry.npmjs.org/eslint-import-resolver-typescript cache-miss
499 http cache https://registry.npmjs.org/@humanwhocodes%2fmodule-importer 151ms (cache hit)
500 silly packumentCache full:https://registry.npmjs.org/@humanwhocodes%2fmodule-importer set size:9516 disposed:false
501 silly fetch manifest motion-dom@^12.43.0
502 silly packumentCache full:https://registry.npmjs.org/motion-dom cache-miss
503 http cache https://registry.npmjs.org/eslint-plugin-react 154ms (cache hit)
504 silly packumentCache full:https://registry.npmjs.org/eslint-plugin-react set size:646827 disposed:false
505 silly fetch manifest ws@^8.18.0
506 silly packumentCache full:https://registry.npmjs.org/ws cache-miss
507 http cache https://registry.npmjs.org/@eslint-community%2feslint-utils 183ms (cache hit)
508 silly packumentCache full:https://registry.npmjs.org/@eslint-community%2feslint-utils set size:108339 disposed:false
509 silly fetch manifest parse5@^7.1.2
510 silly packumentCache full:https://registry.npmjs.org/parse5 cache-miss
511 http cache https://registry.npmjs.org/eslint-plugin-import 171ms (cache hit)
512 silly packumentCache full:https://registry.npmjs.org/eslint-plugin-import set size:484928 disposed:false
513 silly fetch manifest cssstyle@^4.1.0
514 silly packumentCache full:https://registry.npmjs.org/cssstyle cache-miss
515 http cache https://registry.npmjs.org/eslint-plugin-jsx-a11y 175ms (cache hit)
516 silly packumentCache full:https://registry.npmjs.org/eslint-plugin-jsx-a11y set size:280052 disposed:false
517 silly fetch manifest whatwg-url@^14.0.0
518 silly packumentCache full:https://registry.npmjs.org/whatwg-url cache-miss
519 http cache https://registry.npmjs.org/@next%2feslint-plugin-next 199ms (cache hit)
520 silly packumentCache full:https://registry.npmjs.org/@next%2feslint-plugin-next set size:7001926 disposed:false
521 silly fetch manifest rrweb-cssom@^0.7.1
522 silly packumentCache full:https://registry.npmjs.org/rrweb-cssom cache-miss
523 http cache https://registry.npmjs.org/@rushstack%2feslint-patch 307ms (cache hit)
524 silly packumentCache full:https://registry.npmjs.org/@rushstack%2feslint-patch set size:114289 disposed:false
525 silly fetch manifest tough-cookie@^5.0.0
526 silly packumentCache full:https://registry.npmjs.org/tough-cookie cache-miss
527 http cache https://registry.npmjs.org/@typescript-eslint%2fparser 373ms (cache hit)
528 silly packumentCache full:https://registry.npmjs.org/@typescript-eslint%2fparser set size:15587938 disposed:false
529 silly fetch manifest postcss@8.4.31
530 silly packumentCache full:https://registry.npmjs.org/postcss cache-hit
531 silly fetch manifest styled-jsx@5.1.6
532 silly packumentCache full:https://registry.npmjs.org/styled-jsx cache-miss
533 http cache https://registry.npmjs.org/eslint-import-resolver-typescript 672ms (cache hit)
534 silly packumentCache full:https://registry.npmjs.org/eslint-import-resolver-typescript set size:337167 disposed:false
535 silly fetch manifest @swc/helpers@0.5.15
536 silly packumentCache full:https://registry.npmjs.org/@swc%2fhelpers cache-miss
537 http cache https://registry.npmjs.org/motion-dom 684ms (cache hit)
538 silly packumentCache full:https://registry.npmjs.org/motion-dom set size:287495 disposed:false
539 silly fetch manifest caniuse-lite@^1.0.30001579
540 silly packumentCache full:https://registry.npmjs.org/caniuse-lite cache-miss
541 http cache https://registry.npmjs.org/@typescript-eslint%2feslint-plugin 794ms (cache hit)
542 silly packumentCache full:https://registry.npmjs.org/@typescript-eslint%2feslint-plugin set size:18474001 disposed:false
543 silly fetch manifest sharp@^0.34.3
544 silly packumentCache full:https://registry.npmjs.org/sharp cache-miss
545 http cache https://registry.npmjs.org/eslint-plugin-react-hooks 1093ms (cache hit)
546 silly packumentCache full:https://registry.npmjs.org/eslint-plugin-react-hooks set size:7628320 disposed:false
547 silly fetch manifest @next/swc-darwin-x64@15.5.22
548 silly packumentCache full:https://registry.npmjs.org/@next%2fswc-darwin-x64 cache-miss
549 http cache https://registry.npmjs.org/ws 1200ms (cache hit)
550 silly packumentCache full:https://registry.npmjs.org/ws set size:426890 disposed:false
551 silly fetch manifest @next/swc-darwin-arm64@15.5.22
552 silly packumentCache full:https://registry.npmjs.org/@next%2fswc-darwin-arm64 cache-miss
553 http cache https://registry.npmjs.org/parse5 1222ms (cache hit)
554 silly packumentCache full:https://registry.npmjs.org/parse5 set size:123116 disposed:false
555 silly fetch manifest @next/swc-linux-x64-gnu@15.5.22
556 silly packumentCache full:https://registry.npmjs.org/@next%2fswc-linux-x64-gnu cache-miss
557 http cache https://registry.npmjs.org/cssstyle 1260ms (cache hit)
558 silly packumentCache full:https://registry.npmjs.org/cssstyle set size:165320 disposed:false
559 silly fetch manifest @next/swc-linux-x64-musl@15.5.22
560 silly packumentCache full:https://registry.npmjs.org/@next%2fswc-linux-x64-musl cache-miss
561 http cache https://registry.npmjs.org/whatwg-url 1272ms (cache hit)
562 silly packumentCache full:https://registry.npmjs.org/whatwg-url set size:177251 disposed:false
563 silly fetch manifest @next/swc-linux-arm64-gnu@15.5.22
564 silly packumentCache full:https://registry.npmjs.org/@next%2fswc-linux-arm64-gnu cache-miss
565 http cache https://registry.npmjs.org/tough-cookie 1153ms (cache hit)
566 silly packumentCache full:https://registry.npmjs.org/tough-cookie set size:152921 disposed:false
567 silly fetch manifest @next/swc-linux-arm64-musl@15.5.22
568 silly packumentCache full:https://registry.npmjs.org/@next%2fswc-linux-arm64-musl cache-miss
569 http cache https://registry.npmjs.org/rrweb-cssom 1169ms (cache hit)
570 silly packumentCache full:https://registry.npmjs.org/rrweb-cssom set size:10104 disposed:false
571 silly fetch manifest @next/swc-win32-arm64-msvc@15.5.22
572 silly packumentCache full:https://registry.npmjs.org/@next%2fswc-win32-arm64-msvc cache-miss
573 http cache https://registry.npmjs.org/styled-jsx 769ms (cache hit)
574 silly packumentCache full:https://registry.npmjs.org/styled-jsx set size:436113 disposed:false
575 silly fetch manifest jiti@^1.21.7
576 silly packumentCache full:https://registry.npmjs.org/jiti cache-hit
577 silly fetch manifest resolve@^1.22.8
578 silly packumentCache full:https://registry.npmjs.org/resolve cache-miss
579 http cache https://registry.npmjs.org/sharp 431ms (cache hit)
580 silly packumentCache full:https://registry.npmjs.org/sharp set size:1201295 disposed:false
581 silly fetch manifest sucrase@^3.35.0
582 silly packumentCache full:https://registry.npmjs.org/sucrase cache-miss
583 http cache https://registry.npmjs.org/@swc%2fhelpers 805ms (cache hit)
584 silly packumentCache full:https://registry.npmjs.org/@swc%2fhelpers set size:775458 disposed:false
585 silly fetch manifest fast-glob@^3.3.2
586 silly packumentCache full:https://registry.npmjs.org/fast-glob cache-miss
587 http cache https://registry.npmjs.org/caniuse-lite 820ms (cache hit)
588 silly packumentCache full:https://registry.npmjs.org/caniuse-lite set size:2306880 disposed:false
589 silly fetch manifest postcss-selector-parser@^6.1.2
590 silly packumentCache full:https://registry.npmjs.org/postcss-selector-parser cache-miss
591 http cache https://registry.npmjs.org/@next%2fswc-darwin-arm64 340ms (cache hit)
592 silly packumentCache full:https://registry.npmjs.org/@next%2fswc-darwin-arm64 set size:5461135 disposed:false
593 silly fetch manifest chai@^5.1.2
594 silly packumentCache full:https://registry.npmjs.org/chai cache-miss
595 http cache https://registry.npmjs.org/@next%2fswc-linux-x64-musl 343ms (cache hit)
596 silly packumentCache full:https://registry.npmjs.org/@next%2fswc-linux-x64-musl set size:5268741 disposed:false
597 silly fetch manifest vite@^5.0.0
598 silly packumentCache full:https://registry.npmjs.org/vite cache-miss
599 http cache https://registry.npmjs.org/@next%2fswc-darwin-x64 552ms (cache hit)
600 silly packumentCache full:https://registry.npmjs.org/@next%2fswc-darwin-x64 set size:5402210 disposed:false
601 silly fetch manifest debug@^4.3.7
602 silly packumentCache full:https://registry.npmjs.org/debug cache-hit
603 silly fetch manifest @vitest/mocker@2.1.9
604 silly packumentCache full:https://registry.npmjs.org/@vitest%2fmocker cache-miss
605 http cache https://registry.npmjs.org/@next%2fswc-linux-x64-gnu 652ms (cache hit)
606 silly packumentCache full:https://registry.npmjs.org/@next%2fswc-linux-x64-gnu set size:5513017 disposed:false
607 http cache https://registry.npmjs.org/@next%2fswc-win32-arm64-msvc 723ms (cache hit)
608 silly packumentCache full:https://registry.npmjs.org/@next%2fswc-win32-arm64-msvc set size:5298675 disposed:false
609 http cache https://registry.npmjs.org/sucrase 724ms (cache hit)
610 silly packumentCache full:https://registry.npmjs.org/sucrase set size:449399 disposed:false
611 http cache https://registry.npmjs.org/@next%2fswc-linux-arm64-musl 847ms (cache hit)
612 silly packumentCache full:https://registry.npmjs.org/@next%2fswc-linux-arm64-musl set size:5336103 disposed:false
613 http cache https://registry.npmjs.org/resolve 928ms (cache hit)
614 silly packumentCache full:https://registry.npmjs.org/resolve set size:244568 disposed:false
615 http cache https://registry.npmjs.org/@next%2fswc-linux-arm64-gnu 1008ms (cache hit)
616 silly packumentCache full:https://registry.npmjs.org/@next%2fswc-linux-arm64-gnu set size:5317177 disposed:false
617 http cache https://registry.npmjs.org/fast-glob 994ms (cache hit)
618 silly packumentCache full:https://registry.npmjs.org/fast-glob set size:220556 disposed:false
619 http cache https://registry.npmjs.org/postcss-selector-parser 970ms (cache hit)
620 silly packumentCache full:https://registry.npmjs.org/postcss-selector-parser set size:193966 disposed:false
621 http cache https://registry.npmjs.org/chai 902ms (cache hit)
622 silly packumentCache full:https://registry.npmjs.org/chai set size:232540 disposed:false
623 http cache https://registry.npmjs.org/@vitest%2fmocker 712ms (cache hit)
624 silly packumentCache full:https://registry.npmjs.org/@vitest%2fmocker set size:333143 disposed:false
625 http cache https://registry.npmjs.org/vite 1203ms (cache hit)
626 silly packumentCache full:https://registry.npmjs.org/vite set size:38918610 disposed:false
627 silly placeDep ROOT ajv@6.15.0 OK for: @eslint/eslintrc@3.3.6 want: ^6.14.0
628 silly placeDep ROOT debug@4.4.3 OK for: @eslint/eslintrc@3.3.6 want: ^4.3.2
629 silly placeDep ROOT espree@10.4.0 OK for: @eslint/eslintrc@3.3.6 want: ^10.0.1
630 silly placeDep ROOT globals@14.0.0 OK for: @eslint/eslintrc@3.3.6 want: ^14.0.0
631 silly placeDep ROOT ignore@5.3.2 OK for: @eslint/eslintrc@3.3.6 want: ^5.2.0
632 silly placeDep ROOT import-fresh@3.3.1 OK for: @eslint/eslintrc@3.3.6 want: ^3.2.1
633 silly placeDep ROOT js-yaml@4.3.0 OK for: @eslint/eslintrc@3.3.6 want: ^4.3.0
634 silly placeDep ROOT minimatch@3.1.5 OK for: @eslint/eslintrc@3.3.6 want: ^3.1.5
635 silly placeDep ROOT strip-json-comments@3.1.1 OK for: @eslint/eslintrc@3.3.6 want: ^3.1.1
636 silly fetch manifest uri-js@^4.2.2
637 silly packumentCache full:https://registry.npmjs.org/uri-js cache-miss
638 silly fetch manifest fast-deep-equal@^3.1.1
639 silly packumentCache full:https://registry.npmjs.org/fast-deep-equal cache-hit
640 silly fetch manifest fast-json-stable-stringify@^2.0.0
641 silly packumentCache full:https://registry.npmjs.org/fast-json-stable-stringify cache-miss
642 http cache https://registry.npmjs.org/fast-json-stable-stringify 28ms (cache hit)
643 silly packumentCache full:https://registry.npmjs.org/fast-json-stable-stringify set size:11337 disposed:false
644 http cache https://registry.npmjs.org/uri-js 36ms (cache hit)
645 silly packumentCache full:https://registry.npmjs.org/uri-js set size:42559 disposed:false
646 silly placeDep node_modules/@testing-library/dom @babel/code-frame@7.29.7 OK for: @testing-library/dom@10.4.1 want: ^7.10.4
647 silly placeDep ROOT @babel/runtime@7.29.7 OK for: @testing-library/dom@10.4.1 want: ^7.12.5
648 silly placeDep node_modules/@testing-library/dom @types/aria-query@5.0.4 OK for: @testing-library/dom@10.4.1 want: ^5.0.1
649 silly placeDep ROOT aria-query@5.3.0 OK for: @testing-library/dom@10.4.1 want: 5.3.0
650 silly placeDep node_modules/@testing-library/dom dom-accessibility-api@0.5.16 OK for: @testing-library/dom@10.4.1 want: ^0.5.9
651 silly placeDep node_modules/@testing-library/dom lz-string@1.5.0 OK for: @testing-library/dom@10.4.1 want: ^1.5.0
652 silly placeDep ROOT picocolors@1.1.1 OK for: @testing-library/dom@10.4.1 want: 1.1.1
653 silly placeDep node_modules/@testing-library/dom pretty-format@27.5.1 OK for: @testing-library/dom@10.4.1 want: ^27.0.2
654 silly fetch manifest js-tokens@^4.0.0
655 silly packumentCache full:https://registry.npmjs.org/js-tokens cache-miss
656 silly fetch manifest @babel/helper-validator-identifier@^7.29.7
657 silly packumentCache full:https://registry.npmjs.org/@babel%2fhelper-validator-identifier cache-miss
658 silly fetch manifest dequal@^2.0.3
659 silly packumentCache full:https://registry.npmjs.org/dequal cache-miss
660 silly fetch manifest ansi-styles@^5.0.0
661 silly packumentCache full:https://registry.npmjs.org/ansi-styles cache-miss
662 http cache https://registry.npmjs.org/dequal 31ms (cache hit)
663 silly packumentCache full:https://registry.npmjs.org/dequal set size:24037 disposed:false
664 http cache https://registry.npmjs.org/js-tokens 39ms (cache hit)
665 silly packumentCache full:https://registry.npmjs.org/js-tokens set size:41947 disposed:false
666 http cache https://registry.npmjs.org/@babel%2fhelper-validator-identifier 44ms (cache hit)
667 silly packumentCache full:https://registry.npmjs.org/@babel%2fhelper-validator-identifier set size:130133 disposed:false
668 http cache https://registry.npmjs.org/ansi-styles 50ms (cache hit)
669 silly packumentCache full:https://registry.npmjs.org/ansi-styles set size:71772 disposed:false
670 silly placeDep ROOT @adobe/css-tools@4.5.0 OK for: @testing-library/jest-dom@6.9.1 want: ^4.4.0
671 silly placeDep ROOT css.escape@1.5.1 OK for: @testing-library/jest-dom@6.9.1 want: ^1.5.1
672 silly placeDep node_modules/@testing-library/jest-dom dom-accessibility-api@0.6.3 OK for: @testing-library/jest-dom@6.9.1 want: ^0.6.3
673 silly placeDep ROOT redent@3.0.0 OK for: @testing-library/jest-dom@6.9.1 want: ^3.0.0
674 silly placeDep ROOT undici-types@6.21.0 OK for: @types/node@22.20.1 want: ~6.21.0
675 silly placeDep node_modules/@types/react csstype@3.2.3 OK for: @types/react@19.2.17 want: ^3.2.2
676 silly placeDep ROOT @babel/core@7.29.7 OK for: @vitejs/plugin-react@4.7.0 want: ^7.28.0
677 silly placeDep ROOT @babel/plugin-transform-react-jsx-self@7.29.7 OK for: @vitejs/plugin-react@4.7.0 want: ^7.27.1
678 silly placeDep ROOT @babel/plugin-transform-react-jsx-source@7.29.7 OK for: @vitejs/plugin-react@4.7.0 want: ^7.27.1
679 silly placeDep ROOT @rolldown/pluginutils@1.0.0-beta.27 OK for: @vitejs/plugin-react@4.7.0 want: 1.0.0-beta.27
680 silly placeDep ROOT @types/babel__core@7.20.5 OK for: @vitejs/plugin-react@4.7.0 want: ^7.20.5
681 silly placeDep ROOT react-refresh@0.17.0 OK for: @vitejs/plugin-react@4.7.0 want: ^0.17.0
682 silly fetch manifest json5@^2.2.3
683 silly packumentCache full:https://registry.npmjs.org/json5 cache-miss
684 silly fetch manifest semver@^6.3.1
685 silly packumentCache full:https://registry.npmjs.org/semver cache-miss
686 silly fetch manifest gensync@^1.0.0-beta.2
687 silly packumentCache full:https://registry.npmjs.org/gensync cache-miss
688 silly fetch manifest @babel/types@^7.29.7
689 silly packumentCache full:https://registry.npmjs.org/@babel%2ftypes cache-miss
690 silly fetch manifest @babel/parser@^7.29.7
691 silly packumentCache full:https://registry.npmjs.org/@babel%2fparser cache-miss
692 silly fetch manifest @babel/helpers@^7.29.7
693 silly packumentCache full:https://registry.npmjs.org/@babel%2fhelpers cache-miss
694 silly fetch manifest @babel/template@^7.29.7
695 silly packumentCache full:https://registry.npmjs.org/@babel%2ftemplate cache-miss
696 silly fetch manifest @babel/traverse@^7.29.7
697 silly packumentCache full:https://registry.npmjs.org/@babel%2ftraverse cache-miss
698 silly fetch manifest @babel/generator@^7.29.7
699 silly packumentCache full:https://registry.npmjs.org/@babel%2fgenerator cache-miss
700 silly fetch manifest @babel/code-frame@^7.29.7
701 silly packumentCache full:https://registry.npmjs.org/@babel%2fcode-frame cache-hit
702 silly fetch manifest convert-source-map@^2.0.0
703 silly packumentCache full:https://registry.npmjs.org/convert-source-map cache-miss
704 silly fetch manifest @jridgewell/remapping@^2.3.5
705 silly packumentCache full:https://registry.npmjs.org/@jridgewell%2fremapping cache-miss
706 http cache https://registry.npmjs.org/gensync 113ms (cache hit)
707 silly packumentCache full:https://registry.npmjs.org/gensync set size:15068 disposed:false
708 silly fetch manifest @babel/helper-module-transforms@^7.29.7
709 silly packumentCache full:https://registry.npmjs.org/@babel%2fhelper-module-transforms cache-miss
710 http cache https://registry.npmjs.org/json5 128ms (cache hit)
711 silly packumentCache full:https://registry.npmjs.org/json5 set size:86136 disposed:false
712 silly fetch manifest @babel/helper-compilation-targets@^7.29.7
713 silly packumentCache full:https://registry.npmjs.org/@babel%2fhelper-compilation-targets cache-miss
714 http cache https://registry.npmjs.org/semver 139ms (cache hit)
715 silly packumentCache full:https://registry.npmjs.org/semver set size:246069 disposed:false
716 silly fetch manifest @babel/helper-plugin-utils@^7.29.7
717 silly packumentCache full:https://registry.npmjs.org/@babel%2fhelper-plugin-utils cache-miss
718 http cache https://registry.npmjs.org/@babel%2fparser 156ms (cache hit)
719 silly packumentCache full:https://registry.npmjs.org/@babel%2fparser set size:735431 disposed:false
720 silly fetch manifest @babel/helper-plugin-utils@^7.29.7
721 silly packumentCache full:https://registry.npmjs.org/@babel%2fhelper-plugin-utils cache-miss
722 http cache https://registry.npmjs.org/@babel%2ftemplate 182ms (cache hit)
723 silly packumentCache full:https://registry.npmjs.org/@babel%2ftemplate set size:237074 disposed:false
724 silly fetch manifest @babel/types@^7.20.7
725 silly packumentCache full:https://registry.npmjs.org/@babel%2ftypes cache-miss
726 http cache https://registry.npmjs.org/@babel%2ftraverse 200ms (cache hit)
727 silly packumentCache full:https://registry.npmjs.org/@babel%2ftraverse set size:562384 disposed:false
728 silly fetch manifest @babel/parser@^7.20.7
729 silly packumentCache full:https://registry.npmjs.org/@babel%2fparser cache-hit
730 http cache https://registry.npmjs.org/@babel%2ftypes 227ms (cache hit)
731 silly packumentCache full:https://registry.npmjs.org/@babel%2ftypes set size:500625 disposed:false
732 http cache https://registry.npmjs.org/@babel%2fgenerator 235ms (cache hit)
733 silly packumentCache full:https://registry.npmjs.org/@babel%2fgenerator set size:520504 disposed:false
734 http cache https://registry.npmjs.org/convert-source-map 247ms (cache hit)
735 silly packumentCache full:https://registry.npmjs.org/convert-source-map set size:66997 disposed:false
736 http cache https://registry.npmjs.org/@jridgewell%2fremapping 247ms (cache hit)
737 silly packumentCache full:https://registry.npmjs.org/@jridgewell%2fremapping set size:23809 disposed:false
738 http cache https://registry.npmjs.org/@babel%2fhelpers 269ms (cache hit)
739 silly packumentCache full:https://registry.npmjs.org/@babel%2fhelpers set size:398496 disposed:false
740 http cache https://registry.npmjs.org/@babel%2fhelper-plugin-utils 162ms (cache hit)
741 silly packumentCache full:https://registry.npmjs.org/@babel%2fhelper-plugin-utils set size:175564 disposed:false
742 http cache https://registry.npmjs.org/@babel%2ftypes 122ms (cache hit)
743 silly packumentCache full:https://registry.npmjs.org/@babel%2ftypes set size:500625 disposed:false
744 silly packumentCache full:https://registry.npmjs.org/@babel%2ftypes dispose
745 http cache https://registry.npmjs.org/@babel%2fhelper-plugin-utils 153ms (cache hit)
746 silly packumentCache full:https://registry.npmjs.org/@babel%2fhelper-plugin-utils set size:175564 disposed:false
747 silly packumentCache full:https://registry.npmjs.org/@babel%2fhelper-plugin-utils dispose
748 http cache https://registry.npmjs.org/@babel%2fhelper-module-transforms 227ms (cache hit)
749 silly packumentCache full:https://registry.npmjs.org/@babel%2fhelper-module-transforms set size:346454 disposed:false
750 http cache https://registry.npmjs.org/@babel%2fhelper-compilation-targets 225ms (cache hit)
751 silly packumentCache full:https://registry.npmjs.org/@babel%2fhelper-compilation-targets set size:229541 disposed:false
752 silly fetch manifest @babel/core@^7.0.0
753 silly packumentCache full:https://registry.npmjs.org/@babel%2fcore cache-hit
754 silly placeDep node_modules/@babel/core @babel/code-frame@7.29.7 OK for: @babel/core@7.29.7 want: ^7.29.7
755 silly placeDep node_modules/@babel/core @babel/generator@7.29.7 OK for: @babel/core@7.29.7 want: ^7.29.7
756 silly placeDep node_modules/@babel/core @babel/helper-compilation-targets@7.29.7 OK for: @babel/core@7.29.7 want: ^7.29.7
757 silly placeDep node_modules/@babel/core @babel/helper-module-transforms@7.29.7 OK for: @babel/core@7.29.7 want: ^7.29.7
758 silly placeDep node_modules/@babel/core @babel/helpers@7.29.7 OK for: @babel/core@7.29.7 want: ^7.29.7
759 silly placeDep node_modules/@babel/core @babel/parser@7.29.7 OK for: @babel/core@7.29.7 want: ^7.29.7
760 silly placeDep node_modules/@babel/core @babel/template@7.29.7 OK for: @babel/core@7.29.7 want: ^7.29.7
761 silly placeDep node_modules/@babel/core @babel/traverse@7.29.7 OK for: @babel/core@7.29.7 want: ^7.29.7
762 silly placeDep node_modules/@babel/core @babel/types@7.29.7 OK for: @babel/core@7.29.7 want: ^7.29.7
763 silly placeDep node_modules/@babel/core @jridgewell/remapping@2.3.5 OK for: @babel/core@7.29.7 want: ^2.3.5
764 silly placeDep node_modules/@babel/core convert-source-map@2.0.0 OK for: @babel/core@7.29.7 want: ^2.0.0
765 silly placeDep node_modules/@babel/core gensync@1.0.0-beta.2 OK for: @babel/core@7.29.7 want: ^1.0.0-beta.2
766 silly placeDep node_modules/@babel/core json5@2.2.3 OK for: @babel/core@7.29.7 want: ^2.2.3
767 silly placeDep node_modules/@babel/core semver@6.3.1 OK for: @babel/core@7.29.7 want: ^6.3.1
768 silly fetch manifest jsesc@^3.0.2
769 silly packumentCache full:https://registry.npmjs.org/jsesc cache-miss
770 silly fetch manifest @jridgewell/gen-mapping@^0.3.12
771 silly packumentCache full:https://registry.npmjs.org/@jridgewell%2fgen-mapping cache-miss
772 silly fetch manifest @jridgewell/trace-mapping@^0.3.28
773 silly packumentCache full:https://registry.npmjs.org/@jridgewell%2ftrace-mapping cache-miss
774 silly fetch manifest lru-cache@^5.1.1
775 silly packumentCache full:https://registry.npmjs.org/lru-cache cache-miss
776 silly fetch manifest browserslist@^4.24.0
777 silly packumentCache full:https://registry.npmjs.org/browserslist cache-hit
778 silly fetch manifest @babel/compat-data@^7.29.7
779 silly packumentCache full:https://registry.npmjs.org/@babel%2fcompat-data cache-miss
780 silly fetch manifest @babel/helper-validator-option@^7.29.7
781 silly packumentCache full:https://registry.npmjs.org/@babel%2fhelper-validator-option cache-miss
782 silly fetch manifest @babel/helper-module-imports@^7.29.7
783 silly packumentCache full:https://registry.npmjs.org/@babel%2fhelper-module-imports cache-miss
784 silly fetch manifest @babel/helper-globals@^7.29.7
785 silly packumentCache full:https://registry.npmjs.org/@babel%2fhelper-globals cache-miss
786 silly fetch manifest @babel/helper-string-parser@^7.29.7
787 silly packumentCache full:https://registry.npmjs.org/@babel%2fhelper-string-parser cache-miss
788 silly fetch manifest @jridgewell/gen-mapping@^0.3.5
789 silly packumentCache full:https://registry.npmjs.org/@jridgewell%2fgen-mapping cache-miss
790 silly fetch manifest @jridgewell/trace-mapping@^0.3.24
791 silly packumentCache full:https://registry.npmjs.org/@jridgewell%2ftrace-mapping cache-miss
792 http cache https://registry.npmjs.org/jsesc 107ms (cache hit)
793 silly packumentCache full:https://registry.npmjs.org/jsesc set size:61512 disposed:false
794 http cache https://registry.npmjs.org/lru-cache 111ms (cache hit)
795 silly packumentCache full:https://registry.npmjs.org/lru-cache set size:460407 disposed:false
796 http cache https://registry.npmjs.org/@babel%2fcompat-data 126ms (cache hit)
797 silly packumentCache full:https://registry.npmjs.org/@babel%2fcompat-data set size:318807 disposed:false
798 http cache https://registry.npmjs.org/@jridgewell%2fgen-mapping 147ms (cache hit)
799 silly packumentCache full:https://registry.npmjs.org/@jridgewell%2fgen-mapping set size:75941 disposed:false
800 http cache https://registry.npmjs.org/@jridgewell%2fgen-mapping 133ms (cache hit)
801 silly packumentCache full:https://registry.npmjs.org/@jridgewell%2fgen-mapping set size:75941 disposed:false
802 silly packumentCache full:https://registry.npmjs.org/@jridgewell%2fgen-mapping dispose
803 http cache https://registry.npmjs.org/@jridgewell%2ftrace-mapping 161ms (cache hit)
804 silly packumentCache full:https://registry.npmjs.org/@jridgewell%2ftrace-mapping set size:170909 disposed:false
805 http cache https://registry.npmjs.org/@babel%2fhelper-string-parser 152ms (cache hit)
806 silly packumentCache full:https://registry.npmjs.org/@babel%2fhelper-string-parser set size:91563 disposed:false
807 http cache https://registry.npmjs.org/@babel%2fhelper-validator-option 167ms (cache hit)
808 silly packumentCache full:https://registry.npmjs.org/@babel%2fhelper-validator-option set size:101303 disposed:false
809 http cache https://registry.npmjs.org/@jridgewell%2ftrace-mapping 162ms (cache hit)
810 silly packumentCache full:https://registry.npmjs.org/@jridgewell%2ftrace-mapping set size:170909 disposed:false
811 silly packumentCache full:https://registry.npmjs.org/@jridgewell%2ftrace-mapping dispose
812 http cache https://registry.npmjs.org/@babel%2fhelper-module-imports 182ms (cache hit)
813 silly packumentCache full:https://registry.npmjs.org/@babel%2fhelper-module-imports set size:203392 disposed:false
814 http cache https://registry.npmjs.org/@babel%2fhelper-globals 184ms (cache hit)
815 silly packumentCache full:https://registry.npmjs.org/@babel%2fhelper-globals set size:25155 disposed:false
816 silly placeDep node_modules/@babel/plugin-transform-react-jsx-self @babel/helper-plugin-utils@7.29.7 OK for: @babel/plugin-transform-react-jsx-self@7.29.7 want: ^7.29.7
817 silly placeDep node_modules/@babel/plugin-transform-react-jsx-source @babel/helper-plugin-utils@7.29.7 OK for: @babel/plugin-transform-react-jsx-source@7.29.7 want: ^7.29.7
818 silly placeDep node_modules/@types/babel__core @babel/parser@7.29.7 OK for: @types/babel__core@7.20.5 want: ^7.20.7
819 silly placeDep node_modules/@types/babel__core @babel/types@7.29.7 OK for: @types/babel__core@7.20.5 want: ^7.20.7
820 silly fetch manifest @types/react@>=17
821 silly packumentCache full:https://registry.npmjs.org/@types%2freact cache-miss
822 http cache https://registry.npmjs.org/@types%2freact 57ms (cache hit)
823 silly packumentCache full:https://registry.npmjs.org/@types%2freact set size:2632776 disposed:false
824 silly fetch manifest immer@>=9.0.6
825 silly packumentCache full:https://registry.npmjs.org/immer cache-miss
826 http cache https://registry.npmjs.org/immer 92ms (cache hit)
827 silly packumentCache full:https://registry.npmjs.org/immer set size:787228 disposed:false
828 silly fetch manifest react@>=17
829 silly packumentCache full:https://registry.npmjs.org/react cache-miss
830 http cache https://registry.npmjs.org/react 168ms (cache hit)
831 silly packumentCache full:https://registry.npmjs.org/react set size:6849402 disposed:false
832 silly placeDep ROOT @xyflow/system@0.0.79 OK for: @xyflow/react@12.11.2 want: 0.0.79
833 silly placeDep ROOT classcat@5.0.5 OK for: @xyflow/react@12.11.2 want: ^5.0.3
834 silly placeDep ROOT zustand@4.5.7 OK for: @xyflow/react@12.11.2 want: ^4.4.0
835 silly fetch manifest @types/d3-drag@^3.0.7
836 silly packumentCache full:https://registry.npmjs.org/@types%2fd3-drag cache-miss
837 silly fetch manifest @types/d3-interpolate@^3.0.4
838 silly packumentCache full:https://registry.npmjs.org/@types%2fd3-interpolate cache-miss
839 silly fetch manifest @types/d3-selection@^3.0.10
840 silly packumentCache full:https://registry.npmjs.org/@types%2fd3-selection cache-miss
841 silly fetch manifest @types/d3-transition@^3.0.8
842 silly packumentCache full:https://registry.npmjs.org/@types%2fd3-transition cache-miss
843 silly fetch manifest @types/d3-zoom@^3.0.8
844 silly packumentCache full:https://registry.npmjs.org/@types%2fd3-zoom cache-miss
845 silly fetch manifest d3-drag@^3.0.0
846 silly packumentCache full:https://registry.npmjs.org/d3-drag cache-miss
847 silly fetch manifest d3-interpolate@^3.0.1
848 silly packumentCache full:https://registry.npmjs.org/d3-interpolate cache-miss
849 silly fetch manifest d3-selection@^3.0.0
850 silly packumentCache full:https://registry.npmjs.org/d3-selection cache-miss
851 silly fetch manifest d3-zoom@^3.0.0
852 silly packumentCache full:https://registry.npmjs.org/d3-zoom cache-miss
853 http cache https://registry.npmjs.org/d3-drag 73ms (cache hit)
854 silly packumentCache full:https://registry.npmjs.org/d3-drag set size:116130 disposed:false
855 http cache https://registry.npmjs.org/@types%2fd3-interpolate 93ms (cache hit)
856 silly packumentCache full:https://registry.npmjs.org/@types%2fd3-interpolate set size:56692 disposed:false
857 http cache https://registry.npmjs.org/@types%2fd3-drag 100ms (cache hit)
858 silly packumentCache full:https://registry.npmjs.org/@types%2fd3-drag set size:61692 disposed:false
859 http cache https://registry.npmjs.org/@types%2fd3-transition 106ms (cache hit)
860 silly packumentCache full:https://registry.npmjs.org/@types%2fd3-transition set size:88488 disposed:false
861 http cache https://registry.npmjs.org/d3-interpolate 110ms (cache hit)
862 silly packumentCache full:https://registry.npmjs.org/d3-interpolate set size:162337 disposed:false
863 http cache https://registry.npmjs.org/d3-selection 119ms (cache hit)
864 silly packumentCache full:https://registry.npmjs.org/d3-selection set size:436645 disposed:false
865 http cache https://registry.npmjs.org/@types%2fd3-selection 170ms (cache hit)
866 silly packumentCache full:https://registry.npmjs.org/@types%2fd3-selection set size:96309 disposed:false
867 http cache https://registry.npmjs.org/@types%2fd3-zoom 181ms (cache hit)
868 silly packumentCache full:https://registry.npmjs.org/@types%2fd3-zoom set size:93285 disposed:false
869 http cache https://registry.npmjs.org/d3-zoom 185ms (cache hit)
870 silly packumentCache full:https://registry.npmjs.org/d3-zoom set size:176377 disposed:false
871 silly placeDep node_modules/@xyflow/system @types/d3-drag@3.0.7 OK for: @xyflow/system@0.0.79 want: ^3.0.7
872 silly placeDep node_modules/@xyflow/system @types/d3-interpolate@3.0.4 OK for: @xyflow/system@0.0.79 want: ^3.0.4
873 silly placeDep node_modules/@xyflow/system @types/d3-selection@3.0.11 OK for: @xyflow/system@0.0.79 want: ^3.0.10
874 silly placeDep node_modules/@xyflow/system @types/d3-transition@3.0.9 OK for: @xyflow/system@0.0.79 want: ^3.0.8
875 silly placeDep node_modules/@xyflow/system @types/d3-zoom@3.0.8 OK for: @xyflow/system@0.0.79 want: ^3.0.8
876 silly placeDep node_modules/@xyflow/system d3-drag@3.0.0 OK for: @xyflow/system@0.0.79 want: ^3.0.0
877 silly placeDep node_modules/@xyflow/system d3-interpolate@3.0.1 OK for: @xyflow/system@0.0.79 want: ^3.0.1
878 silly placeDep node_modules/@xyflow/system d3-selection@3.0.0 OK for: @xyflow/system@0.0.79 want: ^3.0.0
879 silly placeDep node_modules/@xyflow/system d3-zoom@3.0.0 OK for: @xyflow/system@0.0.79 want: ^3.0.0
880 silly fetch manifest d3-dispatch@1 - 3
881 silly packumentCache full:https://registry.npmjs.org/d3-dispatch cache-miss
882 silly fetch manifest d3-selection@3
883 silly packumentCache full:https://registry.npmjs.org/d3-selection cache-hit
884 silly fetch manifest d3-color@1 - 3
885 silly packumentCache full:https://registry.npmjs.org/d3-color cache-miss
886 silly fetch manifest d3-dispatch@1 - 3
887 silly packumentCache full:https://registry.npmjs.org/d3-dispatch cache-miss
888 silly fetch manifest d3-transition@2 - 3
889 silly packumentCache full:https://registry.npmjs.org/d3-transition cache-miss
890 http cache https://registry.npmjs.org/d3-dispatch 53ms (cache hit)
891 silly packumentCache full:https://registry.npmjs.org/d3-dispatch set size:82955 disposed:false
892 http cache https://registry.npmjs.org/d3-dispatch 62ms (cache hit)
893 silly packumentCache full:https://registry.npmjs.org/d3-dispatch set size:82955 disposed:false
894 silly packumentCache full:https://registry.npmjs.org/d3-dispatch dispose
895 http cache https://registry.npmjs.org/d3-transition 66ms (cache hit)
896 silly packumentCache full:https://registry.npmjs.org/d3-transition set size:440595 disposed:false
897 http cache https://registry.npmjs.org/d3-color 83ms (cache hit)
898 silly packumentCache full:https://registry.npmjs.org/d3-color set size:142335 disposed:false
899 silly placeDep ROOT fast-deep-equal@3.1.3 OK for: ajv@6.15.0 want: ^3.1.1
900 silly placeDep node_modules/ajv fast-json-stable-stringify@2.1.0 OK for: ajv@6.15.0 want: ^2.0.0
901 silly placeDep node_modules/ajv uri-js@4.4.1 OK for: ajv@6.15.0 want: ^4.2.2
902 silly placeDep node_modules/aria-query dequal@2.0.3 OK for: aria-query@5.3.0 want: ^2.0.3
903 silly placeDep ROOT browserslist@4.28.7 OK for: autoprefixer@10.5.4 want: ^4.28.6
904 silly placeDep ROOT caniuse-lite@1.0.30001806 OK for: autoprefixer@10.5.4 want: ^1.0.30001806
905 silly placeDep ROOT fraction.js@5.3.4 OK for: autoprefixer@10.5.4 want: ^5.3.4
906 silly placeDep ROOT postcss-value-parser@4.2.0 OK for: autoprefixer@10.5.4 want: ^4.2.0
907 silly fetch manifest node-releases@^2.0.51
908 silly packumentCache full:https://registry.npmjs.org/node-releases cache-miss
909 silly fetch manifest electron-to-chromium@^1.5.393
910 silly packumentCache full:https://registry.npmjs.org/electron-to-chromium cache-miss
911 silly fetch manifest update-browserslist-db@^1.2.3
912 silly packumentCache full:https://registry.npmjs.org/update-browserslist-db cache-miss
913 silly fetch manifest baseline-browser-mapping@^2.10.44
914 silly packumentCache full:https://registry.npmjs.org/baseline-browser-mapping cache-miss
915 http cache https://registry.npmjs.org/update-browserslist-db 43ms (cache hit)
916 silly packumentCache full:https://registry.npmjs.org/update-browserslist-db set size:62000 disposed:false
917 http cache https://registry.npmjs.org/node-releases 63ms (cache hit)
918 silly packumentCache full:https://registry.npmjs.org/node-releases set size:290209 disposed:false
919 http cache https://registry.npmjs.org/baseline-browser-mapping 64ms (cache hit)
920 silly packumentCache full:https://registry.npmjs.org/baseline-browser-mapping set size:572786 disposed:false
921 http cache https://registry.npmjs.org/electron-to-chromium 102ms (cache hit)
922 silly packumentCache full:https://registry.npmjs.org/electron-to-chromium set size:4879275 disposed:false
923 silly fetch manifest browserslist@>= 4.21.0
924 silly packumentCache full:https://registry.npmjs.org/browserslist cache-hit
925 silly placeDep node_modules/browserslist baseline-browser-mapping@2.11.8 OK for: browserslist@4.28.7 want: ^2.10.44
926 silly placeDep node_modules/browserslist electron-to-chromium@1.5.398 OK for: browserslist@4.28.7 want: ^1.5.393
927 silly placeDep node_modules/browserslist node-releases@2.0.51 OK for: browserslist@4.28.7 want: ^2.0.51
928 silly placeDep node_modules/browserslist update-browserslist-db@1.2.3 OK for: browserslist@4.28.7 want: ^1.2.3
929 silly fetch manifest eslint@^6.0.0 || ^7.0.0 || >=8.0.0
930 silly packumentCache full:https://registry.npmjs.org/eslint cache-miss
931 http cache https://registry.npmjs.org/eslint 35ms (cache hit)
932 silly packumentCache full:https://registry.npmjs.org/eslint set size:2040662 disposed:false
933 silly placeDep ROOT @eslint-community/eslint-utils@4.10.1 OK for: eslint@9.39.5 want: ^4.8.0
934 silly placeDep ROOT @eslint-community/regexpp@4.12.2 OK for: eslint@9.39.5 want: ^4.12.1
935 silly placeDep ROOT @eslint/config-array@0.21.2 OK for: eslint@9.39.5 want: ^0.21.2
936 silly placeDep ROOT @eslint/config-helpers@0.4.2 OK for: eslint@9.39.5 want: ^0.4.2
937 silly placeDep ROOT @eslint/core@0.17.0 OK for: eslint@9.39.5 want: ^0.17.0
938 silly placeDep ROOT @eslint/js@9.39.5 OK for: eslint@9.39.5 want: 9.39.5
939 silly placeDep ROOT @eslint/plugin-kit@0.4.1 OK for: eslint@9.39.5 want: ^0.4.1
940 silly placeDep ROOT @humanfs/node@0.16.8 OK for: eslint@9.39.5 want: ^0.16.6
941 silly placeDep ROOT @humanwhocodes/module-importer@1.0.1 OK for: eslint@9.39.5 want: ^1.0.1
942 silly placeDep ROOT @humanwhocodes/retry@0.4.3 OK for: eslint@9.39.5 want: ^0.4.2
943 silly placeDep ROOT @types/estree@1.0.9 OK for: eslint@9.39.5 want: ^1.0.6
944 silly placeDep ROOT chalk@4.1.2 OK for: eslint@9.39.5 want: ^4.0.0
945 silly placeDep ROOT cross-spawn@7.0.6 OK for: eslint@9.39.5 want: ^7.0.6
946 silly placeDep ROOT eslint-scope@8.4.0 OK for: eslint@9.39.5 want: ^8.4.0
947 silly placeDep ROOT eslint-visitor-keys@4.2.1 OK for: eslint@9.39.5 want: ^4.2.1
948 silly placeDep ROOT esquery@1.7.0 OK for: eslint@9.39.5 want: ^1.5.0
949 silly placeDep ROOT file-entry-cache@8.0.0 OK for: eslint@9.39.5 want: ^8.0.0
950 silly placeDep ROOT optionator@0.9.4 OK for: eslint@9.39.5 want: ^0.9.3
951 silly fetch manifest eslint-visitor-keys@^3.4.3
952 silly packumentCache full:https://registry.npmjs.org/eslint-visitor-keys cache-hit
953 silly fetch manifest @eslint/object-schema@^2.1.7
954 silly packumentCache full:https://registry.npmjs.org/@eslint%2fobject-schema cache-miss
955 silly fetch manifest @types/json-schema@^7.0.15
956 silly packumentCache full:https://registry.npmjs.org/@types%2fjson-schema cache-miss
957 silly fetch manifest levn@^0.4.1
958 silly packumentCache full:https://registry.npmjs.org/levn cache-miss
959 silly fetch manifest @humanwhocodes/retry@^0.4.0
960 silly packumentCache full:https://registry.npmjs.org/@humanwhocodes%2fretry cache-hit
961 silly fetch manifest @humanfs/core@^0.19.2
962 silly packumentCache full:https://registry.npmjs.org/@humanfs%2fcore cache-miss
963 silly fetch manifest which@^2.0.1
964 silly packumentCache full:https://registry.npmjs.org/which cache-miss
965 silly fetch manifest levn@^0.4.1
966 silly packumentCache full:https://registry.npmjs.org/levn cache-miss
967 http cache https://registry.npmjs.org/levn 63ms (cache hit)
968 silly packumentCache full:https://registry.npmjs.org/levn set size:28223 disposed:false
969 http cache https://registry.npmjs.org/@types%2fjson-schema 66ms (cache hit)
970 silly packumentCache full:https://registry.npmjs.org/@types%2fjson-schema set size:44704 disposed:false
971 http cache https://registry.npmjs.org/@eslint%2fobject-schema 70ms (cache hit)
972 silly packumentCache full:https://registry.npmjs.org/@eslint%2fobject-schema set size:38535 disposed:false
973 http cache https://registry.npmjs.org/@humanfs%2fcore 76ms (cache hit)
974 silly packumentCache full:https://registry.npmjs.org/@humanfs%2fcore set size:37261 disposed:false
975 http cache https://registry.npmjs.org/which 80ms (cache hit)
976 silly packumentCache full:https://registry.npmjs.org/which set size:70087 disposed:false
977 http cache https://registry.npmjs.org/levn 86ms (cache hit)
978 silly packumentCache full:https://registry.npmjs.org/levn set size:28223 disposed:false
979 silly packumentCache full:https://registry.npmjs.org/levn dispose
980 silly placeDep node_modules/@eslint-community/eslint-utils eslint-visitor-keys@3.4.3 OK for: @eslint-community/eslint-utils@4.10.1 want: ^3.4.3
981 silly placeDep node_modules/@eslint/config-array @eslint/object-schema@2.1.7 OK for: @eslint/config-array@0.21.2 want: ^2.1.7
982 silly placeDep node_modules/@eslint/core @types/json-schema@7.0.15 OK for: @eslint/core@0.17.0 want: ^7.0.15
983 silly placeDep node_modules/@eslint/plugin-kit levn@0.4.1 OK for: @eslint/plugin-kit@0.4.1 want: ^0.4.1
984 silly placeDep node_modules/@humanfs/node @humanfs/core@0.19.2 OK for: @humanfs/node@0.16.8 want: ^0.19.2
985 silly placeDep node_modules/cross-spawn which@2.0.2 OK for: cross-spawn@7.0.6 want: ^2.0.1
986 silly fetch manifest eslint@^7.23.0 || ^8.0.0 || ^9.0.0
987 silly packumentCache full:https://registry.npmjs.org/eslint cache-miss
988 http cache https://registry.npmjs.org/eslint 36ms (cache hit)
989 silly packumentCache full:https://registry.npmjs.org/eslint set size:2040662 disposed:false
990 silly fetch manifest typescript@>=3.3.1
991 silly packumentCache full:https://registry.npmjs.org/typescript cache-miss
992 http cache https://registry.npmjs.org/typescript 185ms (cache hit)
993 silly packumentCache full:https://registry.npmjs.org/typescript set size:15493019 disposed:false
994 silly fetch manifest typescript@>=4.8.4 <6.1.0
995 silly packumentCache full:https://registry.npmjs.org/typescript cache-miss
996 http cache https://registry.npmjs.org/typescript 91ms (cache hit)
997 silly packumentCache full:https://registry.npmjs.org/typescript set size:15493019 disposed:false
998 silly fetch manifest eslint-plugin-import-x@*
999 silly packumentCache full:https://registry.npmjs.org/eslint-plugin-import-x cache-miss
1000 http cache https://registry.npmjs.org/eslint-plugin-import-x 25ms (cache hit)
1001 silly packumentCache full:https://registry.npmjs.org/eslint-plugin-import-x set size:276235 disposed:false
1002 silly fetch manifest @typescript-eslint/utils@^8.56.0
1003 silly packumentCache full:https://registry.npmjs.org/@typescript-eslint%2futils cache-miss
1004 http cache https://registry.npmjs.org/@typescript-eslint%2futils 90ms (cache hit)
1005 silly packumentCache full:https://registry.npmjs.org/@typescript-eslint%2futils set size:10602878 disposed:false
1006 silly fetch manifest eslint-import-resolver-node@^0.3.6
1007 silly packumentCache full:https://registry.npmjs.org/eslint-import-resolver-node cache-miss
1008 http cache https://registry.npmjs.org/eslint-import-resolver-node 81ms (cache hit)
1009 silly packumentCache full:https://registry.npmjs.org/eslint-import-resolver-node set size:39118 disposed:false
1010 silly placeDep ROOT @next/eslint-plugin-next@15.5.22 OK for: eslint-config-next@15.5.22 want: 15.5.22
1011 silly placeDep ROOT @rushstack/eslint-patch@1.16.1 OK for: eslint-config-next@15.5.22 want: ^1.10.3
1012 silly placeDep ROOT @typescript-eslint/eslint-plugin@8.65.0 OK for: eslint-config-next@15.5.22 want: ^5.4.2 || ^6.0.0 || ^7.0.0 || ^8.0.0
1013 silly placeDep ROOT @typescript-eslint/parser@8.65.0 OK for: @typescript-eslint/eslint-plugin@8.65.0 want: ^8.65.0
1014 silly placeDep node_modules/eslint-config-next eslint-import-resolver-typescript@3.10.1 OK for: eslint-config-next@15.5.22 want: ^3.5.2
1015 silly placeDep ROOT eslint-plugin-import@2.32.0 OK for: eslint-config-next@15.5.22 want: ^2.31.0
1016 silly placeDep ROOT eslint-plugin-jsx-a11y@6.10.2 OK for: eslint-config-next@15.5.22 want: ^6.10.0
1017 silly placeDep ROOT eslint-plugin-react@7.37.5 OK for: eslint-config-next@15.5.22 want: ^7.37.0
1018 silly placeDep ROOT eslint-plugin-react-hooks@5.2.0 OK for: eslint-config-next@15.5.22 want: ^5.0.0
1019 silly fetch manifest fast-glob@3.3.1
1020 silly packumentCache full:https://registry.npmjs.org/fast-glob cache-hit
1021 silly fetch manifest ignore@^7.0.5
1022 silly packumentCache full:https://registry.npmjs.org/ignore cache-hit
1023 silly fetch manifest ts-api-utils@^2.5.0
1024 silly packumentCache full:https://registry.npmjs.org/ts-api-utils cache-miss
1025 silly fetch manifest @typescript-eslint/utils@8.65.0
1026 silly packumentCache full:https://registry.npmjs.org/@typescript-eslint%2futils cache-miss
1027 silly fetch manifest @typescript-eslint/type-utils@8.65.0
1028 silly packumentCache full:https://registry.npmjs.org/@typescript-eslint%2ftype-utils cache-miss
1029 silly fetch manifest @typescript-eslint/visitor-keys@8.65.0
1030 silly packumentCache full:https://registry.npmjs.org/@typescript-eslint%2fvisitor-keys cache-miss
1031 silly fetch manifest @typescript-eslint/scope-manager@8.65.0
1032 silly packumentCache full:https://registry.npmjs.org/@typescript-eslint%2fscope-manager cache-miss
1033 silly fetch manifest @typescript-eslint/types@8.65.0
1034 silly packumentCache full:https://registry.npmjs.org/@typescript-eslint%2ftypes cache-miss
1035 silly fetch manifest @typescript-eslint/visitor-keys@8.65.0
1036 silly packumentCache full:https://registry.npmjs.org/@typescript-eslint%2fvisitor-keys cache-miss
1037 silly fetch manifest @typescript-eslint/scope-manager@8.65.0
1038 silly packumentCache full:https://registry.npmjs.org/@typescript-eslint%2fscope-manager cache-miss
1039 silly fetch manifest @typescript-eslint/typescript-estree@8.65.0
1040 silly packumentCache full:https://registry.npmjs.org/@typescript-eslint%2ftypescript-estree cache-miss
1041 silly fetch manifest array-includes@^3.1.9
1042 silly packumentCache full:https://registry.npmjs.org/array-includes cache-miss
1043 silly fetch manifest array.prototype.findlastindex@^1.2.6
1044 silly packumentCache full:https://registry.npmjs.org/array.prototype.findlastindex cache-miss
1045 http cache https://registry.npmjs.org/ts-api-utils 547ms (cache hit)
1046 silly packumentCache full:https://registry.npmjs.org/ts-api-utils set size:226785 disposed:false
1047 silly fetch manifest array.prototype.flat@^1.3.3
1048 silly packumentCache full:https://registry.npmjs.org/array.prototype.flat cache-miss
1049 http cache https://registry.npmjs.org/@typescript-eslint%2futils 680ms (cache hit)
1050 silly packumentCache full:https://registry.npmjs.org/@typescript-eslint%2futils set size:10602878 disposed:false
1051 silly fetch manifest array.prototype.flatmap@^1.3.3
1052 silly packumentCache full:https://registry.npmjs.org/array.prototype.flatmap cache-miss
1053 http cache https://registry.npmjs.org/@typescript-eslint%2ftype-utils 1108ms (cache hit)
1054 silly packumentCache full:https://registry.npmjs.org/@typescript-eslint%2ftype-utils set size:9714302 disposed:false
1055 silly fetch manifest debug@^3.2.7
1056 silly packumentCache full:https://registry.npmjs.org/debug cache-hit
1057 silly fetch manifest eslint-module-utils@^2.12.1
1058 silly packumentCache full:https://registry.npmjs.org/eslint-module-utils cache-miss
1059 http cache https://registry.npmjs.org/@typescript-eslint%2ftypescript-estree 1483ms (cache hit)
1060 silly packumentCache full:https://registry.npmjs.org/@typescript-eslint%2ftypescript-estree set size:16831210 disposed:false
1061 silly fetch manifest is-core-module@^2.16.1
1062 silly packumentCache full:https://registry.npmjs.org/is-core-module cache-miss
1063 http cache https://registry.npmjs.org/@typescript-eslint%2fscope-manager 2287ms (cache hit)
1064 silly packumentCache full:https://registry.npmjs.org/@typescript-eslint%2fscope-manager set size:12840966 disposed:false
1065 silly fetch manifest object.fromentries@^2.0.8
1066 silly packumentCache full:https://registry.npmjs.org/object.fromentries cache-miss
1067 http cache https://registry.npmjs.org/@typescript-eslint%2ftypes 3084ms (cache hit)
1068 silly packumentCache full:https://registry.npmjs.org/@typescript-eslint%2ftypes set size:12661067 disposed:false
1069 silly fetch manifest object.groupby@^1.0.3
1070 silly packumentCache full:https://registry.npmjs.org/object.groupby cache-miss
1071 http cache https://registry.npmjs.org/@typescript-eslint%2fvisitor-keys 3389ms (cache hit)
1072 silly packumentCache full:https://registry.npmjs.org/@typescript-eslint%2fvisitor-keys set size:12210584 disposed:false
1073 silly fetch manifest object.values@^1.2.1
1074 silly packumentCache full:https://registry.npmjs.org/object.values cache-miss
1075 http cache https://registry.npmjs.org/@typescript-eslint%2fscope-manager 3820ms (cache hit)
1076 silly packumentCache full:https://registry.npmjs.org/@typescript-eslint%2fscope-manager set size:12840966 disposed:false
1077 silly fetch manifest string.prototype.trimend@^1.0.9
1078 silly packumentCache full:https://registry.npmjs.org/string.prototype.trimend cache-miss
1079 http cache https://registry.npmjs.org/array-includes 4504ms (cache hit)
1080 silly packumentCache full:https://registry.npmjs.org/array-includes set size:77143 disposed:false
1081 silly fetch manifest aria-query@^5.3.2
1082 silly packumentCache full:https://registry.npmjs.org/aria-query cache-hit
1083 silly fetch manifest array-includes@^3.1.8
1084 silly packumentCache full:https://registry.npmjs.org/array-includes cache-hit
1085 silly fetch manifest array.prototype.flatmap@^1.3.2
1086 silly packumentCache full:https://registry.npmjs.org/array.prototype.flatmap cache-miss
1087 http cache https://registry.npmjs.org/array.prototype.findlastindex 4537ms (cache hit)
1088 silly packumentCache full:https://registry.npmjs.org/array.prototype.findlastindex set size:44828 disposed:false
1089 silly fetch manifest axe-core@^4.10.0
1090 silly packumentCache full:https://registry.npmjs.org/axe-core cache-miss
1091 http cache https://registry.npmjs.org/@typescript-eslint%2fvisitor-keys 4639ms (cache hit)
1092 silly packumentCache full:https://registry.npmjs.org/@typescript-eslint%2fvisitor-keys set size:12210584 disposed:false
1093 silly fetch manifest axobject-query@^4.1.0
1094 silly packumentCache full:https://registry.npmjs.org/axobject-query cache-miss
1095 http cache https://registry.npmjs.org/array.prototype.flat 4343ms (cache hit)
1096 silly packumentCache full:https://registry.npmjs.org/array.prototype.flat set size:38327 disposed:false
1097 silly fetch manifest jsx-ast-utils@^3.3.5
1098 silly packumentCache full:https://registry.npmjs.org/jsx-ast-utils cache-miss
1099 http cache https://registry.npmjs.org/is-core-module 2743ms (cache hit)
1100 silly packumentCache full:https://registry.npmjs.org/is-core-module set size:74378 disposed:false
1101 silly fetch manifest object.fromentries@^2.0.8
1102 silly packumentCache full:https://registry.npmjs.org/object.fromentries cache-miss
1103 http cache https://registry.npmjs.org/array.prototype.flatmap 3960ms (cache hit)
1104 silly packumentCache full:https://registry.npmjs.org/array.prototype.flatmap set size:51458 disposed:false
1105 silly fetch manifest string.prototype.includes@^2.0.1
1106 silly packumentCache full:https://registry.npmjs.org/string.prototype.includes cache-miss
1107 http cache https://registry.npmjs.org/object.fromentries 2060ms (cache hit)
1108 silly packumentCache full:https://registry.npmjs.org/object.fromentries set size:37686 disposed:false
1109 silly fetch manifest array.prototype.findlast@^1.2.5
1110 silly packumentCache full:https://registry.npmjs.org/array.prototype.findlast cache-miss
1111 http cache https://registry.npmjs.org/object.groupby 1632ms (cache hit)
1112 silly packumentCache full:https://registry.npmjs.org/object.groupby set size:15504 disposed:false
1113 silly fetch manifest array.prototype.tosorted@^1.1.4
1114 silly packumentCache full:https://registry.npmjs.org/array.prototype.tosorted cache-miss
1115 http cache https://registry.npmjs.org/eslint-module-utils 3554ms (cache hit)
1116 silly packumentCache full:https://registry.npmjs.org/eslint-module-utils set size:83654 disposed:false
1117 silly fetch manifest es-iterator-helpers@^1.2.1
1118 silly packumentCache full:https://registry.npmjs.org/es-iterator-helpers cache-miss
1119 http cache https://registry.npmjs.org/object.values 1329ms (cache hit)
1120 silly packumentCache full:https://registry.npmjs.org/object.values set size:49009 disposed:false
1121 silly fetch manifest jsx-ast-utils@^2.4.1 || ^3.0.0
1122 silly packumentCache full:https://registry.npmjs.org/jsx-ast-utils cache-miss
1123 http cache https://registry.npmjs.org/string.prototype.trimend 405ms (cache hit)
1124 silly packumentCache full:https://registry.npmjs.org/string.prototype.trimend set size:44009 disposed:false
1125 silly fetch manifest object.entries@^1.1.9
1126 silly packumentCache full:https://registry.npmjs.org/object.entries cache-miss
1127 http cache https://registry.npmjs.org/array.prototype.flatmap 380ms (cache hit)
1128 silly packumentCache full:https://registry.npmjs.org/array.prototype.flatmap set size:51458 disposed:false
1129 silly packumentCache full:https://registry.npmjs.org/array.prototype.flatmap dispose
1130 silly fetch manifest prop-types@^15.8.1
1131 silly packumentCache full:https://registry.npmjs.org/prop-types cache-miss
1132 http cache https://registry.npmjs.org/axe-core 414ms (cache hit)
1133 silly packumentCache full:https://registry.npmjs.org/axe-core set size:9710990 disposed:false
1134 silly fetch manifest resolve@^2.0.0-next.5
1135 silly packumentCache full:https://registry.npmjs.org/resolve cache-hit
1136 silly fetch manifest string.prototype.matchall@^4.0.12
1137 silly packumentCache full:https://registry.npmjs.org/string.prototype.matchall cache-miss
1138 http cache https://registry.npmjs.org/axobject-query 314ms (cache hit)
1139 silly packumentCache full:https://registry.npmjs.org/axobject-query set size:75032 disposed:false
1140 silly fetch manifest string.prototype.repeat@^1.0.0
1141 silly packumentCache full:https://registry.npmjs.org/string.prototype.repeat cache-miss
1142 http cache https://registry.npmjs.org/jsx-ast-utils 283ms (cache hit)
1143 silly packumentCache full:https://registry.npmjs.org/jsx-ast-utils set size:115998 disposed:false
1144 http cache https://registry.npmjs.org/object.fromentries 285ms (cache hit)
1145 silly packumentCache full:https://registry.npmjs.org/object.fromentries set size:37686 disposed:false
1146 silly packumentCache full:https://registry.npmjs.org/object.fromentries dispose
1147 http cache https://registry.npmjs.org/string.prototype.includes 282ms (cache hit)
1148 silly packumentCache full:https://registry.npmjs.org/string.prototype.includes set size:10217 disposed:false
1149 http cache https://registry.npmjs.org/array.prototype.tosorted 270ms (cache hit)
1150 silly packumentCache full:https://registry.npmjs.org/array.prototype.tosorted set size:24661 disposed:false
1151 http cache https://registry.npmjs.org/jsx-ast-utils 262ms (cache hit)
1152 silly packumentCache full:https://registry.npmjs.org/jsx-ast-utils set size:115998 disposed:false
1153 silly packumentCache full:https://registry.npmjs.org/jsx-ast-utils dispose
1154 http cache https://registry.npmjs.org/array.prototype.findlast 288ms (cache hit)
1155 silly packumentCache full:https://registry.npmjs.org/array.prototype.findlast set size:40323 disposed:false
1156 http cache https://registry.npmjs.org/es-iterator-helpers 280ms (cache hit)
1157 silly packumentCache full:https://registry.npmjs.org/es-iterator-helpers set size:281513 disposed:false
1158 http cache https://registry.npmjs.org/object.entries 275ms (cache hit)
1159 silly packumentCache full:https://registry.npmjs.org/object.entries set size:50037 disposed:false
1160 http cache https://registry.npmjs.org/string.prototype.repeat 94ms (cache hit)
1161 silly packumentCache full:https://registry.npmjs.org/string.prototype.repeat set size:8608 disposed:false
1162 http cache https://registry.npmjs.org/string.prototype.matchall 105ms (cache hit)
1163 silly packumentCache full:https://registry.npmjs.org/string.prototype.matchall set size:63239 disposed:false
1164 http cache https://registry.npmjs.org/prop-types 273ms (cache hit)
1165 silly packumentCache full:https://registry.npmjs.org/prop-types set size:76747 disposed:false
1166 silly placeDep node_modules/@next/eslint-plugin-next fast-glob@3.3.1 OK for: @next/eslint-plugin-next@15.5.22 want: 3.3.1
1167 silly fetch manifest glob-parent@^5.1.2
1168 silly packumentCache full:https://registry.npmjs.org/glob-parent cache-miss
1169 silly fetch manifest @nodelib/fs.walk@^1.2.3
1170 silly packumentCache full:https://registry.npmjs.org/@nodelib%2ffs.walk cache-miss
1171 http cache https://registry.npmjs.org/@nodelib%2ffs.walk 26ms (cache hit)
1172 silly packumentCache full:https://registry.npmjs.org/@nodelib%2ffs.walk set size:41589 disposed:false
1173 http cache https://registry.npmjs.org/glob-parent 30ms (cache hit)
1174 silly packumentCache full:https://registry.npmjs.org/glob-parent set size:42445 disposed:false
1175 silly fetch manifest eslint@^8.57.0 || ^9.0.0 || ^10.0.0
1176 silly packumentCache full:https://registry.npmjs.org/eslint cache-miss
1177 http cache https://registry.npmjs.org/eslint 33ms (cache hit)
1178 silly packumentCache full:https://registry.npmjs.org/eslint set size:2040662 disposed:false
1179 silly placeDep node_modules/@typescript-eslint/eslint-plugin @typescript-eslint/scope-manager@8.65.0 OK for: @typescript-eslint/eslint-plugin@8.65.0 want: 8.65.0
1180 silly placeDep node_modules/@typescript-eslint/eslint-plugin @typescript-eslint/type-utils@8.65.0 OK for: @typescript-eslint/eslint-plugin@8.65.0 want: 8.65.0
1181 silly placeDep node_modules/@typescript-eslint/eslint-plugin @typescript-eslint/utils@8.65.0 OK for: @typescript-eslint/eslint-plugin@8.65.0 want: 8.65.0
1182 silly placeDep node_modules/@typescript-eslint/eslint-plugin @typescript-eslint/visitor-keys@8.65.0 OK for: @typescript-eslint/eslint-plugin@8.65.0 want: 8.65.0
1183 silly placeDep node_modules/@typescript-eslint/eslint-plugin ignore@7.0.6 OK for: @typescript-eslint/eslint-plugin@8.65.0 want: ^7.0.5
1184 silly placeDep node_modules/@typescript-eslint/eslint-plugin ts-api-utils@2.5.0 OK for: @typescript-eslint/eslint-plugin@8.65.0 want: ^2.5.0
1185 silly fetch manifest eslint-visitor-keys@^5.0.0
1186 silly packumentCache full:https://registry.npmjs.org/eslint-visitor-keys cache-hit
1187 silly placeDep node_modules/@typescript-eslint/parser @typescript-eslint/scope-manager@8.65.0 OK for: @typescript-eslint/parser@8.65.0 want: 8.65.0
1188 silly placeDep node_modules/@typescript-eslint/parser @typescript-eslint/types@8.65.0 OK for: @typescript-eslint/parser@8.65.0 want: 8.65.0
1189 silly placeDep node_modules/@typescript-eslint/parser @typescript-eslint/typescript-estree@8.65.0 OK for: @typescript-eslint/parser@8.65.0 want: 8.65.0
1190 silly placeDep node_modules/@typescript-eslint/parser @typescript-eslint/visitor-keys@8.65.0 OK for: @typescript-eslint/parser@8.65.0 want: 8.65.0
1191 silly fetch manifest semver@^7.7.3
1192 silly packumentCache full:https://registry.npmjs.org/semver cache-hit
1193 silly fetch manifest minimatch@^10.2.2
1194 silly packumentCache full:https://registry.npmjs.org/minimatch cache-hit
1195 silly fetch manifest @typescript-eslint/tsconfig-utils@8.65.0
1196 silly packumentCache full:https://registry.npmjs.org/@typescript-eslint%2ftsconfig-utils cache-miss
1197 silly fetch manifest @typescript-eslint/project-service@8.65.0
1198 silly packumentCache full:https://registry.npmjs.org/@typescript-eslint%2fproject-service cache-miss
1199 http cache https://registry.npmjs.org/@typescript-eslint%2ftsconfig-utils 50ms (cache hit)
1200 silly packumentCache full:https://registry.npmjs.org/@typescript-eslint%2ftsconfig-utils set size:1627246 disposed:false
1201 http cache https://registry.npmjs.org/@typescript-eslint%2fproject-service 107ms (cache hit)
1202 silly packumentCache full:https://registry.npmjs.org/@typescript-eslint%2fproject-service set size:1729232 disposed:false
1203 silly placeDep node_modules/eslint-plugin-import array-includes@3.1.9 OK for: eslint-plugin-import@2.32.0 want: ^3.1.9
1204 silly placeDep node_modules/eslint-plugin-import array.prototype.findlastindex@1.2.6 OK for: eslint-plugin-import@2.32.0 want: ^1.2.6
1205 silly placeDep node_modules/eslint-plugin-import array.prototype.flat@1.3.3 OK for: eslint-plugin-import@2.32.0 want: ^1.3.3
1206 silly placeDep node_modules/eslint-plugin-import array.prototype.flatmap@1.3.3 OK for: eslint-plugin-import@2.32.0 want: ^1.3.3
1207 silly placeDep node_modules/eslint-plugin-import debug@3.2.7 OK for: eslint-plugin-import@2.32.0 want: ^3.2.7
1208 silly placeDep node_modules/eslint-plugin-import eslint-module-utils@2.14.0 OK for: eslint-plugin-import@2.32.0 want: ^2.12.1
1209 silly placeDep node_modules/eslint-plugin-import is-core-module@2.16.2 OK for: eslint-plugin-import@2.32.0 want: ^2.16.1
1210 silly placeDep node_modules/eslint-plugin-import object.fromentries@2.0.8 OK for: eslint-plugin-import@2.32.0 want: ^2.0.8
1211 silly placeDep node_modules/eslint-plugin-import object.groupby@1.0.3 OK for: eslint-plugin-import@2.32.0 want: ^1.0.3
1212 silly placeDep node_modules/eslint-plugin-import object.values@1.2.1 OK for: eslint-plugin-import@2.32.0 want: ^1.2.1
1213 silly placeDep node_modules/eslint-plugin-import semver@6.3.1 OK for: eslint-plugin-import@2.32.0 want: ^6.3.1
1214 silly placeDep node_modules/eslint-plugin-import string.prototype.trimend@1.0.10 OK for: eslint-plugin-import@2.32.0 want: ^1.0.9
1215 silly fetch manifest call-bind@^1.0.8
1216 silly packumentCache full:https://registry.npmjs.org/call-bind cache-miss
1217 silly fetch manifest es-abstract@^1.24.0
1218 silly packumentCache full:https://registry.npmjs.org/es-abstract cache-miss
1219 silly fetch manifest es-object-atoms@^1.1.1
1220 silly packumentCache full:https://registry.npmjs.org/es-object-atoms cache-miss
1221 silly fetch manifest math-intrinsics@^1.1.0
1222 silly packumentCache full:https://registry.npmjs.org/math-intrinsics cache-miss
1223 silly fetch manifest call-bind@^1.0.8
1224 silly packumentCache full:https://registry.npmjs.org/call-bind cache-miss
1225 silly fetch manifest es-abstract@^1.23.9
1226 silly packumentCache full:https://registry.npmjs.org/es-abstract cache-miss
1227 silly fetch manifest es-errors@^1.3.0
1228 silly packumentCache full:https://registry.npmjs.org/es-errors cache-miss
1229 silly fetch manifest es-object-atoms@^1.1.1
1230 silly packumentCache full:https://registry.npmjs.org/es-object-atoms cache-miss
1231 silly fetch manifest call-bind@^1.0.8
1232 silly packumentCache full:https://registry.npmjs.org/call-bind cache-miss
1233 silly fetch manifest es-abstract@^1.23.5
1234 silly packumentCache full:https://registry.npmjs.org/es-abstract cache-miss
1235 silly fetch manifest call-bind@^1.0.8
1236 silly packumentCache full:https://registry.npmjs.org/call-bind cache-miss
1237 http cache https://registry.npmjs.org/es-abstract 108ms (cache hit)
1238 silly packumentCache full:https://registry.npmjs.org/es-abstract set size:384124 disposed:false
1239 silly fetch manifest es-abstract@^1.23.5
1240 silly packumentCache full:https://registry.npmjs.org/es-abstract cache-hit
1241 silly fetch manifest call-bind@^1.0.7
1242 silly packumentCache full:https://registry.npmjs.org/call-bind cache-miss
1243 http cache https://registry.npmjs.org/call-bind 133ms (cache hit)
1244 silly packumentCache full:https://registry.npmjs.org/call-bind set size:32985 disposed:false
1245 silly fetch manifest es-abstract@^1.23.2
1246 silly packumentCache full:https://registry.npmjs.org/es-abstract cache-hit
1247 silly fetch manifest es-object-atoms@^1.0.0
1248 silly packumentCache full:https://registry.npmjs.org/es-object-atoms cache-miss
1249 http cache https://registry.npmjs.org/es-abstract 152ms (cache hit)
1250 silly packumentCache full:https://registry.npmjs.org/es-abstract set size:384124 disposed:false
1251 silly packumentCache full:https://registry.npmjs.org/es-abstract dispose
1252 silly fetch manifest call-bind@^1.0.7
1253 silly packumentCache full:https://registry.npmjs.org/call-bind cache-hit
1254 silly fetch manifest es-object-atoms@^1.0.0
1255 silly packumentCache full:https://registry.npmjs.org/es-object-atoms cache-miss
1256 http cache https://registry.npmjs.org/es-object-atoms 171ms (cache hit)
1257 silly packumentCache full:https://registry.npmjs.org/es-object-atoms set size:18278 disposed:false
1258 silly fetch manifest call-bind@^1.0.9
1259 silly packumentCache full:https://registry.npmjs.org/call-bind cache-hit
1260 silly fetch manifest es-object-atoms@^1.1.2
1261 silly packumentCache full:https://registry.npmjs.org/es-object-atoms cache-hit
1262 http cache https://registry.npmjs.org/es-object-atoms 176ms (cache hit)
1263 silly packumentCache full:https://registry.npmjs.org/es-object-atoms set size:18278 disposed:false
1264 silly packumentCache full:https://registry.npmjs.org/es-object-atoms dispose
1265 http cache https://registry.npmjs.org/es-abstract 182ms (cache hit)
1266 silly packumentCache full:https://registry.npmjs.org/es-abstract set size:384124 disposed:true
1267 silly packumentCache full:https://registry.npmjs.org/es-abstract dispose
1268 http cache https://registry.npmjs.org/math-intrinsics 198ms (cache hit)
1269 silly packumentCache full:https://registry.npmjs.org/math-intrinsics set size:9265 disposed:false
1270 http cache https://registry.npmjs.org/call-bind 213ms (cache hit)
1271 silly packumentCache full:https://registry.npmjs.org/call-bind set size:32985 disposed:false
1272 silly packumentCache full:https://registry.npmjs.org/call-bind dispose
1273 http cache https://registry.npmjs.org/es-errors 213ms (cache hit)
1274 silly packumentCache full:https://registry.npmjs.org/es-errors set size:16918 disposed:false
1275 http cache https://registry.npmjs.org/call-bind 220ms (cache hit)
1276 silly packumentCache full:https://registry.npmjs.org/call-bind set size:32985 disposed:true
1277 silly packumentCache full:https://registry.npmjs.org/call-bind dispose
1278 http cache https://registry.npmjs.org/call-bind 239ms (cache hit)
1279 silly packumentCache full:https://registry.npmjs.org/call-bind set size:32985 disposed:true
1280 silly packumentCache full:https://registry.npmjs.org/call-bind dispose
1281 http cache https://registry.npmjs.org/call-bind 187ms (cache hit)
1282 silly packumentCache full:https://registry.npmjs.org/call-bind set size:32985 disposed:true
1283 silly packumentCache full:https://registry.npmjs.org/call-bind dispose
1284 http cache https://registry.npmjs.org/es-object-atoms 175ms (cache hit)
1285 silly packumentCache full:https://registry.npmjs.org/es-object-atoms set size:18278 disposed:true
1286 silly packumentCache full:https://registry.npmjs.org/es-object-atoms dispose
1287 http cache https://registry.npmjs.org/es-object-atoms 179ms (cache hit)
1288 silly packumentCache full:https://registry.npmjs.org/es-object-atoms set size:18278 disposed:true
1289 silly packumentCache full:https://registry.npmjs.org/es-object-atoms dispose
1290 silly placeDep node_modules/eslint-plugin-jsx-a11y aria-query@5.3.2 OK for: eslint-plugin-jsx-a11y@6.10.2 want: ^5.3.2
1291 silly placeDep node_modules/eslint-plugin-jsx-a11y array-includes@3.1.9 OK for: eslint-plugin-jsx-a11y@6.10.2 want: ^3.1.8
1292 silly placeDep node_modules/eslint-plugin-jsx-a11y array.prototype.flatmap@1.3.3 OK for: eslint-plugin-jsx-a11y@6.10.2 want: ^1.3.2
1293 silly placeDep node_modules/eslint-plugin-jsx-a11y axe-core@4.12.1 OK for: eslint-plugin-jsx-a11y@6.10.2 want: ^4.10.0
1294 silly placeDep node_modules/eslint-plugin-jsx-a11y axobject-query@4.1.0 OK for: eslint-plugin-jsx-a11y@6.10.2 want: ^4.1.0
1295 silly placeDep node_modules/eslint-plugin-jsx-a11y jsx-ast-utils@3.3.5 OK for: eslint-plugin-jsx-a11y@6.10.2 want: ^3.3.5
1296 silly placeDep node_modules/eslint-plugin-jsx-a11y object.fromentries@2.0.8 OK for: eslint-plugin-jsx-a11y@6.10.2 want: ^2.0.8
1297 silly placeDep node_modules/eslint-plugin-jsx-a11y string.prototype.includes@2.0.1 OK for: eslint-plugin-jsx-a11y@6.10.2 want: ^2.0.1
1298 silly fetch manifest array.prototype.flat@^1.3.1
1299 silly packumentCache full:https://registry.npmjs.org/array.prototype.flat cache-hit
1300 silly fetch manifest object.assign@^4.1.4
1301 silly packumentCache full:https://registry.npmjs.org/object.assign cache-miss
1302 silly fetch manifest object.values@^1.1.6
1303 silly packumentCache full:https://registry.npmjs.org/object.values cache-hit
1304 silly fetch manifest es-abstract@^1.23.3
1305 silly packumentCache full:https://registry.npmjs.org/es-abstract cache-hit
1306 http cache https://registry.npmjs.org/object.assign 40ms (cache hit)
1307 silly packumentCache full:https://registry.npmjs.org/object.assign set size:85907 disposed:false
1308 silly placeDep node_modules/eslint-plugin-react array-includes@3.1.9 OK for: eslint-plugin-react@7.37.5 want: ^3.1.8
1309 silly placeDep node_modules/eslint-plugin-react array.prototype.findlast@1.2.5 OK for: eslint-plugin-react@7.37.5 want: ^1.2.5
1310 silly placeDep node_modules/eslint-plugin-react array.prototype.flatmap@1.3.3 OK for: eslint-plugin-react@7.37.5 want: ^1.3.3
1311 silly placeDep node_modules/eslint-plugin-react array.prototype.tosorted@1.1.4 OK for: eslint-plugin-react@7.37.5 want: ^1.1.4
1312 silly placeDep node_modules/eslint-plugin-react es-iterator-helpers@1.4.0 OK for: eslint-plugin-react@7.37.5 want: ^1.2.1
1313 silly placeDep node_modules/eslint-plugin-react jsx-ast-utils@3.3.5 OK for: eslint-plugin-react@7.37.5 want: ^2.4.1 || ^3.0.0
1314 silly placeDep node_modules/eslint-plugin-react object.entries@1.1.9 OK for: eslint-plugin-react@7.37.5 want: ^1.1.9
1315 silly placeDep node_modules/eslint-plugin-react object.fromentries@2.0.8 OK for: eslint-plugin-react@7.37.5 want: ^2.0.8
1316 silly placeDep node_modules/eslint-plugin-react object.values@1.2.1 OK for: eslint-plugin-react@7.37.5 want: ^1.2.1
1317 silly placeDep node_modules/eslint-plugin-react prop-types@15.8.1 OK for: eslint-plugin-react@7.37.5 want: ^15.8.1
1318 silly placeDep node_modules/eslint-plugin-react resolve@2.0.0-next.7 OK for: eslint-plugin-react@7.37.5 want: ^2.0.0-next.5
1319 silly placeDep node_modules/eslint-plugin-react semver@6.3.1 OK for: eslint-plugin-react@7.37.5 want: ^6.3.1
1320 silly placeDep node_modules/eslint-plugin-react string.prototype.matchall@4.0.12 OK for: eslint-plugin-react@7.37.5 want: ^4.0.12
1321 silly placeDep node_modules/eslint-plugin-react string.prototype.repeat@1.0.0 OK for: eslint-plugin-react@7.37.5 want: ^1.0.0
1322 silly fetch manifest has-proto@^1.2.0
1323 silly packumentCache full:https://registry.npmjs.org/has-proto cache-miss
1324 silly fetch manifest globalthis@^1.0.4
1325 silly packumentCache full:https://registry.npmjs.org/globalthis cache-miss
1326 silly fetch manifest es-abstract@^1.24.2
1327 silly packumentCache full:https://registry.npmjs.org/es-abstract cache-hit
1328 silly fetch manifest has-symbols@^1.1.0
1329 silly packumentCache full:https://registry.npmjs.org/has-symbols cache-miss
1330 silly fetch manifest function-bind@^1.1.2
1331 silly packumentCache full:https://registry.npmjs.org/function-bind cache-miss
1332 silly fetch manifest internal-slot@^1.1.0
1333 silly packumentCache full:https://registry.npmjs.org/internal-slot cache-miss
1334 silly fetch manifest react-is@^16.13.1
1335 silly packumentCache full:https://registry.npmjs.org/react-is cache-miss
1336 silly fetch manifest is-core-module@^2.16.2
1337 silly packumentCache full:https://registry.npmjs.org/is-core-module cache-hit
1338 silly fetch manifest node-exports-info@^1.6.0
1339 silly packumentCache full:https://registry.npmjs.org/node-exports-info cache-miss
1340 silly fetch manifest es-abstract@^1.23.6
1341 silly packumentCache full:https://registry.npmjs.org/es-abstract cache-hit
1342 silly fetch manifest has-symbols@^1.1.0
1343 silly packumentCache full:https://registry.npmjs.org/has-symbols cache-miss
1344 silly fetch manifest internal-slot@^1.1.0
1345 silly packumentCache full:https://registry.npmjs.org/internal-slot cache-miss
1346 silly fetch manifest regexp.prototype.flags@^1.5.3
1347 silly packumentCache full:https://registry.npmjs.org/regexp.prototype.flags cache-miss
1348 silly fetch manifest es-abstract@^1.17.5
1349 silly packumentCache full:https://registry.npmjs.org/es-abstract cache-hit
1350 http cache https://registry.npmjs.org/globalthis 161ms (cache hit)
1351 silly packumentCache full:https://registry.npmjs.org/globalthis set size:22522 disposed:false
1352 http cache https://registry.npmjs.org/has-symbols 162ms (cache hit)
1353 silly packumentCache full:https://registry.npmjs.org/has-symbols set size:21550 disposed:false
1354 http cache https://registry.npmjs.org/has-proto 179ms (cache hit)
1355 silly packumentCache full:https://registry.npmjs.org/has-proto set size:21527 disposed:false
1356 http cache https://registry.npmjs.org/internal-slot 138ms (cache hit)
1357 silly packumentCache full:https://registry.npmjs.org/internal-slot set size:30267 disposed:false
1358 http cache https://registry.npmjs.org/function-bind 173ms (cache hit)
1359 silly packumentCache full:https://registry.npmjs.org/function-bind set size:15733 disposed:false
1360 http cache https://registry.npmjs.org/has-symbols 148ms (cache hit)
1361 silly packumentCache full:https://registry.npmjs.org/has-symbols set size:21550 disposed:false
1362 silly packumentCache full:https://registry.npmjs.org/has-symbols dispose
1363 http cache https://registry.npmjs.org/node-exports-info 160ms (cache hit)
1364 silly packumentCache full:https://registry.npmjs.org/node-exports-info set size:69480 disposed:false
1365 http cache https://registry.npmjs.org/regexp.prototype.flags 149ms (cache hit)
1366 silly packumentCache full:https://registry.npmjs.org/regexp.prototype.flags set size:60621 disposed:false
1367 http cache https://registry.npmjs.org/internal-slot 187ms (cache hit)
1368 silly packumentCache full:https://registry.npmjs.org/internal-slot set size:30267 disposed:false
1369 silly packumentCache full:https://registry.npmjs.org/internal-slot dispose
1370 http cache https://registry.npmjs.org/react-is 203ms (cache hit)
1371 silly packumentCache full:https://registry.npmjs.org/react-is set size:5541898 disposed:false
1372 silly placeDep ROOT motion-dom@12.43.0 OK for: framer-motion@12.43.0 want: ^12.43.0
1373 silly fetch manifest bufferutil@^4.0.1
1374 silly packumentCache full:https://registry.npmjs.org/bufferutil cache-miss
1375 http cache https://registry.npmjs.org/bufferutil 33ms (cache hit)
1376 silly packumentCache full:https://registry.npmjs.org/bufferutil set size:52763 disposed:false
1377 silly fetch manifest utf-8-validate@>=5.0.2
1378 silly packumentCache full:https://registry.npmjs.org/utf-8-validate cache-miss
1379 http cache https://registry.npmjs.org/utf-8-validate 34ms (cache hit)
1380 silly packumentCache full:https://registry.npmjs.org/utf-8-validate set size:77148 disposed:false
1381 silly placeDep ROOT cssstyle@4.6.0 OK for: jsdom@25.0.1 want: ^4.1.0
1382 silly placeDep ROOT parse5@7.3.0 OK for: jsdom@25.0.1 want: ^7.1.2
1383 silly placeDep ROOT rrweb-cssom@0.7.1 OK for: jsdom@25.0.1 want: ^0.7.1
1384 silly placeDep ROOT tough-cookie@5.1.2 OK for: jsdom@25.0.1 want: ^5.0.0
1385 silly placeDep ROOT whatwg-url@14.2.0 OK for: jsdom@25.0.1 want: ^14.0.0
1386 silly placeDep ROOT ws@8.21.1 OK for: jsdom@25.0.1 want: ^8.18.0
1387 silly fetch manifest rrweb-cssom@^0.8.0
1388 silly packumentCache full:https://registry.npmjs.org/rrweb-cssom cache-hit
1389 silly fetch manifest @asamuzakjp/css-color@^3.2.0
1390 silly packumentCache full:https://registry.npmjs.org/@asamuzakjp%2fcss-color cache-miss
1391 silly fetch manifest entities@^6.0.0
1392 silly packumentCache full:https://registry.npmjs.org/entities cache-miss
1393 silly fetch manifest tldts@^6.1.32
1394 silly packumentCache full:https://registry.npmjs.org/tldts cache-miss
1395 http cache https://registry.npmjs.org/entities 47ms (cache hit)
1396 silly packumentCache full:https://registry.npmjs.org/entities set size:101550 disposed:false
1397 http cache https://registry.npmjs.org/@asamuzakjp%2fcss-color 61ms (cache hit)
1398 silly packumentCache full:https://registry.npmjs.org/@asamuzakjp%2fcss-color set size:212259 disposed:false
1399 http cache https://registry.npmjs.org/tldts 89ms (cache hit)
1400 silly packumentCache full:https://registry.npmjs.org/tldts set size:3470385 disposed:false
1401 silly placeDep node_modules/cssstyle @asamuzakjp/css-color@3.2.0 OK for: cssstyle@4.6.0 want: ^3.2.0
1402 silly placeDep node_modules/cssstyle rrweb-cssom@0.8.0 OK for: cssstyle@4.6.0 want: ^0.8.0
1403 silly fetch manifest lru-cache@^10.4.3
1404 silly packumentCache full:https://registry.npmjs.org/lru-cache cache-hit
1405 silly fetch manifest react@^18.2.0 || 19.0.0-rc-de68d2f4-20241204 || ^19.0.0
1406 silly packumentCache full:https://registry.npmjs.org/react cache-miss
1407 http cache https://registry.npmjs.org/react 55ms (cache hit)
1408 silly packumentCache full:https://registry.npmjs.org/react set size:6849402 disposed:false
1409 silly placeDep ROOT @next/swc-darwin-arm64@15.5.22 OK for: next@15.5.22 want: 15.5.22
1410 silly placeDep ROOT @next/swc-darwin-x64@15.5.22 OK for: next@15.5.22 want: 15.5.22
1411 silly placeDep ROOT @next/swc-linux-arm64-gnu@15.5.22 OK for: next@15.5.22 want: 15.5.22
1412 silly placeDep ROOT @next/swc-linux-arm64-musl@15.5.22 OK for: next@15.5.22 want: 15.5.22
1413 silly placeDep ROOT @next/swc-linux-x64-gnu@15.5.22 OK for: next@15.5.22 want: 15.5.22
1414 silly placeDep ROOT @next/swc-linux-x64-musl@15.5.22 OK for: next@15.5.22 want: 15.5.22
1415 silly placeDep ROOT @next/swc-win32-arm64-msvc@15.5.22 OK for: next@15.5.22 want: 15.5.22
1416 silly placeDep ROOT @swc/helpers@0.5.15 OK for: next@15.5.22 want: 0.5.15
1417 silly placeDep node_modules/next postcss@8.4.31 OK for: next@15.5.22 want: 8.4.31
1418 silly placeDep ROOT sharp@0.34.5 OK for: next@15.5.22 want: ^0.34.3
1419 silly placeDep ROOT styled-jsx@5.1.6 OK for: next@15.5.22 want: 5.1.6
1420 silly fetch manifest nanoid@^3.3.6
1421 silly packumentCache full:https://registry.npmjs.org/nanoid cache-hit
1422 silly fetch manifest source-map-js@^1.0.2
1423 silly packumentCache full:https://registry.npmjs.org/source-map-js cache-hit
1424 silly fetch manifest @img/sharp-wasm32@0.34.5
1425 silly packumentCache full:https://registry.npmjs.org/@img%2fsharp-wasm32 cache-miss
1426 silly fetch manifest @img/sharp-linux-arm@0.34.5
1427 silly packumentCache full:https://registry.npmjs.org/@img%2fsharp-linux-arm cache-miss
1428 silly fetch manifest @img/sharp-linux-x64@0.34.5
1429 silly packumentCache full:https://registry.npmjs.org/@img%2fsharp-linux-x64 cache-miss
1430 silly fetch manifest @img/sharp-win32-x64@0.34.5
1431 silly packumentCache full:https://registry.npmjs.org/@img%2fsharp-win32-x64 cache-miss
1432 silly fetch manifest @img/sharp-darwin-x64@0.34.5
1433 silly packumentCache full:https://registry.npmjs.org/@img%2fsharp-darwin-x64 cache-miss
1434 silly fetch manifest @img/sharp-win32-ia32@0.34.5
1435 silly packumentCache full:https://registry.npmjs.org/@img%2fsharp-win32-ia32 cache-miss
1436 silly fetch manifest @img/sharp-linux-arm64@0.34.5
1437 silly packumentCache full:https://registry.npmjs.org/@img%2fsharp-linux-arm64 cache-miss
1438 silly fetch manifest @img/sharp-linux-ppc64@0.34.5
1439 silly packumentCache full:https://registry.npmjs.org/@img%2fsharp-linux-ppc64 cache-miss
1440 silly fetch manifest @img/sharp-linux-s390x@0.34.5
1441 silly packumentCache full:https://registry.npmjs.org/@img%2fsharp-linux-s390x cache-miss
1442 silly fetch manifest @img/sharp-win32-arm64@0.34.5
1443 silly packumentCache full:https://registry.npmjs.org/@img%2fsharp-win32-arm64 cache-miss
1444 silly fetch manifest @img/sharp-darwin-arm64@0.34.5
1445 silly packumentCache full:https://registry.npmjs.org/@img%2fsharp-darwin-arm64 cache-miss
1446 http cache https://registry.npmjs.org/@img%2fsharp-linux-arm64 142ms (cache hit)
1447 silly packumentCache full:https://registry.npmjs.org/@img%2fsharp-linux-arm64 set size:103552 disposed:false
1448 silly fetch manifest @img/sharp-linux-riscv64@0.34.5
1449 silly packumentCache full:https://registry.npmjs.org/@img%2fsharp-linux-riscv64 cache-miss
1450 http cache https://registry.npmjs.org/@img%2fsharp-darwin-x64 153ms (cache hit)
1451 silly packumentCache full:https://registry.npmjs.org/@img%2fsharp-darwin-x64 set size:104467 disposed:false
1452 silly fetch manifest @img/sharp-linuxmusl-x64@0.34.5
1453 silly packumentCache full:https://registry.npmjs.org/@img%2fsharp-linuxmusl-x64 cache-miss
1454 http cache https://registry.npmjs.org/@img%2fsharp-wasm32 164ms (cache hit)
1455 silly packumentCache full:https://registry.npmjs.org/@img%2fsharp-wasm32 set size:99309 disposed:false
1456 silly fetch manifest @img/sharp-linuxmusl-arm64@0.34.5
1457 silly packumentCache full:https://registry.npmjs.org/@img%2fsharp-linuxmusl-arm64 cache-miss
1458 http cache https://registry.npmjs.org/@img%2fsharp-win32-x64 171ms (cache hit)
1459 silly packumentCache full:https://registry.npmjs.org/@img%2fsharp-win32-x64 set size:103513 disposed:false
1460 silly fetch manifest @img/sharp-libvips-linux-arm@1.2.4
1461 silly packumentCache full:https://registry.npmjs.org/@img%2fsharp-libvips-linux-arm cache-miss
1462 http cache https://registry.npmjs.org/@img%2fsharp-linux-x64 179ms (cache hit)
1463 silly packumentCache full:https://registry.npmjs.org/@img%2fsharp-linux-x64 set size:102218 disposed:false
1464 silly fetch manifest @img/sharp-libvips-linux-x64@1.2.4
1465 silly packumentCache full:https://registry.npmjs.org/@img%2fsharp-libvips-linux-x64 cache-miss
1466 http cache https://registry.npmjs.org/@img%2fsharp-win32-ia32 186ms (cache hit)
1467 silly packumentCache full:https://registry.npmjs.org/@img%2fsharp-win32-ia32 set size:104482 disposed:false
1468 silly fetch manifest @img/sharp-libvips-darwin-x64@1.2.4
1469 silly packumentCache full:https://registry.npmjs.org/@img%2fsharp-libvips-darwin-x64 cache-miss
1470 http cache https://registry.npmjs.org/@img%2fsharp-win32-arm64 183ms (cache hit)
1471 silly packumentCache full:https://registry.npmjs.org/@img%2fsharp-win32-arm64 set size:63462 disposed:false
1472 silly fetch manifest @img/sharp-libvips-linux-arm64@1.2.4
1473 silly packumentCache full:https://registry.npmjs.org/@img%2fsharp-libvips-linux-arm64 cache-miss
1474 http cache https://registry.npmjs.org/@img%2fsharp-linux-ppc64 204ms (cache hit)
1475 silly packumentCache full:https://registry.npmjs.org/@img%2fsharp-linux-ppc64 set size:68168 disposed:false
1476 silly fetch manifest @img/sharp-libvips-linux-ppc64@1.2.4
1477 silly packumentCache full:https://registry.npmjs.org/@img%2fsharp-libvips-linux-ppc64 cache-miss
1478 http cache https://registry.npmjs.org/@img%2fsharp-linux-s390x 198ms (cache hit)
1479 silly packumentCache full:https://registry.npmjs.org/@img%2fsharp-linux-s390x set size:101430 disposed:false
1480 silly fetch manifest @img/sharp-libvips-linux-s390x@1.2.4
1481 silly packumentCache full:https://registry.npmjs.org/@img%2fsharp-libvips-linux-s390x cache-miss
1482 http cache https://registry.npmjs.org/@img%2fsharp-darwin-arm64 204ms (cache hit)
1483 silly packumentCache full:https://registry.npmjs.org/@img%2fsharp-darwin-arm64 set size:105848 disposed:false
1484 silly fetch manifest @img/sharp-libvips-darwin-arm64@1.2.4
1485 silly packumentCache full:https://registry.npmjs.org/@img%2fsharp-libvips-darwin-arm64 cache-miss
1486 http cache https://registry.npmjs.org/@img%2fsharp-linux-arm 230ms (cache hit)
1487 silly packumentCache full:https://registry.npmjs.org/@img%2fsharp-linux-arm set size:102715 disposed:false
1488 silly fetch manifest @img/sharp-libvips-linux-riscv64@1.2.4
1489 silly packumentCache full:https://registry.npmjs.org/@img%2fsharp-libvips-linux-riscv64 cache-miss
1490 http cache https://registry.npmjs.org/@img%2fsharp-linuxmusl-arm64 173ms (cache hit)
1491 silly packumentCache full:https://registry.npmjs.org/@img%2fsharp-linuxmusl-arm64 set size:105157 disposed:false
1492 silly fetch manifest @img/sharp-libvips-linuxmusl-x64@1.2.4
1493 silly packumentCache full:https://registry.npmjs.org/@img%2fsharp-libvips-linuxmusl-x64 cache-miss
1494 http cache https://registry.npmjs.org/@img%2fsharp-libvips-linux-arm 179ms (cache hit)
1495 silly packumentCache full:https://registry.npmjs.org/@img%2fsharp-libvips-linux-arm set size:90480 disposed:false
1496 silly fetch manifest @img/sharp-libvips-linuxmusl-arm64@1.2.4
1497 silly packumentCache full:https://registry.npmjs.org/@img%2fsharp-libvips-linuxmusl-arm64 cache-miss
1498 http cache https://registry.npmjs.org/@img%2fsharp-libvips-linux-x64 195ms (cache hit)
1499 silly packumentCache full:https://registry.npmjs.org/@img%2fsharp-libvips-linux-x64 set size:86327 disposed:false
1500 http cache https://registry.npmjs.org/@img%2fsharp-linux-riscv64 231ms (cache hit)
1501 silly packumentCache full:https://registry.npmjs.org/@img%2fsharp-linux-riscv64 set size:45681 disposed:false
1502 http cache https://registry.npmjs.org/@img%2fsharp-linuxmusl-x64 230ms (cache hit)
1503 silly packumentCache full:https://registry.npmjs.org/@img%2fsharp-linuxmusl-x64 set size:103818 disposed:false
1504 http cache https://registry.npmjs.org/@img%2fsharp-libvips-linux-arm64 189ms (cache hit)
1505 silly packumentCache full:https://registry.npmjs.org/@img%2fsharp-libvips-linux-arm64 set size:87554 disposed:false
1506 http cache https://registry.npmjs.org/@img%2fsharp-libvips-darwin-x64 210ms (cache hit)
1507 silly packumentCache full:https://registry.npmjs.org/@img%2fsharp-libvips-darwin-x64 set size:83096 disposed:false
1508 http cache https://registry.npmjs.org/@img%2fsharp-libvips-linux-s390x 199ms (cache hit)
1509 silly packumentCache full:https://registry.npmjs.org/@img%2fsharp-libvips-linux-s390x set size:81565 disposed:false
1510 http cache https://registry.npmjs.org/@img%2fsharp-libvips-linux-ppc64 214ms (cache hit)
1511 silly packumentCache full:https://registry.npmjs.org/@img%2fsharp-libvips-linux-ppc64 set size:72601 disposed:false
1512 http cache https://registry.npmjs.org/@img%2fsharp-libvips-linux-riscv64 203ms (cache hit)
1513 silly packumentCache full:https://registry.npmjs.org/@img%2fsharp-libvips-linux-riscv64 set size:58803 disposed:false
1514 http cache https://registry.npmjs.org/@img%2fsharp-libvips-darwin-arm64 214ms (cache hit)
1515 silly packumentCache full:https://registry.npmjs.org/@img%2fsharp-libvips-darwin-arm64 set size:83997 disposed:false
1516 http cache https://registry.npmjs.org/@img%2fsharp-libvips-linuxmusl-x64 108ms (cache hit)
1517 silly packumentCache full:https://registry.npmjs.org/@img%2fsharp-libvips-linuxmusl-x64 set size:83650 disposed:false
1518 http cache https://registry.npmjs.org/@img%2fsharp-libvips-linuxmusl-arm64 95ms (cache hit)
1519 silly packumentCache full:https://registry.npmjs.org/@img%2fsharp-libvips-linuxmusl-arm64 set size:86720 disposed:false
1520 silly placeDep node_modules/optionator levn@0.4.1 OK for: optionator@0.9.4 want: ^0.4.1
1521 silly placeDep node_modules/parse5 entities@6.0.1 OK for: parse5@7.3.0 want: ^6.0.0
1522 silly placeDep node_modules/postcss nanoid@3.3.16 OK for: postcss@8.5.25 want: ^3.3.16
1523 silly placeDep node_modules/postcss source-map-js@1.2.1 OK for: postcss@8.5.25 want: ^1.2.1
1524 silly placeDep ROOT @img/sharp-darwin-arm64@0.34.5 OK for: sharp@0.34.5 want: 0.34.5
1525 silly placeDep ROOT @img/sharp-darwin-x64@0.34.5 OK for: sharp@0.34.5 want: 0.34.5
1526 silly placeDep ROOT @img/sharp-libvips-darwin-arm64@1.2.4 OK for: sharp@0.34.5 want: 1.2.4
1527 silly placeDep ROOT @img/sharp-libvips-darwin-x64@1.2.4 OK for: sharp@0.34.5 want: 1.2.4
1528 silly placeDep ROOT @img/sharp-libvips-linux-arm@1.2.4 OK for: sharp@0.34.5 want: 1.2.4
1529 silly placeDep ROOT @img/sharp-libvips-linux-arm64@1.2.4 OK for: sharp@0.34.5 want: 1.2.4
1530 silly placeDep ROOT @img/sharp-libvips-linux-ppc64@1.2.4 OK for: sharp@0.34.5 want: 1.2.4
1531 silly placeDep ROOT @img/sharp-libvips-linux-riscv64@1.2.4 OK for: sharp@0.34.5 want: 1.2.4
1532 silly placeDep ROOT @img/sharp-libvips-linux-s390x@1.2.4 OK for: sharp@0.34.5 want: 1.2.4
1533 silly placeDep ROOT @img/sharp-libvips-linux-x64@1.2.4 OK for: sharp@0.34.5 want: 1.2.4
1534 silly placeDep ROOT @img/sharp-libvips-linuxmusl-arm64@1.2.4 OK for: sharp@0.34.5 want: 1.2.4
1535 silly placeDep ROOT @img/sharp-libvips-linuxmusl-x64@1.2.4 OK for: sharp@0.34.5 want: 1.2.4
1536 silly placeDep ROOT @img/sharp-linux-arm@0.34.5 OK for: sharp@0.34.5 want: 0.34.5
1537 silly placeDep ROOT @img/sharp-linux-arm64@0.34.5 OK for: sharp@0.34.5 want: 0.34.5
1538 silly placeDep ROOT @img/sharp-linux-ppc64@0.34.5 OK for: sharp@0.34.5 want: 0.34.5
1539 silly placeDep ROOT @img/sharp-linux-riscv64@0.34.5 OK for: sharp@0.34.5 want: 0.34.5
1540 silly placeDep ROOT @img/sharp-linux-s390x@0.34.5 OK for: sharp@0.34.5 want: 0.34.5
1541 silly placeDep ROOT @img/sharp-linux-x64@0.34.5 OK for: sharp@0.34.5 want: 0.34.5
1542 silly placeDep ROOT @img/sharp-linuxmusl-arm64@0.34.5 OK for: sharp@0.34.5 want: 0.34.5
1543 silly placeDep ROOT @img/sharp-linuxmusl-x64@0.34.5 OK for: sharp@0.34.5 want: 0.34.5
1544 silly placeDep ROOT @img/sharp-wasm32@0.34.5 OK for: sharp@0.34.5 want: 0.34.5
1545 silly placeDep ROOT @img/sharp-win32-arm64@0.34.5 OK for: sharp@0.34.5 want: 0.34.5
1546 silly placeDep ROOT @img/sharp-win32-ia32@0.34.5 OK for: sharp@0.34.5 want: 0.34.5
1547 silly placeDep node_modules/sharp @img/sharp-win32-x64@0.34.5 OK for: sharp@0.34.5 want: 0.34.5
1548 silly placeDep node_modules/sharp semver@7.8.5 OK for: sharp@0.34.5 want: ^7.7.3
1549 silly fetch manifest @emnapi/runtime@^1.7.0
1550 silly packumentCache full:https://registry.npmjs.org/@emnapi%2fruntime cache-miss
1551 http cache https://registry.npmjs.org/@emnapi%2fruntime 54ms (cache hit)
1552 silly packumentCache full:https://registry.npmjs.org/@emnapi%2fruntime set size:122916 disposed:false
1553 silly placeDep ROOT @emnapi/runtime@1.11.3 OK for: @img/sharp-wasm32@0.34.5 want: ^1.7.0
1554 silly placeDep node_modules/tailwindcss fast-glob@3.3.3 OK for: tailwindcss@3.4.19 want: ^3.3.2
1555 silly placeDep node_modules/tailwindcss jiti@1.21.7 OK for: tailwindcss@3.4.19 want: ^1.21.7
1556 silly placeDep ROOT postcss-selector-parser@6.1.4 OK for: tailwindcss@3.4.19 want: ^6.1.2
1557 silly placeDep node_modules/tailwindcss resolve@1.22.12 OK for: tailwindcss@3.4.19 want: ^1.22.8
1558 silly placeDep ROOT sucrase@3.35.1 OK for: tailwindcss@3.4.19 want: ^3.35.0
1559 silly fetch manifest @jridgewell/gen-mapping@^0.3.2
1560 silly packumentCache full:https://registry.npmjs.org/@jridgewell%2fgen-mapping cache-hit
1561 silly placeDep node_modules/sucrase @jridgewell/gen-mapping@0.3.13 OK for: sucrase@3.35.1 want: ^0.3.2
1562 silly fetch manifest @jridgewell/sourcemap-codec@^1.5.0
1563 silly packumentCache full:https://registry.npmjs.org/@jridgewell%2fsourcemap-codec cache-miss
1564 http cache https://registry.npmjs.org/@jridgewell%2fsourcemap-codec 45ms (cache hit)
1565 silly packumentCache full:https://registry.npmjs.org/@jridgewell%2fsourcemap-codec set size:51856 disposed:false
1566 silly placeDep node_modules/tough-cookie tldts@6.1.86 OK for: tough-cookie@5.1.2 want: ^6.1.32
1567 silly fetch manifest tldts-core@^6.1.86
1568 silly packumentCache full:https://registry.npmjs.org/tldts-core cache-miss
1569 http cache https://registry.npmjs.org/tldts-core 64ms (cache hit)
1570 silly packumentCache full:https://registry.npmjs.org/tldts-core set size:3105059 disposed:false
1571 silly placeDep node_modules/vite fdir@6.5.0 OK for: vite@6.4.3 want: ^6.4.4
1572 silly placeDep node_modules/vite picomatch@4.0.5 OK for: fdir@6.5.0 want: ^3 || ^4
1573 silly placeDep ROOT fsevents@2.3.3 OK for: vite@6.4.3 want: ~2.3.3
1574 silly placeDep node_modules/vite rollup@4.62.3 OK for: vite@6.4.3 want: ^4.34.9
1575 silly fetch manifest @rollup/rollup-darwin-x64@4.62.3
1576 silly packumentCache full:https://registry.npmjs.org/@rollup%2frollup-darwin-x64 cache-miss
1577 silly fetch manifest @rollup/rollup-freebsd-x64@4.62.3
1578 silly packumentCache full:https://registry.npmjs.org/@rollup%2frollup-freebsd-x64 cache-miss
1579 silly fetch manifest @rollup/rollup-openbsd-x64@4.62.3
1580 silly packumentCache full:https://registry.npmjs.org/@rollup%2frollup-openbsd-x64 cache-miss
1581 silly fetch manifest @rollup/rollup-darwin-arm64@4.62.3
1582 silly packumentCache full:https://registry.npmjs.org/@rollup%2frollup-darwin-arm64 cache-miss
1583 silly fetch manifest @rollup/rollup-android-arm64@4.62.3
1584 silly packumentCache full:https://registry.npmjs.org/@rollup%2frollup-android-arm64 cache-miss
1585 silly fetch manifest @rollup/rollup-freebsd-arm64@4.62.3
1586 silly packumentCache full:https://registry.npmjs.org/@rollup%2frollup-freebsd-arm64 cache-miss
1587 silly fetch manifest @rollup/rollup-linux-x64-gnu@4.62.3
1588 silly packumentCache full:https://registry.npmjs.org/@rollup%2frollup-linux-x64-gnu cache-miss
1589 silly fetch manifest @rollup/rollup-linux-x64-musl@4.62.3
1590 silly packumentCache full:https://registry.npmjs.org/@rollup%2frollup-linux-x64-musl cache-miss
1591 silly fetch manifest @rollup/rollup-linux-arm64-gnu@4.62.3
1592 silly packumentCache full:https://registry.npmjs.org/@rollup%2frollup-linux-arm64-gnu cache-miss
1593 silly fetch manifest @rollup/rollup-linux-ppc64-gnu@4.62.3
1594 silly packumentCache full:https://registry.npmjs.org/@rollup%2frollup-linux-ppc64-gnu cache-miss
1595 silly fetch manifest @rollup/rollup-linux-s390x-gnu@4.62.3
1596 silly packumentCache full:https://registry.npmjs.org/@rollup%2frollup-linux-s390x-gnu cache-miss
1597 http cache https://registry.npmjs.org/@rollup%2frollup-openbsd-x64 119ms (cache hit)
1598 silly packumentCache full:https://registry.npmjs.org/@rollup%2frollup-openbsd-x64 set size:41533 disposed:false
1599 silly fetch manifest @rollup/rollup-win32-ia32-msvc@4.62.3
1600 silly packumentCache full:https://registry.npmjs.org/@rollup%2frollup-win32-ia32-msvc cache-miss
1601 http cache https://registry.npmjs.org/@rollup%2frollup-linux-x64-gnu 128ms (cache hit)
1602 silly packumentCache full:https://registry.npmjs.org/@rollup%2frollup-linux-x64-gnu set size:351448 disposed:false
1603 silly fetch manifest @rollup/rollup-android-arm-eabi@4.62.3
1604 silly packumentCache full:https://registry.npmjs.org/@rollup%2frollup-android-arm-eabi cache-miss
1605 http cache https://registry.npmjs.org/@rollup%2frollup-android-arm64 146ms (cache hit)
1606 silly packumentCache full:https://registry.npmjs.org/@rollup%2frollup-android-arm64 set size:350588 disposed:false
1607 silly fetch manifest @rollup/rollup-linux-arm64-musl@4.62.3
1608 silly packumentCache full:https://registry.npmjs.org/@rollup%2frollup-linux-arm64-musl cache-miss
1609 http cache https://registry.npmjs.org/@rollup%2frollup-darwin-arm64 162ms (cache hit)
1610 silly packumentCache full:https://registry.npmjs.org/@rollup%2frollup-darwin-arm64 set size:349039 disposed:false
1611 silly fetch manifest @rollup/rollup-linux-ppc64-musl@4.62.3
1612 silly packumentCache full:https://registry.npmjs.org/@rollup%2frollup-linux-ppc64-musl cache-miss
1613 http cache https://registry.npmjs.org/@rollup%2frollup-linux-x64-musl 171ms (cache hit)
1614 silly packumentCache full:https://registry.npmjs.org/@rollup%2frollup-linux-x64-musl set size:350832 disposed:false
1615 silly fetch manifest @rollup/rollup-win32-arm64-msvc@4.62.3
1616 silly packumentCache full:https://registry.npmjs.org/@rollup%2frollup-win32-arm64-msvc cache-miss
1617 http cache https://registry.npmjs.org/@rollup%2frollup-darwin-x64 193ms (cache hit)
1618 silly packumentCache full:https://registry.npmjs.org/@rollup%2frollup-darwin-x64 set size:344144 disposed:false
1619 silly fetch manifest @rollup/rollup-linux-loong64-gnu@4.62.3
1620 silly packumentCache full:https://registry.npmjs.org/@rollup%2frollup-linux-loong64-gnu cache-miss
1621 http cache https://registry.npmjs.org/@rollup%2frollup-linux-arm64-gnu 199ms (cache hit)
1622 silly packumentCache full:https://registry.npmjs.org/@rollup%2frollup-linux-arm64-gnu set size:356403 disposed:false
1623 silly fetch manifest @rollup/rollup-linux-riscv64-gnu@4.62.3
1624 silly packumentCache full:https://registry.npmjs.org/@rollup%2frollup-linux-riscv64-gnu cache-miss
1625 http cache https://registry.npmjs.org/@rollup%2frollup-freebsd-arm64 216ms (cache hit)
1626 silly packumentCache full:https://registry.npmjs.org/@rollup%2frollup-freebsd-arm64 set size:198792 disposed:false
1627 silly fetch manifest @rollup/rollup-openharmony-arm64@4.62.3
1628 silly packumentCache full:https://registry.npmjs.org/@rollup%2frollup-openharmony-arm64 cache-miss
1629 http cache https://registry.npmjs.org/@rollup%2frollup-linux-ppc64-gnu 228ms (cache hit)
1630 silly packumentCache full:https://registry.npmjs.org/@rollup%2frollup-linux-ppc64-gnu set size:101087 disposed:false
1631 silly fetch manifest @rollup/rollup-linux-loong64-musl@4.62.3
1632 silly packumentCache full:https://registry.npmjs.org/@rollup%2frollup-linux-loong64-musl cache-miss
1633 http cache https://registry.npmjs.org/@rollup%2frollup-freebsd-x64 248ms (cache hit)
1634 silly packumentCache full:https://registry.npmjs.org/@rollup%2frollup-freebsd-x64 set size:196788 disposed:false
1635 silly fetch manifest @rollup/rollup-linux-riscv64-musl@4.62.3
1636 silly packumentCache full:https://registry.npmjs.org/@rollup%2frollup-linux-riscv64-musl cache-miss
1637 http cache https://registry.npmjs.org/@rollup%2frollup-linux-s390x-gnu 245ms (cache hit)
1638 silly packumentCache full:https://registry.npmjs.org/@rollup%2frollup-linux-s390x-gnu set size:256252 disposed:false
1639 silly fetch manifest @rollup/rollup-linux-arm-gnueabihf@4.62.3
1640 silly packumentCache full:https://registry.npmjs.org/@rollup%2frollup-linux-arm-gnueabihf cache-miss
1641 http cache https://registry.npmjs.org/@rollup%2frollup-win32-ia32-msvc 201ms (cache hit)
1642 silly packumentCache full:https://registry.npmjs.org/@rollup%2frollup-win32-ia32-msvc set size:352564 disposed:false
1643 silly fetch manifest @rollup/rollup-linux-arm-musleabihf@4.62.3
1644 silly packumentCache full:https://registry.npmjs.org/@rollup%2frollup-linux-arm-musleabihf cache-miss
1645 http cache https://registry.npmjs.org/@rollup%2frollup-linux-ppc64-musl 172ms (cache hit)
1646 silly packumentCache full:https://registry.npmjs.org/@rollup%2frollup-linux-ppc64-musl set size:42649 disposed:false
1647 http cache https://registry.npmjs.org/@rollup%2frollup-android-arm-eabi 201ms (cache hit)
1648 silly packumentCache full:https://registry.npmjs.org/@rollup%2frollup-android-arm-eabi set size:354106 disposed:false
1649 http cache https://registry.npmjs.org/@rollup%2frollup-linux-riscv64-gnu 143ms (cache hit)
1650 silly packumentCache full:https://registry.npmjs.org/@rollup%2frollup-linux-riscv64-gnu set size:282649 disposed:false
1651 http cache https://registry.npmjs.org/@rollup%2frollup-linux-arm64-musl 207ms (cache hit)
1652 silly packumentCache full:https://registry.npmjs.org/@rollup%2frollup-linux-arm64-musl set size:311828 disposed:false
1653 http cache https://registry.npmjs.org/@rollup%2frollup-openharmony-arm64 153ms (cache hit)
1654 silly packumentCache full:https://registry.npmjs.org/@rollup%2frollup-openharmony-arm64 set size:81762 disposed:false
1655 http cache https://registry.npmjs.org/@rollup%2frollup-linux-loong64-gnu 187ms (cache hit)
1656 silly packumentCache full:https://registry.npmjs.org/@rollup%2frollup-linux-loong64-gnu set size:80961 disposed:false
1657 http cache https://registry.npmjs.org/@rollup%2frollup-win32-arm64-msvc 209ms (cache hit)
1658 silly packumentCache full:https://registry.npmjs.org/@rollup%2frollup-win32-arm64-msvc set size:354097 disposed:false
1659 http cache https://registry.npmjs.org/@rollup%2frollup-linux-riscv64-musl 153ms (cache hit)
1660 silly packumentCache full:https://registry.npmjs.org/@rollup%2frollup-linux-riscv64-musl set size:128668 disposed:false
1661 http cache https://registry.npmjs.org/@rollup%2frollup-linux-loong64-musl 170ms (cache hit)
1662 silly packumentCache full:https://registry.npmjs.org/@rollup%2frollup-linux-loong64-musl set size:43003 disposed:false
1663 http cache https://registry.npmjs.org/@rollup%2frollup-linux-arm-gnueabihf 157ms (cache hit)
1664 silly packumentCache full:https://registry.npmjs.org/@rollup%2frollup-linux-arm-gnueabihf set size:360057 disposed:false
1665 http cache https://registry.npmjs.org/@rollup%2frollup-linux-arm-musleabihf 114ms (cache hit)
1666 silly packumentCache full:https://registry.npmjs.org/@rollup%2frollup-linux-arm-musleabihf set size:254268 disposed:false
1667 silly fetch manifest @types/node@^18.0.0 || >=20.0.0
1668 silly packumentCache full:https://registry.npmjs.org/@types%2fnode cache-miss
1669 http cache https://registry.npmjs.org/@types%2fnode 183ms (cache hit)
1670 silly packumentCache full:https://registry.npmjs.org/@types%2fnode set size:11084776 disposed:false
1671 silly fetch manifest postcss@^8.3.3
1672 silly packumentCache full:https://registry.npmjs.org/postcss cache-hit
1673 silly fetch manifest terser@^5.4.0
1674 silly packumentCache full:https://registry.npmjs.org/terser cache-hit
1675 silly fetch manifest msw@^2.4.9
1676 silly packumentCache full:https://registry.npmjs.org/msw cache-miss
1677 http cache https://registry.npmjs.org/msw 33ms (cache hit)
1678 silly packumentCache full:https://registry.npmjs.org/msw set size:2036917 disposed:false
1679 silly fetch manifest typescript@>= 4.8.x
1680 silly packumentCache full:https://registry.npmjs.org/typescript cache-miss
1681 http cache https://registry.npmjs.org/typescript 142ms (cache hit)
1682 silly packumentCache full:https://registry.npmjs.org/typescript set size:15493019 disposed:false
1683 silly placeDep node_modules/vitest @vitest/mocker@2.1.9 OK for: vitest@2.1.9 want: 2.1.9
1684 silly placeDep node_modules/vitest vite@5.4.21 OK for: @vitest/mocker@2.1.9 want: ^5.0.0
1685 silly placeDep ROOT chai@5.3.3 OK for: vitest@2.1.9 want: ^5.1.2
1686 silly fetch manifest rollup@^4.20.0
1687 silly packumentCache full:https://registry.npmjs.org/rollup cache-miss
1688 silly fetch manifest esbuild@^0.21.3
1689 silly packumentCache full:https://registry.npmjs.org/esbuild cache-miss
1690 silly fetch manifest loupe@^3.1.0
1691 silly packumentCache full:https://registry.npmjs.org/loupe cache-miss
1692 http cache https://registry.npmjs.org/loupe 37ms (cache hit)
1693 silly packumentCache full:https://registry.npmjs.org/loupe set size:150836 disposed:false
1694 http cache https://registry.npmjs.org/esbuild 51ms (cache hit)
1695 silly packumentCache full:https://registry.npmjs.org/esbuild set size:1259608 disposed:false
1696 http cache https://registry.npmjs.org/rollup 102ms (cache hit)
1697 silly packumentCache full:https://registry.npmjs.org/rollup set size:6266245 disposed:false
1698 silly placeDep node_modules/chai loupe@3.2.1 OK for: chai@5.3.3 want: ^3.1.0
1699 silly placeDep node_modules/@babel/core @babel/helper-validator-identifier@7.29.7 OK for: @babel/code-frame@7.29.7 want: ^7.29.7
1700 silly placeDep node_modules/@babel/core js-tokens@4.0.0 OK for: @babel/code-frame@7.29.7 want: ^4.0.0
1701 silly placeDep node_modules/@babel/core @jridgewell/gen-mapping@0.3.13 OK for: @babel/generator@7.29.7 want: ^0.3.12
1702 silly placeDep node_modules/@babel/core @jridgewell/trace-mapping@0.3.31 OK for: @babel/generator@7.29.7 want: ^0.3.28
1703 silly placeDep node_modules/@babel/core jsesc@3.1.0 OK for: @babel/generator@7.29.7 want: ^3.0.2
1704 silly fetch manifest @jridgewell/resolve-uri@^3.1.0
1705 silly packumentCache full:https://registry.npmjs.org/@jridgewell%2fresolve-uri cache-miss
1706 silly fetch manifest @jridgewell/sourcemap-codec@^1.4.14
1707 silly packumentCache full:https://registry.npmjs.org/@jridgewell%2fsourcemap-codec cache-hit
1708 http cache https://registry.npmjs.org/@jridgewell%2fresolve-uri 29ms (cache hit)
1709 silly packumentCache full:https://registry.npmjs.org/@jridgewell%2fresolve-uri set size:57361 disposed:false
1710 silly placeDep node_modules/@babel/core @babel/compat-data@7.29.7 OK for: @babel/helper-compilation-targets@7.29.7 want: ^7.29.7
1711 silly placeDep node_modules/@babel/core @babel/helper-validator-option@7.29.7 OK for: @babel/helper-compilation-targets@7.29.7 want: ^7.29.7
1712 silly placeDep node_modules/@babel/core lru-cache@5.1.1 OK for: @babel/helper-compilation-targets@7.29.7 want: ^5.1.1
1713 silly placeDep node_modules/@babel/core @babel/helper-module-imports@7.29.7 OK for: @babel/helper-module-transforms@7.29.7 want: ^7.29.7
1714 silly placeDep node_modules/@babel/core @babel/helper-globals@7.29.7 OK for: @babel/traverse@7.29.7 want: ^7.29.7
1715 silly placeDep node_modules/@babel/core @babel/helper-string-parser@7.29.7 OK for: @babel/types@7.29.7 want: ^7.29.7
1716 silly placeDep node_modules/@babel/core @jridgewell/sourcemap-codec@1.5.5 OK for: @jridgewell/gen-mapping@0.3.13 want: ^1.5.0
1717 silly placeDep node_modules/@babel/core @jridgewell/resolve-uri@3.1.2 OK for: @jridgewell/trace-mapping@0.3.31 want: ^3.1.0
1718 silly placeDep node_modules/@next/eslint-plugin-next @nodelib/fs.walk@1.2.8 OK for: fast-glob@3.3.1 want: ^1.2.3
1719 silly placeDep node_modules/@next/eslint-plugin-next glob-parent@5.1.2 OK for: fast-glob@3.3.1 want: ^5.1.2
1720 silly fetch manifest @nodelib/fs.scandir@2.1.5
1721 silly packumentCache full:https://registry.npmjs.org/@nodelib%2ffs.scandir cache-miss
1722 http cache https://registry.npmjs.org/@nodelib%2ffs.scandir 29ms (cache hit)
1723 silly packumentCache full:https://registry.npmjs.org/@nodelib%2ffs.scandir set size:49256 disposed:false
1724 silly placeDep node_modules/@next/eslint-plugin-next @nodelib/fs.scandir@2.1.5 OK for: @nodelib/fs.walk@1.2.8 want: 2.1.5
1725 silly placeDep node_modules/@testing-library/dom @babel/helper-validator-identifier@7.29.7 OK for: @babel/code-frame@7.29.7 want: ^7.29.7
1726 silly placeDep node_modules/@testing-library/dom js-tokens@4.0.0 OK for: @babel/code-frame@7.29.7 want: ^4.0.0
1727 silly placeDep node_modules/@testing-library/dom ansi-styles@5.2.0 OK for: pretty-format@27.5.1 want: ^5.0.0
1728 silly placeDep node_modules/@types/babel__core @babel/helper-string-parser@7.29.7 OK for: @babel/types@7.29.7 want: ^7.29.7
1729 silly placeDep node_modules/@types/babel__core @babel/helper-validator-identifier@7.29.7 OK for: @babel/types@7.29.7 want: ^7.29.7
1730 silly placeDep node_modules/@typescript-eslint/eslint-plugin @typescript-eslint/types@8.65.0 OK for: @typescript-eslint/scope-manager@8.65.0 want: 8.65.0
1731 silly placeDep node_modules/@typescript-eslint/eslint-plugin @typescript-eslint/typescript-estree@8.65.0 OK for: @typescript-eslint/type-utils@8.65.0 want: 8.65.0
1732 silly placeDep node_modules/@typescript-eslint/eslint-plugin @typescript-eslint/project-service@8.65.0 OK for: @typescript-eslint/typescript-estree@8.65.0 want: 8.65.0
1733 silly placeDep node_modules/@typescript-eslint/eslint-plugin @typescript-eslint/tsconfig-utils@8.65.0 OK for: @typescript-eslint/typescript-estree@8.65.0 want: 8.65.0
1734 silly placeDep node_modules/@typescript-eslint/eslint-plugin minimatch@10.2.6 OK for: @typescript-eslint/typescript-estree@8.65.0 want: ^10.2.2
1735 silly placeDep node_modules/@typescript-eslint/eslint-plugin semver@7.8.5 OK for: @typescript-eslint/typescript-estree@8.65.0 want: ^7.7.3
1736 silly fetch manifest @typescript-eslint/tsconfig-utils@^8.65.0
1737 silly packumentCache full:https://registry.npmjs.org/@typescript-eslint%2ftsconfig-utils cache-miss
1738 silly fetch manifest brace-expansion@^5.0.8
1739 silly packumentCache full:https://registry.npmjs.org/brace-expansion cache-miss
1740 http cache https://registry.npmjs.org/@typescript-eslint%2ftsconfig-utils 31ms (cache hit)
1741 silly packumentCache full:https://registry.npmjs.org/@typescript-eslint%2ftsconfig-utils set size:1627246 disposed:false
1742 http cache https://registry.npmjs.org/brace-expansion 54ms (cache hit)
1743 silly packumentCache full:https://registry.npmjs.org/brace-expansion set size:101024 disposed:false
1744 silly placeDep node_modules/@typescript-eslint/eslint-plugin eslint-visitor-keys@5.0.1 OK for: @typescript-eslint/visitor-keys@8.65.0 want: ^5.0.0
1745 silly placeDep node_modules/@typescript-eslint/eslint-plugin brace-expansion@5.0.9 OK for: minimatch@10.2.6 want: ^5.0.8
1746 silly fetch manifest balanced-match@^4.0.2
1747 silly packumentCache full:https://registry.npmjs.org/balanced-match cache-miss
1748 http cache https://registry.npmjs.org/balanced-match 25ms (cache hit)
1749 silly packumentCache full:https://registry.npmjs.org/balanced-match set size:39082 disposed:false
1750 silly placeDep node_modules/@typescript-eslint/eslint-plugin balanced-match@4.0.4 OK for: brace-expansion@5.0.9 want: ^4.0.2
1751 silly placeDep node_modules/@typescript-eslint/parser @typescript-eslint/project-service@8.65.0 OK for: @typescript-eslint/typescript-estree@8.65.0 want: 8.65.0
1752 silly placeDep node_modules/@typescript-eslint/parser @typescript-eslint/tsconfig-utils@8.65.0 OK for: @typescript-eslint/typescript-estree@8.65.0 want: 8.65.0
1753 silly placeDep node_modules/@typescript-eslint/parser minimatch@10.2.6 OK for: @typescript-eslint/typescript-estree@8.65.0 want: ^10.2.2
1754 silly placeDep node_modules/@typescript-eslint/parser semver@7.8.5 OK for: @typescript-eslint/typescript-estree@8.65.0 want: ^7.7.3
1755 silly placeDep node_modules/@typescript-eslint/parser ts-api-utils@2.5.0 OK for: @typescript-eslint/typescript-estree@8.65.0 want: ^2.5.0
1756 silly placeDep node_modules/@typescript-eslint/parser eslint-visitor-keys@5.0.1 OK for: @typescript-eslint/visitor-keys@8.65.0 want: ^5.0.0
1757 silly placeDep node_modules/@typescript-eslint/parser brace-expansion@5.0.9 OK for: minimatch@10.2.6 want: ^5.0.8
1758 silly placeDep node_modules/@typescript-eslint/parser balanced-match@4.0.4 OK for: brace-expansion@5.0.9 want: ^4.0.2
1759 silly placeDep node_modules/@xyflow/system d3-dispatch@3.0.1 OK for: d3-drag@3.0.0 want: 1 - 3
1760 silly placeDep node_modules/@xyflow/system d3-color@3.1.0 OK for: d3-interpolate@3.0.1 want: 1 - 3
1761 silly fetch manifest d3-selection@2 - 3
1762 silly packumentCache full:https://registry.npmjs.org/d3-selection cache-hit
1763 silly placeDep node_modules/@xyflow/system d3-transition@3.0.1 OK for: d3-zoom@3.0.0 want: 2 - 3
1764 silly fetch manifest d3-ease@1 - 3
1765 silly packumentCache full:https://registry.npmjs.org/d3-ease cache-miss
1766 silly fetch manifest d3-timer@1 - 3
1767 silly packumentCache full:https://registry.npmjs.org/d3-timer cache-miss
1768 http cache https://registry.npmjs.org/d3-timer 34ms (cache hit)
1769 silly packumentCache full:https://registry.npmjs.org/d3-timer set size:101516 disposed:false
1770 http cache https://registry.npmjs.org/d3-ease 44ms (cache hit)
1771 silly packumentCache full:https://registry.npmjs.org/d3-ease set size:109490 disposed:false
1772 silly placeDep node_modules/@xyflow/system d3-ease@3.0.1 OK for: d3-transition@3.0.1 want: 1 - 3
1773 silly placeDep node_modules/@xyflow/system d3-timer@3.0.1 OK for: d3-transition@3.0.1 want: 1 - 3
1774 silly placeDep node_modules/cssstyle lru-cache@10.4.3 OK for: @asamuzakjp/css-color@3.2.0 want: ^10.4.3
1775 silly placeDep node_modules/eslint-plugin-import call-bind@1.0.9 OK for: array-includes@3.1.9 want: ^1.0.8
1776 silly placeDep node_modules/eslint-plugin-import es-abstract@1.24.2 OK for: array-includes@3.1.9 want: ^1.24.0
1777 silly placeDep node_modules/eslint-plugin-import es-object-atoms@1.1.2 OK for: array-includes@3.1.9 want: ^1.1.1
1778 silly placeDep node_modules/eslint-plugin-import math-intrinsics@1.1.0 OK for: array-includes@3.1.9 want: ^1.1.0
1779 silly fetch manifest call-bind-apply-helpers@^1.0.2
1780 silly packumentCache full:https://registry.npmjs.org/call-bind-apply-helpers cache-miss
1781 silly fetch manifest arraybuffer.prototype.slice@^1.0.4
1782 silly packumentCache full:https://registry.npmjs.org/arraybuffer.prototype.slice cache-miss
1783 silly fetch manifest es-to-primitive@^1.3.0
1784 silly packumentCache full:https://registry.npmjs.org/es-to-primitive cache-miss
1785 silly fetch manifest function.prototype.name@^1.1.8
1786 silly packumentCache full:https://registry.npmjs.org/function.prototype.name cache-miss
1787 silly fetch manifest object-inspect@^1.13.4
1788 silly packumentCache full:https://registry.npmjs.org/object-inspect cache-miss
1789 silly fetch manifest object.assign@^4.1.7
1790 silly packumentCache full:https://registry.npmjs.org/object.assign cache-hit
1791 silly fetch manifest regexp.prototype.flags@^1.5.4
1792 silly packumentCache full:https://registry.npmjs.org/regexp.prototype.flags cache-hit
1793 silly fetch manifest string.prototype.trim@^1.2.10
1794 silly packumentCache full:https://registry.npmjs.org/string.prototype.trim cache-miss
1795 silly fetch manifest string.prototype.trimstart@^1.0.8
1796 silly packumentCache full:https://registry.npmjs.org/string.prototype.trimstart cache-miss
1797 http cache https://registry.npmjs.org/arraybuffer.prototype.slice 68ms (cache hit)
1798 silly packumentCache full:https://registry.npmjs.org/arraybuffer.prototype.slice set size:20917 disposed:false
1799 http cache https://registry.npmjs.org/call-bind-apply-helpers 76ms (cache hit)
1800 silly packumentCache full:https://registry.npmjs.org/call-bind-apply-helpers set size:12744 disposed:false
1801 http cache https://registry.npmjs.org/object-inspect 77ms (cache hit)
1802 silly packumentCache full:https://registry.npmjs.org/object-inspect set size:101927 disposed:false
1803 http cache https://registry.npmjs.org/function.prototype.name 106ms (cache hit)
1804 silly packumentCache full:https://registry.npmjs.org/function.prototype.name set size:48566 disposed:false
1805 http cache https://registry.npmjs.org/es-to-primitive 120ms (cache hit)
1806 silly packumentCache full:https://registry.npmjs.org/es-to-primitive set size:35315 disposed:false
1807 http cache https://registry.npmjs.org/string.prototype.trim 118ms (cache hit)
1808 silly packumentCache full:https://registry.npmjs.org/string.prototype.trim set size:57416 disposed:false
1809 http cache https://registry.npmjs.org/string.prototype.trimstart 123ms (cache hit)
1810 silly packumentCache full:https://registry.npmjs.org/string.prototype.trimstart set size:38291 disposed:false
1811 silly placeDep node_modules/eslint-plugin-import es-errors@1.3.0 OK for: array.prototype.findlastindex@1.2.6 want: ^1.3.0
1812 silly placeDep node_modules/eslint-plugin-import call-bind-apply-helpers@1.0.2 OK for: call-bind@1.0.9 want: ^1.0.2
1813 silly placeDep node_modules/eslint-plugin-import function-bind@1.1.2 OK for: call-bind-apply-helpers@1.0.2 want: ^1.1.2
1814 silly placeDep node_modules/eslint-plugin-import arraybuffer.prototype.slice@1.0.4 OK for: es-abstract@1.24.2 want: ^1.0.4
1815 silly placeDep node_modules/eslint-plugin-import es-to-primitive@1.3.4 OK for: es-abstract@1.24.2 want: ^1.3.0
1816 silly placeDep node_modules/eslint-plugin-import function.prototype.name@1.2.0 OK for: es-abstract@1.24.2 want: ^1.1.8
1817 silly placeDep node_modules/eslint-plugin-import globalthis@1.0.4 OK for: es-abstract@1.24.2 want: ^1.0.4
1818 silly placeDep node_modules/eslint-plugin-import has-proto@1.2.0 OK for: es-abstract@1.24.2 want: ^1.2.0
1819 silly placeDep node_modules/eslint-plugin-import has-symbols@1.1.0 OK for: es-abstract@1.24.2 want: ^1.1.0
1820 silly placeDep node_modules/eslint-plugin-import internal-slot@1.1.0 OK for: es-abstract@1.24.2 want: ^1.1.0
1821 silly placeDep node_modules/eslint-plugin-import object-inspect@1.13.4 OK for: es-abstract@1.24.2 want: ^1.13.4
1822 silly placeDep node_modules/eslint-plugin-import object.assign@4.1.7 OK for: es-abstract@1.24.2 want: ^4.1.7
1823 silly placeDep node_modules/eslint-plugin-import regexp.prototype.flags@1.5.4 OK for: es-abstract@1.24.2 want: ^1.5.4
1824 silly placeDep node_modules/eslint-plugin-import string.prototype.trim@1.2.11 OK for: es-abstract@1.24.2 want: ^1.2.10
1825 silly placeDep node_modules/eslint-plugin-import string.prototype.trimstart@1.0.8 OK for: es-abstract@1.24.2 want: ^1.0.8
1826 silly fetch manifest es-abstract-get@^1.0.0
1827 silly packumentCache full:https://registry.npmjs.org/es-abstract-get cache-miss
1828 http cache https://registry.npmjs.org/es-abstract-get 174ms (cache hit)
1829 silly packumentCache full:https://registry.npmjs.org/es-abstract-get set size:7156 disposed:false
1830 silly placeDep node_modules/eslint-plugin-import es-abstract-get@1.0.0 OK for: es-to-primitive@1.3.4 want: ^1.0.0
1831 silly placeDep node_modules/eslint-plugin-jsx-a11y call-bind@1.0.9 OK for: array-includes@3.1.9 want: ^1.0.8
1832 silly placeDep node_modules/eslint-plugin-jsx-a11y es-abstract@1.24.2 OK for: array-includes@3.1.9 want: ^1.24.0
1833 silly placeDep node_modules/eslint-plugin-jsx-a11y es-object-atoms@1.1.2 OK for: array-includes@3.1.9 want: ^1.1.1
1834 silly placeDep node_modules/eslint-plugin-jsx-a11y math-intrinsics@1.1.0 OK for: array-includes@3.1.9 want: ^1.1.0
1835 silly placeDep node_modules/eslint-plugin-jsx-a11y call-bind-apply-helpers@1.0.2 OK for: call-bind@1.0.9 want: ^1.0.2
1836 silly placeDep node_modules/eslint-plugin-jsx-a11y es-errors@1.3.0 OK for: call-bind-apply-helpers@1.0.2 want: ^1.3.0
1837 silly placeDep node_modules/eslint-plugin-jsx-a11y function-bind@1.1.2 OK for: call-bind-apply-helpers@1.0.2 want: ^1.1.2
1838 silly placeDep node_modules/eslint-plugin-jsx-a11y arraybuffer.prototype.slice@1.0.4 OK for: es-abstract@1.24.2 want: ^1.0.4
1839 silly placeDep node_modules/eslint-plugin-jsx-a11y es-to-primitive@1.3.4 OK for: es-abstract@1.24.2 want: ^1.3.0
1840 silly placeDep node_modules/eslint-plugin-jsx-a11y function.prototype.name@1.2.0 OK for: es-abstract@1.24.2 want: ^1.1.8
1841 silly placeDep node_modules/eslint-plugin-jsx-a11y globalthis@1.0.4 OK for: es-abstract@1.24.2 want: ^1.0.4
1842 silly placeDep node_modules/eslint-plugin-jsx-a11y has-proto@1.2.0 OK for: es-abstract@1.24.2 want: ^1.2.0
1843 silly placeDep node_modules/eslint-plugin-jsx-a11y has-symbols@1.1.0 OK for: es-abstract@1.24.2 want: ^1.1.0
1844 silly placeDep node_modules/eslint-plugin-jsx-a11y internal-slot@1.1.0 OK for: es-abstract@1.24.2 want: ^1.1.0
1845 silly placeDep node_modules/eslint-plugin-jsx-a11y object-inspect@1.13.4 OK for: es-abstract@1.24.2 want: ^1.13.4
1846 silly placeDep node_modules/eslint-plugin-jsx-a11y object.assign@4.1.7 OK for: es-abstract@1.24.2 want: ^4.1.7
1847 silly placeDep node_modules/eslint-plugin-jsx-a11y regexp.prototype.flags@1.5.4 OK for: es-abstract@1.24.2 want: ^1.5.4
1848 silly placeDep node_modules/eslint-plugin-jsx-a11y string.prototype.trim@1.2.11 OK for: es-abstract@1.24.2 want: ^1.2.10
1849 silly placeDep node_modules/eslint-plugin-jsx-a11y string.prototype.trimend@1.0.10 OK for: es-abstract@1.24.2 want: ^1.0.9
1850 silly placeDep node_modules/eslint-plugin-jsx-a11y string.prototype.trimstart@1.0.8 OK for: es-abstract@1.24.2 want: ^1.0.8
1851 silly placeDep node_modules/eslint-plugin-jsx-a11y es-abstract-get@1.0.0 OK for: es-to-primitive@1.3.4 want: ^1.0.0
1852 silly placeDep node_modules/eslint-plugin-jsx-a11y array.prototype.flat@1.3.3 OK for: jsx-ast-utils@3.3.5 want: ^1.3.1
1853 silly placeDep node_modules/eslint-plugin-jsx-a11y object.values@1.2.1 OK for: jsx-ast-utils@3.3.5 want: ^1.1.6
1854 silly placeDep node_modules/eslint-plugin-react call-bind@1.0.9 OK for: array-includes@3.1.9 want: ^1.0.8
1855 silly placeDep node_modules/eslint-plugin-react es-abstract@1.24.2 OK for: array-includes@3.1.9 want: ^1.24.0
1856 silly placeDep node_modules/eslint-plugin-react es-object-atoms@1.1.2 OK for: array-includes@3.1.9 want: ^1.1.1
1857 silly placeDep node_modules/eslint-plugin-react math-intrinsics@1.1.0 OK for: array-includes@3.1.9 want: ^1.1.0
1858 silly placeDep node_modules/eslint-plugin-react es-errors@1.3.0 OK for: array.prototype.findlast@1.2.5 want: ^1.3.0
1859 silly placeDep node_modules/eslint-plugin-react call-bind-apply-helpers@1.0.2 OK for: call-bind@1.0.9 want: ^1.0.2
1860 silly placeDep node_modules/eslint-plugin-react function-bind@1.1.2 OK for: call-bind-apply-helpers@1.0.2 want: ^1.1.2
1861 silly placeDep node_modules/eslint-plugin-react arraybuffer.prototype.slice@1.0.4 OK for: es-abstract@1.24.2 want: ^1.0.4
1862 silly placeDep node_modules/eslint-plugin-react es-to-primitive@1.3.4 OK for: es-abstract@1.24.2 want: ^1.3.0
1863 silly placeDep node_modules/eslint-plugin-react function.prototype.name@1.2.0 OK for: es-abstract@1.24.2 want: ^1.1.8
1864 silly placeDep node_modules/eslint-plugin-react globalthis@1.0.4 OK for: es-abstract@1.24.2 want: ^1.0.4
1865 silly placeDep node_modules/eslint-plugin-react has-proto@1.2.0 OK for: es-abstract@1.24.2 want: ^1.2.0
1866 silly placeDep node_modules/eslint-plugin-react has-symbols@1.1.0 OK for: es-abstract@1.24.2 want: ^1.1.0
1867 silly placeDep node_modules/eslint-plugin-react internal-slot@1.1.0 OK for: es-abstract@1.24.2 want: ^1.1.0
1868 silly placeDep node_modules/eslint-plugin-react object-inspect@1.13.4 OK for: es-abstract@1.24.2 want: ^1.13.4
1869 silly placeDep node_modules/eslint-plugin-react object.assign@4.1.7 OK for: es-abstract@1.24.2 want: ^4.1.7
1870 silly placeDep node_modules/eslint-plugin-react regexp.prototype.flags@1.5.4 OK for: es-abstract@1.24.2 want: ^1.5.4
1871 silly placeDep node_modules/eslint-plugin-react string.prototype.trim@1.2.11 OK for: es-abstract@1.24.2 want: ^1.2.10
1872 silly placeDep node_modules/eslint-plugin-react string.prototype.trimend@1.0.10 OK for: es-abstract@1.24.2 want: ^1.0.9
1873 silly placeDep node_modules/eslint-plugin-react string.prototype.trimstart@1.0.8 OK for: es-abstract@1.24.2 want: ^1.0.8
1874 silly placeDep node_modules/eslint-plugin-react es-abstract-get@1.0.0 OK for: es-to-primitive@1.3.4 want: ^1.0.0
1875 silly placeDep node_modules/eslint-plugin-react array.prototype.flat@1.3.3 OK for: jsx-ast-utils@3.3.5 want: ^1.3.1
1876 silly placeDep node_modules/eslint-plugin-react react-is@16.13.1 OK for: prop-types@15.8.1 want: ^16.13.1
1877 silly placeDep node_modules/eslint-plugin-react is-core-module@2.16.2 OK for: resolve@2.0.0-next.7 want: ^2.16.2
1878 silly placeDep node_modules/eslint-plugin-react node-exports-info@1.6.2 OK for: resolve@2.0.0-next.7 want: ^1.6.0
1879 silly placeDep node_modules/next nanoid@3.3.16 OK for: postcss@8.4.31 want: ^3.3.6
1880 silly placeDep node_modules/next source-map-js@1.2.1 OK for: postcss@8.4.31 want: ^1.0.2
1881 silly placeDep node_modules/sucrase @jridgewell/sourcemap-codec@1.5.5 OK for: @jridgewell/gen-mapping@0.3.13 want: ^1.5.0
1882 silly placeDep node_modules/sucrase @jridgewell/trace-mapping@0.3.31 OK for: @jridgewell/gen-mapping@0.3.13 want: ^0.3.24
1883 silly placeDep node_modules/sucrase @jridgewell/resolve-uri@3.1.2 OK for: @jridgewell/trace-mapping@0.3.31 want: ^3.1.0
1884 silly placeDep node_modules/tailwindcss @nodelib/fs.walk@1.2.8 OK for: fast-glob@3.3.3 want: ^1.2.3
1885 silly placeDep node_modules/tailwindcss/node_modules/fast-glob glob-parent@5.1.2 OK for: fast-glob@3.3.3 want: ^5.1.2
1886 silly placeDep node_modules/tailwindcss @nodelib/fs.scandir@2.1.5 OK for: @nodelib/fs.walk@1.2.8 want: 2.1.5
1887 silly placeDep node_modules/tailwindcss es-errors@1.3.0 OK for: resolve@1.22.12 want: ^1.3.0
1888 silly placeDep node_modules/tailwindcss is-core-module@2.16.2 OK for: resolve@1.22.12 want: ^2.16.1
1889 silly placeDep node_modules/tough-cookie tldts-core@6.1.86 OK for: tldts@6.1.86 want: ^6.1.86
1890 silly placeDep ROOT @rollup/rollup-android-arm-eabi@4.62.3 OK for: rollup@4.62.3 want: 4.62.3
1891 silly placeDep ROOT @rollup/rollup-android-arm64@4.62.3 OK for: rollup@4.62.3 want: 4.62.3
1892 silly placeDep ROOT @rollup/rollup-darwin-arm64@4.62.3 OK for: rollup@4.62.3 want: 4.62.3
1893 silly placeDep ROOT @rollup/rollup-darwin-x64@4.62.3 OK for: rollup@4.62.3 want: 4.62.3
1894 silly placeDep ROOT @rollup/rollup-freebsd-arm64@4.62.3 OK for: rollup@4.62.3 want: 4.62.3
1895 silly placeDep ROOT @rollup/rollup-freebsd-x64@4.62.3 OK for: rollup@4.62.3 want: 4.62.3
1896 silly placeDep ROOT @rollup/rollup-linux-arm-gnueabihf@4.62.3 OK for: rollup@4.62.3 want: 4.62.3
1897 silly placeDep ROOT @rollup/rollup-linux-arm-musleabihf@4.62.3 OK for: rollup@4.62.3 want: 4.62.3
1898 silly placeDep ROOT @rollup/rollup-linux-arm64-gnu@4.62.3 OK for: rollup@4.62.3 want: 4.62.3
1899 silly placeDep ROOT @rollup/rollup-linux-arm64-musl@4.62.3 OK for: rollup@4.62.3 want: 4.62.3
1900 silly placeDep ROOT @rollup/rollup-linux-loong64-gnu@4.62.3 OK for: rollup@4.62.3 want: 4.62.3
1901 silly placeDep ROOT @rollup/rollup-linux-loong64-musl@4.62.3 OK for: rollup@4.62.3 want: 4.62.3
1902 silly placeDep ROOT @rollup/rollup-linux-ppc64-gnu@4.62.3 OK for: rollup@4.62.3 want: 4.62.3
1903 silly placeDep ROOT @rollup/rollup-linux-ppc64-musl@4.62.3 OK for: rollup@4.62.3 want: 4.62.3
1904 silly placeDep ROOT @rollup/rollup-linux-riscv64-gnu@4.62.3 OK for: rollup@4.62.3 want: 4.62.3
1905 silly placeDep ROOT @rollup/rollup-linux-riscv64-musl@4.62.3 OK for: rollup@4.62.3 want: 4.62.3
1906 silly placeDep ROOT @rollup/rollup-linux-s390x-gnu@4.62.3 OK for: rollup@4.62.3 want: 4.62.3
1907 silly placeDep ROOT @rollup/rollup-linux-x64-gnu@4.62.3 OK for: rollup@4.62.3 want: 4.62.3
1908 silly placeDep ROOT @rollup/rollup-linux-x64-musl@4.62.3 OK for: rollup@4.62.3 want: 4.62.3
1909 silly placeDep ROOT @rollup/rollup-openbsd-x64@4.62.3 OK for: rollup@4.62.3 want: 4.62.3
1910 silly placeDep ROOT @rollup/rollup-openharmony-arm64@4.62.3 OK for: rollup@4.62.3 want: 4.62.3
1911 silly placeDep ROOT @rollup/rollup-win32-arm64-msvc@4.62.3 OK for: rollup@4.62.3 want: 4.62.3
1912 silly placeDep ROOT @rollup/rollup-win32-ia32-msvc@4.62.3 OK for: rollup@4.62.3 want: 4.62.3
1913 silly placeDep node_modules/vitest esbuild@0.21.5 OK for: vite@5.4.21 want: ^0.21.3
1914 silly placeDep node_modules/vitest rollup@4.62.3 OK for: vite@5.4.21 want: ^4.20.0
1915 silly fetch manifest @esbuild/aix-ppc64@0.21.5
1916 silly packumentCache full:https://registry.npmjs.org/@esbuild%2faix-ppc64 cache-miss
1917 silly fetch manifest @esbuild/linux-arm@0.21.5
1918 silly packumentCache full:https://registry.npmjs.org/@esbuild%2flinux-arm cache-miss
1919 silly fetch manifest @esbuild/linux-x64@0.21.5
1920 silly packumentCache full:https://registry.npmjs.org/@esbuild%2flinux-x64 cache-miss
1921 silly fetch manifest @esbuild/sunos-x64@0.21.5
1922 silly packumentCache full:https://registry.npmjs.org/@esbuild%2fsunos-x64 cache-miss
1923 silly fetch manifest @esbuild/win32-x64@0.21.5
1924 silly packumentCache full:https://registry.npmjs.org/@esbuild%2fwin32-x64 cache-miss
1925 silly fetch manifest @esbuild/darwin-x64@0.21.5
1926 silly packumentCache full:https://registry.npmjs.org/@esbuild%2fdarwin-x64 cache-miss
1927 silly fetch manifest @esbuild/linux-ia32@0.21.5
1928 silly packumentCache full:https://registry.npmjs.org/@esbuild%2flinux-ia32 cache-miss
1929 silly fetch manifest @esbuild/netbsd-x64@0.21.5
1930 silly packumentCache full:https://registry.npmjs.org/@esbuild%2fnetbsd-x64 cache-miss
1931 silly fetch manifest @esbuild/win32-ia32@0.21.5
1932 silly packumentCache full:https://registry.npmjs.org/@esbuild%2fwin32-ia32 cache-miss
1933 silly fetch manifest @esbuild/android-arm@0.21.5
1934 silly packumentCache full:https://registry.npmjs.org/@esbuild%2fandroid-arm cache-miss
1935 silly fetch manifest @esbuild/android-x64@0.21.5
1936 silly packumentCache full:https://registry.npmjs.org/@esbuild%2fandroid-x64 cache-miss
1937 http cache https://registry.npmjs.org/@esbuild%2faix-ppc64 98ms (cache hit)
1938 silly packumentCache full:https://registry.npmjs.org/@esbuild%2faix-ppc64 set size:65972 disposed:false
1939 silly fetch manifest @esbuild/freebsd-x64@0.21.5
1940 silly packumentCache full:https://registry.npmjs.org/@esbuild%2ffreebsd-x64 cache-miss
1941 http cache https://registry.npmjs.org/@esbuild%2fnetbsd-x64 101ms (cache hit)
1942 silly packumentCache full:https://registry.npmjs.org/@esbuild%2fnetbsd-x64 set size:195514 disposed:false
1943 silly fetch manifest @esbuild/linux-arm64@0.21.5
1944 silly packumentCache full:https://registry.npmjs.org/@esbuild%2flinux-arm64 cache-miss
1945 http cache https://registry.npmjs.org/@esbuild%2fsunos-x64 116ms (cache hit)
1946 silly packumentCache full:https://registry.npmjs.org/@esbuild%2fsunos-x64 set size:197370 disposed:false
1947 silly fetch manifest @esbuild/linux-ppc64@0.21.5
1948 silly packumentCache full:https://registry.npmjs.org/@esbuild%2flinux-ppc64 cache-miss
1949 http cache https://registry.npmjs.org/@esbuild%2fdarwin-x64 125ms (cache hit)
1950 silly packumentCache full:https://registry.npmjs.org/@esbuild%2fdarwin-x64 set size:197848 disposed:false
1951 silly fetch manifest @esbuild/linux-s390x@0.21.5
1952 silly packumentCache full:https://registry.npmjs.org/@esbuild%2flinux-s390x cache-miss
1953 http cache https://registry.npmjs.org/@esbuild%2flinux-x64 140ms (cache hit)
1954 silly packumentCache full:https://registry.npmjs.org/@esbuild%2flinux-x64 set size:197126 disposed:false
1955 silly fetch manifest @esbuild/openbsd-x64@0.21.5
1956 silly packumentCache full:https://registry.npmjs.org/@esbuild%2fopenbsd-x64 cache-miss
1957 http cache https://registry.npmjs.org/@esbuild%2fwin32-ia32 143ms (cache hit)
1958 silly packumentCache full:https://registry.npmjs.org/@esbuild%2fwin32-ia32 set size:198030 disposed:false
1959 silly fetch manifest @esbuild/win32-arm64@0.21.5
1960 silly packumentCache full:https://registry.npmjs.org/@esbuild%2fwin32-arm64 cache-miss
1961 http cache https://registry.npmjs.org/@esbuild%2flinux-ia32 153ms (cache hit)
1962 silly packumentCache full:https://registry.npmjs.org/@esbuild%2flinux-ia32 set size:197805 disposed:false
1963 silly fetch manifest @esbuild/darwin-arm64@0.21.5
1964 silly packumentCache full:https://registry.npmjs.org/@esbuild%2fdarwin-arm64 cache-miss
1965 http cache https://registry.npmjs.org/@esbuild%2flinux-arm 163ms (cache hit)
1966 silly packumentCache full:https://registry.npmjs.org/@esbuild%2flinux-arm set size:196784 disposed:false
1967 silly fetch manifest @esbuild/android-arm64@0.21.5
1968 silly packumentCache full:https://registry.npmjs.org/@esbuild%2fandroid-arm64 cache-miss
1969 http cache https://registry.npmjs.org/@esbuild%2fandroid-x64 171ms (cache hit)
1970 silly packumentCache full:https://registry.npmjs.org/@esbuild%2fandroid-x64 set size:197200 disposed:false
1971 silly fetch manifest @esbuild/freebsd-arm64@0.21.5
1972 silly packumentCache full:https://registry.npmjs.org/@esbuild%2ffreebsd-arm64 cache-miss
1973 http cache https://registry.npmjs.org/@esbuild%2fwin32-x64 185ms (cache hit)
1974 silly packumentCache full:https://registry.npmjs.org/@esbuild%2fwin32-x64 set size:195722 disposed:false
1975 silly fetch manifest @esbuild/linux-loong64@0.21.5
1976 silly packumentCache full:https://registry.npmjs.org/@esbuild%2flinux-loong64 cache-miss
1977 http cache https://registry.npmjs.org/@esbuild%2fandroid-arm 191ms (cache hit)
1978 silly packumentCache full:https://registry.npmjs.org/@esbuild%2fandroid-arm set size:223400 disposed:false
1979 silly fetch manifest @esbuild/linux-riscv64@0.21.5
1980 silly packumentCache full:https://registry.npmjs.org/@esbuild%2flinux-riscv64 cache-miss
1981 http cache https://registry.npmjs.org/@esbuild%2fopenbsd-x64 129ms (cache hit)
1982 silly packumentCache full:https://registry.npmjs.org/@esbuild%2fopenbsd-x64 set size:198745 disposed:false
1983 silly fetch manifest @esbuild/linux-mips64el@0.21.5
1984 silly packumentCache full:https://registry.npmjs.org/@esbuild%2flinux-mips64el cache-miss
1985 http cache https://registry.npmjs.org/@esbuild%2flinux-ppc64 157ms (cache hit)
1986 silly packumentCache full:https://registry.npmjs.org/@esbuild%2flinux-ppc64 set size:200994 disposed:false
1987 http cache https://registry.npmjs.org/@esbuild%2flinux-arm64 178ms (cache hit)
1988 silly packumentCache full:https://registry.npmjs.org/@esbuild%2flinux-arm64 set size:198939 disposed:false
1989 http cache https://registry.npmjs.org/@esbuild%2ffreebsd-x64 196ms (cache hit)
1990 silly packumentCache full:https://registry.npmjs.org/@esbuild%2ffreebsd-x64 set size:198734 disposed:false
1991 http cache https://registry.npmjs.org/@esbuild%2fwin32-arm64 152ms (cache hit)
1992 silly packumentCache full:https://registry.npmjs.org/@esbuild%2fwin32-arm64 set size:199171 disposed:false
1993 http cache https://registry.npmjs.org/@esbuild%2flinux-s390x 173ms (cache hit)
1994 silly packumentCache full:https://registry.npmjs.org/@esbuild%2flinux-s390x set size:200463 disposed:false
1995 http cache https://registry.npmjs.org/@esbuild%2fdarwin-arm64 157ms (cache hit)
1996 silly packumentCache full:https://registry.npmjs.org/@esbuild%2fdarwin-arm64 set size:199630 disposed:false
1997 http cache https://registry.npmjs.org/@esbuild%2fandroid-arm64 156ms (cache hit)
1998 silly packumentCache full:https://registry.npmjs.org/@esbuild%2fandroid-arm64 set size:202366 disposed:false
1999 http cache https://registry.npmjs.org/@esbuild%2ffreebsd-arm64 147ms (cache hit)
2000 silly packumentCache full:https://registry.npmjs.org/@esbuild%2ffreebsd-arm64 set size:200534 disposed:false
2001 http cache https://registry.npmjs.org/@esbuild%2flinux-loong64 142ms (cache hit)
2002 silly packumentCache full:https://registry.npmjs.org/@esbuild%2flinux-loong64 set size:253896 disposed:false
2003 http cache https://registry.npmjs.org/@esbuild%2flinux-riscv64 139ms (cache hit)
2004 silly packumentCache full:https://registry.npmjs.org/@esbuild%2flinux-riscv64 set size:200662 disposed:false
2005 http cache https://registry.npmjs.org/@esbuild%2flinux-mips64el 119ms (cache hit)
2006 silly packumentCache full:https://registry.npmjs.org/@esbuild%2flinux-mips64el set size:202764 disposed:false
2007 silly placeDep ROOT @esbuild/aix-ppc64@0.21.5 OK for: esbuild@0.21.5 want: 0.21.5
2008 silly placeDep ROOT @esbuild/android-arm@0.21.5 OK for: esbuild@0.21.5 want: 0.21.5
2009 silly placeDep ROOT @esbuild/android-arm64@0.21.5 OK for: esbuild@0.21.5 want: 0.21.5
2010 silly placeDep ROOT @esbuild/android-x64@0.21.5 OK for: esbuild@0.21.5 want: 0.21.5
2011 silly placeDep ROOT @esbuild/darwin-arm64@0.21.5 OK for: esbuild@0.21.5 want: 0.21.5
2012 silly placeDep ROOT @esbuild/darwin-x64@0.21.5 OK for: esbuild@0.21.5 want: 0.21.5
2013 silly placeDep ROOT @esbuild/freebsd-arm64@0.21.5 OK for: esbuild@0.21.5 want: 0.21.5
2014 silly placeDep ROOT @esbuild/freebsd-x64@0.21.5 OK for: esbuild@0.21.5 want: 0.21.5
2015 silly placeDep ROOT @esbuild/linux-arm@0.21.5 OK for: esbuild@0.21.5 want: 0.21.5
2016 silly placeDep ROOT @esbuild/linux-arm64@0.21.5 OK for: esbuild@0.21.5 want: 0.21.5
2017 silly placeDep ROOT @esbuild/linux-ia32@0.21.5 OK for: esbuild@0.21.5 want: 0.21.5
2018 silly placeDep ROOT @esbuild/linux-loong64@0.21.5 OK for: esbuild@0.21.5 want: 0.21.5
2019 silly placeDep ROOT @esbuild/linux-mips64el@0.21.5 OK for: esbuild@0.21.5 want: 0.21.5
2020 silly placeDep ROOT @esbuild/linux-ppc64@0.21.5 OK for: esbuild@0.21.5 want: 0.21.5
2021 silly placeDep ROOT @esbuild/linux-riscv64@0.21.5 OK for: esbuild@0.21.5 want: 0.21.5
2022 silly placeDep ROOT @esbuild/linux-s390x@0.21.5 OK for: esbuild@0.21.5 want: 0.21.5
2023 silly placeDep ROOT @esbuild/linux-x64@0.21.5 OK for: esbuild@0.21.5 want: 0.21.5
2024 silly placeDep ROOT @esbuild/netbsd-x64@0.21.5 OK for: esbuild@0.21.5 want: 0.21.5
2025 silly placeDep ROOT @esbuild/openbsd-x64@0.21.5 OK for: esbuild@0.21.5 want: 0.21.5
2026 silly placeDep ROOT @esbuild/sunos-x64@0.21.5 OK for: esbuild@0.21.5 want: 0.21.5
2027 silly placeDep ROOT @esbuild/win32-arm64@0.21.5 OK for: esbuild@0.21.5 want: 0.21.5
2028 silly placeDep ROOT @esbuild/win32-ia32@0.21.5 OK for: esbuild@0.21.5 want: 0.21.5
2029 silly placeDep node_modules/vitest @esbuild/win32-x64@0.21.5 OK for: esbuild@0.21.5 want: 0.21.5
2030 silly fetch manifest @esbuild/aix-ppc64@0.25.12
2031 silly packumentCache full:https://registry.npmjs.org/@esbuild%2faix-ppc64 cache-hit
2032 silly fetch manifest @esbuild/android-arm@0.25.12
2033 silly packumentCache full:https://registry.npmjs.org/@esbuild%2fandroid-arm cache-hit
2034 silly fetch manifest @esbuild/android-arm64@0.25.12
2035 silly packumentCache full:https://registry.npmjs.org/@esbuild%2fandroid-arm64 cache-hit
2036 silly fetch manifest @esbuild/android-x64@0.25.12
2037 silly packumentCache full:https://registry.npmjs.org/@esbuild%2fandroid-x64 cache-hit
2038 silly fetch manifest @esbuild/darwin-arm64@0.25.12
2039 silly packumentCache full:https://registry.npmjs.org/@esbuild%2fdarwin-arm64 cache-hit
2040 silly fetch manifest @esbuild/darwin-x64@0.25.12
2041 silly packumentCache full:https://registry.npmjs.org/@esbuild%2fdarwin-x64 cache-hit
2042 silly fetch manifest @esbuild/freebsd-arm64@0.25.12
2043 silly packumentCache full:https://registry.npmjs.org/@esbuild%2ffreebsd-arm64 cache-hit
2044 silly fetch manifest @esbuild/freebsd-x64@0.25.12
2045 silly packumentCache full:https://registry.npmjs.org/@esbuild%2ffreebsd-x64 cache-hit
2046 silly fetch manifest @esbuild/linux-arm@0.25.12
2047 silly packumentCache full:https://registry.npmjs.org/@esbuild%2flinux-arm cache-hit
2048 silly fetch manifest @esbuild/linux-arm64@0.25.12
2049 silly packumentCache full:https://registry.npmjs.org/@esbuild%2flinux-arm64 cache-hit
2050 silly fetch manifest @esbuild/linux-ia32@0.25.12
2051 silly packumentCache full:https://registry.npmjs.org/@esbuild%2flinux-ia32 cache-hit
2052 silly fetch manifest @esbuild/linux-loong64@0.25.12
2053 silly packumentCache full:https://registry.npmjs.org/@esbuild%2flinux-loong64 cache-hit
2054 silly fetch manifest @esbuild/linux-mips64el@0.25.12
2055 silly packumentCache full:https://registry.npmjs.org/@esbuild%2flinux-mips64el cache-hit
2056 silly fetch manifest @esbuild/linux-ppc64@0.25.12
2057 silly packumentCache full:https://registry.npmjs.org/@esbuild%2flinux-ppc64 cache-hit
2058 silly fetch manifest @esbuild/linux-riscv64@0.25.12
2059 silly packumentCache full:https://registry.npmjs.org/@esbuild%2flinux-riscv64 cache-hit
2060 silly fetch manifest @esbuild/linux-s390x@0.25.12
2061 silly packumentCache full:https://registry.npmjs.org/@esbuild%2flinux-s390x cache-hit
2062 silly fetch manifest @esbuild/linux-x64@0.25.12
2063 silly packumentCache full:https://registry.npmjs.org/@esbuild%2flinux-x64 cache-hit
2064 silly fetch manifest @esbuild/netbsd-arm64@0.25.12
2065 silly packumentCache full:https://registry.npmjs.org/@esbuild%2fnetbsd-arm64 cache-miss
2066 http cache https://registry.npmjs.org/@esbuild%2fnetbsd-arm64 24ms (cache hit)
2067 silly packumentCache full:https://registry.npmjs.org/@esbuild%2fnetbsd-arm64 set size:42467 disposed:false
2068 silly fetch manifest @esbuild/netbsd-x64@0.25.12
2069 silly packumentCache full:https://registry.npmjs.org/@esbuild%2fnetbsd-x64 cache-hit
2070 silly fetch manifest @esbuild/openbsd-arm64@0.25.12
2071 silly packumentCache full:https://registry.npmjs.org/@esbuild%2fopenbsd-arm64 cache-miss
2072 http cache https://registry.npmjs.org/@esbuild%2fopenbsd-arm64 28ms (cache hit)
2073 silly packumentCache full:https://registry.npmjs.org/@esbuild%2fopenbsd-arm64 set size:47792 disposed:false
2074 silly fetch manifest @esbuild/openbsd-x64@0.25.12
2075 silly packumentCache full:https://registry.npmjs.org/@esbuild%2fopenbsd-x64 cache-hit
2076 silly fetch manifest @esbuild/openharmony-arm64@0.25.12
2077 silly packumentCache full:https://registry.npmjs.org/@esbuild%2fopenharmony-arm64 cache-miss
2078 http cache https://registry.npmjs.org/@esbuild%2fopenharmony-arm64 22ms (cache hit)
2079 silly packumentCache full:https://registry.npmjs.org/@esbuild%2fopenharmony-arm64 set size:31189 disposed:false
2080 silly fetch manifest @esbuild/sunos-x64@0.25.12
2081 silly packumentCache full:https://registry.npmjs.org/@esbuild%2fsunos-x64 cache-hit
2082 silly fetch manifest @esbuild/win32-arm64@0.25.12
2083 silly packumentCache full:https://registry.npmjs.org/@esbuild%2fwin32-arm64 cache-hit
2084 silly fetch manifest @esbuild/win32-ia32@0.25.12
2085 silly packumentCache full:https://registry.npmjs.org/@esbuild%2fwin32-ia32 cache-hit
2086 silly fetch manifest @esbuild/win32-x64@0.25.12
2087 silly packumentCache full:https://registry.npmjs.org/@esbuild%2fwin32-x64 cache-hit
2088 silly placeDep node_modules/esbuild @esbuild/aix-ppc64@0.25.12 OK for: esbuild@0.25.12 want: 0.25.12
2089 silly placeDep node_modules/esbuild @esbuild/android-arm@0.25.12 OK for: esbuild@0.25.12 want: 0.25.12
2090 silly placeDep node_modules/esbuild @esbuild/android-arm64@0.25.12 OK for: esbuild@0.25.12 want: 0.25.12
2091 silly placeDep node_modules/esbuild @esbuild/android-x64@0.25.12 OK for: esbuild@0.25.12 want: 0.25.12
2092 silly placeDep node_modules/esbuild @esbuild/darwin-arm64@0.25.12 OK for: esbuild@0.25.12 want: 0.25.12
2093 silly placeDep node_modules/esbuild @esbuild/darwin-x64@0.25.12 OK for: esbuild@0.25.12 want: 0.25.12
2094 silly placeDep node_modules/esbuild @esbuild/freebsd-arm64@0.25.12 OK for: esbuild@0.25.12 want: 0.25.12
2095 silly placeDep node_modules/esbuild @esbuild/freebsd-x64@0.25.12 OK for: esbuild@0.25.12 want: 0.25.12
2096 silly placeDep node_modules/esbuild @esbuild/linux-arm@0.25.12 OK for: esbuild@0.25.12 want: 0.25.12
2097 silly placeDep node_modules/esbuild @esbuild/linux-arm64@0.25.12 OK for: esbuild@0.25.12 want: 0.25.12
2098 silly placeDep node_modules/esbuild @esbuild/linux-ia32@0.25.12 OK for: esbuild@0.25.12 want: 0.25.12
2099 silly placeDep node_modules/esbuild @esbuild/linux-loong64@0.25.12 OK for: esbuild@0.25.12 want: 0.25.12
2100 silly placeDep node_modules/esbuild @esbuild/linux-mips64el@0.25.12 OK for: esbuild@0.25.12 want: 0.25.12
2101 silly placeDep node_modules/esbuild @esbuild/linux-ppc64@0.25.12 OK for: esbuild@0.25.12 want: 0.25.12
2102 silly placeDep node_modules/esbuild @esbuild/linux-riscv64@0.25.12 OK for: esbuild@0.25.12 want: 0.25.12
2103 silly placeDep node_modules/esbuild @esbuild/linux-s390x@0.25.12 OK for: esbuild@0.25.12 want: 0.25.12
2104 silly placeDep node_modules/esbuild @esbuild/linux-x64@0.25.12 OK for: esbuild@0.25.12 want: 0.25.12
2105 silly placeDep ROOT @esbuild/netbsd-arm64@0.25.12 OK for: esbuild@0.25.12 want: 0.25.12
2106 silly placeDep node_modules/esbuild @esbuild/netbsd-x64@0.25.12 OK for: esbuild@0.25.12 want: 0.25.12
2107 silly placeDep ROOT @esbuild/openbsd-arm64@0.25.12 OK for: esbuild@0.25.12 want: 0.25.12
2108 silly placeDep node_modules/esbuild @esbuild/openbsd-x64@0.25.12 OK for: esbuild@0.25.12 want: 0.25.12
2109 silly placeDep ROOT @esbuild/openharmony-arm64@0.25.12 OK for: esbuild@0.25.12 want: 0.25.12
2110 silly placeDep node_modules/esbuild @esbuild/sunos-x64@0.25.12 OK for: esbuild@0.25.12 want: 0.25.12
2111 silly placeDep node_modules/esbuild @esbuild/win32-arm64@0.25.12 OK for: esbuild@0.25.12 want: 0.25.12
2112 silly placeDep node_modules/esbuild @esbuild/win32-ia32@0.25.12 OK for: esbuild@0.25.12 want: 0.25.12
2113 silly placeDep node_modules/esbuild @esbuild/win32-x64@0.25.12 OK for: esbuild@0.25.12 want: 0.25.12
2114 silly reify mark retired [ 'D:\\Axion\\dashboard\\node_modules\\ajv' ]
2115 silly reify mark retired [ 'D:\\Axion\\dashboard\\node_modules\\array.prototype.findlastindex' ]
2116 silly reify mark retired [ 'D:\\Axion\\dashboard\\node_modules\\aria-query' ]
2117 silly reify mark retired [ 'D:\\Axion\\dashboard\\node_modules\\array-includes' ]
2118 silly reify mark retired [ 'D:\\Axion\\dashboard\\node_modules\\array.prototype.findlast' ]
2119 silly reify mark retired [ 'D:\\Axion\\dashboard\\node_modules\\array.prototype.flat' ]
2120 silly reify mark retired [ 'D:\\Axion\\dashboard\\node_modules\\array.prototype.flatmap' ]
2121 silly reify mark retired [ 'D:\\Axion\\dashboard\\node_modules\\array.prototype.tosorted' ]
2122 silly reify mark retired [ 'D:\\Axion\\dashboard\\node_modules\\arraybuffer.prototype.slice' ]
2123 silly reify mark retired [ 'D:\\Axion\\dashboard\\node_modules\\autoprefixer' ]
2124 silly reify mark retired [ 'D:\\Axion\\dashboard\\node_modules\\axe-core' ]
2125 silly reify mark retired [ 'D:\\Axion\\dashboard\\node_modules\\axobject-query' ]
2126 silly reify mark retired [ 'D:\\Axion\\dashboard\\node_modules\\baseline-browser-mapping' ]
2127 silly reify mark retired [ 'D:\\Axion\\dashboard\\node_modules\\browserslist' ]
2128 silly reify mark retired [ 'D:\\Axion\\dashboard\\node_modules\\caniuse-lite' ]
2129 silly reify mark retired [ 'D:\\Axion\\dashboard\\node_modules\\chai' ]
2130 silly reify mark retired [ 'D:\\Axion\\dashboard\\node_modules\\chalk' ]
2131 silly reify mark retired [ 'D:\\Axion\\dashboard\\node_modules\\classcat' ]
2132 silly reify mark retired [ 'D:\\Axion\\dashboard\\node_modules\\convert-source-map' ]
2133 silly reify mark retired [ 'D:\\Axion\\dashboard\\node_modules\\css.escape' ]
2134 silly reify mark retired [ 'D:\\Axion\\dashboard\\node_modules\\cross-spawn' ]
2135 silly reify mark retired [ 'D:\\Axion\\dashboard\\node_modules\\csstype' ]
2136 silly reify mark retired [ 'D:\\Axion\\dashboard\\node_modules\\cssstyle' ]
2137 silly reify mark retired [ 'D:\\Axion\\dashboard\\node_modules\\d3-dispatch' ]
2138 silly reify mark retired [ 'D:\\Axion\\dashboard\\node_modules\\d3-ease' ]
2139 silly reify mark retired [ 'D:\\Axion\\dashboard\\node_modules\\d3-color' ]
2140 silly reify mark retired [ 'D:\\Axion\\dashboard\\node_modules\\d3-interpolate' ]
2141 silly reify mark retired [ 'D:\\Axion\\dashboard\\node_modules\\d3-transition' ]
2142 silly reify mark retired [ 'D:\\Axion\\dashboard\\node_modules\\d3-selection' ]
2143 silly reify mark retired [ 'D:\\Axion\\dashboard\\node_modules\\d3-timer' ]
2144 silly reify mark retired [ 'D:\\Axion\\dashboard\\node_modules\\d3-drag' ]
2145 silly reify mark retired [ 'D:\\Axion\\dashboard\\node_modules\\d3-zoom' ]
2146 silly reify mark retired [ 'D:\\Axion\\dashboard\\node_modules\\debug' ]
2147 silly reify mark retired [ 'D:\\Axion\\dashboard\\node_modules\\dequal' ]
2148 silly reify mark retired [ 'D:\\Axion\\dashboard\\node_modules\\dom-accessibility-api' ]
2149 silly reify mark retired [ 'D:\\Axion\\dashboard\\node_modules\\electron-to-chromium' ]
2150 silly reify mark retired [ 'D:\\Axion\\dashboard\\node_modules\\es-abstract-get' ]
2151 silly reify mark retired [ 'D:\\Axion\\dashboard\\node_modules\\entities' ]
2152 silly reify mark retired [ 'D:\\Axion\\dashboard\\node_modules\\es-iterator-helpers' ]
2153 silly reify mark retired [ 'D:\\Axion\\dashboard\\node_modules\\es-to-primitive' ]
2154 silly reify mark retired [ 'D:\\Axion\\dashboard\\node_modules\\eslint-config-next' ]
2155 silly reify mark retired [ 'D:\\Axion\\dashboard\\node_modules\\eslint-module-utils' ]
2156 silly reify mark retired [ 'D:\\Axion\\dashboard\\node_modules\\eslint' ]
2157 silly reify mark retired [ 'D:\\Axion\\dashboard\\node_modules\\eslint-plugin-jsx-a11y' ]
2158 silly reify mark retired [ 'D:\\Axion\\dashboard\\node_modules\\eslint-plugin-react' ]
2159 silly reify mark retired [
2159 silly reify   'D:\\Axion\\dashboard\\node_modules\\eslint-import-resolver-typescript'
2159 silly reify ]
2160 silly reify mark retired [ 'D:\\Axion\\dashboard\\node_modules\\eslint-plugin-import' ]
2161 silly reify mark retired [ 'D:\\Axion\\dashboard\\node_modules\\eslint-plugin-react-hooks' ]
2162 silly reify mark retired [ 'D:\\Axion\\dashboard\\node_modules\\eslint-scope' ]
2163 silly reify mark retired [ 'D:\\Axion\\dashboard\\node_modules\\eslint-visitor-keys' ]
2164 silly reify mark retired [ 'D:\\Axion\\dashboard\\node_modules\\esquery' ]
2165 silly reify mark retired [ 'D:\\Axion\\dashboard\\node_modules\\espree' ]
2166 silly reify mark retired [ 'D:\\Axion\\dashboard\\node_modules\\fast-deep-equal' ]
2167 silly reify mark retired [ 'D:\\Axion\\dashboard\\node_modules\\fast-json-stable-stringify' ]
2168 silly reify mark retired [ 'D:\\Axion\\dashboard\\node_modules\\fast-glob' ]
2169 silly reify mark retired [ 'D:\\Axion\\dashboard\\node_modules\\file-entry-cache' ]
2170 silly reify mark retired [ 'D:\\Axion\\dashboard\\node_modules\\framer-motion' ]
2171 silly reify mark retired [ 'D:\\Axion\\dashboard\\node_modules\\fraction.js' ]
2172 silly reify mark retired [ 'D:\\Axion\\dashboard\\node_modules\\gensync' ]
2173 silly reify mark retired [ 'D:\\Axion\\dashboard\\node_modules\\globals' ]
2174 silly reify mark retired [ 'D:\\Axion\\dashboard\\node_modules\\globalthis' ]
2175 silly reify mark retired [ 'D:\\Axion\\dashboard\\node_modules\\ignore' ]
2176 silly reify mark retired [ 'D:\\Axion\\dashboard\\node_modules\\import-fresh' ]
2177 silly reify mark retired [ 'D:\\Axion\\dashboard\\node_modules\\jsesc' ]
2178 silly reify mark retired [ 'D:\\Axion\\dashboard\\node_modules\\jsdom' ]
2179 silly reify mark retired [ 'D:\\Axion\\dashboard\\node_modules\\jiti' ]
2180 silly reify mark retired [ 'D:\\Axion\\dashboard\\node_modules\\json5' ]
2181 silly reify mark retired [ 'D:\\Axion\\dashboard\\node_modules\\js-yaml' ]
2182 silly reify mark retired [ 'D:\\Axion\\dashboard\\node_modules\\jsx-ast-utils' ]
2183 silly reify mark retired [ 'D:\\Axion\\dashboard\\node_modules\\lucide-react' ]
2184 silly reify mark retired [ 'D:\\Axion\\dashboard\\node_modules\\lru-cache' ]
2185 silly reify mark retired [ 'D:\\Axion\\dashboard\\node_modules\\lz-string' ]
2186 silly reify mark retired [ 'D:\\Axion\\dashboard\\node_modules\\minimatch' ]
2187 silly reify mark retired [ 'D:\\Axion\\dashboard\\node_modules\\motion-dom' ]
2188 silly reify mark retired [ 'D:\\Axion\\dashboard\\node_modules\\levn' ]
2189 silly reify mark retired [ 'D:\\Axion\\dashboard\\node_modules\\node-exports-info' ]
2190 silly reify mark retired [ 'D:\\Axion\\dashboard\\node_modules\\next' ]
2191 silly reify mark retired [ 'D:\\Axion\\dashboard\\node_modules\\nanoid' ]
2192 silly reify mark retired [ 'D:\\Axion\\dashboard\\node_modules\\node-releases' ]
2193 silly reify mark retired [ 'D:\\Axion\\dashboard\\node_modules\\object.fromentries' ]
2194 silly reify mark retired [ 'D:\\Axion\\dashboard\\node_modules\\object.entries' ]
2195 silly reify mark retired [ 'D:\\Axion\\dashboard\\node_modules\\object.groupby' ]
2196 silly reify mark retired [ 'D:\\Axion\\dashboard\\node_modules\\object.assign' ]
2197 silly reify mark retired [ 'D:\\Axion\\dashboard\\node_modules\\object.values' ]
2198 silly reify mark retired [ 'D:\\Axion\\dashboard\\node_modules\\optionator' ]
2199 silly reify mark retired [ 'D:\\Axion\\dashboard\\node_modules\\parse5' ]
2200 silly reify mark retired [ 'D:\\Axion\\dashboard\\node_modules\\picocolors' ]
2201 silly reify mark retired [ 'D:\\Axion\\dashboard\\node_modules\\postcss' ]
2202 silly reify mark retired [ 'D:\\Axion\\dashboard\\node_modules\\postcss-selector-parser' ]
2203 silly reify mark retired [ 'D:\\Axion\\dashboard\\node_modules\\pretty-format' ]
2204 silly reify mark retired [ 'D:\\Axion\\dashboard\\node_modules\\postcss-value-parser' ]
2205 silly reify mark retired [ 'D:\\Axion\\dashboard\\node_modules\\prop-types' ]
2206 silly reify mark retired [ 'D:\\Axion\\dashboard\\node_modules\\react-dom' ]
2207 silly reify mark retired [ 'D:\\Axion\\dashboard\\node_modules\\react' ]
2208 silly reify mark retired [ 'D:\\Axion\\dashboard\\node_modules\\react-refresh' ]
2209 silly reify mark retired [ 'D:\\Axion\\dashboard\\node_modules\\redent' ]
2210 silly reify mark retired [ 'D:\\Axion\\dashboard\\node_modules\\regexp.prototype.flags' ]
2211 silly reify mark retired [ 'D:\\Axion\\dashboard\\node_modules\\rollup' ]
2212 silly reify mark retired [ 'D:\\Axion\\dashboard\\node_modules\\rrweb-cssom' ]
2213 silly reify mark retired [ 'D:\\Axion\\dashboard\\node_modules\\semver' ]
2214 silly reify mark retired [ 'D:\\Axion\\dashboard\\node_modules\\sharp' ]
2215 silly reify mark retired [ 'D:\\Axion\\dashboard\\node_modules\\source-map-js' ]
2216 silly reify mark retired [ 'D:\\Axion\\dashboard\\node_modules\\string.prototype.matchall' ]
2217 silly reify mark retired [ 'D:\\Axion\\dashboard\\node_modules\\string.prototype.trim' ]
2218 silly reify mark retired [ 'D:\\Axion\\dashboard\\node_modules\\string.prototype.includes' ]
2219 silly reify mark retired [ 'D:\\Axion\\dashboard\\node_modules\\string.prototype.repeat' ]
2220 silly reify mark retired [ 'D:\\Axion\\dashboard\\node_modules\\string.prototype.trimstart' ]
2221 silly reify mark retired [ 'D:\\Axion\\dashboard\\node_modules\\strip-json-comments' ]
2222 silly reify mark retired [ 'D:\\Axion\\dashboard\\node_modules\\sucrase' ]
2223 silly reify mark retired [ 'D:\\Axion\\dashboard\\node_modules\\string.prototype.trimend' ]
2224 silly reify mark retired [ 'D:\\Axion\\dashboard\\node_modules\\styled-jsx' ]
2225 silly reify mark retired [ 'D:\\Axion\\dashboard\\node_modules\\tailwindcss' ]
2226 silly reify mark retired [ 'D:\\Axion\\dashboard\\node_modules\\tough-cookie' ]
2227 silly reify mark retired [ 'D:\\Axion\\dashboard\\node_modules\\tldts' ]
2228 silly reify mark retired [ 'D:\\Axion\\dashboard\\node_modules\\tldts-core' ]
2229 silly reify mark retired [ 'D:\\Axion\\dashboard\\node_modules\\ts-api-utils' ]
2230 silly reify mark retired [ 'D:\\Axion\\dashboard\\node_modules\\typescript' ]
2231 silly reify mark retired [ 'D:\\Axion\\dashboard\\node_modules\\uri-js' ]
2232 silly reify mark retired [ 'D:\\Axion\\dashboard\\node_modules\\undici-types' ]
2233 silly reify mark retired [ 'D:\\Axion\\dashboard\\node_modules\\update-browserslist-db' ]
2234 silly reify mark retired [ 'D:\\Axion\\dashboard\\node_modules\\vitest' ]
2235 silly reify mark retired [ 'D:\\Axion\\dashboard\\node_modules\\vite' ]
2236 silly reify mark retired [ 'D:\\Axion\\dashboard\\node_modules\\whatwg-url' ]
2237 silly reify mark retired [ 'D:\\Axion\\dashboard\\node_modules\\ws' ]
2238 silly reify mark retired [ 'D:\\Axion\\dashboard\\node_modules\\zustand' ]
2239 silly reify mark retired [ 'D:\\Axion\\dashboard\\node_modules\\@babel\\code-frame' ]
2240 silly reify mark retired [ 'D:\\Axion\\dashboard\\node_modules\\@babel\\core' ]
2241 silly reify mark retired [ 'D:\\Axion\\dashboard\\node_modules\\@babel\\compat-data' ]
2242 silly reify mark retired [ 'D:\\Axion\\dashboard\\node_modules\\@babel\\helper-globals' ]
2243 silly reify mark retired [
2243 silly reify   'D:\\Axion\\dashboard\\node_modules\\@babel\\helper-compilation-targets'
2243 silly reify ]
2244 silly reify mark retired [
2244 silly reify   'D:\\Axion\\dashboard\\node_modules\\@babel\\helper-module-transforms'
2244 silly reify ]
2245 silly reify mark retired [ 'D:\\Axion\\dashboard\\node_modules\\@babel\\helper-module-imports' ]
2246 silly reify mark retired [ 'D:\\Axion\\dashboard\\node_modules\\@babel\\helper-plugin-utils' ]
2247 silly reify mark retired [ 'D:\\Axion\\dashboard\\node_modules\\@babel\\generator' ]
2248 silly reify mark retired [ 'D:\\Axion\\dashboard\\node_modules\\@babel\\helper-string-parser' ]
2249 silly reify mark retired [
2249 silly reify   'D:\\Axion\\dashboard\\node_modules\\@babel\\plugin-transform-react-jsx-self'
2249 silly reify ]
2250 silly reify mark retired [
2250 silly reify   'D:\\Axion\\dashboard\\node_modules\\@babel\\helper-validator-option'
2250 silly reify ]
2251 silly reify mark retired [
2251 silly reify   'D:\\Axion\\dashboard\\node_modules\\@babel\\helper-validator-identifier'
2251 silly reify ]
2252 silly reify mark retired [ 'D:\\Axion\\dashboard\\node_modules\\@babel\\parser' ]
2253 silly reify mark retired [ 'D:\\Axion\\dashboard\\node_modules\\@babel\\helpers' ]
2254 silly reify mark retired [ 'D:\\Axion\\dashboard\\node_modules\\@babel\\runtime' ]
2255 silly reify mark retired [
2255 silly reify   'D:\\Axion\\dashboard\\node_modules\\@babel\\plugin-transform-react-jsx-source'
2255 silly reify ]
2256 silly reify mark retired [ 'D:\\Axion\\dashboard\\node_modules\\@adobe\\css-tools' ]
2257 silly reify mark retired [ 'D:\\Axion\\dashboard\\node_modules\\@babel\\types' ]
2258 silly reify mark retired [ 'D:\\Axion\\dashboard\\node_modules\\@babel\\traverse' ]
2259 silly reify mark retired [ 'D:\\Axion\\dashboard\\node_modules\\@babel\\template' ]
2260 silly reify mark retired [ 'D:\\Axion\\dashboard\\node_modules\\@asamuzakjp\\css-color' ]
2261 silly reify mark retired [ 'D:\\Axion\\dashboard\\node_modules\\@eslint\\config-array' ]
2262 silly reify mark retired [ 'D:\\Axion\\dashboard\\node_modules\\@eslint\\config-helpers' ]
2263 silly reify mark retired [ 'D:\\Axion\\dashboard\\node_modules\\@eslint\\eslintrc' ]
2264 silly reify mark retired [ 'D:\\Axion\\dashboard\\node_modules\\@eslint\\plugin-kit' ]
2265 silly reify mark retired [ 'D:\\Axion\\dashboard\\node_modules\\@eslint\\js' ]
2266 silly reify mark retired [ 'D:\\Axion\\dashboard\\node_modules\\@humanwhocodes\\retry' ]
2267 silly reify mark retired [ 'D:\\Axion\\dashboard\\node_modules\\@eslint\\core' ]
2268 silly reify mark retired [
2268 silly reify   'D:\\Axion\\dashboard\\node_modules\\@humanwhocodes\\module-importer'
2268 silly reify ]
2269 silly reify mark retired [ 'D:\\Axion\\dashboard\\node_modules\\@eslint\\object-schema' ]
2270 silly reify mark retired [
2270 silly reify   'D:\\Axion\\dashboard\\node_modules\\@eslint-community\\eslint-utils'
2270 silly reify ]
2271 silly reify mark retired [ 'D:\\Axion\\dashboard\\node_modules\\@humanfs\\core' ]
2272 silly reify mark retired [ 'D:\\Axion\\dashboard\\node_modules\\@img\\sharp-win32-x64' ]
2273 silly reify mark retired [ 'D:\\Axion\\dashboard\\node_modules\\@jridgewell\\gen-mapping' ]
2274 silly reify mark retired [ 'D:\\Axion\\dashboard\\node_modules\\@humanfs\\node' ]
2275 silly reify mark retired [ 'D:\\Axion\\dashboard\\node_modules\\@eslint-community\\regexpp' ]
2276 silly reify mark retired [ 'D:\\Axion\\dashboard\\node_modules\\@rolldown\\pluginutils' ]
2277 silly reify mark retired [ 'D:\\Axion\\dashboard\\node_modules\\@esbuild\\win32-x64' ]
2278 silly reify mark retired [ 'D:\\Axion\\dashboard\\node_modules\\@jridgewell\\remapping' ]
2279 silly reify mark retired [ 'D:\\Axion\\dashboard\\node_modules\\@jridgewell\\resolve-uri' ]
2280 silly reify mark retired [ 'D:\\Axion\\dashboard\\node_modules\\@next\\eslint-plugin-next' ]
2281 silly reify mark retired [ 'D:\\Axion\\dashboard\\node_modules\\@jridgewell\\trace-mapping' ]
2282 silly reify mark retired [ 'D:\\Axion\\dashboard\\node_modules\\@nodelib\\fs.walk' ]
2283 silly reify mark retired [ 'D:\\Axion\\dashboard\\node_modules\\@testing-library\\jest-dom' ]
2284 silly reify mark retired [ 'D:\\Axion\\dashboard\\node_modules\\@testing-library\\react' ]
2285 silly reify mark retired [ 'D:\\Axion\\dashboard\\node_modules\\@nodelib\\fs.scandir' ]
2286 silly reify mark retired [ 'D:\\Axion\\dashboard\\node_modules\\@rushstack\\eslint-patch' ]
2287 silly reify mark retired [ 'D:\\Axion\\dashboard\\node_modules\\@testing-library\\dom' ]
2288 silly reify mark retired [ 'D:\\Axion\\dashboard\\node_modules\\@types\\aria-query' ]
2289 silly reify mark retired [ 'D:\\Axion\\dashboard\\node_modules\\@types\\babel__core' ]
2290 silly reify mark retired [ 'D:\\Axion\\dashboard\\node_modules\\@swc\\helpers' ]
2291 silly reify mark retired [ 'D:\\Axion\\dashboard\\node_modules\\@types\\d3-zoom' ]
2292 silly reify mark retired [ 'D:\\Axion\\dashboard\\node_modules\\@types\\d3-selection' ]
2293 silly reify mark retired [ 'D:\\Axion\\dashboard\\node_modules\\@types\\d3-drag' ]
2294 silly reify mark retired [ 'D:\\Axion\\dashboard\\node_modules\\@types\\json-schema' ]
2295 silly reify mark retired [ 'D:\\Axion\\dashboard\\node_modules\\@types\\estree' ]
2296 silly reify mark retired [ 'D:\\Axion\\dashboard\\node_modules\\@types\\d3-transition' ]
2297 silly reify mark retired [ 'D:\\Axion\\dashboard\\node_modules\\@types\\react' ]
2298 silly reify mark retired [ 'D:\\Axion\\dashboard\\node_modules\\@types\\d3-interpolate' ]
2299 silly reify mark retired [
2299 silly reify   'D:\\Axion\\dashboard\\node_modules\\@typescript-eslint\\eslint-plugin'
2299 silly reify ]
2300 silly reify mark retired [ 'D:\\Axion\\dashboard\\node_modules\\@types\\react-dom' ]
2301 silly reify mark retired [ 'D:\\Axion\\dashboard\\node_modules\\@vitejs\\plugin-react' ]
2302 silly reify mark retired [ 'D:\\Axion\\dashboard\\node_modules\\@types\\node' ]
2303 silly reify mark retired [
2303 silly reify   'D:\\Axion\\dashboard\\node_modules\\@typescript-eslint\\project-service'
2303 silly reify ]
2304 silly reify mark retired [ 'D:\\Axion\\dashboard\\node_modules\\@typescript-eslint\\parser' ]
2305 silly reify mark retired [
2305 silly reify   'D:\\Axion\\dashboard\\node_modules\\@typescript-eslint\\scope-manager'
2305 silly reify ]
2306 silly reify mark retired [
2306 silly reify   'D:\\Axion\\dashboard\\node_modules\\@typescript-eslint\\tsconfig-utils'
2306 silly reify ]
2307 silly reify mark retired [
2307 silly reify   'D:\\Axion\\dashboard\\node_modules\\@typescript-eslint\\type-utils'
2307 silly reify ]
2308 silly reify mark retired [ 'D:\\Axion\\dashboard\\node_modules\\@typescript-eslint\\types' ]
2309 silly reify mark retired [ 'D:\\Axion\\dashboard\\node_modules\\@xyflow\\system' ]
2310 silly reify mark retired [ 'D:\\Axion\\dashboard\\node_modules\\@typescript-eslint\\utils' ]
2311 silly reify mark retired [
2311 silly reify   'D:\\Axion\\dashboard\\node_modules\\@typescript-eslint\\typescript-estree'
2311 silly reify ]
2312 silly reify mark retired [
2312 silly reify   'D:\\Axion\\dashboard\\node_modules\\@typescript-eslint\\visitor-keys'
2312 silly reify ]
2313 silly reify mark retired [ 'D:\\Axion\\dashboard\\node_modules\\@xyflow\\react' ]
2314 silly reify mark retired [
2314 silly reify   'D:\\Axion\\dashboard\\node_modules\\acorn',
2314 silly reify   'D:\\Axion\\dashboard\\node_modules\\.bin\\acorn',
2314 silly reify   'D:\\Axion\\dashboard\\node_modules\\.bin\\acorn.cmd',
2314 silly reify   'D:\\Axion\\dashboard\\node_modules\\.bin\\acorn.ps1'
2314 silly reify ]
2315 silly reify mark retired [
2315 silly reify   'D:\\Axion\\dashboard\\node_modules\\cssesc',
2315 silly reify   'D:\\Axion\\dashboard\\node_modules\\.bin\\cssesc',
2315 silly reify   'D:\\Axion\\dashboard\\node_modules\\.bin\\cssesc.cmd',
2315 silly reify   'D:\\Axion\\dashboard\\node_modules\\.bin\\cssesc.ps1'
2315 silly reify ]
2316 silly reify mark retired [
2316 silly reify   'D:\\Axion\\dashboard\\node_modules\\esbuild',
2316 silly reify   'D:\\Axion\\dashboard\\node_modules\\.bin\\esbuild',
2316 silly reify   'D:\\Axion\\dashboard\\node_modules\\.bin\\esbuild.cmd',
2316 silly reify   'D:\\Axion\\dashboard\\node_modules\\.bin\\esbuild.ps1'
2316 silly reify ]
2317 silly reify mark retired [
2317 silly reify   'D:\\Axion\\dashboard\\node_modules\\loose-envify',
2317 silly reify   'D:\\Axion\\dashboard\\node_modules\\.bin\\loose-envify',
2317 silly reify   'D:\\Axion\\dashboard\\node_modules\\.bin\\loose-envify.cmd',
2317 silly reify   'D:\\Axion\\dashboard\\node_modules\\.bin\\loose-envify.ps1'
2317 silly reify ]
2318 silly reify mark retired [
2318 silly reify   'D:\\Axion\\dashboard\\node_modules\\napi-postinstall',
2318 silly reify   'D:\\Axion\\dashboard\\node_modules\\.bin\\napi-postinstall',
2318 silly reify   'D:\\Axion\\dashboard\\node_modules\\.bin\\napi-postinstall.cmd',
2318 silly reify   'D:\\Axion\\dashboard\\node_modules\\.bin\\napi-postinstall.ps1'
2318 silly reify ]
2319 silly reify mark retired [ 'D:\\Axion\\dashboard\\node_modules\\safer-buffer' ]
2320 silly reify mark retired [
2320 silly reify   'D:\\Axion\\dashboard\\node_modules\\vite-node',
2320 silly reify   'D:\\Axion\\dashboard\\node_modules\\.bin\\vite-node',
2320 silly reify   'D:\\Axion\\dashboard\\node_modules\\.bin\\vite-node.cmd',
2320 silly reify   'D:\\Axion\\dashboard\\node_modules\\.bin\\vite-node.ps1'
2320 silly reify ]
2321 silly reify mark retired [ 'D:\\Axion\\dashboard\\node_modules\\which' ]
2322 silly reify mark retired [
2322 silly reify   'D:\\Axion\\dashboard\\node_modules\\why-is-node-running',
2322 silly reify   'D:\\Axion\\dashboard\\node_modules\\.bin\\why-is-node-running',
2322 silly reify   'D:\\Axion\\dashboard\\node_modules\\.bin\\why-is-node-running.cmd',
2322 silly reify   'D:\\Axion\\dashboard\\node_modules\\.bin\\why-is-node-running.ps1'
2322 silly reify ]
2323 silly reify moves {
2323 silly reify   'D:\\Axion\\dashboard\\node_modules\\ajv': 'D:\\Axion\\dashboard\\node_modules\\.ajv-GtwerTGl',
2323 silly reify   'D:\\Axion\\dashboard\\node_modules\\array.prototype.findlastindex': 'D:\\Axion\\dashboard\\node_modules\\.array.prototype.findlastindex-aFZ3eSDg',
2323 silly reify   'D:\\Axion\\dashboard\\node_modules\\aria-query': 'D:\\Axion\\dashboard\\node_modules\\.aria-query-1k2gzl1W',
2323 silly reify   'D:\\Axion\\dashboard\\node_modules\\array-includes': 'D:\\Axion\\dashboard\\node_modules\\.array-includes-46a6nOk7',
2323 silly reify   'D:\\Axion\\dashboard\\node_modules\\array.prototype.findlast': 'D:\\Axion\\dashboard\\node_modules\\.array.prototype.findlast-JZSZIyGP',
2323 silly reify   'D:\\Axion\\dashboard\\node_modules\\array.prototype.flat': 'D:\\Axion\\dashboard\\node_modules\\.array.prototype.flat-Bzp2uDbL',
2323 silly reify   'D:\\Axion\\dashboard\\node_modules\\array.prototype.flatmap': 'D:\\Axion\\dashboard\\node_modules\\.array.prototype.flatmap-UX9ca3yT',
2323 silly reify   'D:\\Axion\\dashboard\\node_modules\\array.prototype.tosorted': 'D:\\Axion\\dashboard\\node_modules\\.array.prototype.tosorted-uZ0Vifgd',
2323 silly reify   'D:\\Axion\\dashboard\\node_modules\\arraybuffer.prototype.slice': 'D:\\Axion\\dashboard\\node_modules\\.arraybuffer.prototype.slice-CcmCkS47',
2323 silly reify   'D:\\Axion\\dashboard\\node_modules\\autoprefixer': 'D:\\Axion\\dashboard\\node_modules\\.autoprefixer-xluvYjOx',
2323 silly reify   'D:\\Axion\\dashboard\\node_modules\\axe-core': 'D:\\Axion\\dashboard\\node_modules\\.axe-core-g8rjth8o',
2323 silly reify   'D:\\Axion\\dashboard\\node_modules\\axobject-query': 'D:\\Axion\\dashboard\\node_modules\\.axobject-query-tiTGLFs3',
2323 silly reify   'D:\\Axion\\dashboard\\node_modules\\baseline-browser-mapping': 'D:\\Axion\\dashboard\\node_modules\\.baseline-browser-mapping-5nAsLUtD',
2323 silly reify   'D:\\Axion\\dashboard\\node_modules\\browserslist': 'D:\\Axion\\dashboard\\node_modules\\.browserslist-GV4makWf',
2323 silly reify   'D:\\Axion\\dashboard\\node_modules\\caniuse-lite': 'D:\\Axion\\dashboard\\node_modules\\.caniuse-lite-FuABtDeF',
2323 silly reify   'D:\\Axion\\dashboard\\node_modules\\chai': 'D:\\Axion\\dashboard\\node_modules\\.chai-93SpgSEZ',
2323 silly reify   'D:\\Axion\\dashboard\\node_modules\\chalk': 'D:\\Axion\\dashboard\\node_modules\\.chalk-RCdxoDzN',
2323 silly reify   'D:\\Axion\\dashboard\\node_modules\\classcat': 'D:\\Axion\\dashboard\\node_modules\\.classcat-CsE2Ig2X',
2323 silly reify   'D:\\Axion\\dashboard\\node_modules\\convert-source-map': 'D:\\Axion\\dashboard\\node_modules\\.convert-source-map-XIwW2U21',
2323 silly reify   'D:\\Axion\\dashboard\\node_modules\\css.escape': 'D:\\Axion\\dashboard\\node_modules\\.css.escape-gD1M0SHe',
2323 silly reify   'D:\\Axion\\dashboard\\node_modules\\cross-spawn': 'D:\\Axion\\dashboard\\node_modules\\.cross-spawn-rMg6CSmG',
2323 silly reify   'D:\\Axion\\dashboard\\node_modules\\csstype': 'D:\\Axion\\dashboard\\node_modules\\.csstype-hnbYJryh',
2323 silly reify   'D:\\Axion\\dashboard\\node_modules\\cssstyle': 'D:\\Axion\\dashboard\\node_modules\\.cssstyle-3CKZAvdQ',
2323 silly reify   'D:\\Axion\\dashboard\\node_modules\\d3-dispatch': 'D:\\Axion\\dashboard\\node_modules\\.d3-dispatch-miklzkbt',
2323 silly reify   'D:\\Axion\\dashboard\\node_modules\\d3-ease': 'D:\\Axion\\dashboard\\node_modules\\.d3-ease-SxeIU0BV',
2323 silly reify   'D:\\Axion\\dashboard\\node_modules\\d3-color': 'D:\\Axion\\dashboard\\node_modules\\.d3-color-uyoogviQ',
2323 silly reify   'D:\\Axion\\dashboard\\node_modules\\d3-interpolate': 'D:\\Axion\\dashboard\\node_modules\\.d3-interpolate-gDOQuUdD',
2323 silly reify   'D:\\Axion\\dashboard\\node_modules\\d3-transition': 'D:\\Axion\\dashboard\\node_modules\\.d3-transition-Kr3SomB5',
2323 silly reify   'D:\\Axion\\dashboard\\node_modules\\d3-selection': 'D:\\Axion\\dashboard\\node_modules\\.d3-selection-olFZkrK9',
2323 silly reify   'D:\\Axion\\dashboard\\node_modules\\d3-timer': 'D:\\Axion\\dashboard\\node_modules\\.d3-timer-BKurwySj',
2323 silly reify   'D:\\Axion\\dashboard\\node_modules\\d3-drag': 'D:\\Axion\\dashboard\\node_modules\\.d3-drag-eVSNInTp',
2323 silly reify   'D:\\Axion\\dashboard\\node_modules\\d3-zoom': 'D:\\Axion\\dashboard\\node_modules\\.d3-zoom-o7Eeel6m',
2323 silly reify   'D:\\Axion\\dashboard\\node_modules\\debug': 'D:\\Axion\\dashboard\\node_modules\\.debug-YzZwWgXJ',
2323 silly reify   'D:\\Axion\\dashboard\\node_modules\\dequal': 'D:\\Axion\\dashboard\\node_modules\\.dequal-ZY7DDqdU',
2323 silly reify   'D:\\Axion\\dashboard\\node_modules\\dom-accessibility-api': 'D:\\Axion\\dashboard\\node_modules\\.dom-accessibility-api-XuBPykBd',
2323 silly reify   'D:\\Axion\\dashboard\\node_modules\\electron-to-chromium': 'D:\\Axion\\dashboard\\node_modules\\.electron-to-chromium-DLhNktMF',
2323 silly reify   'D:\\Axion\\dashboard\\node_modules\\es-abstract-get': 'D:\\Axion\\dashboard\\node_modules\\.es-abstract-get-UvQgXKi4',
2323 silly reify   'D:\\Axion\\dashboard\\node_modules\\entities': 'D:\\Axion\\dashboard\\node_modules\\.entities-vYKW4dot',
2323 silly reify   'D:\\Axion\\dashboard\\node_modules\\es-iterator-helpers': 'D:\\Axion\\dashboard\\node_modules\\.es-iterator-helpers-wZZTyE5j',
2323 silly reify   'D:\\Axion\\dashboard\\node_modules\\es-to-primitive': 'D:\\Axion\\dashboard\\node_modules\\.es-to-primitive-CFtzNnpk',
2323 silly reify   'D:\\Axion\\dashboard\\node_modules\\eslint-config-next': 'D:\\Axion\\dashboard\\node_modules\\.eslint-config-next-glQsj9MJ',
2323 silly reify   'D:\\Axion\\dashboard\\node_modules\\eslint-module-utils': 'D:\\Axion\\dashboard\\node_modules\\.eslint-module-utils-vHotaJfM',
2323 silly reify   'D:\\Axion\\dashboard\\node_modules\\eslint': 'D:\\Axion\\dashboard\\node_modules\\.eslint-kvSpQmDp',
2323 silly reify   'D:\\Axion\\dashboard\\node_modules\\eslint-plugin-jsx-a11y': 'D:\\Axion\\dashboard\\node_modules\\.eslint-plugin-jsx-a11y-BZIpzUxT',
2323 silly reify   'D:\\Axion\\dashboard\\node_modules\\eslint-plugin-react': 'D:\\Axion\\dashboard\\node_modules\\.eslint-plugin-react-rQlrYaMX',
2323 silly reify   'D:\\Axion\\dashboard\\node_modules\\eslint-import-resolver-typescript': 'D:\\Axion\\dashboard\\node_modules\\.eslint-import-resolver-typescript-3gNDHfuw',
2323 silly reify   'D:\\Axion\\dashboard\\node_modules\\eslint-plugin-import': 'D:\\Axion\\dashboard\\node_modules\\.eslint-plugin-import-lSoXu8A3',
2323 silly reify   'D:\\Axion\\dashboard\\node_modules\\eslint-plugin-react-hooks': 'D:\\Axion\\dashboard\\node_modules\\.eslint-plugin-react-hooks-bqlHhWOD',
2323 silly reify   'D:\\Axion\\dashboard\\node_modules\\eslint-scope': 'D:\\Axion\\dashboard\\node_modules\\.eslint-scope-bDMLNzCJ',
2323 silly reify   'D:\\Axion\\dashboard\\node_modules\\eslint-visitor-keys': 'D:\\Axion\\dashboard\\node_modules\\.eslint-visitor-keys-teb8dalV',
2323 silly reify   'D:\\Axion\\dashboard\\node_modules\\esquery': 'D:\\Axion\\dashboard\\node_modules\\.esquery-bkEZdPeu',
2323 silly reify   'D:\\Axion\\dashboard\\node_modules\\espree': 'D:\\Axion\\dashboard\\node_modules\\.espree-GVC83dqU',
2323 silly reify   'D:\\Axion\\dashboard\\node_modules\\fast-deep-equal': 'D:\\Axion\\dashboard\\node_modules\\.fast-deep-equal-issprhxY',
2323 silly reify   'D:\\Axion\\dashboard\\node_modules\\fast-json-stable-stringify': 'D:\\Axion\\dashboard\\node_modules\\.fast-json-stable-stringify-0kkvjvLl',
2323 silly reify   'D:\\Axion\\dashboard\\node_modules\\fast-glob': 'D:\\Axion\\dashboard\\node_modules\\.fast-glob-elGFpAXk',
2323 silly reify   'D:\\Axion\\dashboard\\node_modules\\file-entry-cache': 'D:\\Axion\\dashboard\\node_modules\\.file-entry-cache-J6D91YPW',
2323 silly reify   'D:\\Axion\\dashboard\\node_modules\\framer-motion': 'D:\\Axion\\dashboard\\node_modules\\.framer-motion-2rSRXKOD',
2323 silly reify   'D:\\Axion\\dashboard\\node_modules\\fraction.js': 'D:\\Axion\\dashboard\\node_modules\\.fraction.js-ToIh3k4P',
2323 silly reify   'D:\\Axion\\dashboard\\node_modules\\gensync': 'D:\\Axion\\dashboard\\node_modules\\.gensync-PLLR6wpq',
2323 silly reify   'D:\\Axion\\dashboard\\node_modules\\globals': 'D:\\Axion\\dashboard\\node_modules\\.globals-vw2r5w84',
2323 silly reify   'D:\\Axion\\dashboard\\node_modules\\globalthis': 'D:\\Axion\\dashboard\\node_modules\\.globalthis-jFwPiFoq',
2323 silly reify   'D:\\Axion\\dashboard\\node_modules\\ignore': 'D:\\Axion\\dashboard\\node_modules\\.ignore-vVojJ9qC',
2323 silly reify   'D:\\Axion\\dashboard\\node_modules\\import-fresh': 'D:\\Axion\\dashboard\\node_modules\\.import-fresh-QqpS882z',
2323 silly reify   'D:\\Axion\\dashboard\\node_modules\\jsesc': 'D:\\Axion\\dashboard\\node_modules\\.jsesc-V0fafd25',
2323 silly reify   'D:\\Axion\\dashboard\\node_modules\\jsdom': 'D:\\Axion\\dashboard\\node_modules\\.jsdom-4yKKtU9Y',
2323 silly reify   'D:\\Axion\\dashboard\\node_modules\\jiti': 'D:\\Axion\\dashboard\\node_modules\\.jiti-krR2igDi',
2323 silly reify   'D:\\Axion\\dashboard\\node_modules\\json5': 'D:\\Axion\\dashboard\\node_modules\\.json5-EHt6FJsD',
2323 silly reify   'D:\\Axion\\dashboard\\node_modules\\js-yaml': 'D:\\Axion\\dashboard\\node_modules\\.js-yaml-Ytv8VXHB',
2323 silly reify   'D:\\Axion\\dashboard\\node_modules\\jsx-ast-utils': 'D:\\Axion\\dashboard\\node_modules\\.jsx-ast-utils-LGMoLPew',
2323 silly reify   'D:\\Axion\\dashboard\\node_modules\\lucide-react': 'D:\\Axion\\dashboard\\node_modules\\.lucide-react-2ke0Y7S3',
2323 silly reify   'D:\\Axion\\dashboard\\node_modules\\lru-cache': 'D:\\Axion\\dashboard\\node_modules\\.lru-cache-GcREoFhk',
2323 silly reify   'D:\\Axion\\dashboard\\node_modules\\lz-string': 'D:\\Axion\\dashboard\\node_modules\\.lz-string-wTZq1TUH',
2323 silly reify   'D:\\Axion\\dashboard\\node_modules\\minimatch': 'D:\\Axion\\dashboard\\node_modules\\.minimatch-vh21TSsM',
2323 silly reify   'D:\\Axion\\dashboard\\node_modules\\motion-dom': 'D:\\Axion\\dashboard\\node_modules\\.motion-dom-u0fgHqRx',
2323 silly reify   'D:\\Axion\\dashboard\\node_modules\\levn': 'D:\\Axion\\dashboard\\node_modules\\.levn-ijjUicj0',
2323 silly reify   'D:\\Axion\\dashboard\\node_modules\\node-exports-info': 'D:\\Axion\\dashboard\\node_modules\\.node-exports-info-rksQLAmn',
2323 silly reify   'D:\\Axion\\dashboard\\node_modules\\next': 'D:\\Axion\\dashboard\\node_modules\\.next-dy97SG3k',
2323 silly reify   'D:\\Axion\\dashboard\\node_modules\\nanoid': 'D:\\Axion\\dashboard\\node_modules\\.nanoid-heQN3x3G',
2323 silly reify   'D:\\Axion\\dashboard\\node_modules\\node-releases': 'D:\\Axion\\dashboard\\node_modules\\.node-releases-7KGihnrr',
2323 silly reify   'D:\\Axion\\dashboard\\node_modules\\object.fromentries': 'D:\\Axion\\dashboard\\node_modules\\.object.fromentries-uSArcvcY',
2323 silly reify   'D:\\Axion\\dashboard\\node_modules\\object.entries': 'D:\\Axion\\dashboard\\node_modules\\.object.entries-ppTrwa9y',
2323 silly reify   'D:\\Axion\\dashboard\\node_modules\\object.groupby': 'D:\\Axion\\dashboard\\node_modules\\.object.groupby-iP32dwYw',
2323 silly reify   'D:\\Axion\\dashboard\\node_modules\\object.assign': 'D:\\Axion\\dashboard\\node_modules\\.object.assign-uNmKkvB0',
2323 silly reify   'D:\\Axion\\dashboard\\node_modules\\object.values': 'D:\\Axion\\dashboard\\node_modules\\.object.values-tJ1vrKBT',
2323 silly reify   'D:\\Axion\\dashboard\\node_modules\\optionator': 'D:\\Axion\\dashboard\\node_modules\\.optionator-HINxcoyu',
2323 silly reify   'D:\\Axion\\dashboard\\node_modules\\parse5': 'D:\\Axion\\dashboard\\node_modules\\.parse5-irvNX8vc',
2323 silly reify   'D:\\Axion\\dashboard\\node_modules\\picocolors': 'D:\\Axion\\dashboard\\node_modules\\.picocolors-It41vekR',
2323 silly reify   'D:\\Axion\\dashboard\\node_modules\\postcss': 'D:\\Axion\\dashboard\\node_modules\\.postcss-CXajVEUS',
2323 silly reify   'D:\\Axion\\dashboard\\node_modules\\postcss-selector-parser': 'D:\\Axion\\dashboard\\node_modules\\.postcss-selector-parser-vBx1DB6N',
2323 silly reify   'D:\\Axion\\dashboard\\node_modules\\pretty-format': 'D:\\Axion\\dashboard\\node_modules\\.pretty-format-YlB6fodw',
2323 silly reify   'D:\\Axion\\dashboard\\node_modules\\postcss-value-parser': 'D:\\Axion\\dashboard\\node_modules\\.postcss-value-parser-RiKc6Gzl',
2323 silly reify   'D:\\Axion\\dashboard\\node_modules\\prop-types': 'D:\\Axion\\dashboard\\node_modules\\.prop-types-nTm77vGX',
2323 silly reify   'D:\\Axion\\dashboard\\node_modules\\react-dom': 'D:\\Axion\\dashboard\\node_modules\\.react-dom-BF1zySHp',
2323 silly reify   'D:\\Axion\\dashboard\\node_modules\\react': 'D:\\Axion\\dashboard\\node_modules\\.react-dCGyFVrv',
2323 silly reify   'D:\\Axion\\dashboard\\node_modules\\react-refresh': 'D:\\Axion\\dashboard\\node_modules\\.react-refresh-VawV8lz2',
2323 silly reify   'D:\\Axion\\dashboard\\node_modules\\redent': 'D:\\Axion\\dashboard\\node_modules\\.redent-eRvccSV7',
2323 silly reify   'D:\\Axion\\dashboard\\node_modules\\regexp.prototype.flags': 'D:\\Axion\\dashboard\\node_modules\\.regexp.prototype.flags-6NmtJ9NG',
2323 silly reify   'D:\\Axion\\dashboard\\node_modules\\rollup': 'D:\\Axion\\dashboard\\node_modules\\.rollup-L527mTsZ',
2323 silly reify   'D:\\Axion\\dashboard\\node_modules\\rrweb-cssom': 'D:\\Axion\\dashboard\\node_modules\\.rrweb-cssom-j99ldWGR',
2323 silly reify   'D:\\Axion\\dashboard\\node_modules\\semver': 'D:\\Axion\\dashboard\\node_modules\\.semver-vYpNfTBW',
2323 silly reify   'D:\\Axion\\dashboard\\node_modules\\sharp': 'D:\\Axion\\dashboard\\node_modules\\.sharp-u3JMkpEj',
2323 silly reify   'D:\\Axion\\dashboard\\node_modules\\source-map-js': 'D:\\Axion\\dashboard\\node_modules\\.source-map-js-SJG1iPvR',
2323 silly reify   'D:\\Axion\\dashboard\\node_modules\\string.prototype.matchall': 'D:\\Axion\\dashboard\\node_modules\\.string.prototype.matchall-Mr19cZV7',
2323 silly reify   'D:\\Axion\\dashboard\\node_modules\\string.prototype.trim': 'D:\\Axion\\dashboard\\node_modules\\.string.prototype.trim-Ntq5Biqb',
2323 silly reify   'D:\\Axion\\dashboard\\node_modules\\string.prototype.includes': 'D:\\Axion\\dashboard\\node_modules\\.string.prototype.includes-vOZKowdQ',
2323 silly reify   'D:\\Axion\\dashboard\\node_modules\\string.prototype.repeat': 'D:\\Axion\\dashboard\\node_modules\\.string.prototype.repeat-FHpEo8kt',
2323 silly reify   'D:\\Axion\\dashboard\\node_modules\\string.prototype.trimstart': 'D:\\Axion\\dashboard\\node_modules\\.string.prototype.trimstart-dK51abGm',
2323 silly reify   'D:\\Axion\\dashboard\\node_modules\\strip-json-comments': 'D:\\Axion\\dashboard\\node_modules\\.strip-json-comments-fhUcWSHm',
2323 silly reify   'D:\\Axion\\dashboard\\node_modules\\sucrase': 'D:\\Axion\\dashboard\\node_modules\\.sucrase-c8ifHqDH',
2323 silly reify   'D:\\Axion\\dashboard\\node_modules\\string.prototype.trimend': 'D:\\Axion\\dashboard\\node_modules\\.string.prototype.trimend-bKZT9auH',
2323 silly reify   'D:\\Axion\\dashboard\\node_modules\\styled-jsx': 'D:\\Axion\\dashboard\\node_modules\\.styled-jsx-VvLksYDY',
2323 silly reify   'D:\\Axion\\dashboard\\node_modules\\tailwindcss': 'D:\\Axion\\dashboard\\node_modules\\.tailwindcss-XxFNRYwd',
2323 silly reify   'D:\\Axion\\dashboard\\node_modules\\tough-cookie': 'D:\\Axion\\dashboard\\node_modules\\.tough-cookie-JD7Hf1lI',
2323 silly reify   'D:\\Axion\\dashboard\\node_modules\\tldts': 'D:\\Axion\\dashboard\\node_modules\\.tldts-bpEjDVrF',
2323 silly reify   'D:\\Axion\\dashboard\\node_modules\\tldts-core': 'D:\\Axion\\dashboard\\node_modules\\.tldts-core-VwouhnDh',
2323 silly reify   'D:\\Axion\\dashboard\\node_modules\\ts-api-utils': 'D:\\Axion\\dashboard\\node_modules\\.ts-api-utils-eSVXhuRi',
2323 silly reify   'D:\\Axion\\dashboard\\node_modules\\typescript': 'D:\\Axion\\dashboard\\node_modules\\.typescript-cHDM0MBv',
2323 silly reify   'D:\\Axion\\dashboard\\node_modules\\uri-js': 'D:\\Axion\\dashboard\\node_modules\\.uri-js-EwhlmhFo',
2323 silly reify   'D:\\Axion\\dashboard\\node_modules\\undici-types': 'D:\\Axion\\dashboard\\node_modules\\.undici-types-qV4LEvKq',
2323 silly reify   'D:\\Axion\\dashboard\\node_modules\\update-browserslist-db': 'D:\\Axion\\dashboard\\node_modules\\.update-browserslist-db-BCZ35ABz',
2323 silly reify   'D:\\Axion\\dashboard\\node_modules\\vitest': 'D:\\Axion\\dashboard\\node_modules\\.vitest-v9rh1Hiu',
2323 silly reify   'D:\\Axion\\dashboard\\node_modules\\vite': 'D:\\Axion\\dashboard\\node_modules\\.vite-LlX5roV8',
2323 silly reify   'D:\\Axion\\dashboard\\node_modules\\whatwg-url': 'D:\\Axion\\dashboard\\node_modules\\.whatwg-url-v1WTdd9k',
2323 silly reify   'D:\\Axion\\dashboard\\node_modules\\ws': 'D:\\Axion\\dashboard\\node_modules\\.ws-ZGM09D5h',
2323 silly reify   'D:\\Axion\\dashboard\\node_modules\\zustand': 'D:\\Axion\\dashboard\\node_modules\\.zustand-Ded2Q3Ij',
2323 silly reify   'D:\\Axion\\dashboard\\node_modules\\@babel\\code-frame': 'D:\\Axion\\dashboard\\node_modules\\@babel\\.code-frame-UTfBBuSe',
2323 silly reify   'D:\\Axion\\dashboard\\node_modules\\@babel\\core': 'D:\\Axion\\dashboard\\node_modules\\@babel\\.core-naTpbCzS',
2323 silly reify   'D:\\Axion\\dashboard\\node_modules\\@babel\\compat-data': 'D:\\Axion\\dashboard\\node_modules\\@babel\\.compat-data-8OxX4Ibn',
2323 silly reify   'D:\\Axion\\dashboard\\node_modules\\@babel\\helper-globals': 'D:\\Axion\\dashboard\\node_modules\\@babel\\.helper-globals-m4wJ7B72',
2323 silly reify   'D:\\Axion\\dashboard\\node_modules\\@babel\\helper-compilation-targets': 'D:\\Axion\\dashboard\\node_modules\\@babel\\.helper-compilation-targets-jqn6ZBxL',
2323 silly reify   'D:\\Axion\\dashboard\\node_modules\\@babel\\helper-module-transforms': 'D:\\Axion\\dashboard\\node_modules\\@babel\\.helper-module-transforms-OIByRC23',
2323 silly reify   'D:\\Axion\\dashboard\\node_modules\\@babel\\helper-module-imports': 'D:\\Axion\\dashboard\\node_modules\\@babel\\.helper-module-imports-sO325zam',
2323 silly reify   'D:\\Axion\\dashboard\\node_modules\\@babel\\helper-plugin-utils': 'D:\\Axion\\dashboard\\node_modules\\@babel\\.helper-plugin-utils-F0ned02Q',
2323 silly reify   'D:\\Axion\\dashboard\\node_modules\\@babel\\generator': 'D:\\Axion\\dashboard\\node_modules\\@babel\\.generator-7eZiFbob',
2323 silly reify   'D:\\Axion\\dashboard\\node_modules\\@babel\\helper-string-parser': 'D:\\Axion\\dashboard\\node_modules\\@babel\\.helper-string-parser-2d391OG1',
2323 silly reify   'D:\\Axion\\dashboard\\node_modules\\@babel\\plugin-transform-react-jsx-self': 'D:\\Axion\\dashboard\\node_modules\\@babel\\.plugin-transform-react-jsx-self-C7i4iUar',
2323 silly reify   'D:\\Axion\\dashboard\\node_modules\\@babel\\helper-validator-option': 'D:\\Axion\\dashboard\\node_modules\\@babel\\.helper-validator-option-VbCs7GLX',
2323 silly reify   'D:\\Axion\\dashboard\\node_modules\\@babel\\helper-validator-identifier': 'D:\\Axion\\dashboard\\node_modules\\@babel\\.helper-validator-identifier-yAYPUlc0',
2323 silly reify   'D:\\Axion\\dashboard\\node_modules\\@babel\\parser': 'D:\\Axion\\dashboard\\node_modules\\@babel\\.parser-oOd3tEzi',
2323 silly reify   'D:\\Axion\\dashboard\\node_modules\\@babel\\helpers': 'D:\\Axion\\dashboard\\node_modules\\@babel\\.helpers-8wyAY9sW',
2323 silly reify   'D:\\Axion\\dashboard\\node_modules\\@babel\\runtime': 'D:\\Axion\\dashboard\\node_modules\\@babel\\.runtime-9sdnsZfo',
2323 silly reify   'D:\\Axion\\dashboard\\node_modules\\@babel\\plugin-transform-react-jsx-source': 'D:\\Axion\\dashboard\\node_modules\\@babel\\.plugin-transform-react-jsx-source-eEeHEvjC',
2323 silly reify   'D:\\Axion\\dashboard\\node_modules\\@adobe\\css-tools': 'D:\\Axion\\dashboard\\node_modules\\@adobe\\.css-tools-JR7sM9mx',
2323 silly reify   'D:\\Axion\\dashboard\\node_modules\\@babel\\types': 'D:\\Axion\\dashboard\\node_modules\\@babel\\.types-N8g2l1CP',
2323 silly reify   'D:\\Axion\\dashboard\\node_modules\\@babel\\traverse': 'D:\\Axion\\dashboard\\node_modules\\@babel\\.traverse-ui6Kr64z',
2323 silly reify   'D:\\Axion\\dashboard\\node_modules\\@babel\\template': 'D:\\Axion\\dashboard\\node_modules\\@babel\\.template-A8vlqbkT',
2323 silly reify   'D:\\Axion\\dashboard\\node_modules\\@asamuzakjp\\css-color': 'D:\\Axion\\dashboard\\node_modules\\@asamuzakjp\\.css-color-VTqKMdNY',
2323 silly reify   'D:\\Axion\\dashboard\\node_modules\\@eslint\\config-array': 'D:\\Axion\\dashboard\\node_modules\\@eslint\\.config-array-vybhALWP',
2323 silly reify   'D:\\Axion\\dashboard\\node_modules\\@eslint\\config-helpers': 'D:\\Axion\\dashboard\\node_modules\\@eslint\\.config-helpers-Z2S3w8lU',
2323 silly reify   'D:\\Axion\\dashboard\\node_modules\\@eslint\\eslintrc': 'D:\\Axion\\dashboard\\node_modules\\@eslint\\.eslintrc-nwcHL8AI',
2323 silly reify   'D:\\Axion\\dashboard\\node_modules\\@eslint\\plugin-kit': 'D:\\Axion\\dashboard\\node_modules\\@eslint\\.plugin-kit-d36howrq',
2323 silly reify   'D:\\Axion\\dashboard\\node_modules\\@eslint\\js': 'D:\\Axion\\dashboard\\node_modules\\@eslint\\.js-VYRrjNrV',
2323 silly reify   'D:\\Axion\\dashboard\\node_modules\\@humanwhocodes\\retry': 'D:\\Axion\\dashboard\\node_modules\\@humanwhocodes\\.retry-3KTK0OJz',
2323 silly reify   'D:\\Axion\\dashboard\\node_modules\\@eslint\\core': 'D:\\Axion\\dashboard\\node_modules\\@eslint\\.core-0u4B5KjW',
2323 silly reify   'D:\\Axion\\dashboard\\node_modules\\@humanwhocodes\\module-importer': 'D:\\Axion\\dashboard\\node_modules\\@humanwhocodes\\.module-importer-fSoHgild',
2323 silly reify   'D:\\Axion\\dashboard\\node_modules\\@eslint\\object-schema': 'D:\\Axion\\dashboard\\node_modules\\@eslint\\.object-schema-byc4EtxY',
2323 silly reify   'D:\\Axion\\dashboard\\node_modules\\@eslint-community\\eslint-utils': 'D:\\Axion\\dashboard\\node_modules\\@eslint-community\\.eslint-utils-JRVlabaJ',
2323 silly reify   'D:\\Axion\\dashboard\\node_modules\\@humanfs\\core': 'D:\\Axion\\dashboard\\node_modules\\@humanfs\\.core-NrKZDzZb',
2323 silly reify   'D:\\Axion\\dashboard\\node_modules\\@img\\sharp-win32-x64': 'D:\\Axion\\dashboard\\node_modules\\@img\\.sharp-win32-x64-PyWKkkDS',
2323 silly reify   'D:\\Axion\\dashboard\\node_modules\\@jridgewell\\gen-mapping': 'D:\\Axion\\dashboard\\node_modules\\@jridgewell\\.gen-mapping-3IyKCKki',
2323 silly reify   'D:\\Axion\\dashboard\\node_modules\\@humanfs\\node': 'D:\\Axion\\dashboard\\node_modules\\@humanfs\\.node-arxh1qLY',
2323 silly reify   'D:\\Axion\\dashboard\\node_modules\\@eslint-community\\regexpp': 'D:\\Axion\\dashboard\\node_modules\\@eslint-community\\.regexpp-AEjfLRRu',
2323 silly reify   'D:\\Axion\\dashboard\\node_modules\\@rolldown\\pluginutils': 'D:\\Axion\\dashboard\\node_modules\\@rolldown\\.pluginutils-d9HjIqCs',
2323 silly reify   'D:\\Axion\\dashboard\\node_modules\\@esbuild\\win32-x64': 'D:\\Axion\\dashboard\\node_modules\\@esbuild\\.win32-x64-AVG0CwiZ',
2323 silly reify   'D:\\Axion\\dashboard\\node_modules\\@jridgewell\\remapping': 'D:\\Axion\\dashboard\\node_modules\\@jridgewell\\.remapping-2ymt888K',
2323 silly reify   'D:\\Axion\\dashboard\\node_modules\\@jridgewell\\resolve-uri': 'D:\\Axion\\dashboard\\node_modules\\@jridgewell\\.resolve-uri-sC831y8N',
2323 silly reify   'D:\\Axion\\dashboard\\node_modules\\@next\\eslint-plugin-next': 'D:\\Axion\\dashboard\\node_modules\\@next\\.eslint-plugin-next-qP28CycS',
2323 silly reify   'D:\\Axion\\dashboard\\node_modules\\@jridgewell\\trace-mapping': 'D:\\Axion\\dashboard\\node_modules\\@jridgewell\\.trace-mapping-zI5hVdIF',
2323 silly reify   'D:\\Axion\\dashboard\\node_modules\\@nodelib\\fs.walk': 'D:\\Axion\\dashboard\\node_modules\\@nodelib\\.fs.walk-ghk5bgUn',
2323 silly reify   'D:\\Axion\\dashboard\\node_modules\\@testing-library\\jest-dom': 'D:\\Axion\\dashboard\\node_modules\\@testing-library\\.jest-dom-2R0f3mmm',
2323 silly reify   'D:\\Axion\\dashboard\\node_modules\\@testing-library\\react': 'D:\\Axion\\dashboard\\node_modules\\@testing-library\\.react-kfdCO5e3',
2323 silly reify   'D:\\Axion\\dashboard\\node_modules\\@nodelib\\fs.scandir': 'D:\\Axion\\dashboard\\node_modules\\@nodelib\\.fs.scandir-VK2tE6Qr',
2323 silly reify   'D:\\Axion\\dashboard\\node_modules\\@rushstack\\eslint-patch': 'D:\\Axion\\dashboard\\node_modules\\@rushstack\\.eslint-patch-T7rCK2fJ',
2323 silly reify   'D:\\Axion\\dashboard\\node_modules\\@testing-library\\dom': 'D:\\Axion\\dashboard\\node_modules\\@testing-library\\.dom-eurNDrfY',
2323 silly reify   'D:\\Axion\\dashboard\\node_modules\\@types\\aria-query': 'D:\\Axion\\dashboard\\node_modules\\@types\\.aria-query-8qrERl6n',
2323 silly reify   'D:\\Axion\\dashboard\\node_modules\\@types\\babel__core': 'D:\\Axion\\dashboard\\node_modules\\@types\\.babel__core-VHTQUd40',
2323 silly reify   'D:\\Axion\\dashboard\\node_modules\\@swc\\helpers': 'D:\\Axion\\dashboard\\node_modules\\@swc\\.helpers-Wk4jHZDc',
2323 silly reify   'D:\\Axion\\dashboard\\node_modules\\@types\\d3-zoom': 'D:\\Axion\\dashboard\\node_modules\\@types\\.d3-zoom-3wXhccmj',
2323 silly reify   'D:\\Axion\\dashboard\\node_modules\\@types\\d3-selection': 'D:\\Axion\\dashboard\\node_modules\\@types\\.d3-selection-LrobjL7f',
2323 silly reify   'D:\\Axion\\dashboard\\node_modules\\@types\\d3-drag': 'D:\\Axion\\dashboard\\node_modules\\@types\\.d3-drag-v0MhB8vN',
2323 silly reify   'D:\\Axion\\dashboard\\node_modules\\@types\\json-schema': 'D:\\Axion\\dashboard\\node_modules\\@types\\.json-schema-nFMbN7nw',
2323 silly reify   'D:\\Axion\\dashboard\\node_modules\\@types\\estree': 'D:\\Axion\\dashboard\\node_modules\\@types\\.estree-67Buwpes',
2323 silly reify   'D:\\Axion\\dashboard\\node_modules\\@types\\d3-transition': 'D:\\Axion\\dashboard\\node_modules\\@types\\.d3-transition-KUbLJxfH',
2323 silly reify   'D:\\Axion\\dashboard\\node_modules\\@types\\react': 'D:\\Axion\\dashboard\\node_modules\\@types\\.react-GagmZClM',
2323 silly reify   'D:\\Axion\\dashboard\\node_modules\\@types\\d3-interpolate': 'D:\\Axion\\dashboard\\node_modules\\@types\\.d3-interpolate-GpuMRxEG',
2323 silly reify   'D:\\Axion\\dashboard\\node_modules\\@typescript-eslint\\eslint-plugin': 'D:\\Axion\\dashboard\\node_modules\\@typescript-eslint\\.eslint-plugin-DTPjUpCH',
2323 silly reify   'D:\\Axion\\dashboard\\node_modules\\@types\\react-dom': 'D:\\Axion\\dashboard\\node_modules\\@types\\.react-dom-mYGSd0be',
2323 silly reify   'D:\\Axion\\dashboard\\node_modules\\@vitejs\\plugin-react': 'D:\\Axion\\dashboard\\node_modules\\@vitejs\\.plugin-react-D12w2i6i',
2323 silly reify   'D:\\Axion\\dashboard\\node_modules\\@types\\node': 'D:\\Axion\\dashboard\\node_modules\\@types\\.node-R8ZGfl4O',
2323 silly reify   'D:\\Axion\\dashboard\\node_modules\\@typescript-eslint\\project-service': 'D:\\Axion\\dashboard\\node_modules\\@typescript-eslint\\.project-service-AJxLhB9d',
2323 silly reify   'D:\\Axion\\dashboard\\node_modules\\@typescript-eslint\\parser': 'D:\\Axion\\dashboard\\node_modules\\@typescript-eslint\\.parser-eNuQlJJx',
2323 silly reify   'D:\\Axion\\dashboard\\node_modules\\@typescript-eslint\\scope-manager': 'D:\\Axion\\dashboard\\node_modules\\@typescript-eslint\\.scope-manager-nRS5VTJR',
2323 silly reify   'D:\\Axion\\dashboard\\node_modules\\@typescript-eslint\\tsconfig-utils': 'D:\\Axion\\dashboard\\node_modules\\@typescript-eslint\\.tsconfig-utils-PDbYRoLb',
2323 silly reify   'D:\\Axion\\dashboard\\node_modules\\@typescript-eslint\\type-utils': 'D:\\Axion\\dashboard\\node_modules\\@typescript-eslint\\.type-utils-M5THS2pd',
2323 silly reify   'D:\\Axion\\dashboard\\node_modules\\@typescript-eslint\\types': 'D:\\Axion\\dashboard\\node_modules\\@typescript-eslint\\.types-bSTUjgRJ',
2323 silly reify   'D:\\Axion\\dashboard\\node_modules\\@xyflow\\system': 'D:\\Axion\\dashboard\\node_modules\\@xyflow\\.system-3OhL6Rco',
2323 silly reify   'D:\\Axion\\dashboard\\node_modules\\@typescript-eslint\\utils': 'D:\\Axion\\dashboard\\node_modules\\@typescript-eslint\\.utils-gVhATjdf',
2323 silly reify   'D:\\Axion\\dashboard\\node_modules\\@typescript-eslint\\typescript-estree': 'D:\\Axion\\dashboard\\node_modules\\@typescript-eslint\\.typescript-estree-wiXMEjfj',
2323 silly reify   'D:\\Axion\\dashboard\\node_modules\\@typescript-eslint\\visitor-keys': 'D:\\Axion\\dashboard\\node_modules\\@typescript-eslint\\.visitor-keys-chTsH5BU',
2323 silly reify   'D:\\Axion\\dashboard\\node_modules\\@xyflow\\react': 'D:\\Axion\\dashboard\\node_modules\\@xyflow\\.react-yAmb4TK6',
2323 silly reify   'D:\\Axion\\dashboard\\node_modules\\acorn': 'D:\\Axion\\dashboard\\node_modules\\.acorn-Lj046pL0',
2323 silly reify   'D:\\Axion\\dashboard\\node_modules\\.bin\\acorn': 'D:\\Axion\\dashboard\\node_modules\\.bin\\.acorn-0ftyBLpo',
2323 silly reify   'D:\\Axion\\dashboard\\node_modules\\.bin\\acorn.cmd': 'D:\\Axion\\dashboard\\node_modules\\.bin\\.acorn.cmd-7vEOXoKF',
2323 silly reify   'D:\\Axion\\dashboard\\node_modules\\.bin\\acorn.ps1': 'D:\\Axion\\dashboard\\node_modules\\.bin\\.acorn.ps1-Ir1eLQel',
2323 silly reify   'D:\\Axion\\dashboard\\node_modules\\cssesc': 'D:\\Axion\\dashboard\\node_modules\\.cssesc-eedgTF80',
2323 silly reify   'D:\\Axion\\dashboard\\node_modules\\.bin\\cssesc': 'D:\\Axion\\dashboard\\node_modules\\.bin\\.cssesc-Di2Ebpbj',
2323 silly reify   'D:\\Axion\\dashboard\\node_modules\\.bin\\cssesc.cmd': 'D:\\Axion\\dashboard\\node_modules\\.bin\\.cssesc.cmd-io4xaObK',
2323 silly reify   'D:\\Axion\\dashboard\\node_modules\\.bin\\cssesc.ps1': 'D:\\Axion\\dashboard\\node_modules\\.bin\\.cssesc.ps1-i86ScHye',
2323 silly reify   'D:\\Axion\\dashboard\\node_modules\\esbuild': 'D:\\Axion\\dashboard\\node_modules\\.esbuild-BN54bGu1',
2323 silly reify   'D:\\Axion\\dashboard\\node_modules\\.bin\\esbuild': 'D:\\Axion\\dashboard\\node_modules\\.bin\\.esbuild-wTF7OBBf',
2323 silly reify   'D:\\Axion\\dashboard\\node_modules\\.bin\\esbuild.cmd': 'D:\\Axion\\dashboard\\node_modules\\.bin\\.esbuild.cmd-IDlJoTKb',
2323 silly reify   'D:\\Axion\\dashboard\\node_modules\\.bin\\esbuild.ps1': 'D:\\Axion\\dashboard\\node_modules\\.bin\\.esbuild.ps1-pK494T3M',
2323 silly reify   'D:\\Axion\\dashboard\\node_modules\\loose-envify': 'D:\\Axion\\dashboard\\node_modules\\.loose-envify-WJM5Tvwm',
2323 silly reify   'D:\\Axion\\dashboard\\node_modules\\.bin\\loose-envify': 'D:\\Axion\\dashboard\\node_modules\\.bin\\.loose-envify-Nt1TIZ50',
2323 silly reify   'D:\\Axion\\dashboard\\node_modules\\.bin\\loose-envify.cmd': 'D:\\Axion\\dashboard\\node_modules\\.bin\\.loose-envify.cmd-gpVQq8le',
2323 silly reify   'D:\\Axion\\dashboard\\node_modules\\.bin\\loose-envify.ps1': 'D:\\Axion\\dashboard\\node_modules\\.bin\\.loose-envify.ps1-TatBhtAx',
2323 silly reify   'D:\\Axion\\dashboard\\node_modules\\napi-postinstall': 'D:\\Axion\\dashboard\\node_modules\\.napi-postinstall-vpx1bxoh',
2323 silly reify   'D:\\Axion\\dashboard\\node_modules\\.bin\\napi-postinstall': 'D:\\Axion\\dashboard\\node_modules\\.bin\\.napi-postinstall-M14nu8Qd',
2323 silly reify   'D:\\Axion\\dashboard\\node_modules\\.bin\\napi-postinstall.cmd': 'D:\\Axion\\dashboard\\node_modules\\.bin\\.napi-postinstall.cmd-IIAk1wob',
2323 silly reify   'D:\\Axion\\dashboard\\node_modules\\.bin\\napi-postinstall.ps1': 'D:\\Axion\\dashboard\\node_modules\\.bin\\.napi-postinstall.ps1-XXnIDDqA',
2323 silly reify   'D:\\Axion\\dashboard\\node_modules\\safer-buffer': 'D:\\Axion\\dashboard\\node_modules\\.safer-buffer-FOW77RE9',
2323 silly reify   'D:\\Axion\\dashboard\\node_modules\\vite-node': 'D:\\Axion\\dashboard\\node_modules\\.vite-node-cM7p1yCS',
2323 silly reify   'D:\\Axion\\dashboard\\node_modules\\.bin\\vite-node': 'D:\\Axion\\dashboard\\node_modules\\.bin\\.vite-node-qLjmKxNy',
2323 silly reify   'D:\\Axion\\dashboard\\node_modules\\.bin\\vite-node.cmd': 'D:\\Axion\\dashboard\\node_modules\\.bin\\.vite-node.cmd-UXTZovzS',
2323 silly reify   'D:\\Axion\\dashboard\\node_modules\\.bin\\vite-node.ps1': 'D:\\Axion\\dashboard\\node_modules\\.bin\\.vite-node.ps1-A4I1h0iI',
2323 silly reify   'D:\\Axion\\dashboard\\node_modules\\which': 'D:\\Axion\\dashboard\\node_modules\\.which-Nyf5dRhP',
2323 silly reify   'D:\\Axion\\dashboard\\node_modules\\why-is-node-running': 'D:\\Axion\\dashboard\\node_modules\\.why-is-node-running-5kCIVW7C',
2323 silly reify   'D:\\Axion\\dashboard\\node_modules\\.bin\\why-is-node-running': 'D:\\Axion\\dashboard\\node_modules\\.bin\\.why-is-node-running-1dferzQr',
2323 silly reify   'D:\\Axion\\dashboard\\node_modules\\.bin\\why-is-node-running.cmd': 'D:\\Axion\\dashboard\\node_modules\\.bin\\.why-is-node-running.cmd-J9ZuLaEL',
2323 silly reify   'D:\\Axion\\dashboard\\node_modules\\.bin\\why-is-node-running.ps1': 'D:\\Axion\\dashboard\\node_modules\\.bin\\.why-is-node-running.ps1-8K6ZgKP8'
2323 silly reify }
2324 silly audit bulk request {
2324 silly audit   acorn: [ '8.18.0' ],
2324 silly audit   'agent-base': [ '7.1.4' ],
2324 silly audit   'ansi-styles': [ '4.3.0', '5.2.0' ],
2324 silly audit   arg: [ '5.0.2' ],
2324 silly audit   'acorn-jsx': [ '5.3.2' ],
2324 silly audit   'ansi-regex': [ '5.0.1' ],
2324 silly audit   'any-promise': [ '1.3.0' ],
2324 silly audit   argparse: [ '2.0.1' ],
2324 silly audit   'array-buffer-byte-length': [ '1.0.2' ],
2324 silly audit   'ast-types-flow': [ '0.0.8' ],
2324 silly audit   'assertion-error': [ '2.0.1' ],
2324 silly audit   'async-function': [ '1.0.0' ],
2324 silly audit   'available-typed-arrays': [ '1.0.7' ],
2324 silly audit   'balanced-match': [ '1.0.2', '4.0.4' ],
2324 silly audit   'brace-expansion': [ '1.1.18', '5.0.9' ],
2324 silly audit   asynckit: [ '0.4.0' ],
2324 silly audit   'binary-extensions': [ '2.3.0' ],
2324 silly audit   braces: [ '3.0.3' ],
2324 silly audit   'call-bound': [ '1.0.4' ],
2324 silly audit   cac: [ '6.7.14' ],
2324 silly audit   callsites: [ '3.1.0' ],
2324 silly audit   'check-error': [ '2.1.3' ],
2324 silly audit   'camelcase-css': [ '2.0.1' ],
2324 silly audit   'client-only': [ '0.0.1' ],
2324 silly audit   'concat-map': [ '0.0.1' ],
2324 silly audit   'color-name': [ '1.1.4' ],
2324 silly audit   chokidar: [ '3.6.0' ],
2324 silly audit   'color-convert': [ '2.0.1' ],
2324 silly audit   commander: [ '4.1.1' ],
2324 silly audit   'combined-stream': [ '1.0.8' ],
2324 silly audit   cssesc: [ '3.0.0' ],
2324 silly audit   'data-urls': [ '5.0.0' ],
2324 silly audit   'data-view-buffer': [ '1.0.2' ],
2324 silly audit   'damerau-levenshtein': [ '1.0.8' ],
2324 silly audit   'decimal.js': [ '10.6.0' ],
2324 silly audit   'data-view-byte-length': [ '1.0.2' ],
2324 silly audit   'data-view-byte-offset': [ '1.0.1' ],
2324 silly audit   'deep-is': [ '0.1.4' ],
2324 silly audit   'define-data-property': [ '1.1.4' ],
2324 silly audit   'define-properties': [ '1.2.1' ],
2324 silly audit   'deep-eql': [ '5.0.2' ],
2324 silly audit   doctrine: [ '2.1.0' ],
2324 silly audit   didyoumean: [ '1.2.2' ],
2324 silly audit   'delayed-stream': [ '1.0.0' ],
2324 silly audit   'dunder-proto': [ '1.0.1' ],
2324 silly audit   'detect-libc': [ '2.1.2' ],
2324 silly audit   dlv: [ '1.1.3' ],
2324 silly audit   'es-module-lexer': [ '1.7.0' ],
2324 silly audit   'es-define-property': [ '1.0.1' ],
2324 silly audit   esbuild: [ '0.25.12', '0.21.5' ],
2324 silly audit   'emoji-regex': [ '9.2.2' ],
2324 silly audit   anymatch: [ '3.1.3' ],
2324 silly audit   'es-shim-unscopables': [ '1.1.0' ],
2324 silly audit   'eslint-import-resolver-node': [ '0.3.10' ],
2324 silly audit   'es-set-tostringtag': [ '2.1.0' ],
2324 silly audit   escalade: [ '3.2.0' ],
2324 silly audit   'escape-string-regexp': [ '4.0.0' ],
2324 silly audit   esrecurse: [ '4.3.0' ],
2324 silly audit   esutils: [ '2.0.3' ],
2324 silly audit   estraverse: [ '5.3.0' ],
2324 silly audit   fastq: [ '1.20.1' ],
2324 silly audit   'expect-type': [ '1.4.0' ],
2324 silly audit   'find-up': [ '5.0.0' ],
2324 silly audit   flatted: [ '3.4.4' ],
2324 silly audit   'fast-levenshtein': [ '2.0.6' ],
2324 silly audit   'for-each': [ '0.3.5' ],
2324 silly audit   'flat-cache': [ '4.0.1' ],
2324 silly audit   'fill-range': [ '7.1.1' ],
2324 silly audit   'functions-have-names': [ '1.2.3' ],
2324 silly audit   'form-data': [ '4.0.6' ],
2324 silly audit   'get-intrinsic': [ '1.3.0' ],
2324 silly audit   'generator-function': [ '2.0.1' ],
2324 silly audit   'get-proto': [ '1.0.1' ],
2324 silly audit   'get-symbol-description': [ '1.1.0' ],
2324 silly audit   'get-tsconfig': [ '4.14.0' ],
2324 silly audit   'has-bigints': [ '1.1.0' ],
2324 silly audit   'glob-parent': [ '6.0.2', '5.1.2' ],
2324 silly audit   gopd: [ '1.2.0' ],
2324 silly audit   'has-flag': [ '4.0.0' ],
2324 silly audit   'has-property-descriptors': [ '1.0.2' ],
2324 silly audit   'http-proxy-agent': [ '7.0.2' ],
2324 silly audit   hasown: [ '2.0.4' ],
2324 silly audit   'html-encoding-sniffer': [ '4.0.0' ],
2324 silly audit   'https-proxy-agent': [ '7.0.6' ],
2324 silly audit   'is-async-function': [ '2.1.1' ],
2324 silly audit   'is-bigint': [ '1.1.0' ],
2324 silly audit   'indent-string': [ '4.0.0' ],
2324 silly audit   'is-bun-module': [ '2.0.0' ],
2324 silly audit   'is-binary-path': [ '2.1.0' ],
2324 silly audit   'is-boolean-object': [ '1.2.2' ],
2324 silly audit   'is-date-object': [ '1.1.0' ],
2324 silly audit   'is-callable': [ '1.2.7' ],
2324 silly audit   imurmurhash: [ '0.1.4' ],
2324 silly audit   'is-data-view': [ '1.0.2' ],
2324 silly audit   'is-extglob': [ '2.1.1' ],
2324 silly audit   'is-array-buffer': [ '3.0.5' ],
2324 silly audit   'is-document.all': [ '1.0.0' ],
2324 silly audit   'is-map': [ '2.0.3' ],
2324 silly audit   'is-finalizationregistry': [ '1.1.1' ],
2324 silly audit   'is-glob': [ '4.0.3' ],
2324 silly audit   'is-number': [ '7.0.0' ],
2324 silly audit   'is-negative-zero': [ '2.0.3' ],
2324 silly audit   'is-set': [ '2.0.3' ],
2324 silly audit   'is-generator-function': [ '1.1.2' ],
2324 silly audit   'is-potential-custom-element-name': [ '1.0.1' ],
2324 silly audit   'is-shared-array-buffer': [ '1.0.4' ],
2324 silly audit   'estree-walker': [ '3.0.3' ],
2324 silly audit   'is-number-object': [ '1.1.1' ],
2324 silly audit   'is-symbol': [ '1.1.1' ],
2324 silly audit   'is-string': [ '1.1.1' ],
2324 silly audit   'is-weakref': [ '1.1.1' ],
2324 silly audit   'is-weakmap': [ '2.0.2' ],
2324 silly audit   isarray: [ '2.0.5' ],
2324 silly audit   'is-weakset': [ '2.0.4' ],
2324 silly audit   'is-typed-array': [ '1.1.15' ],
2324 silly audit   isexe: [ '2.0.0' ],
2324 silly audit   'iterator.prototype': [ '1.1.5' ],
2324 silly audit   'json-buffer': [ '3.0.1' ],
2324 silly audit   'json-schema-traverse': [ '0.4.1' ],
2324 silly audit   'lines-and-columns': [ '1.2.4' ],
2324 silly audit   lilconfig: [ '3.1.3' ],
2324 silly audit   keyv: [ '4.5.4' ],
2324 silly audit   'locate-path': [ '6.0.0' ],
2324 silly audit   'language-tags': [ '1.0.9' ],
2324 silly audit   'lodash.merge': [ '4.6.2' ],
2324 silly audit   'magic-string': [ '0.30.21' ],
2324 silly audit   merge2: [ '1.4.1' ],
2324 silly audit   micromatch: [ '4.0.8' ],
2324 silly audit   'min-indent': [ '1.0.1' ],
2324 silly audit   'mime-db': [ '1.52.0' ],
2324 silly audit   'mime-types': [ '2.1.35' ],
2324 silly audit   'napi-postinstall': [ '0.3.4' ],
2324 silly audit   'loose-envify': [ '1.4.0' ],
2324 silly audit   'is-regex': [ '1.2.1' ],
2324 silly audit   'motion-utils': [ '12.39.0' ],
2324 silly audit   mz: [ '2.7.0' ],
2324 silly audit   ms: [ '2.1.3' ],
2324 silly audit   'natural-compare': [ '1.4.0' ],
2324 silly audit   'object-hash': [ '3.0.0' ],
2324 silly audit   'normalize-path': [ '3.0.0' ],
2324 silly audit   'json-stable-stringify-without-jsonify': [ '1.0.1' ],
2324 silly audit   'object-keys': [ '1.1.1' ],
2324 silly audit   'own-keys': [ '1.0.2' ],
2324 silly audit   'parent-module': [ '1.0.1' ],
2324 silly audit   'p-limit': [ '3.1.0' ],
2324 silly audit   'path-exists': [ '4.0.0' ],
2324 silly audit   'p-locate': [ '5.0.0' ],
2324 silly audit   'path-key': [ '3.1.1' ],
2324 silly audit   pify: [ '2.3.0' ],
2324 silly audit   pathval: [ '2.0.1' ],
2324 silly audit   'possible-typed-array-names': [ '1.1.0' ],
2324 silly audit   'path-parse': [ '1.0.7' ],
2324 silly audit   pathe: [ '1.1.2' ],
2324 silly audit   pirates: [ '4.0.7' ],
2324 silly audit   picomatch: [ '2.3.2', '4.0.5' ],
2324 silly audit   'postcss-import': [ '15.1.0' ],
2324 silly audit   nwsapi: [ '2.2.24' ],
2324 silly audit   'postcss-nested': [ '6.2.0' ],
2324 silly audit   'postcss-load-config': [ '6.0.1' ],
2324 silly audit   'prelude-ls': [ '1.2.1' ],
2324 silly audit   'postcss-js': [ '4.1.0' ],
2324 silly audit   'react-is': [ '17.0.2', '16.13.1' ],
2324 silly audit   punycode: [ '2.3.1' ],
2324 silly audit   'queue-microtask': [ '1.2.3' ],
2324 silly audit   readdirp: [ '3.6.0' ],
2324 silly audit   reusify: [ '1.1.0' ],
2324 silly audit   'reflect.getprototypeof': [ '1.0.10' ],
2324 silly audit   'read-cache': [ '1.0.0' ],
2324 silly audit   'safe-push-apply': [ '1.0.0' ],
2324 silly audit   'resolve-from': [ '4.0.0' ],
2324 silly audit   'resolve-pkg-maps': [ '1.0.0' ],
2324 silly audit   'safe-regex-test': [ '1.1.0' ],
2324 silly audit   'run-parallel': [ '1.2.0' ],
2324 silly audit   'set-proto': [ '1.0.0' ],
2324 silly audit   'safe-array-concat': [ '1.1.4' ],
2324 silly audit   'set-function-length': [ '1.2.2' ],
2324 silly audit   scheduler: [ '0.27.0' ],
2324 silly audit   'shebang-command': [ '2.0.0' ],
2324 silly audit   'set-function-name': [ '2.0.2' ],
2324 silly audit   'object-assign': [ '4.1.1' ],
2324 silly audit   saxes: [ '6.0.0' ],
2324 silly audit   'side-channel-list': [ '1.0.1' ],
2324 silly audit   siginfo: [ '2.0.0' ],
2324 silly audit   'side-channel': [ '1.1.1' ],
2324 silly audit   'side-channel-weakmap': [ '1.0.2' ],
2324 silly audit   'stable-hash': [ '0.0.5' ],
2324 silly audit   'shebang-regex': [ '3.0.0' ],
2324 silly audit   'side-channel-map': [ '1.0.1' ],
2324 silly audit   'std-env': [ '3.10.0' ],
2324 silly audit   'stop-iteration-iterator': [ '1.1.0' ],
2324 silly audit   stackback: [ '0.0.2' ],
2324 silly audit   'strip-bom': [ '3.0.0' ],
2324 silly audit   'supports-preserve-symlinks-flag': [ '1.0.0' ],
2324 silly audit   'strip-indent': [ '3.0.0' ],
2324 silly audit   tinybench: [ '2.9.0' ],
2324 silly audit   'supports-color': [ '7.2.0' ],
2324 silly audit   tinyexec: [ '0.3.2' ],
2324 silly audit   thenify: [ '3.3.1' ],
2324 silly audit   tinyglobby: [ '0.2.17' ],
2324 silly audit   'thenify-all': [ '1.6.0' ],
2324 silly audit   tinyrainbow: [ '1.2.0' ],
2324 silly audit   tinyspy: [ '3.0.2' ],
2324 silly audit   tinypool: [ '1.1.1' ],
2324 silly audit   'to-regex-range': [ '5.0.1' ],
2324 silly audit   'symbol-tree': [ '3.2.4' ],
2324 silly audit   tr46: [ '5.1.1' ],
2324 silly audit   'ts-interface-checker': [ '0.1.13' ],
2324 silly audit   'type-check': [ '0.4.0' ],
2324 silly audit   'tsconfig-paths': [ '3.15.0' ],
2324 silly audit   tslib: [ '2.8.1' ],
2324 silly audit   'typed-array-buffer': [ '1.0.3' ],
2324 silly audit   'typed-array-length': [ '1.0.8' ],
2324 silly audit   'typed-array-byte-length': [ '1.0.3' ],
2324 silly audit   'typed-array-byte-offset': [ '1.0.4' ],
2324 silly audit   'unbox-primitive': [ '1.1.0' ],
2324 silly audit   'unrs-resolver': [ '1.12.2' ],
2324 silly audit   'vite-node': [ '2.1.9' ],
2324 silly audit   'use-sync-external-store': [ '1.6.0' ],
2324 silly audit   'w3c-xmlserializer': [ '5.0.0' ],
2324 silly audit   'webidl-conversions': [ '7.0.0' ],
2324 silly audit   'whatwg-mimetype': [ '4.0.0' ],
2324 silly audit   'util-deprecate': [ '1.0.2' ],
2324 silly audit   'whatwg-encoding': [ '3.1.1' ],
2324 silly audit   'which-boxed-primitive': [ '1.1.1' ],
2324 silly audit   'why-is-node-running': [ '2.3.0' ],
2324 silly audit   'which-typed-array': [ '1.1.22' ],
2324 silly audit   'which-collection': [ '1.0.2' ],
2324 silly audit   'which-builtin-type': [ '1.2.1' ],
2324 silly audit   'xml-name-validator': [ '5.0.0' ],
2324 silly audit   'word-wrap': [ '1.2.5' ],
2324 silly audit   yallist: [ '3.1.1' ],
2324 silly audit   'yocto-queue': [ '0.1.0' ],
2324 silly audit   xmlchars: [ '2.2.0' ],
2324 silly audit   '@alloc/quick-lru': [ '5.2.0' ],
2324 silly audit   '@csstools/color-helpers': [ '5.1.0' ],
2324 silly audit   '@csstools/css-parser-algorithms': [ '3.0.5' ],
2324 silly audit   '@csstools/css-color-parser': [ '3.1.0' ],
2324 silly audit   '@csstools/css-calc': [ '2.1.4' ],
2324 silly audit   '@csstools/css-tokenizer': [ '3.0.4' ],
2324 silly audit   '@humanfs/types': [ '0.15.0' ],
2324 silly audit   '@img/colour': [ '1.1.0' ],
2324 silly audit   '@next/env': [ '15.5.22' ],
2324 silly audit   '@next/swc-win32-x64-msvc': [ '15.5.22' ],
2324 silly audit   '@nolyfill/is-core-module': [ '1.0.39' ],
2324 silly audit   '@nodelib/fs.stat': [ '2.0.5' ],
2324 silly audit   '@rtsao/scc': [ '1.1.0' ],
2324 silly audit   '@rollup/rollup-win32-x64-msvc': [ '4.62.3' ],
2324 silly audit   '@rollup/rollup-win32-x64-gnu': [ '4.62.3' ],
2324 silly audit   '@unrs/resolver-binding-win32-x64-msvc': [ '1.12.2' ],
2324 silly audit   '@types/json5': [ '0.0.29' ],
2324 silly audit   '@vitest/snapshot': [ '2.1.9' ],
2324 silly audit   '@vitest/pretty-format': [ '2.1.9' ],
2324 silly audit   '@vitest/spy': [ '2.1.9' ],
2324 silly audit   '@vitest/expect': [ '2.1.9' ],
2324 silly audit   '@vitest/runner': [ '2.1.9' ],
2324 silly audit   '@vitest/utils': [ '2.1.9' ],
2324 silly audit   '@eslint/eslintrc': [ '3.3.6' ],
2324 silly audit   '@testing-library/jest-dom': [ '6.9.1' ],
2324 silly audit   '@testing-library/react': [ '16.3.2' ],
2324 silly audit   '@testing-library/dom': [ '10.4.1' ],
2324 silly audit   react: [ '19.2.8' ],
2324 silly audit   'react-dom': [ '19.2.8' ],
2324 silly audit   '@types/node': [ '22.20.1' ],
2324 silly audit   '@types/react': [ '19.2.17' ],
2324 silly audit   '@types/react-dom': [ '19.2.3' ],
2324 silly audit   '@vitejs/plugin-react': [ '4.7.0' ],
2324 silly audit   vite: [ '6.4.3', '5.4.21' ],
2324 silly audit   jiti: [ '1.21.7' ],
2324 silly audit   '@xyflow/react': [ '12.11.2' ],
2324 silly audit   autoprefixer: [ '10.5.4' ],
2324 silly audit   postcss: [ '8.5.25', '8.4.31' ],
2324 silly audit   eslint: [ '9.39.5' ],
2324 silly audit   'eslint-config-next': [ '15.5.22' ],
2324 silly audit   'framer-motion': [ '12.43.0' ],
2324 silly audit   jsdom: [ '25.0.1' ],
2324 silly audit   'lucide-react': [ '0.468.0' ],
2324 silly audit   next: [ '15.5.22' ],
2324 silly audit   tailwindcss: [ '3.4.19' ],
2324 silly audit   typescript: [ '5.9.3' ],
2324 silly audit   vitest: [ '2.1.9' ],
2324 silly audit   ajv: [ '6.15.0' ],
2324 silly audit   debug: [ '4.4.3', '3.2.7' ],
2324 silly audit   espree: [ '10.4.0' ],
2324 silly audit   globals: [ '14.0.0' ],
2324 silly audit   ignore: [ '5.3.2', '7.0.6' ],
2324 silly audit   'import-fresh': [ '3.3.1' ],
2324 silly audit   'js-yaml': [ '4.3.0' ],
2324 silly audit   minimatch: [ '3.1.5', '10.2.6' ],
2324 silly audit   'strip-json-comments': [ '3.1.1' ],
2324 silly audit   '@babel/code-frame': [ '7.29.7' ],
2324 silly audit   '@babel/runtime': [ '7.29.7' ],
2324 silly audit   '@types/aria-query': [ '5.0.4' ],
2324 silly audit   'aria-query': [ '5.3.0', '5.3.2' ],
2324 silly audit   'dom-accessibility-api': [ '0.5.16', '0.6.3' ],
2324 silly audit   'lz-string': [ '1.5.0' ],
2324 silly audit   picocolors: [ '1.1.1' ],
2324 silly audit   'pretty-format': [ '27.5.1' ],
2324 silly audit   '@adobe/css-tools': [ '4.5.0' ],
2324 silly audit   'css.escape': [ '1.5.1' ],
2324 silly audit   redent: [ '3.0.0' ],
2324 silly audit   'undici-types': [ '6.21.0' ],
2324 silly audit   csstype: [ '3.2.3' ],
2324 silly audit   '@babel/core': [ '7.29.7' ],
2324 silly audit   '@babel/plugin-transform-react-jsx-self': [ '7.29.7' ],
2324 silly audit   '@babel/plugin-transform-react-jsx-source': [ '7.29.7' ],
2324 silly audit   '@rolldown/pluginutils': [ '1.0.0-beta.27' ],
2324 silly audit   '@types/babel__core': [ '7.20.5' ],
2324 silly audit   'react-refresh': [ '0.17.0' ],
2324 silly audit   '@babel/generator': [ '7.29.7' ],
2324 silly audit   '@babel/helper-compilation-targets': [ '7.29.7' ],
2324 silly audit   '@babel/helper-module-transforms': [ '7.29.7' ],
2324 silly audit   '@babel/helpers': [ '7.29.7' ],
2324 silly audit   '@babel/parser': [ '7.29.7' ],
2324 silly audit   '@babel/template': [ '7.29.7' ],
2324 silly audit   '@babel/traverse': [ '7.29.7' ],
2324 silly audit   '@babel/types': [ '7.29.7' ],
2324 silly audit   '@jridgewell/remapping': [ '2.3.5' ],
2324 silly audit   'convert-source-map': [ '2.0.0' ],
2324 silly audit   gensync: [ '1.0.0-beta.2' ],
2324 silly audit   json5: [ '2.2.3' ],
2324 silly audit   semver: [ '6.3.1', '7.8.5' ],
2324 silly audit   '@babel/helper-plugin-utils': [ '7.29.7' ],
2324 silly audit   '@xyflow/system': [ '0.0.79' ],
2324 silly audit   classcat: [ '5.0.5' ],
2324 silly audit   zustand: [ '4.5.7' ],
2324 silly audit   '@types/d3-drag': [ '3.0.7' ],
2324 silly audit   '@types/d3-interpolate': [ '3.0.4' ],
2324 silly audit   '@types/d3-selection': [ '3.0.11' ],
2324 silly audit   '@types/d3-transition': [ '3.0.9' ],
2324 silly audit   '@types/d3-zoom': [ '3.0.8' ],
2324 silly audit   'd3-drag': [ '3.0.0' ],
2324 silly audit   'd3-interpolate': [ '3.0.1' ],
2324 silly audit   'd3-selection': [ '3.0.0' ],
2324 silly audit   'd3-zoom': [ '3.0.0' ],
2324 silly audit   'fast-deep-equal': [ '3.1.3' ],
2324 silly audit   'fast-json-stable-stringify': [ '2.1.0' ],
2324 silly audit   'uri-js': [ '4.4.1' ],
2324 silly audit   dequal: [ '2.0.3' ],
2324 silly audit   browserslist: [ '4.28.7' ],
2324 silly audit   'caniuse-lite': [ '1.0.30001806' ],
2324 silly audit   'fraction.js': [ '5.3.4' ],
2324 silly audit   'postcss-value-parser': [ '4.2.0' ],
2324 silly audit   'baseline-browser-mapping': [ '2.11.8' ],
2324 silly audit   'electron-to-chromium': [ '1.5.398' ],
2324 silly audit   'node-releases': [ '2.0.51' ],
2324 silly audit   'update-browserslist-db': [ '1.2.3' ],
2324 silly audit   '@eslint-community/eslint-utils': [ '4.10.1' ],
2324 silly audit   '@eslint-community/regexpp': [ '4.12.2' ],
2324 silly audit   '@eslint/config-array': [ '0.21.2' ],
2324 silly audit   '@eslint/config-helpers': [ '0.4.2' ],
2324 silly audit   '@eslint/core': [ '0.17.0' ],
2324 silly audit   '@eslint/js': [ '9.39.5' ],
2324 silly audit   '@eslint/plugin-kit': [ '0.4.1' ],
2324 silly audit   '@humanfs/node': [ '0.16.8' ],
2324 silly audit   '@humanwhocodes/module-importer': [ '1.0.1' ],
2324 silly audit   '@humanwhocodes/retry': [ '0.4.3' ],
2324 silly audit   '@types/estree': [ '1.0.9' ],
2324 silly audit   chalk: [ '4.1.2' ],
2324 silly audit   'cross-spawn': [ '7.0.6' ],
2324 silly audit   'eslint-scope': [ '8.4.0' ],
2324 silly audit   'eslint-visitor-keys': [ '4.2.1', '3.4.3', '5.0.1' ],
2324 silly audit   esquery: [ '1.7.0' ],
2324 silly audit   'file-entry-cache': [ '8.0.0' ],
2324 silly audit   optionator: [ '0.9.4' ],
2324 silly audit   '@eslint/object-schema': [ '2.1.7' ],
2324 silly audit   '@types/json-schema': [ '7.0.15' ],
2324 silly audit   levn: [ '0.4.1' ],
2324 silly audit   '@humanfs/core': [ '0.19.2' ],
2324 silly audit   which: [ '2.0.2' ],
2324 silly audit   '@next/eslint-plugin-next': [ '15.5.22' ],
2324 silly audit   '@rushstack/eslint-patch': [ '1.16.1' ],
2324 silly audit   '@typescript-eslint/eslint-plugin': [ '8.65.0' ],
2324 silly audit   '@typescript-eslint/parser': [ '8.65.0' ],
2324 silly audit   'eslint-import-resolver-typescript': [ '3.10.1' ],
2324 silly audit   'eslint-plugin-import': [ '2.32.0' ],
2324 silly audit   'eslint-plugin-jsx-a11y': [ '6.10.2' ],
2324 silly audit   'eslint-plugin-react': [ '7.37.5' ],
2324 silly audit   'eslint-plugin-react-hooks': [ '5.2.0' ],
2324 silly audit   'fast-glob': [ '3.3.1', '3.3.3' ],
2324 silly audit   '@typescript-eslint/scope-manager': [ '8.65.0' ],
2324 silly audit   '@typescript-eslint/type-utils': [ '8.65.0' ],
2324 silly audit   '@typescript-eslint/utils': [ '8.65.0' ],
2324 silly audit   '@typescript-eslint/visitor-keys': [ '8.65.0' ],
2324 silly audit   'ts-api-utils': [ '2.5.0' ],
2324 silly audit   '@typescript-eslint/types': [ '8.65.0' ],
2324 silly audit   '@typescript-eslint/typescript-estree': [ '8.65.0' ],
2324 silly audit   'array-includes': [ '3.1.9' ],
2324 silly audit   'array.prototype.findlastindex': [ '1.2.6' ],
2324 silly audit   'array.prototype.flat': [ '1.3.3' ],
2324 silly audit   'array.prototype.flatmap': [ '1.3.3' ],
2324 silly audit   'eslint-module-utils': [ '2.14.0' ],
2324 silly audit   'is-core-module': [ '2.16.2' ],
2324 silly audit   'object.fromentries': [ '2.0.8' ],
2324 silly audit   'object.groupby': [ '1.0.3' ],
2324 silly audit   'object.values': [ '1.2.1' ],
2324 silly audit   'string.prototype.trimend': [ '1.0.10' ],
2324 silly audit   'axe-core': [ '4.12.1' ],
2324 silly audit   'axobject-query': [ '4.1.0' ],
2324 silly audit   'jsx-ast-utils': [ '3.3.5' ],
2324 silly audit   'string.prototype.includes': [ '2.0.1' ],
2324 silly audit   'array.prototype.findlast': [ '1.2.5' ],
2324 silly audit   'array.prototype.tosorted': [ '1.1.4' ],
2324 silly audit   'es-iterator-helpers': [ '1.4.0' ],
2324 silly audit   'object.entries': [ '1.1.9' ],
2324 silly audit   'prop-types': [ '15.8.1' ],
2324 silly audit   resolve: [ '2.0.0-next.7', '1.22.12' ],
2324 silly audit   'string.prototype.matchall': [ '4.0.12' ],
2324 silly audit   'string.prototype.repeat': [ '1.0.0' ],
2324 silly audit   'motion-dom': [ '12.43.0' ],
2324 silly audit   cssstyle: [ '4.6.0' ],
2324 silly audit   parse5: [ '7.3.0' ],
2324 silly audit   'rrweb-cssom': [ '0.7.1', '0.8.0' ],
2324 silly audit   'tough-cookie': [ '5.1.2' ],
2324 silly audit   'whatwg-url': [ '14.2.0' ],
2324 silly audit   ws: [ '8.21.1' ],
2324 silly audit   '@asamuzakjp/css-color': [ '3.2.0' ],
2324 silly audit   '@next/swc-darwin-arm64': [ '15.5.22' ],
2324 silly audit   '@next/swc-darwin-x64': [ '15.5.22' ],
2324 silly audit   '@next/swc-linux-arm64-gnu': [ '15.5.22' ],
2324 silly audit   '@next/swc-linux-arm64-musl': [ '15.5.22' ],
2324 silly audit   '@next/swc-linux-x64-gnu': [ '15.5.22' ],
2324 silly audit   '@next/swc-linux-x64-musl': [ '15.5.22' ],
2324 silly audit   '@next/swc-win32-arm64-msvc': [ '15.5.22' ],
2324 silly audit   '@swc/helpers': [ '0.5.15' ],
2324 silly audit   sharp: [ '0.34.5' ],
2324 silly audit   'styled-jsx': [ '5.1.6' ],
2324 silly audit   entities: [ '6.0.1' ],
2324 silly audit   nanoid: [ '3.3.16' ],
2324 silly audit   'source-map-js': [ '1.2.1' ],
2324 silly audit   '@img/sharp-darwin-arm64': [ '0.34.5' ],
2324 silly audit   '@img/sharp-darwin-x64': [ '0.34.5' ],
2324 silly audit   '@img/sharp-libvips-darwin-arm64': [ '1.2.4' ],
2324 silly audit   '@img/sharp-libvips-darwin-x64': [ '1.2.4' ],
2324 silly audit   '@img/sharp-libvips-linux-arm': [ '1.2.4' ],
2324 silly audit   '@img/sharp-libvips-linux-arm64': [ '1.2.4' ],
2324 silly audit   '@img/sharp-libvips-linux-ppc64': [ '1.2.4' ],
2324 silly audit   '@img/sharp-libvips-linux-riscv64': [ '1.2.4' ],
2324 silly audit   '@img/sharp-libvips-linux-s390x': [ '1.2.4' ],
2324 silly audit   '@img/sharp-libvips-linux-x64': [ '1.2.4' ],
2324 silly audit   '@img/sharp-libvips-linuxmusl-arm64': [ '1.2.4' ],
2324 silly audit   '@img/sharp-libvips-linuxmusl-x64': [ '1.2.4' ],
2324 silly audit   '@img/sharp-linux-arm': [ '0.34.5' ],
2324 silly audit   '@img/sharp-linux-arm64': [ '0.34.5' ],
2324 silly audit   '@img/sharp-linux-ppc64': [ '0.34.5' ],
2324 silly audit   '@img/sharp-linux-riscv64': [ '0.34.5' ],
2324 silly audit   '@img/sharp-linux-s390x': [ '0.34.5' ],
2324 silly audit   '@img/sharp-linux-x64': [ '0.34.5' ],
2324 silly audit   '@img/sharp-linuxmusl-arm64': [ '0.34.5' ],
2324 silly audit   '@img/sharp-linuxmusl-x64': [ '0.34.5' ],
2324 silly audit   '@img/sharp-wasm32': [ '0.34.5' ],
2324 silly audit   '@img/sharp-win32-arm64': [ '0.34.5' ],
2324 silly audit   '@img/sharp-win32-ia32': [ '0.34.5' ],
2324 silly audit   '@img/sharp-win32-x64': [ '0.34.5' ],
2324 silly audit   '@emnapi/runtime': [ '1.11.3' ],
2324 silly audit   'postcss-selector-parser': [ '6.1.4' ],
2324 silly audit   sucrase: [ '3.35.1' ],
2324 silly audit   '@jridgewell/gen-mapping': [ '0.3.13' ],
2324 silly audit   tldts: [ '6.1.86' ],
2324 silly audit   fdir: [ '6.5.0' ],
2324 silly audit   fsevents: [ '2.3.3' ],
2324 silly audit   rollup: [ '4.62.3' ],
2324 silly audit   '@vitest/mocker': [ '2.1.9' ],
2324 silly audit   chai: [ '5.3.3' ],
2324 silly audit   loupe: [ '3.2.1' ],
2324 silly audit   '@babel/helper-validator-identifier': [ '7.29.7' ],
2324 silly audit   'js-tokens': [ '4.0.0' ],
2324 silly audit   '@jridgewell/trace-mapping': [ '0.3.31' ],
2324 silly audit   jsesc: [ '3.1.0' ],
2324 silly audit   '@babel/compat-data': [ '7.29.7' ],
2324 silly audit   '@babel/helper-validator-option': [ '7.29.7' ],
2324 silly audit   'lru-cache': [ '5.1.1', '10.4.3' ],
2324 silly audit   '@babel/helper-module-imports': [ '7.29.7' ],
2324 silly audit   '@babel/helper-globals': [ '7.29.7' ],
2324 silly audit   '@babel/helper-string-parser': [ '7.29.7' ],
2324 silly audit   '@jridgewell/sourcemap-codec': [ '1.5.5' ],
2324 silly audit   '@jridgewell/resolve-uri': [ '3.1.2' ],
2324 silly audit   '@nodelib/fs.walk': [ '1.2.8' ],
2324 silly audit   '@nodelib/fs.scandir': [ '2.1.5' ],
2324 silly audit   '@typescript-eslint/project-service': [ '8.65.0' ],
2324 silly audit   '@typescript-eslint/tsconfig-utils': [ '8.65.0' ],
2324 silly audit   'd3-dispatch': [ '3.0.1' ],
2324 silly audit   'd3-color': [ '3.1.0' ],
2324 silly audit   'd3-transition': [ '3.0.1' ],
2324 silly audit   'd3-ease': [ '3.0.1' ],
2324 silly audit   'd3-timer': [ '3.0.1' ],
2324 silly audit   'call-bind': [ '1.0.9' ],
2324 silly audit   'es-abstract': [ '1.24.2' ],
2324 silly audit   'es-object-atoms': [ '1.1.2' ],
2324 silly audit   'math-intrinsics': [ '1.1.0' ],
2324 silly audit   'es-errors': [ '1.3.0' ],
2324 silly audit   'call-bind-apply-helpers': [ '1.0.2' ],
2324 silly audit   'function-bind': [ '1.1.2' ],
2324 silly audit   'arraybuffer.prototype.slice': [ '1.0.4' ],
2324 silly audit   'es-to-primitive': [ '1.3.4' ],
2324 silly audit   'function.prototype.name': [ '1.2.0' ],
2324 silly audit   globalthis: [ '1.0.4' ],
2324 silly audit   'has-proto': [ '1.2.0' ],
2324 silly audit   'has-symbols': [ '1.1.0' ],
2324 silly audit   'internal-slot': [ '1.1.0' ],
2324 silly audit   'object-inspect': [ '1.13.4' ],
2324 silly audit   'object.assign': [ '4.1.7' ],
2324 silly audit   'regexp.prototype.flags': [ '1.5.4' ],
2324 silly audit   'string.prototype.trim': [ '1.2.11' ],
2324 silly audit   'string.prototype.trimstart': [ '1.0.8' ],
2324 silly audit   'es-abstract-get': [ '1.0.0' ],
2324 silly audit   'node-exports-info': [ '1.6.2' ],
2324 silly audit   'tldts-core': [ '6.1.86' ],
2324 silly audit   '@rollup/rollup-android-arm-eabi': [ '4.62.3' ],
2324 silly audit   '@rollup/rollup-android-arm64': [ '4.62.3' ],
2324 silly audit   '@rollup/rollup-darwin-arm64': [ '4.62.3' ],
2324 silly audit   '@rollup/rollup-darwin-x64': [ '4.62.3' ],
2324 silly audit   '@rollup/rollup-freebsd-arm64': [ '4.62.3' ],
2324 silly audit   '@rollup/rollup-freebsd-x64': [ '4.62.3' ],
2324 silly audit   '@rollup/rollup-linux-arm-gnueabihf': [ '4.62.3' ],
2324 silly audit   '@rollup/rollup-linux-arm-musleabihf': [ '4.62.3' ],
2324 silly audit   '@rollup/rollup-linux-arm64-gnu': [ '4.62.3' ],
2324 silly audit   '@rollup/rollup-linux-arm64-musl': [ '4.62.3' ],
2324 silly audit   '@rollup/rollup-linux-loong64-gnu': [ '4.62.3' ],
2324 silly audit   '@rollup/rollup-linux-loong64-musl': [ '4.62.3' ],
2324 silly audit   '@rollup/rollup-linux-ppc64-gnu': [ '4.62.3' ],
2324 silly audit   '@rollup/rollup-linux-ppc64-musl': [ '4.62.3' ],
2324 silly audit   '@rollup/rollup-linux-riscv64-gnu': [ '4.62.3' ],
2324 silly audit   '@rollup/rollup-linux-riscv64-musl': [ '4.62.3' ],
2324 silly audit   '@rollup/rollup-linux-s390x-gnu': [ '4.62.3' ],
2324 silly audit   '@rollup/rollup-linux-x64-gnu': [ '4.62.3' ],
2324 silly audit   '@rollup/rollup-linux-x64-musl': [ '4.62.3' ],
2324 silly audit   '@rollup/rollup-openbsd-x64': [ '4.62.3' ],
2324 silly audit   '@rollup/rollup-openharmony-arm64': [ '4.62.3' ],
2324 silly audit   '@rollup/rollup-win32-arm64-msvc': [ '4.62.3' ],
2324 silly audit   '@rollup/rollup-win32-ia32-msvc': [ '4.62.3' ],
2324 silly audit   '@esbuild/aix-ppc64': [ '0.21.5', '0.25.12' ],
2324 silly audit   '@esbuild/android-arm': [ '0.21.5', '0.25.12' ],
2324 silly audit   '@esbuild/android-arm64': [ '0.21.5', '0.25.12' ],
2324 silly audit   '@esbuild/android-x64': [ '0.21.5', '0.25.12' ],
2324 silly audit   '@esbuild/darwin-arm64': [ '0.21.5', '0.25.12' ],
2324 silly audit   '@esbuild/darwin-x64': [ '0.21.5', '0.25.12' ],
2324 silly audit   '@esbuild/freebsd-arm64': [ '0.21.5', '0.25.12' ],
2324 silly audit   '@esbuild/freebsd-x64': [ '0.21.5', '0.25.12' ],
2324 silly audit   '@esbuild/linux-arm': [ '0.21.5', '0.25.12' ],
2324 silly audit   '@esbuild/linux-arm64': [ '0.21.5', '0.25.12' ],
2324 silly audit   '@esbuild/linux-ia32': [ '0.21.5', '0.25.12' ],
2324 silly audit   '@esbuild/linux-loong64': [ '0.21.5', '0.25.12' ],
2324 silly audit   '@esbuild/linux-mips64el': [ '0.21.5', '0.25.12' ],
2324 silly audit   '@esbuild/linux-ppc64': [ '0.21.5', '0.25.12' ],
2324 silly audit   '@esbuild/linux-riscv64': [ '0.21.5', '0.25.12' ],
2324 silly audit   '@esbuild/linux-s390x': [ '0.21.5', '0.25.12' ],
2324 silly audit   '@esbuild/linux-x64': [ '0.21.5', '0.25.12' ],
2324 silly audit   '@esbuild/netbsd-x64': [ '0.21.5', '0.25.12' ],
2324 silly audit   '@esbuild/openbsd-x64': [ '0.21.5', '0.25.12' ],
2324 silly audit   '@esbuild/sunos-x64': [ '0.21.5', '0.25.12' ],
2324 silly audit   '@esbuild/win32-arm64': [ '0.21.5', '0.25.12' ],
2324 silly audit   '@esbuild/win32-ia32': [ '0.21.5', '0.25.12' ],
2324 silly audit   '@esbuild/win32-x64': [ '0.21.5', '0.25.12' ],
2324 silly audit   '@esbuild/netbsd-arm64': [ '0.25.12' ],
2324 silly audit   '@esbuild/openbsd-arm64': [ '0.25.12' ],
2324 silly audit   '@esbuild/openharmony-arm64': [ '0.25.12' ]
2324 silly audit }
2325 silly packumentCache corgi:https://registry.npmjs.org/vite-node cache-miss
2326 silly packumentCache corgi:https://registry.npmjs.org/why-is-node-running cache-miss
2327 silly packumentCache corgi:https://registry.npmjs.org/napi-postinstall cache-miss
2328 silly packumentCache corgi:https://registry.npmjs.org/loose-envify cache-miss
2329 silly packumentCache corgi:https://registry.npmjs.org/esbuild cache-miss
2330 http cache @xyflow/react@https://registry.npmjs.org/@xyflow/react/-/react-12.11.2.tgz 0ms (cache hit)
2331 http cache @xyflow/system@https://registry.npmjs.org/@xyflow/system/-/system-0.0.79.tgz 0ms (cache hit)
2332 silly packumentCache corgi:https://registry.npmjs.org/acorn cache-miss
2333 http cache @vitejs/plugin-react@https://registry.npmjs.org/@vitejs/plugin-react/-/plugin-react-4.7.0.tgz 0ms (cache hit)
2334 silly packumentCache corgi:https://registry.npmjs.org/cssesc cache-miss
2335 http cache @typescript-eslint/parser@https://registry.npmjs.org/@typescript-eslint/parser/-/parser-8.65.0.tgz 0ms (cache hit)
2336 http cache @types/node@https://registry.npmjs.org/@types/node/-/node-22.20.1.tgz 0ms (cache hit)
2337 http cache @typescript-eslint/eslint-plugin@https://registry.npmjs.org/@typescript-eslint/eslint-plugin/-/eslint-plugin-8.65.0.tgz 0ms (cache hit)
2338 http cache @types/react@https://registry.npmjs.org/@types/react/-/react-19.2.17.tgz 0ms (cache hit)
2339 http cache @types/estree@https://registry.npmjs.org/@types/estree/-/estree-1.0.9.tgz 0ms (cache hit)
2340 http cache @types/babel__core@https://registry.npmjs.org/@types/babel__core/-/babel__core-7.20.5.tgz 0ms (cache hit)
2341 http cache @testing-library/dom@https://registry.npmjs.org/@testing-library/dom/-/dom-10.4.1.tgz 0ms (cache hit)
2342 http cache @types/react-dom@https://registry.npmjs.org/@types/react-dom/-/react-dom-19.2.3.tgz 0ms (cache hit)
2343 http cache @testing-library/react@https://registry.npmjs.org/@testing-library/react/-/react-16.3.2.tgz 0ms (cache hit)
2344 http cache @rushstack/eslint-patch@https://registry.npmjs.org/@rushstack/eslint-patch/-/eslint-patch-1.16.1.tgz 0ms (cache hit)
2345 http cache @testing-library/jest-dom@https://registry.npmjs.org/@testing-library/jest-dom/-/jest-dom-6.9.1.tgz 0ms (cache hit)
2346 http cache @rolldown/pluginutils@https://registry.npmjs.org/@rolldown/pluginutils/-/pluginutils-1.0.0-beta.27.tgz 0ms (cache hit)
2347 http cache @next/eslint-plugin-next@https://registry.npmjs.org/@next/eslint-plugin-next/-/eslint-plugin-next-15.5.22.tgz 0ms (cache hit)
2348 http cache @eslint-community/regexpp@https://registry.npmjs.org/@eslint-community/regexpp/-/regexpp-4.12.2.tgz 0ms (cache hit)
2349 http cache @humanwhocodes/module-importer@https://registry.npmjs.org/@humanwhocodes/module-importer/-/module-importer-1.0.1.tgz 0ms (cache hit)
2350 http cache @swc/helpers@https://registry.npmjs.org/@swc/helpers/-/helpers-0.5.15.tgz 0ms (cache hit)
2351 http cache @humanfs/node@https://registry.npmjs.org/@humanfs/node/-/node-0.16.8.tgz 0ms (cache hit)
2352 http cache @eslint/core@https://registry.npmjs.org/@eslint/core/-/core-0.17.0.tgz 0ms (cache hit)
2353 http cache @eslint/eslintrc@https://registry.npmjs.org/@eslint/eslintrc/-/eslintrc-3.3.6.tgz 0ms (cache hit)
2354 http cache @humanwhocodes/retry@https://registry.npmjs.org/@humanwhocodes/retry/-/retry-0.4.3.tgz 0ms (cache hit)
2355 http cache @eslint-community/eslint-utils@https://registry.npmjs.org/@eslint-community/eslint-utils/-/eslint-utils-4.10.1.tgz 0ms (cache hit)
2356 http cache @eslint/plugin-kit@https://registry.npmjs.org/@eslint/plugin-kit/-/plugin-kit-0.4.1.tgz 0ms (cache hit)
2357 http cache @eslint/config-helpers@https://registry.npmjs.org/@eslint/config-helpers/-/config-helpers-0.4.2.tgz 0ms (cache hit)
2358 http cache @eslint/js@https://registry.npmjs.org/@eslint/js/-/js-9.39.5.tgz 0ms (cache hit)
2359 http cache @eslint/config-array@https://registry.npmjs.org/@eslint/config-array/-/config-array-0.21.2.tgz 0ms (cache hit)
2360 http cache @babel/plugin-transform-react-jsx-source@https://registry.npmjs.org/@babel/plugin-transform-react-jsx-source/-/plugin-transform-react-jsx-source-7.29.7.tgz 0ms (cache hit)
2361 http cache @babel/core@https://registry.npmjs.org/@babel/core/-/core-7.29.7.tgz 1ms (cache hit)
2362 http cache ws@https://registry.npmjs.org/ws/-/ws-8.21.1.tgz 0ms (cache hit)
2363 http cache vitest@https://registry.npmjs.org/vitest/-/vitest-2.1.9.tgz 0ms (cache hit)
2364 http cache whatwg-url@https://registry.npmjs.org/whatwg-url/-/whatwg-url-14.2.0.tgz 0ms (cache hit)
2365 http cache @babel/runtime@https://registry.npmjs.org/@babel/runtime/-/runtime-7.29.7.tgz 0ms (cache hit)
2366 http cache vite@https://registry.npmjs.org/vite/-/vite-6.4.3.tgz 0ms (cache hit)
2367 http cache tough-cookie@https://registry.npmjs.org/tough-cookie/-/tough-cookie-5.1.2.tgz 1ms (cache hit)
2368 http cache typescript@https://registry.npmjs.org/typescript/-/typescript-5.9.3.tgz 0ms (cache hit)
2369 http cache zustand@https://registry.npmjs.org/zustand/-/zustand-4.5.7.tgz 0ms (cache hit)
2370 http cache tailwindcss@https://registry.npmjs.org/tailwindcss/-/tailwindcss-3.4.19.tgz 0ms (cache hit)
2371 http cache styled-jsx@https://registry.npmjs.org/styled-jsx/-/styled-jsx-5.1.6.tgz 0ms (cache hit)
2372 http cache sharp@https://registry.npmjs.org/sharp/-/sharp-0.34.5.tgz 0ms (cache hit)
2373 http cache sucrase@https://registry.npmjs.org/sucrase/-/sucrase-3.35.1.tgz 0ms (cache hit)
2374 http cache redent@https://registry.npmjs.org/redent/-/redent-3.0.0.tgz 0ms (cache hit)
2375 http cache rrweb-cssom@https://registry.npmjs.org/rrweb-cssom/-/rrweb-cssom-0.7.1.tgz 0ms (cache hit)
2376 http cache react-refresh@https://registry.npmjs.org/react-refresh/-/react-refresh-0.17.0.tgz 0ms (cache hit)
2377 http cache react@https://registry.npmjs.org/react/-/react-19.2.8.tgz 0ms (cache hit)
2378 http cache strip-json-comments@https://registry.npmjs.org/strip-json-comments/-/strip-json-comments-3.1.1.tgz 0ms (cache hit)
2379 http cache react-dom@https://registry.npmjs.org/react-dom/-/react-dom-19.2.8.tgz 0ms (cache hit)
2380 http cache @adobe/css-tools@https://registry.npmjs.org/@adobe/css-tools/-/css-tools-4.5.0.tgz 0ms (cache hit)
2381 http cache postcss-value-parser@https://registry.npmjs.org/postcss-value-parser/-/postcss-value-parser-4.2.0.tgz 0ms (cache hit)
2382 http cache @babel/plugin-transform-react-jsx-self@https://registry.npmjs.org/@babel/plugin-transform-react-jsx-self/-/plugin-transform-react-jsx-self-7.29.7.tgz 0ms (cache hit)
2383 http cache postcss-selector-parser@https://registry.npmjs.org/postcss-selector-parser/-/postcss-selector-parser-6.1.4.tgz 1ms (cache hit)
2384 http cache postcss@https://registry.npmjs.org/postcss/-/postcss-8.5.25.tgz 0ms (cache hit)
2385 http cache picocolors@https://registry.npmjs.org/picocolors/-/picocolors-1.1.1.tgz 0ms (cache hit)
2386 http cache optionator@https://registry.npmjs.org/optionator/-/optionator-0.9.4.tgz 1ms (cache hit)
2387 http cache next@https://registry.npmjs.org/next/-/next-15.5.22.tgz 0ms (cache hit)
2388 http cache motion-dom@https://registry.npmjs.org/motion-dom/-/motion-dom-12.43.0.tgz 0ms (cache hit)
2389 http cache undici-types@https://registry.npmjs.org/undici-types/-/undici-types-6.21.0.tgz 0ms (cache hit)
2390 http cache parse5@https://registry.npmjs.org/parse5/-/parse5-7.3.0.tgz 0ms (cache hit)
2391 http cache minimatch@https://registry.npmjs.org/minimatch/-/minimatch-3.1.5.tgz 0ms (cache hit)
2392 http cache lucide-react@https://registry.npmjs.org/lucide-react/-/lucide-react-0.468.0.tgz 1ms (cache hit)
2393 http cache js-yaml@https://registry.npmjs.org/js-yaml/-/js-yaml-4.3.0.tgz 0ms (cache hit)
2394 http cache import-fresh@https://registry.npmjs.org/import-fresh/-/import-fresh-3.3.1.tgz 0ms (cache hit)
2395 http cache ignore@https://registry.npmjs.org/ignore/-/ignore-5.3.2.tgz 1ms (cache hit)
2396 http cache fraction.js@https://registry.npmjs.org/fraction.js/-/fraction.js-5.3.4.tgz 0ms (cache hit)
2397 http cache jsdom@https://registry.npmjs.org/jsdom/-/jsdom-25.0.1.tgz 0ms (cache hit)
2398 http cache globals@https://registry.npmjs.org/globals/-/globals-14.0.0.tgz 0ms (cache hit)
2399 http cache file-entry-cache@https://registry.npmjs.org/file-entry-cache/-/file-entry-cache-8.0.0.tgz 0ms (cache hit)
2400 http cache fast-deep-equal@https://registry.npmjs.org/fast-deep-equal/-/fast-deep-equal-3.1.3.tgz 1ms (cache hit)
2401 http cache framer-motion@https://registry.npmjs.org/framer-motion/-/framer-motion-12.43.0.tgz 0ms (cache hit)
2402 http cache espree@https://registry.npmjs.org/espree/-/espree-10.4.0.tgz 0ms (cache hit)
2403 http cache eslint-visitor-keys@https://registry.npmjs.org/eslint-visitor-keys/-/eslint-visitor-keys-4.2.1.tgz 0ms (cache hit)
2404 http cache eslint-scope@https://registry.npmjs.org/eslint-scope/-/eslint-scope-8.4.0.tgz 0ms (cache hit)
2405 http cache eslint-plugin-react-hooks@https://registry.npmjs.org/eslint-plugin-react-hooks/-/eslint-plugin-react-hooks-5.2.0.tgz 0ms (cache hit)
2406 http cache eslint-plugin-react@https://registry.npmjs.org/eslint-plugin-react/-/eslint-plugin-react-7.37.5.tgz 0ms (cache hit)
2407 http cache eslint-config-next@https://registry.npmjs.org/eslint-config-next/-/eslint-config-next-15.5.22.tgz 0ms (cache hit)
2408 http cache eslint-plugin-jsx-a11y@https://registry.npmjs.org/eslint-plugin-jsx-a11y/-/eslint-plugin-jsx-a11y-6.10.2.tgz 0ms (cache hit)
2409 http cache debug@https://registry.npmjs.org/debug/-/debug-4.4.3.tgz 0ms (cache hit)
2410 http cache eslint-plugin-import@https://registry.npmjs.org/eslint-plugin-import/-/eslint-plugin-import-2.32.0.tgz 0ms (cache hit)
2411 http cache esquery@https://registry.npmjs.org/esquery/-/esquery-1.7.0.tgz 0ms (cache hit)
2412 http cache eslint@https://registry.npmjs.org/eslint/-/eslint-9.39.5.tgz 0ms (cache hit)
2413 http cache cssstyle@https://registry.npmjs.org/cssstyle/-/cssstyle-4.6.0.tgz 0ms (cache hit)
2414 http cache css.escape@https://registry.npmjs.org/css.escape/-/css.escape-1.5.1.tgz 0ms (cache hit)
2415 http cache cross-spawn@https://registry.npmjs.org/cross-spawn/-/cross-spawn-7.0.6.tgz 1ms (cache hit)
2416 http cache chalk@https://registry.npmjs.org/chalk/-/chalk-4.1.2.tgz 0ms (cache hit)
2417 http cache chai@https://registry.npmjs.org/chai/-/chai-5.3.3.tgz 0ms (cache hit)
2418 http cache caniuse-lite@https://registry.npmjs.org/caniuse-lite/-/caniuse-lite-1.0.30001806.tgz 1ms (cache hit)
2419 http cache classcat@https://registry.npmjs.org/classcat/-/classcat-5.0.5.tgz 0ms (cache hit)
2420 http cache @esbuild/win32-x64@https://registry.npmjs.org/@esbuild/win32-x64/-/win32-x64-0.25.12.tgz 0ms (cache hit)
2421 http cache ajv@https://registry.npmjs.org/ajv/-/ajv-6.15.0.tgz 0ms (cache hit)
2422 http cache d3-timer@https://registry.npmjs.org/d3-timer/-/d3-timer-3.0.1.tgz 0ms (cache hit)
2423 http cache d3-transition@https://registry.npmjs.org/d3-transition/-/d3-transition-3.0.1.tgz 0ms (cache hit)
2424 http cache d3-ease@https://registry.npmjs.org/d3-ease/-/d3-ease-3.0.1.tgz 0ms (cache hit)
2425 http cache d3-dispatch@https://registry.npmjs.org/d3-dispatch/-/d3-dispatch-3.0.1.tgz 0ms (cache hit)
2426 http cache autoprefixer@https://registry.npmjs.org/autoprefixer/-/autoprefixer-10.5.4.tgz 0ms (cache hit)
2427 http cache aria-query@https://registry.npmjs.org/aria-query/-/aria-query-5.3.0.tgz 0ms (cache hit)
2428 http cache d3-interpolate@https://registry.npmjs.org/d3-interpolate/-/d3-interpolate-3.0.1.tgz 0ms (cache hit)
2429 http cache @types/d3-transition@https://registry.npmjs.org/@types/d3-transition/-/d3-transition-3.0.9.tgz 0ms (cache hit)
2430 http cache browserslist@https://registry.npmjs.org/browserslist/-/browserslist-4.28.7.tgz 0ms (cache hit)
2431 http cache d3-zoom@https://registry.npmjs.org/d3-zoom/-/d3-zoom-3.0.0.tgz 0ms (cache hit)
2432 http cache @types/d3-zoom@https://registry.npmjs.org/@types/d3-zoom/-/d3-zoom-3.0.8.tgz 0ms (cache hit)
2433 http cache balanced-match@https://registry.npmjs.org/balanced-match/-/balanced-match-4.0.4.tgz 4ms (cache hit)
2434 http cache @types/d3-drag@https://registry.npmjs.org/@types/d3-drag/-/d3-drag-3.0.7.tgz 0ms (cache hit)
2435 http cache @types/d3-interpolate@https://registry.npmjs.org/@types/d3-interpolate/-/d3-interpolate-3.0.4.tgz 0ms (cache hit)
2436 http cache d3-drag@https://registry.npmjs.org/d3-drag/-/d3-drag-3.0.0.tgz 0ms (cache hit)
2437 http cache @types/d3-selection@https://registry.npmjs.org/@types/d3-selection/-/d3-selection-3.0.11.tgz 0ms (cache hit)
2438 http cache brace-expansion@https://registry.npmjs.org/brace-expansion/-/brace-expansion-5.0.9.tgz 0ms (cache hit)
2439 http cache semver@https://registry.npmjs.org/semver/-/semver-7.8.5.tgz 0ms (cache hit)
2440 http cache eslint-visitor-keys@https://registry.npmjs.org/eslint-visitor-keys/-/eslint-visitor-keys-5.0.1.tgz 0ms (cache hit)
2441 http cache d3-selection@https://registry.npmjs.org/d3-selection/-/d3-selection-3.0.0.tgz 0ms (cache hit)
2442 http cache ts-api-utils@https://registry.npmjs.org/ts-api-utils/-/ts-api-utils-2.5.0.tgz 0ms (cache hit)
2443 http cache @typescript-eslint/types@https://registry.npmjs.org/@typescript-eslint/types/-/types-8.65.0.tgz 0ms (cache hit)
2444 http cache @typescript-eslint/visitor-keys@https://registry.npmjs.org/@typescript-eslint/visitor-keys/-/visitor-keys-8.65.0.tgz 0ms (cache hit)
2445 http cache @typescript-eslint/project-service@https://registry.npmjs.org/@typescript-eslint/project-service/-/project-service-8.65.0.tgz 1ms (cache hit)
2446 http cache minimatch@https://registry.npmjs.org/minimatch/-/minimatch-10.2.6.tgz 0ms (cache hit)
2447 http cache @typescript-eslint/tsconfig-utils@https://registry.npmjs.org/@typescript-eslint/tsconfig-utils/-/tsconfig-utils-8.65.0.tgz 0ms (cache hit)
2448 http cache brace-expansion@https://registry.npmjs.org/brace-expansion/-/brace-expansion-5.0.9.tgz 0ms (cache hit)
2449 http cache balanced-match@https://registry.npmjs.org/balanced-match/-/balanced-match-4.0.4.tgz 0ms (cache hit)
2450 http cache semver@https://registry.npmjs.org/semver/-/semver-7.8.5.tgz 0ms (cache hit)
2451 http cache @typescript-eslint/project-service@https://registry.npmjs.org/@typescript-eslint/project-service/-/project-service-8.65.0.tgz 0ms (cache hit)
2452 http cache @typescript-eslint/tsconfig-utils@https://registry.npmjs.org/@typescript-eslint/tsconfig-utils/-/tsconfig-utils-8.65.0.tgz 0ms (cache hit)
2453 http cache @typescript-eslint/types@https://registry.npmjs.org/@typescript-eslint/types/-/types-8.65.0.tgz 0ms (cache hit)
2454 http cache eslint-visitor-keys@https://registry.npmjs.org/eslint-visitor-keys/-/eslint-visitor-keys-5.0.1.tgz 0ms (cache hit)
2455 http cache minimatch@https://registry.npmjs.org/minimatch/-/minimatch-10.2.6.tgz 1ms (cache hit)
2456 http cache @typescript-eslint/typescript-estree@https://registry.npmjs.org/@typescript-eslint/typescript-estree/-/typescript-estree-8.65.0.tgz 0ms (cache hit)
2457 http cache ts-api-utils@https://registry.npmjs.org/ts-api-utils/-/ts-api-utils-2.5.0.tgz 1ms (cache hit)
2458 http cache @typescript-eslint/utils@https://registry.npmjs.org/@typescript-eslint/utils/-/utils-8.65.0.tgz 0ms (cache hit)
2459 http cache @typescript-eslint/visitor-keys@https://registry.npmjs.org/@typescript-eslint/visitor-keys/-/visitor-keys-8.65.0.tgz 0ms (cache hit)
2460 http cache @typescript-eslint/type-utils@https://registry.npmjs.org/@typescript-eslint/type-utils/-/type-utils-8.65.0.tgz 1ms (cache hit)
2461 http cache ignore@https://registry.npmjs.org/ignore/-/ignore-7.0.6.tgz 0ms (cache hit)
2462 http cache @typescript-eslint/scope-manager@https://registry.npmjs.org/@typescript-eslint/scope-manager/-/scope-manager-8.65.0.tgz 2ms (cache hit)
2463 http cache csstype@https://registry.npmjs.org/csstype/-/csstype-3.2.3.tgz 0ms (cache hit)
2464 http cache @typescript-eslint/typescript-estree@https://registry.npmjs.org/@typescript-eslint/typescript-estree/-/typescript-estree-8.65.0.tgz 0ms (cache hit)
2465 http cache @babel/helper-string-parser@https://registry.npmjs.org/@babel/helper-string-parser/-/helper-string-parser-7.29.7.tgz 0ms (cache hit)
2466 http cache @babel/parser@https://registry.npmjs.org/@babel/parser/-/parser-7.29.7.tgz 0ms (cache hit)
2467 http cache @babel/types@https://registry.npmjs.org/@babel/types/-/types-7.29.7.tgz 1ms (cache hit)
2468 http cache ansi-styles@https://registry.npmjs.org/ansi-styles/-/ansi-styles-5.2.0.tgz 0ms (cache hit)
2469 http cache @babel/helper-validator-identifier@https://registry.npmjs.org/@babel/helper-validator-identifier/-/helper-validator-identifier-7.29.7.tgz 0ms (cache hit)
2470 http cache @babel/helper-validator-identifier@https://registry.npmjs.org/@babel/helper-validator-identifier/-/helper-validator-identifier-7.29.7.tgz 0ms (cache hit)
2471 http cache d3-color@https://registry.npmjs.org/d3-color/-/d3-color-3.1.0.tgz 0ms (cache hit)
2472 http cache lz-string@https://registry.npmjs.org/lz-string/-/lz-string-1.5.0.tgz 0ms (cache hit)
2473 http cache dom-accessibility-api@https://registry.npmjs.org/dom-accessibility-api/-/dom-accessibility-api-0.5.16.tgz 0ms (cache hit)
2474 http cache @types/aria-query@https://registry.npmjs.org/@types/aria-query/-/aria-query-5.0.4.tgz 0ms (cache hit)
2475 http cache @nodelib/fs.scandir@https://registry.npmjs.org/@nodelib/fs.scandir/-/fs.scandir-2.1.5.tgz 2ms (cache hit)
2476 http cache pretty-format@https://registry.npmjs.org/pretty-format/-/pretty-format-27.5.1.tgz 0ms (cache hit)
2477 http cache @babel/code-frame@https://registry.npmjs.org/@babel/code-frame/-/code-frame-7.29.7.tgz 0ms (cache hit)
2478 http cache glob-parent@https://registry.npmjs.org/glob-parent/-/glob-parent-5.1.2.tgz 1ms (cache hit)
2479 http cache @typescript-eslint/scope-manager@https://registry.npmjs.org/@typescript-eslint/scope-manager/-/scope-manager-8.65.0.tgz 1ms (cache hit)
2480 http cache js-tokens@https://registry.npmjs.org/js-tokens/-/js-tokens-4.0.0.tgz 0ms (cache hit)
2481 http cache @humanfs/core@https://registry.npmjs.org/@humanfs/core/-/core-0.19.2.tgz 0ms (cache hit)
2482 http cache @nodelib/fs.walk@https://registry.npmjs.org/@nodelib/fs.walk/-/fs.walk-1.2.8.tgz 0ms (cache hit)
2483 http cache levn@https://registry.npmjs.org/levn/-/levn-0.4.1.tgz 0ms (cache hit)
2484 http cache eslint-visitor-keys@https://registry.npmjs.org/eslint-visitor-keys/-/eslint-visitor-keys-3.4.3.tgz 0ms (cache hit)
2485 http cache dom-accessibility-api@https://registry.npmjs.org/dom-accessibility-api/-/dom-accessibility-api-0.6.3.tgz 0ms (cache hit)
2486 http cache @types/json-schema@https://registry.npmjs.org/@types/json-schema/-/json-schema-7.0.15.tgz 0ms (cache hit)
2487 http cache @babel/helper-plugin-utils@https://registry.npmjs.org/@babel/helper-plugin-utils/-/helper-plugin-utils-7.29.7.tgz 0ms (cache hit)
2488 http cache @babel/helper-module-imports@https://registry.npmjs.org/@babel/helper-module-imports/-/helper-module-imports-7.29.7.tgz 0ms (cache hit)
2489 http cache fast-glob@https://registry.npmjs.org/fast-glob/-/fast-glob-3.3.1.tgz 0ms (cache hit)
2490 http cache lru-cache@https://registry.npmjs.org/lru-cache/-/lru-cache-5.1.1.tgz 0ms (cache hit)
2491 http cache @babel/helper-string-parser@https://registry.npmjs.org/@babel/helper-string-parser/-/helper-string-parser-7.29.7.tgz 0ms (cache hit)
2492 http cache @babel/helper-validator-option@https://registry.npmjs.org/@babel/helper-validator-option/-/helper-validator-option-7.29.7.tgz 0ms (cache hit)
2493 http cache @jridgewell/sourcemap-codec@https://registry.npmjs.org/@jridgewell/sourcemap-codec/-/sourcemap-codec-1.5.5.tgz 1ms (cache hit)
2494 http cache @babel/compat-data@https://registry.npmjs.org/@babel/compat-data/-/compat-data-7.29.7.tgz 0ms (cache hit)
2495 http cache @babel/helper-plugin-utils@https://registry.npmjs.org/@babel/helper-plugin-utils/-/helper-plugin-utils-7.29.7.tgz 0ms (cache hit)
2496 http cache jsesc@https://registry.npmjs.org/jsesc/-/jsesc-3.1.0.tgz 0ms (cache hit)
2497 http cache @babel/helper-globals@https://registry.npmjs.org/@babel/helper-globals/-/helper-globals-7.29.7.tgz 0ms (cache hit)
2498 http cache json5@https://registry.npmjs.org/json5/-/json5-2.2.3.tgz 0ms (cache hit)
2499 http cache semver@https://registry.npmjs.org/semver/-/semver-6.3.1.tgz 0ms (cache hit)
2500 http cache @eslint/object-schema@https://registry.npmjs.org/@eslint/object-schema/-/object-schema-2.1.7.tgz 0ms (cache hit)
2501 http cache @jridgewell/trace-mapping@https://registry.npmjs.org/@jridgewell/trace-mapping/-/trace-mapping-0.3.31.tgz 0ms (cache hit)
2502 http cache convert-source-map@https://registry.npmjs.org/convert-source-map/-/convert-source-map-2.0.0.tgz 0ms (cache hit)
2503 http cache js-tokens@https://registry.npmjs.org/js-tokens/-/js-tokens-4.0.0.tgz 0ms (cache hit)
2504 http cache gensync@https://registry.npmjs.org/gensync/-/gensync-1.0.0-beta.2.tgz 0ms (cache hit)
2505 http cache @jridgewell/remapping@https://registry.npmjs.org/@jridgewell/remapping/-/remapping-2.3.5.tgz 0ms (cache hit)
2506 http cache @babel/parser@https://registry.npmjs.org/@babel/parser/-/parser-7.29.7.tgz 0ms (cache hit)
2507 http cache @babel/types@https://registry.npmjs.org/@babel/types/-/types-7.29.7.tgz 0ms (cache hit)
2508 http cache @babel/helper-validator-identifier@https://registry.npmjs.org/@babel/helper-validator-identifier/-/helper-validator-identifier-7.29.7.tgz 0ms (cache hit)
2509 http cache @babel/traverse@https://registry.npmjs.org/@babel/traverse/-/traverse-7.29.7.tgz 0ms (cache hit)
2510 http cache @babel/helper-compilation-targets@https://registry.npmjs.org/@babel/helper-compilation-targets/-/helper-compilation-targets-7.29.7.tgz 0ms (cache hit)
2511 http cache @babel/code-frame@https://registry.npmjs.org/@babel/code-frame/-/code-frame-7.29.7.tgz 0ms (cache hit)
2512 http cache @babel/template@https://registry.npmjs.org/@babel/template/-/template-7.29.7.tgz 0ms (cache hit)
2513 http cache @babel/helper-module-transforms@https://registry.npmjs.org/@babel/helper-module-transforms/-/helper-module-transforms-7.29.7.tgz 0ms (cache hit)
2514 http cache @jridgewell/resolve-uri@https://registry.npmjs.org/@jridgewell/resolve-uri/-/resolve-uri-3.1.2.tgz 0ms (cache hit)
2515 http cache fdir@https://registry.npmjs.org/fdir/-/fdir-6.5.0.tgz 0ms (cache hit)
2516 http cache @babel/generator@https://registry.npmjs.org/@babel/generator/-/generator-7.29.7.tgz 0ms (cache hit)
2517 http cache rollup@https://registry.npmjs.org/rollup/-/rollup-4.62.3.tgz 0ms (cache hit)
2518 http cache rollup@https://registry.npmjs.org/rollup/-/rollup-4.62.3.tgz 0ms (cache hit)
2519 http cache @vitest/mocker@https://registry.npmjs.org/@vitest/mocker/-/mocker-2.1.9.tgz 0ms (cache hit)
2520 http cache @esbuild/win32-x64@https://registry.npmjs.org/@esbuild/win32-x64/-/win32-x64-0.21.5.tgz 0ms (cache hit)
2521 http cache vite@https://registry.npmjs.org/vite/-/vite-5.4.21.tgz 0ms (cache hit)
2522 http cache tldts@https://registry.npmjs.org/tldts/-/tldts-6.1.86.tgz 0ms (cache hit)
2523 http cache picomatch@https://registry.npmjs.org/picomatch/-/picomatch-4.0.5.tgz 0ms (cache hit)
2524 http cache tldts-core@https://registry.npmjs.org/tldts-core/-/tldts-core-6.1.86.tgz 0ms (cache hit)
2525 http cache @jridgewell/gen-mapping@https://registry.npmjs.org/@jridgewell/gen-mapping/-/gen-mapping-0.3.13.tgz 1ms (cache hit)
2526 http cache @babel/helpers@https://registry.npmjs.org/@babel/helpers/-/helpers-7.29.7.tgz 1ms (cache hit)
2527 http cache @nodelib/fs.scandir@https://registry.npmjs.org/@nodelib/fs.scandir/-/fs.scandir-2.1.5.tgz 0ms (cache hit)
2528 http cache esbuild@https://registry.npmjs.org/esbuild/-/esbuild-0.21.5.tgz 0ms (cache hit)
2529 http cache jiti@https://registry.npmjs.org/jiti/-/jiti-1.21.7.tgz 0ms (cache hit)
2530 http cache es-errors@https://registry.npmjs.org/es-errors/-/es-errors-1.3.0.tgz 0ms (cache hit)
2531 http cache fast-glob@https://registry.npmjs.org/fast-glob/-/fast-glob-3.3.3.tgz 0ms (cache hit)
2532 http cache @nodelib/fs.walk@https://registry.npmjs.org/@nodelib/fs.walk/-/fs.walk-1.2.8.tgz 1ms (cache hit)
2533 http cache glob-parent@https://registry.npmjs.org/glob-parent/-/glob-parent-5.1.2.tgz 0ms (cache hit)
2534 http cache resolve@https://registry.npmjs.org/resolve/-/resolve-1.22.12.tgz 0ms (cache hit)
2535 http cache @jridgewell/resolve-uri@https://registry.npmjs.org/@jridgewell/resolve-uri/-/resolve-uri-3.1.2.tgz 0ms (cache hit)
2536 http cache @img/sharp-win32-x64@https://registry.npmjs.org/@img/sharp-win32-x64/-/sharp-win32-x64-0.34.5.tgz 0ms (cache hit)
2537 http cache @jridgewell/sourcemap-codec@https://registry.npmjs.org/@jridgewell/sourcemap-codec/-/sourcemap-codec-1.5.5.tgz 0ms (cache hit)
2538 http cache source-map-js@https://registry.npmjs.org/source-map-js/-/source-map-js-1.2.1.tgz 0ms (cache hit)
2539 http cache @jridgewell/trace-mapping@https://registry.npmjs.org/@jridgewell/trace-mapping/-/trace-mapping-0.3.31.tgz 0ms (cache hit)
2540 http cache nanoid@https://registry.npmjs.org/nanoid/-/nanoid-3.3.16.tgz 0ms (cache hit)
2541 http cache semver@https://registry.npmjs.org/semver/-/semver-7.8.5.tgz 0ms (cache hit)
2542 http cache levn@https://registry.npmjs.org/levn/-/levn-0.4.1.tgz 0ms (cache hit)
2543 http cache @jridgewell/gen-mapping@https://registry.npmjs.org/@jridgewell/gen-mapping/-/gen-mapping-0.3.13.tgz 0ms (cache hit)
2544 http cache es-abstract-get@https://registry.npmjs.org/es-abstract-get/-/es-abstract-get-1.0.0.tgz 0ms (cache hit)
2545 http cache entities@https://registry.npmjs.org/entities/-/entities-6.0.1.tgz 0ms (cache hit)
2546 http cache regexp.prototype.flags@https://registry.npmjs.org/regexp.prototype.flags/-/regexp.prototype.flags-1.5.4.tgz 0ms (cache hit)
2547 http cache is-core-module@https://registry.npmjs.org/is-core-module/-/is-core-module-2.16.2.tgz 0ms (cache hit)
2548 http cache string.prototype.trimstart@https://registry.npmjs.org/string.prototype.trimstart/-/string.prototype.trimstart-1.0.8.tgz 0ms (cache hit)
2549 http cache object.assign@https://registry.npmjs.org/object.assign/-/object.assign-4.1.7.tgz 1ms (cache hit)
2550 http cache has-symbols@https://registry.npmjs.org/has-symbols/-/has-symbols-1.1.0.tgz 0ms (cache hit)
2551 http cache string.prototype.trim@https://registry.npmjs.org/string.prototype.trim/-/string.prototype.trim-1.2.11.tgz 0ms (cache hit)
2552 http cache has-proto@https://registry.npmjs.org/has-proto/-/has-proto-1.2.0.tgz 0ms (cache hit)
2553 http cache internal-slot@https://registry.npmjs.org/internal-slot/-/internal-slot-1.1.0.tgz 0ms (cache hit)
2554 http cache object-inspect@https://registry.npmjs.org/object-inspect/-/object-inspect-1.13.4.tgz 0ms (cache hit)
2555 http cache function.prototype.name@https://registry.npmjs.org/function.prototype.name/-/function.prototype.name-1.2.0.tgz 0ms (cache hit)
2556 http cache globalthis@https://registry.npmjs.org/globalthis/-/globalthis-1.0.4.tgz 0ms (cache hit)
2557 http cache source-map-js@https://registry.npmjs.org/source-map-js/-/source-map-js-1.2.1.tgz 0ms (cache hit)
2558 http cache call-bind-apply-helpers@https://registry.npmjs.org/call-bind-apply-helpers/-/call-bind-apply-helpers-1.0.2.tgz 0ms (cache hit)
2559 http cache es-to-primitive@https://registry.npmjs.org/es-to-primitive/-/es-to-primitive-1.3.4.tgz 0ms (cache hit)
2560 http cache function-bind@https://registry.npmjs.org/function-bind/-/function-bind-1.1.2.tgz 0ms (cache hit)
2561 http cache postcss@https://registry.npmjs.org/postcss/-/postcss-8.4.31.tgz 0ms (cache hit)
2562 http cache nanoid@https://registry.npmjs.org/nanoid/-/nanoid-3.3.16.tgz 0ms (cache hit)
2563 http cache es-errors@https://registry.npmjs.org/es-errors/-/es-errors-1.3.0.tgz 0ms (cache hit)
2564 http cache math-intrinsics@https://registry.npmjs.org/math-intrinsics/-/math-intrinsics-1.1.0.tgz 0ms (cache hit)
2565 http cache es-object-atoms@https://registry.npmjs.org/es-object-atoms/-/es-object-atoms-1.1.2.tgz 0ms (cache hit)
2566 http cache arraybuffer.prototype.slice@https://registry.npmjs.org/arraybuffer.prototype.slice/-/arraybuffer.prototype.slice-1.0.4.tgz 0ms (cache hit)
2567 http cache string.prototype.trimend@https://registry.npmjs.org/string.prototype.trimend/-/string.prototype.trimend-1.0.10.tgz 0ms (cache hit)
2568 http cache es-abstract@https://registry.npmjs.org/es-abstract/-/es-abstract-1.24.2.tgz 0ms (cache hit)
2569 http cache semver@https://registry.npmjs.org/semver/-/semver-6.3.1.tgz 0ms (cache hit)
2570 http cache call-bind@https://registry.npmjs.org/call-bind/-/call-bind-1.0.9.tgz 0ms (cache hit)
2571 http cache eslint-module-utils@https://registry.npmjs.org/eslint-module-utils/-/eslint-module-utils-2.14.0.tgz 0ms (cache hit)
2572 http cache is-core-module@https://registry.npmjs.org/is-core-module/-/is-core-module-2.16.2.tgz 0ms (cache hit)
2573 http cache object.groupby@https://registry.npmjs.org/object.groupby/-/object.groupby-1.0.3.tgz 0ms (cache hit)
2574 http cache array.prototype.flat@https://registry.npmjs.org/array.prototype.flat/-/array.prototype.flat-1.3.3.tgz 1ms (cache hit)
2575 http cache object.values@https://registry.npmjs.org/object.values/-/object.values-1.2.1.tgz 0ms (cache hit)
2576 http cache object.fromentries@https://registry.npmjs.org/object.fromentries/-/object.fromentries-2.0.8.tgz 0ms (cache hit)
2577 http cache array.prototype.flatmap@https://registry.npmjs.org/array.prototype.flatmap/-/array.prototype.flatmap-1.3.3.tgz 0ms (cache hit)
2578 http cache array.prototype.findlastindex@https://registry.npmjs.org/array.prototype.findlastindex/-/array.prototype.findlastindex-1.2.6.tgz 0ms (cache hit)
2579 http cache node-exports-info@https://registry.npmjs.org/node-exports-info/-/node-exports-info-1.6.2.tgz 0ms (cache hit)
2580 http cache array-includes@https://registry.npmjs.org/array-includes/-/array-includes-3.1.9.tgz 0ms (cache hit)
2581 http cache is-core-module@https://registry.npmjs.org/is-core-module/-/is-core-module-2.16.2.tgz 1ms (cache hit)
2582 http cache react-is@https://registry.npmjs.org/react-is/-/react-is-16.13.1.tgz 0ms (cache hit)
2583 http cache array.prototype.flat@https://registry.npmjs.org/array.prototype.flat/-/array.prototype.flat-1.3.3.tgz 0ms (cache hit)
2584 http cache debug@https://registry.npmjs.org/debug/-/debug-3.2.7.tgz 0ms (cache hit)
2585 http cache string.prototype.trimstart@https://registry.npmjs.org/string.prototype.trimstart/-/string.prototype.trimstart-1.0.8.tgz 0ms (cache hit)
2586 http cache string.prototype.trimend@https://registry.npmjs.org/string.prototype.trimend/-/string.prototype.trimend-1.0.10.tgz 0ms (cache hit)
2587 http cache es-abstract-get@https://registry.npmjs.org/es-abstract-get/-/es-abstract-get-1.0.0.tgz 0ms (cache hit)
2588 http cache string.prototype.trim@https://registry.npmjs.org/string.prototype.trim/-/string.prototype.trim-1.2.11.tgz 0ms (cache hit)
2589 http cache regexp.prototype.flags@https://registry.npmjs.org/regexp.prototype.flags/-/regexp.prototype.flags-1.5.4.tgz 0ms (cache hit)
2590 http cache internal-slot@https://registry.npmjs.org/internal-slot/-/internal-slot-1.1.0.tgz 0ms (cache hit)
2591 http cache object-inspect@https://registry.npmjs.org/object-inspect/-/object-inspect-1.13.4.tgz 0ms (cache hit)
2592 http cache object.assign@https://registry.npmjs.org/object.assign/-/object.assign-4.1.7.tgz 1ms (cache hit)
2593 http cache has-symbols@https://registry.npmjs.org/has-symbols/-/has-symbols-1.1.0.tgz 0ms (cache hit)
2594 http cache has-proto@https://registry.npmjs.org/has-proto/-/has-proto-1.2.0.tgz 0ms (cache hit)
2595 http cache globalthis@https://registry.npmjs.org/globalthis/-/globalthis-1.0.4.tgz 0ms (cache hit)
2596 http cache es-to-primitive@https://registry.npmjs.org/es-to-primitive/-/es-to-primitive-1.3.4.tgz 1ms (cache hit)
2597 http cache function-bind@https://registry.npmjs.org/function-bind/-/function-bind-1.1.2.tgz 0ms (cache hit)
2598 http cache arraybuffer.prototype.slice@https://registry.npmjs.org/arraybuffer.prototype.slice/-/arraybuffer.prototype.slice-1.0.4.tgz 0ms (cache hit)
2599 http cache function.prototype.name@https://registry.npmjs.org/function.prototype.name/-/function.prototype.name-1.2.0.tgz 0ms (cache hit)
2600 http cache math-intrinsics@https://registry.npmjs.org/math-intrinsics/-/math-intrinsics-1.1.0.tgz 0ms (cache hit)
2601 http cache es-errors@https://registry.npmjs.org/es-errors/-/es-errors-1.3.0.tgz 0ms (cache hit)
2602 http cache call-bind-apply-helpers@https://registry.npmjs.org/call-bind-apply-helpers/-/call-bind-apply-helpers-1.0.2.tgz 0ms (cache hit)
2603 http cache es-object-atoms@https://registry.npmjs.org/es-object-atoms/-/es-object-atoms-1.1.2.tgz 0ms (cache hit)
2604 http cache es-abstract@https://registry.npmjs.org/es-abstract/-/es-abstract-1.24.2.tgz 0ms (cache hit)
2605 http cache call-bind@https://registry.npmjs.org/call-bind/-/call-bind-1.0.9.tgz 0ms (cache hit)
2606 http cache resolve@https://registry.npmjs.org/resolve/-/resolve-2.0.0-next.7.tgz 0ms (cache hit)
2607 http cache string.prototype.repeat@https://registry.npmjs.org/string.prototype.repeat/-/string.prototype.repeat-1.0.0.tgz 0ms (cache hit)
2608 http cache string.prototype.matchall@https://registry.npmjs.org/string.prototype.matchall/-/string.prototype.matchall-4.0.12.tgz 0ms (cache hit)
2609 http cache semver@https://registry.npmjs.org/semver/-/semver-6.3.1.tgz 0ms (cache hit)
2610 http cache prop-types@https://registry.npmjs.org/prop-types/-/prop-types-15.8.1.tgz 0ms (cache hit)
2611 http cache object.entries@https://registry.npmjs.org/object.entries/-/object.entries-1.1.9.tgz 0ms (cache hit)
2612 http cache object.fromentries@https://registry.npmjs.org/object.fromentries/-/object.fromentries-2.0.8.tgz 0ms (cache hit)
2613 http cache object.values@https://registry.npmjs.org/object.values/-/object.values-1.2.1.tgz 0ms (cache hit)
2614 http cache jsx-ast-utils@https://registry.npmjs.org/jsx-ast-utils/-/jsx-ast-utils-3.3.5.tgz 0ms (cache hit)
2615 http cache es-iterator-helpers@https://registry.npmjs.org/es-iterator-helpers/-/es-iterator-helpers-1.4.0.tgz 0ms (cache hit)
2616 http cache array.prototype.tosorted@https://registry.npmjs.org/array.prototype.tosorted/-/array.prototype.tosorted-1.1.4.tgz 0ms (cache hit)
2617 http cache array.prototype.flatmap@https://registry.npmjs.org/array.prototype.flatmap/-/array.prototype.flatmap-1.3.3.tgz 0ms (cache hit)
2618 http cache array.prototype.findlast@https://registry.npmjs.org/array.prototype.findlast/-/array.prototype.findlast-1.2.5.tgz 0ms (cache hit)
2619 http cache array.prototype.flat@https://registry.npmjs.org/array.prototype.flat/-/array.prototype.flat-1.3.3.tgz 0ms (cache hit)
2620 http cache object.values@https://registry.npmjs.org/object.values/-/object.values-1.2.1.tgz 1ms (cache hit)
2621 http cache array-includes@https://registry.npmjs.org/array-includes/-/array-includes-3.1.9.tgz 0ms (cache hit)
2622 http cache es-abstract-get@https://registry.npmjs.org/es-abstract-get/-/es-abstract-get-1.0.0.tgz 0ms (cache hit)
2623 http cache string.prototype.trim@https://registry.npmjs.org/string.prototype.trim/-/string.prototype.trim-1.2.11.tgz 0ms (cache hit)
2624 http cache string.prototype.trimstart@https://registry.npmjs.org/string.prototype.trimstart/-/string.prototype.trimstart-1.0.8.tgz 0ms (cache hit)
2625 http cache regexp.prototype.flags@https://registry.npmjs.org/regexp.prototype.flags/-/regexp.prototype.flags-1.5.4.tgz 0ms (cache hit)
2626 http cache string.prototype.trimend@https://registry.npmjs.org/string.prototype.trimend/-/string.prototype.trimend-1.0.10.tgz 0ms (cache hit)
2627 http cache object.assign@https://registry.npmjs.org/object.assign/-/object.assign-4.1.7.tgz 0ms (cache hit)
2628 http cache object-inspect@https://registry.npmjs.org/object-inspect/-/object-inspect-1.13.4.tgz 0ms (cache hit)
2629 http cache internal-slot@https://registry.npmjs.org/internal-slot/-/internal-slot-1.1.0.tgz 0ms (cache hit)
2630 http cache has-symbols@https://registry.npmjs.org/has-symbols/-/has-symbols-1.1.0.tgz 0ms (cache hit)
2631 http cache has-proto@https://registry.npmjs.org/has-proto/-/has-proto-1.2.0.tgz 0ms (cache hit)
2632 http cache function.prototype.name@https://registry.npmjs.org/function.prototype.name/-/function.prototype.name-1.2.0.tgz 0ms (cache hit)
2633 http cache globalthis@https://registry.npmjs.org/globalthis/-/globalthis-1.0.4.tgz 0ms (cache hit)
2634 http cache arraybuffer.prototype.slice@https://registry.npmjs.org/arraybuffer.prototype.slice/-/arraybuffer.prototype.slice-1.0.4.tgz 0ms (cache hit)
2635 http cache call-bind-apply-helpers@https://registry.npmjs.org/call-bind-apply-helpers/-/call-bind-apply-helpers-1.0.2.tgz 7ms (cache hit)
2636 http cache function-bind@https://registry.npmjs.org/function-bind/-/function-bind-1.1.2.tgz 0ms (cache hit)
2637 http cache es-to-primitive@https://registry.npmjs.org/es-to-primitive/-/es-to-primitive-1.3.4.tgz 1ms (cache hit)
2638 http cache math-intrinsics@https://registry.npmjs.org/math-intrinsics/-/math-intrinsics-1.1.0.tgz 0ms (cache hit)
2639 http cache call-bind@https://registry.npmjs.org/call-bind/-/call-bind-1.0.9.tgz 0ms (cache hit)
2640 http cache es-object-atoms@https://registry.npmjs.org/es-object-atoms/-/es-object-atoms-1.1.2.tgz 0ms (cache hit)
2641 http cache es-errors@https://registry.npmjs.org/es-errors/-/es-errors-1.3.0.tgz 0ms (cache hit)
2642 http cache string.prototype.includes@https://registry.npmjs.org/string.prototype.includes/-/string.prototype.includes-2.0.1.tgz 0ms (cache hit)
2643 http cache object.fromentries@https://registry.npmjs.org/object.fromentries/-/object.fromentries-2.0.8.tgz 0ms (cache hit)
2644 http cache axe-core@https://registry.npmjs.org/axe-core/-/axe-core-4.12.1.tgz 0ms (cache hit)
2645 http cache es-abstract@https://registry.npmjs.org/es-abstract/-/es-abstract-1.24.2.tgz 0ms (cache hit)
2646 http cache jsx-ast-utils@https://registry.npmjs.org/jsx-ast-utils/-/jsx-ast-utils-3.3.5.tgz 0ms (cache hit)
2647 http cache axobject-query@https://registry.npmjs.org/axobject-query/-/axobject-query-4.1.0.tgz 0ms (cache hit)
2648 http cache lru-cache@https://registry.npmjs.org/lru-cache/-/lru-cache-10.4.3.tgz 0ms (cache hit)
2649 http cache eslint-import-resolver-typescript@https://registry.npmjs.org/eslint-import-resolver-typescript/-/eslint-import-resolver-typescript-3.10.1.tgz 0ms (cache hit)
2650 http cache rrweb-cssom@https://registry.npmjs.org/rrweb-cssom/-/rrweb-cssom-0.8.0.tgz 0ms (cache hit)
2651 http cache aria-query@https://registry.npmjs.org/aria-query/-/aria-query-5.3.2.tgz 0ms (cache hit)
2652 http cache @asamuzakjp/css-color@https://registry.npmjs.org/@asamuzakjp/css-color/-/css-color-3.2.0.tgz 4ms (cache hit)
2653 http cache array.prototype.flatmap@https://registry.npmjs.org/array.prototype.flatmap/-/array.prototype.flatmap-1.3.3.tgz 0ms (cache hit)
2654 http cache array-includes@https://registry.npmjs.org/array-includes/-/array-includes-3.1.9.tgz 0ms (cache hit)
2655 http cache which@https://registry.npmjs.org/which/-/which-2.0.2.tgz 0ms (cache hit)
2656 http cache loupe@https://registry.npmjs.org/loupe/-/loupe-3.2.1.tgz 0ms (cache hit)
2657 http cache update-browserslist-db@https://registry.npmjs.org/update-browserslist-db/-/update-browserslist-db-1.2.3.tgz 0ms (cache hit)
2658 http cache baseline-browser-mapping@https://registry.npmjs.org/baseline-browser-mapping/-/baseline-browser-mapping-2.11.8.tgz 0ms (cache hit)
2659 http cache uri-js@https://registry.npmjs.org/uri-js/-/uri-js-4.4.1.tgz 0ms (cache hit)
2660 http cache fast-json-stable-stringify@https://registry.npmjs.org/fast-json-stable-stringify/-/fast-json-stable-stringify-2.1.0.tgz 1ms (cache hit)
2661 http cache electron-to-chromium@https://registry.npmjs.org/electron-to-chromium/-/electron-to-chromium-1.5.398.tgz 0ms (cache hit)
2662 http cache dequal@https://registry.npmjs.org/dequal/-/dequal-2.0.3.tgz 0ms (cache hit)
2663 http cache node-releases@https://registry.npmjs.org/node-releases/-/node-releases-2.0.51.tgz 0ms (cache hit)
2664 silly tarball no local data for @xyflow/system@https://registry.npmjs.org/@xyflow/system/-/system-0.0.79.tgz. Extracting by manifest.
2665 silly tarball no local data for @vitejs/plugin-react@https://registry.npmjs.org/@vitejs/plugin-react/-/plugin-react-4.7.0.tgz. Extracting by manifest.
2666 silly tarball no local data for @types/node@https://registry.npmjs.org/@types/node/-/node-22.20.1.tgz. Extracting by manifest.
2667 silly tarball no local data for @xyflow/react@https://registry.npmjs.org/@xyflow/react/-/react-12.11.2.tgz. Extracting by manifest.
2668 silly tarball no local data for @typescript-eslint/eslint-plugin@https://registry.npmjs.org/@typescript-eslint/eslint-plugin/-/eslint-plugin-8.65.0.tgz. Extracting by manifest.
2669 silly tarball no local data for @types/react@https://registry.npmjs.org/@types/react/-/react-19.2.17.tgz. Extracting by manifest.
2670 silly tarball no local data for @types/babel__core@https://registry.npmjs.org/@types/babel__core/-/babel__core-7.20.5.tgz. Extracting by manifest.
2671 silly tarball no local data for @testing-library/dom@https://registry.npmjs.org/@testing-library/dom/-/dom-10.4.1.tgz. Extracting by manifest.
2672 silly tarball no local data for @types/react-dom@https://registry.npmjs.org/@types/react-dom/-/react-dom-19.2.3.tgz. Extracting by manifest.
2673 silly tarball no local data for @testing-library/react@https://registry.npmjs.org/@testing-library/react/-/react-16.3.2.tgz. Extracting by manifest.
2674 silly tarball no local data for @rushstack/eslint-patch@https://registry.npmjs.org/@rushstack/eslint-patch/-/eslint-patch-1.16.1.tgz. Extracting by manifest.
2675 silly tarball no local data for @testing-library/jest-dom@https://registry.npmjs.org/@testing-library/jest-dom/-/jest-dom-6.9.1.tgz. Extracting by manifest.
2676 silly tarball no local data for @rolldown/pluginutils@https://registry.npmjs.org/@rolldown/pluginutils/-/pluginutils-1.0.0-beta.27.tgz. Extracting by manifest.
2677 silly tarball no local data for @eslint-community/regexpp@https://registry.npmjs.org/@eslint-community/regexpp/-/regexpp-4.12.2.tgz. Extracting by manifest.
2678 silly tarball no local data for @eslint/eslintrc@https://registry.npmjs.org/@eslint/eslintrc/-/eslintrc-3.3.6.tgz. Extracting by manifest.
2679 silly tarball no local data for @eslint-community/eslint-utils@https://registry.npmjs.org/@eslint-community/eslint-utils/-/eslint-utils-4.10.1.tgz. Extracting by manifest.
2680 silly tarball no local data for @eslint/config-array@https://registry.npmjs.org/@eslint/config-array/-/config-array-0.21.2.tgz. Extracting by manifest.
2681 silly tarball no local data for @babel/plugin-transform-react-jsx-source@https://registry.npmjs.org/@babel/plugin-transform-react-jsx-source/-/plugin-transform-react-jsx-source-7.29.7.tgz. Extracting by manifest.
2682 silly tarball no local data for @babel/core@https://registry.npmjs.org/@babel/core/-/core-7.29.7.tgz. Extracting by manifest.
2683 silly tarball no local data for vitest@https://registry.npmjs.org/vitest/-/vitest-2.1.9.tgz. Extracting by manifest.
2684 silly tarball no local data for @babel/runtime@https://registry.npmjs.org/@babel/runtime/-/runtime-7.29.7.tgz. Extracting by manifest.
2685 silly tarball no local data for vite@https://registry.npmjs.org/vite/-/vite-6.4.3.tgz. Extracting by manifest.
2686 silly tarball no local data for typescript@https://registry.npmjs.org/typescript/-/typescript-5.9.3.tgz. Extracting by manifest.
2687 silly tarball no local data for zustand@https://registry.npmjs.org/zustand/-/zustand-4.5.7.tgz. Extracting by manifest.
2688 silly tarball no local data for tailwindcss@https://registry.npmjs.org/tailwindcss/-/tailwindcss-3.4.19.tgz. Extracting by manifest.
2689 silly tarball no local data for styled-jsx@https://registry.npmjs.org/styled-jsx/-/styled-jsx-5.1.6.tgz. Extracting by manifest.
2690 silly tarball no local data for sharp@https://registry.npmjs.org/sharp/-/sharp-0.34.5.tgz. Extracting by manifest.
2691 silly tarball no local data for sucrase@https://registry.npmjs.org/sucrase/-/sucrase-3.35.1.tgz. Extracting by manifest.
2692 silly tarball no local data for redent@https://registry.npmjs.org/redent/-/redent-3.0.0.tgz. Extracting by manifest.
2693 silly tarball no local data for react-refresh@https://registry.npmjs.org/react-refresh/-/react-refresh-0.17.0.tgz. Extracting by manifest.
2694 silly tarball no local data for react@https://registry.npmjs.org/react/-/react-19.2.8.tgz. Extracting by manifest.
2695 silly tarball no local data for strip-json-comments@https://registry.npmjs.org/strip-json-comments/-/strip-json-comments-3.1.1.tgz. Extracting by manifest.
2696 silly tarball no local data for react-dom@https://registry.npmjs.org/react-dom/-/react-dom-19.2.8.tgz. Extracting by manifest.
2697 silly tarball no local data for @adobe/css-tools@https://registry.npmjs.org/@adobe/css-tools/-/css-tools-4.5.0.tgz. Extracting by manifest.
2698 silly tarball no local data for postcss-value-parser@https://registry.npmjs.org/postcss-value-parser/-/postcss-value-parser-4.2.0.tgz. Extracting by manifest.
2699 silly tarball no local data for @babel/plugin-transform-react-jsx-self@https://registry.npmjs.org/@babel/plugin-transform-react-jsx-self/-/plugin-transform-react-jsx-self-7.29.7.tgz. Extracting by manifest.
2700 silly tarball no local data for postcss@https://registry.npmjs.org/postcss/-/postcss-8.5.25.tgz. Extracting by manifest.
2701 silly tarball no local data for picocolors@https://registry.npmjs.org/picocolors/-/picocolors-1.1.1.tgz. Extracting by manifest.
2702 silly tarball no local data for next@https://registry.npmjs.org/next/-/next-15.5.22.tgz. Extracting by manifest.
2703 silly tarball no local data for motion-dom@https://registry.npmjs.org/motion-dom/-/motion-dom-12.43.0.tgz. Extracting by manifest.
2704 silly tarball no local data for undici-types@https://registry.npmjs.org/undici-types/-/undici-types-6.21.0.tgz. Extracting by manifest.
2705 silly tarball no local data for parse5@https://registry.npmjs.org/parse5/-/parse5-7.3.0.tgz. Extracting by manifest.
2706 silly tarball no local data for minimatch@https://registry.npmjs.org/minimatch/-/minimatch-3.1.5.tgz. Extracting by manifest.
2707 silly tarball no local data for lucide-react@https://registry.npmjs.org/lucide-react/-/lucide-react-0.468.0.tgz. Extracting by manifest.
2708 silly tarball no local data for js-yaml@https://registry.npmjs.org/js-yaml/-/js-yaml-4.3.0.tgz. Extracting by manifest.
2709 silly tarball no local data for import-fresh@https://registry.npmjs.org/import-fresh/-/import-fresh-3.3.1.tgz. Extracting by manifest.
2710 silly tarball no local data for ignore@https://registry.npmjs.org/ignore/-/ignore-5.3.2.tgz. Extracting by manifest.
2711 silly tarball no local data for fraction.js@https://registry.npmjs.org/fraction.js/-/fraction.js-5.3.4.tgz. Extracting by manifest.
2712 silly tarball no local data for jsdom@https://registry.npmjs.org/jsdom/-/jsdom-25.0.1.tgz. Extracting by manifest.
2713 silly tarball no local data for globals@https://registry.npmjs.org/globals/-/globals-14.0.0.tgz. Extracting by manifest.
2714 silly tarball no local data for fast-deep-equal@https://registry.npmjs.org/fast-deep-equal/-/fast-deep-equal-3.1.3.tgz. Extracting by manifest.
2715 silly tarball no local data for framer-motion@https://registry.npmjs.org/framer-motion/-/framer-motion-12.43.0.tgz. Extracting by manifest.
2716 silly tarball no local data for espree@https://registry.npmjs.org/espree/-/espree-10.4.0.tgz. Extracting by manifest.
2717 silly tarball no local data for eslint-plugin-react@https://registry.npmjs.org/eslint-plugin-react/-/eslint-plugin-react-7.37.5.tgz. Extracting by manifest.
2718 silly tarball no local data for eslint-config-next@https://registry.npmjs.org/eslint-config-next/-/eslint-config-next-15.5.22.tgz. Extracting by manifest.
2719 silly tarball no local data for eslint-plugin-jsx-a11y@https://registry.npmjs.org/eslint-plugin-jsx-a11y/-/eslint-plugin-jsx-a11y-6.10.2.tgz. Extracting by manifest.
2720 silly tarball no local data for debug@https://registry.npmjs.org/debug/-/debug-4.4.3.tgz. Extracting by manifest.
2721 silly tarball no local data for eslint-plugin-import@https://registry.npmjs.org/eslint-plugin-import/-/eslint-plugin-import-2.32.0.tgz. Extracting by manifest.
2722 silly tarball no local data for esquery@https://registry.npmjs.org/esquery/-/esquery-1.7.0.tgz. Extracting by manifest.
2723 silly tarball no local data for eslint@https://registry.npmjs.org/eslint/-/eslint-9.39.5.tgz. Extracting by manifest.
2724 silly tarball no local data for css.escape@https://registry.npmjs.org/css.escape/-/css.escape-1.5.1.tgz. Extracting by manifest.
2725 silly tarball no local data for chai@https://registry.npmjs.org/chai/-/chai-5.3.3.tgz. Extracting by manifest.
2726 silly tarball no local data for caniuse-lite@https://registry.npmjs.org/caniuse-lite/-/caniuse-lite-1.0.30001806.tgz. Extracting by manifest.
2727 silly tarball no local data for classcat@https://registry.npmjs.org/classcat/-/classcat-5.0.5.tgz. Extracting by manifest.
2728 silly tarball no local data for @esbuild/win32-x64@https://registry.npmjs.org/@esbuild/win32-x64/-/win32-x64-0.25.12.tgz. Extracting by manifest.
2729 silly tarball no local data for ajv@https://registry.npmjs.org/ajv/-/ajv-6.15.0.tgz. Extracting by manifest.
2730 silly tarball no local data for d3-transition@https://registry.npmjs.org/d3-transition/-/d3-transition-3.0.1.tgz. Extracting by manifest.
2731 silly tarball no local data for autoprefixer@https://registry.npmjs.org/autoprefixer/-/autoprefixer-10.5.4.tgz. Extracting by manifest.
2732 silly tarball no local data for aria-query@https://registry.npmjs.org/aria-query/-/aria-query-5.3.0.tgz. Extracting by manifest.
2733 silly tarball no local data for d3-interpolate@https://registry.npmjs.org/d3-interpolate/-/d3-interpolate-3.0.1.tgz. Extracting by manifest.
2734 silly tarball no local data for @types/d3-transition@https://registry.npmjs.org/@types/d3-transition/-/d3-transition-3.0.9.tgz. Extracting by manifest.
2735 silly tarball no local data for browserslist@https://registry.npmjs.org/browserslist/-/browserslist-4.28.7.tgz. Extracting by manifest.
2736 silly tarball no local data for d3-zoom@https://registry.npmjs.org/d3-zoom/-/d3-zoom-3.0.0.tgz. Extracting by manifest.
2737 silly tarball no local data for @types/d3-zoom@https://registry.npmjs.org/@types/d3-zoom/-/d3-zoom-3.0.8.tgz. Extracting by manifest.
2738 silly tarball no local data for balanced-match@https://registry.npmjs.org/balanced-match/-/balanced-match-4.0.4.tgz. Extracting by manifest.
2739 silly tarball no local data for @types/d3-drag@https://registry.npmjs.org/@types/d3-drag/-/d3-drag-3.0.7.tgz. Extracting by manifest.
2740 silly tarball no local data for @types/d3-interpolate@https://registry.npmjs.org/@types/d3-interpolate/-/d3-interpolate-3.0.4.tgz. Extracting by manifest.
2741 silly tarball no local data for d3-drag@https://registry.npmjs.org/d3-drag/-/d3-drag-3.0.0.tgz. Extracting by manifest.
2742 silly tarball no local data for @types/d3-selection@https://registry.npmjs.org/@types/d3-selection/-/d3-selection-3.0.11.tgz. Extracting by manifest.
2743 silly tarball no local data for brace-expansion@https://registry.npmjs.org/brace-expansion/-/brace-expansion-5.0.9.tgz. Extracting by manifest.
2744 silly tarball no local data for semver@https://registry.npmjs.org/semver/-/semver-7.8.5.tgz. Extracting by manifest.
2745 silly tarball no local data for eslint-visitor-keys@https://registry.npmjs.org/eslint-visitor-keys/-/eslint-visitor-keys-5.0.1.tgz. Extracting by manifest.
2746 silly tarball no local data for d3-selection@https://registry.npmjs.org/d3-selection/-/d3-selection-3.0.0.tgz. Extracting by manifest.
2747 silly tarball no local data for minimatch@https://registry.npmjs.org/minimatch/-/minimatch-10.2.6.tgz. Extracting by manifest.
2748 silly tarball no local data for brace-expansion@https://registry.npmjs.org/brace-expansion/-/brace-expansion-5.0.9.tgz. Extracting by manifest.
2749 silly tarball no local data for balanced-match@https://registry.npmjs.org/balanced-match/-/balanced-match-4.0.4.tgz. Extracting by manifest.
2750 silly tarball no local data for semver@https://registry.npmjs.org/semver/-/semver-7.8.5.tgz. Extracting by manifest.
2751 silly tarball no local data for eslint-visitor-keys@https://registry.npmjs.org/eslint-visitor-keys/-/eslint-visitor-keys-5.0.1.tgz. Extracting by manifest.
2752 silly tarball no local data for minimatch@https://registry.npmjs.org/minimatch/-/minimatch-10.2.6.tgz. Extracting by manifest.
2753 silly tarball no local data for @typescript-eslint/typescript-estree@https://registry.npmjs.org/@typescript-eslint/typescript-estree/-/typescript-estree-8.65.0.tgz. Extracting by manifest.
2754 silly tarball no local data for ignore@https://registry.npmjs.org/ignore/-/ignore-7.0.6.tgz. Extracting by manifest.
2755 silly tarball no local data for @typescript-eslint/scope-manager@https://registry.npmjs.org/@typescript-eslint/scope-manager/-/scope-manager-8.65.0.tgz. Extracting by manifest.
2756 silly tarball no local data for csstype@https://registry.npmjs.org/csstype/-/csstype-3.2.3.tgz. Extracting by manifest.
2757 silly tarball no local data for @typescript-eslint/typescript-estree@https://registry.npmjs.org/@typescript-eslint/typescript-estree/-/typescript-estree-8.65.0.tgz. Extracting by manifest.
2758 silly tarball no local data for @babel/helper-string-parser@https://registry.npmjs.org/@babel/helper-string-parser/-/helper-string-parser-7.29.7.tgz. Extracting by manifest.
2759 silly tarball no local data for @babel/parser@https://registry.npmjs.org/@babel/parser/-/parser-7.29.7.tgz. Extracting by manifest.
2760 silly tarball no local data for @babel/types@https://registry.npmjs.org/@babel/types/-/types-7.29.7.tgz. Extracting by manifest.
2761 silly tarball no local data for ansi-styles@https://registry.npmjs.org/ansi-styles/-/ansi-styles-5.2.0.tgz. Extracting by manifest.
2762 silly tarball no local data for @babel/helper-validator-identifier@https://registry.npmjs.org/@babel/helper-validator-identifier/-/helper-validator-identifier-7.29.7.tgz. Extracting by manifest.
2763 silly tarball no local data for @babel/helper-validator-identifier@https://registry.npmjs.org/@babel/helper-validator-identifier/-/helper-validator-identifier-7.29.7.tgz. Extracting by manifest.
2764 silly tarball no local data for lz-string@https://registry.npmjs.org/lz-string/-/lz-string-1.5.0.tgz. Extracting by manifest.
2765 silly tarball no local data for dom-accessibility-api@https://registry.npmjs.org/dom-accessibility-api/-/dom-accessibility-api-0.5.16.tgz. Extracting by manifest.
2766 silly tarball no local data for @types/aria-query@https://registry.npmjs.org/@types/aria-query/-/aria-query-5.0.4.tgz. Extracting by manifest.
2767 silly tarball no local data for pretty-format@https://registry.npmjs.org/pretty-format/-/pretty-format-27.5.1.tgz. Extracting by manifest.
2768 silly tarball no local data for @babel/code-frame@https://registry.npmjs.org/@babel/code-frame/-/code-frame-7.29.7.tgz. Extracting by manifest.
2769 silly tarball no local data for glob-parent@https://registry.npmjs.org/glob-parent/-/glob-parent-5.1.2.tgz. Extracting by manifest.
2770 silly tarball no local data for @typescript-eslint/scope-manager@https://registry.npmjs.org/@typescript-eslint/scope-manager/-/scope-manager-8.65.0.tgz. Extracting by manifest.
2771 silly tarball no local data for js-tokens@https://registry.npmjs.org/js-tokens/-/js-tokens-4.0.0.tgz. Extracting by manifest.
2772 silly tarball no local data for @humanfs/core@https://registry.npmjs.org/@humanfs/core/-/core-0.19.2.tgz. Extracting by manifest.
2773 silly tarball no local data for eslint-visitor-keys@https://registry.npmjs.org/eslint-visitor-keys/-/eslint-visitor-keys-3.4.3.tgz. Extracting by manifest.
2774 silly tarball no local data for dom-accessibility-api@https://registry.npmjs.org/dom-accessibility-api/-/dom-accessibility-api-0.6.3.tgz. Extracting by manifest.
2775 silly tarball no local data for @babel/helper-plugin-utils@https://registry.npmjs.org/@babel/helper-plugin-utils/-/helper-plugin-utils-7.29.7.tgz. Extracting by manifest.
2776 silly tarball no local data for @babel/helper-module-imports@https://registry.npmjs.org/@babel/helper-module-imports/-/helper-module-imports-7.29.7.tgz. Extracting by manifest.
2777 silly tarball no local data for lru-cache@https://registry.npmjs.org/lru-cache/-/lru-cache-5.1.1.tgz. Extracting by manifest.
2778 silly tarball no local data for @babel/helper-string-parser@https://registry.npmjs.org/@babel/helper-string-parser/-/helper-string-parser-7.29.7.tgz. Extracting by manifest.
2779 silly tarball no local data for @babel/helper-validator-option@https://registry.npmjs.org/@babel/helper-validator-option/-/helper-validator-option-7.29.7.tgz. Extracting by manifest.
2780 silly tarball no local data for @jridgewell/sourcemap-codec@https://registry.npmjs.org/@jridgewell/sourcemap-codec/-/sourcemap-codec-1.5.5.tgz. Extracting by manifest.
2781 silly tarball no local data for @babel/compat-data@https://registry.npmjs.org/@babel/compat-data/-/compat-data-7.29.7.tgz. Extracting by manifest.
2782 silly tarball no local data for @babel/helper-plugin-utils@https://registry.npmjs.org/@babel/helper-plugin-utils/-/helper-plugin-utils-7.29.7.tgz. Extracting by manifest.
2783 silly tarball no local data for jsesc@https://registry.npmjs.org/jsesc/-/jsesc-3.1.0.tgz. Extracting by manifest.
2784 silly tarball no local data for @babel/helper-globals@https://registry.npmjs.org/@babel/helper-globals/-/helper-globals-7.29.7.tgz. Extracting by manifest.
2785 silly tarball no local data for json5@https://registry.npmjs.org/json5/-/json5-2.2.3.tgz. Extracting by manifest.
2786 silly tarball no local data for semver@https://registry.npmjs.org/semver/-/semver-6.3.1.tgz. Extracting by manifest.
2787 silly tarball no local data for @jridgewell/trace-mapping@https://registry.npmjs.org/@jridgewell/trace-mapping/-/trace-mapping-0.3.31.tgz. Extracting by manifest.
2788 silly tarball no local data for convert-source-map@https://registry.npmjs.org/convert-source-map/-/convert-source-map-2.0.0.tgz. Extracting by manifest.
2789 silly tarball no local data for js-tokens@https://registry.npmjs.org/js-tokens/-/js-tokens-4.0.0.tgz. Extracting by manifest.
2790 silly tarball no local data for gensync@https://registry.npmjs.org/gensync/-/gensync-1.0.0-beta.2.tgz. Extracting by manifest.
2791 silly tarball no local data for @jridgewell/remapping@https://registry.npmjs.org/@jridgewell/remapping/-/remapping-2.3.5.tgz. Extracting by manifest.
2792 silly tarball no local data for @babel/parser@https://registry.npmjs.org/@babel/parser/-/parser-7.29.7.tgz. Extracting by manifest.
2793 silly tarball no local data for @babel/types@https://registry.npmjs.org/@babel/types/-/types-7.29.7.tgz. Extracting by manifest.
2794 silly tarball no local data for @babel/helper-validator-identifier@https://registry.npmjs.org/@babel/helper-validator-identifier/-/helper-validator-identifier-7.29.7.tgz. Extracting by manifest.
2795 silly tarball no local data for @babel/traverse@https://registry.npmjs.org/@babel/traverse/-/traverse-7.29.7.tgz. Extracting by manifest.
2796 silly tarball no local data for @babel/helper-compilation-targets@https://registry.npmjs.org/@babel/helper-compilation-targets/-/helper-compilation-targets-7.29.7.tgz. Extracting by manifest.
2797 silly tarball no local data for @babel/code-frame@https://registry.npmjs.org/@babel/code-frame/-/code-frame-7.29.7.tgz. Extracting by manifest.
2798 silly tarball no local data for @babel/template@https://registry.npmjs.org/@babel/template/-/template-7.29.7.tgz. Extracting by manifest.
2799 silly tarball no local data for @babel/helper-module-transforms@https://registry.npmjs.org/@babel/helper-module-transforms/-/helper-module-transforms-7.29.7.tgz. Extracting by manifest.
2800 silly tarball no local data for @jridgewell/resolve-uri@https://registry.npmjs.org/@jridgewell/resolve-uri/-/resolve-uri-3.1.2.tgz. Extracting by manifest.
2801 silly tarball no local data for fdir@https://registry.npmjs.org/fdir/-/fdir-6.5.0.tgz. Extracting by manifest.
2802 silly tarball no local data for @babel/generator@https://registry.npmjs.org/@babel/generator/-/generator-7.29.7.tgz. Extracting by manifest.
2803 silly tarball no local data for rollup@https://registry.npmjs.org/rollup/-/rollup-4.62.3.tgz. Extracting by manifest.
2804 silly tarball no local data for rollup@https://registry.npmjs.org/rollup/-/rollup-4.62.3.tgz. Extracting by manifest.
2805 silly tarball no local data for @vitest/mocker@https://registry.npmjs.org/@vitest/mocker/-/mocker-2.1.9.tgz. Extracting by manifest.
2806 silly tarball no local data for @esbuild/win32-x64@https://registry.npmjs.org/@esbuild/win32-x64/-/win32-x64-0.21.5.tgz. Extracting by manifest.
2807 silly tarball no local data for vite@https://registry.npmjs.org/vite/-/vite-5.4.21.tgz. Extracting by manifest.
2808 silly tarball no local data for tldts@https://registry.npmjs.org/tldts/-/tldts-6.1.86.tgz. Extracting by manifest.
2809 silly tarball no local data for picomatch@https://registry.npmjs.org/picomatch/-/picomatch-4.0.5.tgz. Extracting by manifest.
2810 silly tarball no local data for @jridgewell/gen-mapping@https://registry.npmjs.org/@jridgewell/gen-mapping/-/gen-mapping-0.3.13.tgz. Extracting by manifest.
2811 silly tarball no local data for @babel/helpers@https://registry.npmjs.org/@babel/helpers/-/helpers-7.29.7.tgz. Extracting by manifest.
2812 silly tarball no local data for esbuild@https://registry.npmjs.org/esbuild/-/esbuild-0.21.5.tgz. Extracting by manifest.
2813 silly tarball no local data for jiti@https://registry.npmjs.org/jiti/-/jiti-1.21.7.tgz. Extracting by manifest.
2814 silly tarball no local data for fast-glob@https://registry.npmjs.org/fast-glob/-/fast-glob-3.3.3.tgz. Extracting by manifest.
2815 silly tarball no local data for glob-parent@https://registry.npmjs.org/glob-parent/-/glob-parent-5.1.2.tgz. Extracting by manifest.
2816 silly tarball no local data for resolve@https://registry.npmjs.org/resolve/-/resolve-1.22.12.tgz. Extracting by manifest.
2817 silly tarball no local data for @jridgewell/resolve-uri@https://registry.npmjs.org/@jridgewell/resolve-uri/-/resolve-uri-3.1.2.tgz. Extracting by manifest.
2818 silly tarball no local data for @img/sharp-win32-x64@https://registry.npmjs.org/@img/sharp-win32-x64/-/sharp-win32-x64-0.34.5.tgz. Extracting by manifest.
2819 silly tarball no local data for @jridgewell/sourcemap-codec@https://registry.npmjs.org/@jridgewell/sourcemap-codec/-/sourcemap-codec-1.5.5.tgz. Extracting by manifest.
2820 silly tarball no local data for source-map-js@https://registry.npmjs.org/source-map-js/-/source-map-js-1.2.1.tgz. Extracting by manifest.
2821 silly tarball no local data for @jridgewell/trace-mapping@https://registry.npmjs.org/@jridgewell/trace-mapping/-/trace-mapping-0.3.31.tgz. Extracting by manifest.
2822 silly tarball no local data for semver@https://registry.npmjs.org/semver/-/semver-7.8.5.tgz. Extracting by manifest.
2823 silly tarball no local data for @jridgewell/gen-mapping@https://registry.npmjs.org/@jridgewell/gen-mapping/-/gen-mapping-0.3.13.tgz. Extracting by manifest.
2824 silly tarball no local data for entities@https://registry.npmjs.org/entities/-/entities-6.0.1.tgz. Extracting by manifest.
2825 silly tarball no local data for source-map-js@https://registry.npmjs.org/source-map-js/-/source-map-js-1.2.1.tgz. Extracting by manifest.
2826 silly tarball no local data for postcss@https://registry.npmjs.org/postcss/-/postcss-8.4.31.tgz. Extracting by manifest.
2827 silly tarball no local data for es-abstract@https://registry.npmjs.org/es-abstract/-/es-abstract-1.24.2.tgz. Extracting by manifest.
2828 silly tarball no local data for semver@https://registry.npmjs.org/semver/-/semver-6.3.1.tgz. Extracting by manifest.
2829 silly tarball no local data for react-is@https://registry.npmjs.org/react-is/-/react-is-16.13.1.tgz. Extracting by manifest.
2830 silly tarball no local data for debug@https://registry.npmjs.org/debug/-/debug-3.2.7.tgz. Extracting by manifest.
2831 silly tarball no local data for es-abstract@https://registry.npmjs.org/es-abstract/-/es-abstract-1.24.2.tgz. Extracting by manifest.
2832 silly tarball no local data for semver@https://registry.npmjs.org/semver/-/semver-6.3.1.tgz. Extracting by manifest.
2833 silly tarball no local data for es-iterator-helpers@https://registry.npmjs.org/es-iterator-helpers/-/es-iterator-helpers-1.4.0.tgz. Extracting by manifest.
2834 silly tarball no local data for axe-core@https://registry.npmjs.org/axe-core/-/axe-core-4.12.1.tgz. Extracting by manifest.
2835 silly tarball no local data for es-abstract@https://registry.npmjs.org/es-abstract/-/es-abstract-1.24.2.tgz. Extracting by manifest.
2836 silly tarball no local data for lru-cache@https://registry.npmjs.org/lru-cache/-/lru-cache-10.4.3.tgz. Extracting by manifest.
2837 silly tarball no local data for rrweb-cssom@https://registry.npmjs.org/rrweb-cssom/-/rrweb-cssom-0.8.0.tgz. Extracting by manifest.
2838 silly tarball no local data for aria-query@https://registry.npmjs.org/aria-query/-/aria-query-5.3.2.tgz. Extracting by manifest.
2839 silly tarball no local data for @asamuzakjp/css-color@https://registry.npmjs.org/@asamuzakjp/css-color/-/css-color-3.2.0.tgz. Extracting by manifest.
2840 silly tarball no local data for baseline-browser-mapping@https://registry.npmjs.org/baseline-browser-mapping/-/baseline-browser-mapping-2.11.8.tgz. Extracting by manifest.
2841 silly tarball no local data for uri-js@https://registry.npmjs.org/uri-js/-/uri-js-4.4.1.tgz. Extracting by manifest.
2842 silly tarball no local data for fast-json-stable-stringify@https://registry.npmjs.org/fast-json-stable-stringify/-/fast-json-stable-stringify-2.1.0.tgz. Extracting by manifest.
2843 silly tarball no local data for electron-to-chromium@https://registry.npmjs.org/electron-to-chromium/-/electron-to-chromium-1.5.398.tgz. Extracting by manifest.
2844 silly tarball no local data for dequal@https://registry.npmjs.org/dequal/-/dequal-2.0.3.tgz. Extracting by manifest.
2845 http fetch POST 200 https://registry.npmjs.org/-/npm/v1/security/advisories/bulk 4641ms
2846 silly audit report {
2846 silly audit report   'brace-expansion': [
2846 silly audit report     {
2846 silly audit report       id: 1124334,
2846 silly audit report       url: 'https://github.com/advisories/GHSA-mh99-v99m-4gvg',
2846 silly audit report       title: 'brace-expansion: DoS via unbounded expansion length causing an out-of-memory process crash',
2846 silly audit report       severity: 'high',
2846 silly audit report       vulnerable_versions: '<=5.0.7',
2846 silly audit report       cwe: [Array],
2846 silly audit report       cvss: [Object]
2846 silly audit report     }
2846 silly audit report   ],
2846 silly audit report   esbuild: [
2846 silly audit report     {
2846 silly audit report       id: 1102341,
2846 silly audit report       url: 'https://github.com/advisories/GHSA-67mh-4wv8-2f99',
2846 silly audit report       title: 'esbuild enables any website to send any requests to the development server and read the response',
2846 silly audit report       severity: 'moderate',
2846 silly audit report       vulnerable_versions: '<=0.24.2',
2846 silly audit report       cwe: [Array],
2846 silly audit report       cvss: [Object]
2846 silly audit report     }
2846 silly audit report   ],
2846 silly audit report   vite: [
2846 silly audit report     {
2846 silly audit report       id: 1120784,
2846 silly audit report       url: 'https://github.com/advisories/GHSA-v6wh-96g9-6wx3',
2846 silly audit report       title: 'launch-editor: NTLMv2 hash disclosure via UNC path handling on Windows',
2846 silly audit report       severity: 'moderate',
2846 silly audit report       vulnerable_versions: '<=6.4.2',
2846 silly audit report       cwe: [Array],
2846 silly audit report       cvss: [Object]
2846 silly audit report     },
2846 silly audit report     {
2846 silly audit report       id: 1116229,
2846 silly audit report       url: 'https://github.com/advisories/GHSA-4w7w-66w2-5vf9',
2846 silly audit report       title: 'Vite Vulnerable to Path Traversal in Optimized Deps `.map` Handling',
2846 silly audit report       severity: 'moderate',
2846 silly audit report       vulnerable_versions: '<=6.4.1',
2846 silly audit report       cwe: [Array],
2846 silly audit report       cvss: [Object]
2846 silly audit report     },
2846 silly audit report     {
2846 silly audit report       id: 1123525,
2846 silly audit report       url: 'https://github.com/advisories/GHSA-fx2h-pf6j-xcff',
2846 silly audit report       title: 'vite: `server.fs.deny` bypass on Windows alternate paths',
2846 silly audit report       severity: 'high',
2846 silly audit report       vulnerable_versions: '<=6.4.2',
2846 silly audit report       cwe: [Array],
2846 silly audit report       cvss: [Object]
2846 silly audit report     }
2846 silly audit report   ],
2846 silly audit report   postcss: [
2846 silly audit report     {
2846 silly audit report       id: 1117015,
2846 silly audit report       url: 'https://github.com/advisories/GHSA-qx2v-qp2m-jg93',
2846 silly audit report       title: 'PostCSS has XSS via Unescaped </style> in its CSS Stringify Output',
2846 silly audit report       severity: 'moderate',
2846 silly audit report       vulnerable_versions: '<8.5.10',
2846 silly audit report       cwe: [Array],
2846 silly audit report       cvss: [Object]
2846 silly audit report     },
2846 silly audit report     {
2846 silly audit report       id: 1124252,
2846 silly audit report       url: 'https://github.com/advisories/GHSA-6g55-p6wh-862q',
2846 silly audit report       title: 'PostCSS: Arbitrary file read and information disclosure via attacker-controlled sourceMappingURL in CSS comments',
2846 silly audit report       severity: 'high',
2846 silly audit report       vulnerable_versions: '<=8.5.11',
2846 silly audit report       cwe: [Array],
2846 silly audit report       cvss: [Object]
2846 silly audit report     },
2846 silly audit report     {
2846 silly audit report       id: 1124288,
2846 silly audit report       url: 'https://github.com/advisories/GHSA-r28c-9q8g-f849',
2846 silly audit report       title: 'PostCSS: Path Traversal in Previous Source Map Auto-Loading (sourceMappingURL) leads to Arbitrary .map File Disclosure',
2846 silly audit report       severity: 'high',
2846 silly audit report       vulnerable_versions: '<=8.5.17',
2846 silly audit report       cwe: [Array],
2846 silly audit report       cvss: [Object]
2846 silly audit report     }
2846 silly audit report   ],
2846 silly audit report   vitest: [
2846 silly audit report     {
2846 silly audit report       id: 1120126,
2846 silly audit report       url: 'https://github.com/advisories/GHSA-5xrq-8626-4rwp',
2846 silly audit report       title: 'When Vitest UI server is listening, arbitrary file can be read and executed',
2846 silly audit report       severity: 'critical',
2846 silly audit report       vulnerable_versions: '<3.2.6',
2846 silly audit report       cwe: [Array],
2846 silly audit report       cvss: [Object]
2846 silly audit report     }
2846 silly audit report   ],
2846 silly audit report   sharp: [
2846 silly audit report     {
2846 silly audit report       id: 1124066,
2846 silly audit report       url: 'https://github.com/advisories/GHSA-f88m-g3jw-g9cj',
2846 silly audit report       title: 'sharp inherited vulnerabilities in libvips: CVE-2026-33327, CVE-2026-33328, CVE-2026-35590, CVE-2026-35591',
2846 silly audit report       severity: 'high',
2846 silly audit report       vulnerable_versions: '<0.35.0',
2846 silly audit report       cwe: [Array],
2846 silly audit report       cvss: [Object]
2846 silly audit report     }
2846 silly audit report   ]
2846 silly audit report }
2847 silly packumentCache corgi:https://registry.npmjs.org/brace-expansion cache-miss
2848 silly packumentCache corgi:https://registry.npmjs.org/esbuild cache-miss
2849 silly packumentCache corgi:https://registry.npmjs.org/vite cache-miss
2850 silly packumentCache corgi:https://registry.npmjs.org/postcss cache-miss
2851 silly packumentCache corgi:https://registry.npmjs.org/vitest cache-miss
2852 silly packumentCache corgi:https://registry.npmjs.org/sharp cache-miss
2853 http fetch GET 200 https://registry.npmjs.org/@babel/plugin-transform-react-jsx-source/-/plugin-transform-react-jsx-source-7.29.7.tgz 5089ms (cache miss)
2854 http fetch GET 200 https://registry.npmjs.org/@types/babel__core/-/babel__core-7.20.5.tgz 5831ms (cache miss)
2855 http fetch GET 200 https://registry.npmjs.org/redent/-/redent-3.0.0.tgz 5934ms (cache miss)
2856 http fetch GET 200 https://registry.npmjs.org/react-refresh/-/react-refresh-0.17.0.tgz 6010ms (cache miss)
2857 http fetch GET 200 https://registry.npmjs.org/@rolldown/pluginutils/-/pluginutils-1.0.0-beta.27.tgz 6364ms (cache miss)
2858 http fetch GET 200 https://registry.npmjs.org/strip-json-comments/-/strip-json-comments-3.1.1.tgz 6404ms (cache miss)
2859 http fetch GET 200 https://registry.npmjs.org/@babel/plugin-transform-react-jsx-self/-/plugin-transform-react-jsx-self-7.29.7.tgz 6519ms (cache miss)
2860 http fetch GET 200 https://registry.npmjs.org/picocolors/-/picocolors-1.1.1.tgz 6589ms (cache miss)
2861 http fetch GET 200 https://registry.npmjs.org/minimatch/-/minimatch-3.1.5.tgz 6695ms (cache miss)
2862 http fetch GET 200 https://registry.npmjs.org/import-fresh/-/import-fresh-3.3.1.tgz 6694ms (cache miss)
2863 http fetch GET 200 https://registry.npmjs.org/ignore/-/ignore-5.3.2.tgz 6694ms (cache miss)
2864 http fetch GET 200 https://registry.npmjs.org/eslint-config-next/-/eslint-config-next-15.5.22.tgz 6837ms (cache miss)
2865 http fetch GET 200 https://registry.npmjs.org/fast-deep-equal/-/fast-deep-equal-3.1.3.tgz 6860ms (cache miss)
2866 http fetch GET 200 https://registry.npmjs.org/debug/-/debug-4.4.3.tgz 7006ms (cache miss)
2867 http fetch GET 200 https://registry.npmjs.org/css.escape/-/css.escape-1.5.1.tgz 7078ms (cache miss)
2868 http fetch GET 200 https://registry.npmjs.org/globals/-/globals-14.0.0.tgz 7675ms (cache miss)
2869 http fetch GET 200 https://registry.npmjs.org/classcat/-/classcat-5.0.5.tgz 7787ms (cache miss)
2870 http fetch GET 200 https://registry.npmjs.org/@vitejs/plugin-react/-/plugin-react-4.7.0.tgz 9507ms (cache miss)
2871 http fetch GET 200 https://registry.npmjs.org/postcss-value-parser/-/postcss-value-parser-4.2.0.tgz 10006ms (cache miss)
2872 http fetch GET 200 https://registry.npmjs.org/balanced-match/-/balanced-match-4.0.4.tgz 9954ms (cache miss)
2873 http fetch GET 200 https://registry.npmjs.org/@types/react-dom/-/react-dom-19.2.3.tgz 10398ms (cache miss)
2874 http fetch GET 200 https://registry.npmjs.org/@eslint-community/eslint-utils/-/eslint-utils-4.10.1.tgz 10409ms (cache miss)
2875 http fetch GET 200 https://registry.npmjs.org/@types/d3-transition/-/d3-transition-3.0.9.tgz 10096ms (cache miss)
2876 http fetch GET 200 https://registry.npmjs.org/@types/d3-drag/-/d3-drag-3.0.7.tgz 10088ms (cache miss)
2877 http fetch GET 200 https://registry.npmjs.org/@types/d3-interpolate/-/d3-interpolate-3.0.4.tgz 10103ms (cache miss)
2878 http fetch GET 200 https://registry.npmjs.org/d3-drag/-/d3-drag-3.0.0.tgz 10106ms (cache miss)
2879 http fetch GET 200 https://registry.npmjs.org/@types/d3-zoom/-/d3-zoom-3.0.8.tgz 10132ms (cache miss)
2880 http fetch GET 200 https://registry.npmjs.org/eslint-visitor-keys/-/eslint-visitor-keys-5.0.1.tgz 10105ms (cache miss)
2881 http fetch GET 200 https://registry.npmjs.org/@types/d3-selection/-/d3-selection-3.0.11.tgz 10160ms (cache miss)
2882 http fetch GET 200 https://registry.npmjs.org/brace-expansion/-/brace-expansion-5.0.9.tgz 10153ms (cache miss)
2883 http fetch GET 200 https://registry.npmjs.org/balanced-match/-/balanced-match-4.0.4.tgz 10276ms (cache miss)
2884 http fetch GET 200 https://registry.npmjs.org/@babel/helper-string-parser/-/helper-string-parser-7.29.7.tgz 10411ms (cache miss)
2885 http fetch GET 200 https://registry.npmjs.org/ansi-styles/-/ansi-styles-5.2.0.tgz 10563ms (cache miss)
2886 http fetch GET 200 https://registry.npmjs.org/@babel/helper-validator-identifier/-/helper-validator-identifier-7.29.7.tgz 10676ms (cache miss)
2887 http fetch GET 200 https://registry.npmjs.org/espree/-/espree-10.4.0.tgz 11360ms (cache miss)
2888 http fetch GET 200 https://registry.npmjs.org/glob-parent/-/glob-parent-5.1.2.tgz 11176ms (cache miss)
2889 http fetch GET 200 https://registry.npmjs.org/@types/aria-query/-/aria-query-5.0.4.tgz 11194ms (cache miss)
2890 http fetch GET 200 https://registry.npmjs.org/@babel/code-frame/-/code-frame-7.29.7.tgz 11262ms (cache miss)
2891 http fetch GET 200 https://registry.npmjs.org/js-tokens/-/js-tokens-4.0.0.tgz 11371ms (cache miss)
2892 http fetch GET 200 https://registry.npmjs.org/eslint-visitor-keys/-/eslint-visitor-keys-3.4.3.tgz 11524ms (cache miss)
2893 http fetch GET 200 https://registry.npmjs.org/ignore/-/ignore-7.0.6.tgz 11654ms (cache miss)
2894 http fetch GET 200 https://registry.npmjs.org/@babel/helper-plugin-utils/-/helper-plugin-utils-7.29.7.tgz 11576ms (cache miss)
2895 http fetch GET 200 https://registry.npmjs.org/@babel/helper-module-imports/-/helper-module-imports-7.29.7.tgz 11605ms (cache miss)
2896 http fetch GET 200 https://registry.npmjs.org/@eslint-community/regexpp/-/regexpp-4.12.2.tgz 12234ms (cache miss)
2897 http fetch GET 200 https://registry.npmjs.org/lru-cache/-/lru-cache-5.1.1.tgz 11708ms (cache miss)
2898 http fetch GET 200 https://registry.npmjs.org/@babel/helper-validator-option/-/helper-validator-option-7.29.7.tgz 11831ms (cache miss)
2899 http fetch GET 200 https://registry.npmjs.org/@babel/compat-data/-/compat-data-7.29.7.tgz 11838ms (cache miss)
2900 http fetch GET 200 https://registry.npmjs.org/jsesc/-/jsesc-3.1.0.tgz 11870ms (cache miss)
2901 http fetch GET 200 https://registry.npmjs.org/@babel/helper-globals/-/helper-globals-7.29.7.tgz 11949ms (cache miss)
2902 http fetch GET 200 https://registry.npmjs.org/@babel/helper-plugin-utils/-/helper-plugin-utils-7.29.7.tgz 11965ms (cache miss)
2903 http fetch GET 200 https://registry.npmjs.org/convert-source-map/-/convert-source-map-2.0.0.tgz 12002ms (cache miss)
2904 http fetch GET 200 https://registry.npmjs.org/js-tokens/-/js-tokens-4.0.0.tgz 12053ms (cache miss)
2905 http fetch GET 200 https://registry.npmjs.org/@jridgewell/remapping/-/remapping-2.3.5.tgz 12094ms (cache miss)
2906 http fetch GET 200 https://registry.npmjs.org/@babel/helper-validator-identifier/-/helper-validator-identifier-7.29.7.tgz 12178ms (cache miss)
2907 http fetch GET 200 https://registry.npmjs.org/@babel/code-frame/-/code-frame-7.29.7.tgz 12229ms (cache miss)
2908 http fetch GET 200 https://registry.npmjs.org/@babel/helper-string-parser/-/helper-string-parser-7.29.7.tgz 12388ms (cache miss)
2909 http fetch GET 200 https://registry.npmjs.org/fdir/-/fdir-6.5.0.tgz 12293ms (cache miss)
2910 http fetch GET 200 https://registry.npmjs.org/browserslist/-/browserslist-4.28.7.tgz 12888ms (cache miss)
2911 http fetch GET 200 https://registry.npmjs.org/semver/-/semver-6.3.1.tgz 12805ms (cache miss)
2912 http fetch GET 200 https://registry.npmjs.org/eslint-visitor-keys/-/eslint-visitor-keys-5.0.1.tgz 13133ms (cache miss)
2913 http fetch GET 200 https://registry.npmjs.org/gensync/-/gensync-1.0.0-beta.2.tgz 12922ms (cache miss)
2914 http fetch GET 200 https://registry.npmjs.org/@babel/helper-validator-identifier/-/helper-validator-identifier-7.29.7.tgz 13261ms (cache miss)
2915 http fetch GET 200 https://registry.npmjs.org/d3-zoom/-/d3-zoom-3.0.0.tgz 13669ms (cache miss)
2916 http fetch GET 200 https://registry.npmjs.org/glob-parent/-/glob-parent-5.1.2.tgz 13428ms (cache miss)
2917 http fetch GET 200 https://registry.npmjs.org/@types/react/-/react-19.2.17.tgz 14305ms (cache miss)
2918 http fetch GET 200 https://registry.npmjs.org/@jridgewell/resolve-uri/-/resolve-uri-3.1.2.tgz 14030ms (cache miss)
2919 http fetch GET 200 https://registry.npmjs.org/esbuild/-/esbuild-0.21.5.tgz 15150ms (cache miss)
2920 http fetch GET 200 https://registry.npmjs.org/picomatch/-/picomatch-4.0.5.tgz 15351ms (cache miss)
2921 http fetch GET 200 https://registry.npmjs.org/@humanfs/core/-/core-0.19.2.tgz 15585ms (cache miss)
2922 http fetch GET 200 https://registry.npmjs.org/fraction.js/-/fraction.js-5.3.4.tgz 16471ms (cache miss)
2923 http fetch GET 200 https://registry.npmjs.org/react-is/-/react-is-16.13.1.tgz 15828ms (cache miss)
2924 http fetch GET 200 https://registry.npmjs.org/@eslint/config-array/-/config-array-0.21.2.tgz 16768ms (cache miss)
2925 http fetch GET 200 https://registry.npmjs.org/@jridgewell/resolve-uri/-/resolve-uri-3.1.2.tgz 16129ms (cache miss)
2926 http fetch GET 200 https://registry.npmjs.org/brace-expansion/-/brace-expansion-5.0.9.tgz 16530ms (cache miss)
2927 http fetch GET 200 https://registry.npmjs.org/semver/-/semver-6.3.1.tgz 16208ms (cache miss)
2928 http fetch GET 200 https://registry.npmjs.org/fast-json-stable-stringify/-/fast-json-stable-stringify-2.1.0.tgz 16218ms (cache miss)
2929 http fetch GET 200 https://registry.npmjs.org/semver/-/semver-6.3.1.tgz 16360ms (cache miss)
2930 http fetch GET 200 https://registry.npmjs.org/csstype/-/csstype-3.2.3.tgz 16792ms (cache miss)
2931 http fetch GET 200 https://registry.npmjs.org/dequal/-/dequal-2.0.3.tgz 16348ms (cache miss)
2932 http fetch GET 200 https://registry.npmjs.org/why-is-node-running 19095ms (cache miss)
2933 silly packumentCache corgi:https://registry.npmjs.org/why-is-node-running set size:undefined disposed:false
2934 http fetch GET 200 https://registry.npmjs.org/napi-postinstall 19113ms (cache miss)
2935 silly packumentCache corgi:https://registry.npmjs.org/napi-postinstall set size:undefined disposed:false
2936 http fetch GET 200 https://registry.npmjs.org/esquery/-/esquery-1.7.0.tgz 18011ms (cache miss)
2937 http fetch GET 200 https://registry.npmjs.org/react/-/react-19.2.8.tgz 18181ms (cache miss)
2938 http fetch GET 200 https://registry.npmjs.org/debug/-/debug-3.2.7.tgz 17484ms (cache miss)
2939 http fetch GET 200 https://registry.npmjs.org/loose-envify 19397ms (cache miss)
2940 silly packumentCache corgi:https://registry.npmjs.org/loose-envify set size:undefined disposed:false
2941 http fetch GET 200 https://registry.npmjs.org/lz-string/-/lz-string-1.5.0.tgz 17960ms (cache miss)
2942 http fetch GET 200 https://registry.npmjs.org/@babel/helper-compilation-targets/-/helper-compilation-targets-7.29.7.tgz 17820ms (cache miss)
2943 http fetch GET 200 https://registry.npmjs.org/cssesc 19457ms (cache miss)
2944 silly packumentCache corgi:https://registry.npmjs.org/cssesc set size:undefined disposed:false
2945 http fetch GET 200 https://registry.npmjs.org/acorn 19525ms (cache miss)
2946 silly packumentCache corgi:https://registry.npmjs.org/acorn set size:undefined disposed:false
2947 http fetch GET 200 https://registry.npmjs.org/styled-jsx/-/styled-jsx-5.1.6.tgz 18527ms (cache miss)
2948 http fetch GET 200 https://registry.npmjs.org/brace-expansion 15938ms (cache miss)
2949 silly packumentCache corgi:https://registry.npmjs.org/brace-expansion set size:undefined disposed:false
2950 http fetch GET 200 https://registry.npmjs.org/@babel/helper-module-transforms/-/helper-module-transforms-7.29.7.tgz 18097ms (cache miss)
2951 http cache https://registry.npmjs.org/why-is-node-running/-/why-is-node-running-2.3.0.tgz 1000ms (cache hit)
2952 http fetch GET 200 https://registry.npmjs.org/@babel/template/-/template-7.29.7.tgz 18443ms (cache miss)
2953 http cache https://registry.npmjs.org/napi-postinstall/-/napi-postinstall-0.3.4.tgz 1005ms (cache hit)
2954 http fetch GET 200 https://registry.npmjs.org/baseline-browser-mapping/-/baseline-browser-mapping-2.11.8.tgz 18267ms (cache miss)
2955 http fetch GET 200 https://registry.npmjs.org/undici-types/-/undici-types-6.21.0.tgz 19115ms (cache miss)
2956 http fetch GET 200 https://registry.npmjs.org/vite-node 20301ms (cache miss)
2957 silly packumentCache corgi:https://registry.npmjs.org/vite-node set size:undefined disposed:false
2958 http fetch GET 200 https://registry.npmjs.org/@testing-library/react/-/react-16.3.2.tgz 19395ms (cache miss)
2959 http cache https://registry.npmjs.org/loose-envify/-/loose-envify-1.4.0.tgz 975ms (cache hit)
2960 http cache https://registry.npmjs.org/cssesc/-/cssesc-3.0.0.tgz 1045ms (cache hit)
2961 http fetch GET 200 https://registry.npmjs.org/json5/-/json5-2.2.3.tgz 19190ms (cache miss)
2962 http fetch GET 200 https://registry.npmjs.org/@adobe/css-tools/-/css-tools-4.5.0.tgz 19803ms (cache miss)
2963 http fetch GET 200 https://registry.npmjs.org/electron-to-chromium/-/electron-to-chromium-1.5.398.tgz 19101ms (cache miss)
2964 http fetch GET 200 https://registry.npmjs.org/sharp 18343ms (cache miss)
2965 silly packumentCache corgi:https://registry.npmjs.org/sharp set size:undefined disposed:false
2966 http fetch GET 200 https://registry.npmjs.org/@vitest/mocker/-/mocker-2.1.9.tgz 20726ms (cache miss)
2967 http fetch GET 200 https://registry.npmjs.org/postcss 18730ms (cache miss)
2968 silly packumentCache corgi:https://registry.npmjs.org/postcss set size:undefined disposed:false
2969 http fetch GET 200 https://registry.npmjs.org/vite-node/-/vite-node-2.1.9.tgz 2603ms (cache miss)
2970 http fetch GET 200 https://registry.npmjs.org/source-map-js/-/source-map-js-1.2.1.tgz 21373ms (cache miss)
2971 http fetch GET 200 https://registry.npmjs.org/source-map-js/-/source-map-js-1.2.1.tgz 21555ms (cache miss)
2972 http fetch GET 200 https://registry.npmjs.org/@jridgewell/sourcemap-codec/-/sourcemap-codec-1.5.5.tgz 21873ms (cache miss)
2973 http fetch GET 200 https://registry.npmjs.org/@babel/parser/-/parser-7.29.7.tgz 21996ms (cache miss)
2974 http fetch GET 200 https://registry.npmjs.org/esbuild 23617ms (cache miss)
2975 silly packumentCache corgi:https://registry.npmjs.org/esbuild set size:undefined disposed:false
2976 http fetch GET 200 https://registry.npmjs.org/d3-interpolate/-/d3-interpolate-3.0.1.tgz 22409ms (cache miss)
2977 http fetch GET 200 https://registry.npmjs.org/esbuild 20182ms (cache miss)
2978 silly packumentCache corgi:https://registry.npmjs.org/esbuild set size:undefined disposed:false
2979 http fetch GET 200 https://registry.npmjs.org/@babel/parser/-/parser-7.29.7.tgz 22911ms (cache miss)
2980 http cache https://registry.npmjs.org/esbuild/-/esbuild-0.25.12.tgz 1541ms (cache hit)
2981 http fetch GET 200 https://registry.npmjs.org/sharp/-/sharp-0.34.5.tgz 24233ms (cache miss)
2982 http fetch GET 200 https://registry.npmjs.org/acorn/-/acorn-8.18.0.tgz 5769ms (cache miss)
2983 http fetch GET 200 https://registry.npmjs.org/vitest 21700ms (cache miss)
2984 silly packumentCache corgi:https://registry.npmjs.org/vitest set size:undefined disposed:false
2985 http fetch GET 200 https://registry.npmjs.org/pretty-format/-/pretty-format-27.5.1.tgz 24111ms (cache miss)
2986 http fetch GET 200 https://registry.npmjs.org/@eslint/eslintrc/-/eslintrc-3.3.6.tgz 24733ms (cache miss)
2987 http fetch GET 200 https://registry.npmjs.org/@jridgewell/sourcemap-codec/-/sourcemap-codec-1.5.5.tgz 24052ms (cache miss)
2988 http fetch GET 200 https://registry.npmjs.org/@jridgewell/gen-mapping/-/gen-mapping-0.3.13.tgz 24267ms (cache miss)
2989 http fetch GET 200 https://registry.npmjs.org/@testing-library/jest-dom/-/jest-dom-6.9.1.tgz 26008ms (cache miss)
2990 http fetch GET 200 https://registry.npmjs.org/d3-transition/-/d3-transition-3.0.1.tgz 25780ms (cache miss)
2991 http fetch GET 200 https://registry.npmjs.org/jiti/-/jiti-1.21.7.tgz 25602ms (cache miss)
2992 http fetch GET 200 https://registry.npmjs.org/lru-cache/-/lru-cache-10.4.3.tgz 25686ms (cache miss)
2993 http fetch GET 200 https://registry.npmjs.org/rrweb-cssom/-/rrweb-cssom-0.8.0.tgz 25763ms (cache miss)
2994 http fetch GET 200 https://registry.npmjs.org/@jridgewell/gen-mapping/-/gen-mapping-0.3.13.tgz 25951ms (cache miss)
2995 http fetch GET 200 https://registry.npmjs.org/js-yaml/-/js-yaml-4.3.0.tgz 27158ms (cache miss)
2996 http fetch GET 200 https://registry.npmjs.org/vite 24745ms (cache miss)
2997 silly packumentCache corgi:https://registry.npmjs.org/vite set size:undefined disposed:false
2998 silly packumentCache corgi:https://registry.npmjs.org/minimatch cache-miss
2999 http fetch GET 200 https://registry.npmjs.org/semver/-/semver-7.8.5.tgz 28852ms (cache miss)
3000 http fetch GET 200 https://registry.npmjs.org/postcss/-/postcss-8.5.25.tgz 29155ms (cache miss)
3001 http fetch GET 200 https://registry.npmjs.org/semver/-/semver-7.8.5.tgz 29013ms (cache miss)
3002 http fetch GET 200 https://registry.npmjs.org/@jridgewell/trace-mapping/-/trace-mapping-0.3.31.tgz 29277ms (cache miss)
3003 http fetch GET 200 https://registry.npmjs.org/minimatch 1621ms (cache miss)
3004 silly packumentCache corgi:https://registry.npmjs.org/minimatch set size:undefined disposed:false
3005 http fetch GET 200 https://registry.npmjs.org/chai/-/chai-5.3.3.tgz 30217ms (cache miss)
3006 http fetch GET 200 https://registry.npmjs.org/semver/-/semver-7.8.5.tgz 31647ms (cache miss)
3007 http fetch GET 200 https://registry.npmjs.org/@jridgewell/trace-mapping/-/trace-mapping-0.3.31.tgz 31709ms (cache miss)
3008 silly packumentCache corgi:https://registry.npmjs.org/@vitest%2fmocker cache-miss
3009 http fetch GET 200 https://registry.npmjs.org/@babel/generator/-/generator-7.29.7.tgz 32302ms (cache miss)
3010 http fetch GET 200 https://registry.npmjs.org/vite/-/vite-6.4.3.tgz 33158ms (cache miss)
3011 http fetch GET 200 https://registry.npmjs.org/rollup/-/rollup-4.62.3.tgz 32750ms (cache miss)
3012 http fetch GET 200 https://registry.npmjs.org/rollup/-/rollup-4.62.3.tgz 32794ms (cache miss)
3013 http fetch GET 200 https://registry.npmjs.org/postcss/-/postcss-8.4.31.tgz 32906ms (cache miss)
3014 http fetch GET 200 https://registry.npmjs.org/@vitest%2fmocker 1801ms (cache miss)
3015 silly packumentCache corgi:https://registry.npmjs.org/@vitest%2fmocker set size:undefined disposed:false
3016 http fetch GET 200 https://registry.npmjs.org/d3-selection/-/d3-selection-3.0.0.tgz 34138ms (cache miss)
3017 http fetch GET 200 https://registry.npmjs.org/dom-accessibility-api/-/dom-accessibility-api-0.5.16.tgz 34046ms (cache miss)
3018 http fetch GET 200 https://registry.npmjs.org/axe-core/-/axe-core-4.12.1.tgz 33742ms (cache miss)
3019 silly packumentCache corgi:https://registry.npmjs.org/next cache-miss
3020 http fetch GET 200 https://registry.npmjs.org/minimatch/-/minimatch-10.2.6.tgz 34520ms (cache miss)
3021 http fetch GET 200 https://registry.npmjs.org/minimatch/-/minimatch-10.2.6.tgz 34537ms (cache miss)
3022 http fetch GET 200 https://registry.npmjs.org/tldts/-/tldts-6.1.86.tgz 34320ms (cache miss)
3023 http fetch GET 200 https://registry.npmjs.org/vite/-/vite-5.4.21.tgz 34325ms (cache miss)
3024 http fetch GET 200 https://registry.npmjs.org/dom-accessibility-api/-/dom-accessibility-api-0.6.3.tgz 34606ms (cache miss)
3025 http fetch GET 200 https://registry.npmjs.org/@testing-library/dom/-/dom-10.4.1.tgz 35674ms (cache miss)
3026 http fetch GET 200 https://registry.npmjs.org/fast-glob/-/fast-glob-3.3.3.tgz 35111ms (cache miss)
3027 http fetch GET 200 https://registry.npmjs.org/@types/node/-/node-22.20.1.tgz 37594ms (cache miss)
3028 http fetch GET 200 https://registry.npmjs.org/uri-js/-/uri-js-4.4.1.tgz 36856ms (cache miss)
3029 http fetch GET 200 https://registry.npmjs.org/parse5/-/parse5-7.3.0.tgz 38341ms (cache miss)
3030 http fetch GET 200 https://registry.npmjs.org/@babel/traverse/-/traverse-7.29.7.tgz 38111ms (cache miss)
3031 http fetch GET 200 https://registry.npmjs.org/autoprefixer/-/autoprefixer-10.5.4.tgz 39580ms (cache miss)
3032 http fetch GET 200 https://registry.npmjs.org/@typescript-eslint/typescript-estree/-/typescript-estree-8.65.0.tgz 40068ms (cache miss)
3033 http fetch GET 200 https://registry.npmjs.org/@typescript-eslint/typescript-estree/-/typescript-estree-8.65.0.tgz 40099ms (cache miss)
3034 http fetch GET 200 https://registry.npmjs.org/react-dom/-/react-dom-19.2.8.tgz 40482ms (cache miss)
3035 http fetch GET 200 https://registry.npmjs.org/@asamuzakjp/css-color/-/css-color-3.2.0.tgz 41080ms (cache miss)
3036 http fetch GET 200 https://registry.npmjs.org/ajv/-/ajv-6.15.0.tgz 41707ms (cache miss)
3037 http fetch GET 200 https://registry.npmjs.org/@esbuild/win32-x64/-/win32-x64-0.25.12.tgz 42284ms (cache miss)
3038 http fetch GET 200 https://registry.npmjs.org/@esbuild/win32-x64/-/win32-x64-0.21.5.tgz 41904ms (cache miss)
3039 http fetch GET 200 https://registry.npmjs.org/vitest/-/vitest-2.1.9.tgz 42623ms (cache miss)
3040 http fetch GET 200 https://registry.npmjs.org/entities/-/entities-6.0.1.tgz 42006ms (cache miss)
3041 http fetch GET 200 https://registry.npmjs.org/resolve/-/resolve-1.22.12.tgz 43805ms (cache miss)
3042 http fetch GET 200 https://registry.npmjs.org/zustand/-/zustand-4.5.7.tgz 45071ms (cache miss)
3043 http fetch GET 200 https://registry.npmjs.org/es-iterator-helpers/-/es-iterator-helpers-1.4.0.tgz 45169ms (cache miss)
3044 http fetch GET 200 https://registry.npmjs.org/@babel/core/-/core-7.29.7.tgz 47010ms (cache miss)
3045 http fetch GET 200 https://registry.npmjs.org/@rushstack/eslint-patch/-/eslint-patch-1.16.1.tgz 47230ms (cache miss)
3046 http fetch GET 200 https://registry.npmjs.org/eslint-plugin-import/-/eslint-plugin-import-2.32.0.tgz 47267ms (cache miss)
3047 http fetch GET 200 https://registry.npmjs.org/@img/sharp-win32-x64/-/sharp-win32-x64-0.34.5.tgz 50897ms (cache miss)
3048 http fetch GET 200 https://registry.npmjs.org/@babel/types/-/types-7.29.7.tgz 53828ms (cache miss)
3049 http fetch GET 200 https://registry.npmjs.org/@babel/types/-/types-7.29.7.tgz 53801ms (cache miss)
3050 http fetch GET 200 https://registry.npmjs.org/@babel/runtime/-/runtime-7.29.7.tgz 55030ms (cache miss)
3051 http fetch GET 200 https://registry.npmjs.org/aria-query/-/aria-query-5.3.0.tgz 55146ms (cache miss)
3052 http fetch GET 200 https://registry.npmjs.org/sucrase/-/sucrase-3.35.1.tgz 55592ms (cache miss)
3053 http fetch GET 200 https://registry.npmjs.org/@xyflow/system/-/system-0.0.79.tgz 55960ms (cache miss)
3054 http fetch GET 200 https://registry.npmjs.org/aria-query/-/aria-query-5.3.2.tgz 55472ms (cache miss)
3055 http fetch GET 200 https://registry.npmjs.org/next 22770ms (cache miss)
3056 silly packumentCache corgi:https://registry.npmjs.org/next set size:undefined disposed:false
3057 silly packumentCache corgi:https://registry.npmjs.org/@eslint%2feslintrc cache-miss
3058 silly packumentCache corgi:https://registry.npmjs.org/eslint cache-miss
3059 silly packumentCache corgi:https://registry.npmjs.org/@eslint%2fconfig-array cache-miss
3060 silly packumentCache corgi:https://registry.npmjs.org/eslint-plugin-import cache-miss
3061 silly packumentCache corgi:https://registry.npmjs.org/eslint-plugin-jsx-a11y cache-miss
3062 silly packumentCache corgi:https://registry.npmjs.org/eslint-plugin-react cache-miss
3063 http fetch GET 200 https://registry.npmjs.org/eslint-plugin-jsx-a11y/-/eslint-plugin-jsx-a11y-6.10.2.tgz 60787ms (cache miss)
3064 http fetch GET 200 https://registry.npmjs.org/@eslint%2fconfig-array 301ms (cache miss)
3065 silly packumentCache corgi:https://registry.npmjs.org/@eslint%2fconfig-array set size:undefined disposed:false
3066 http fetch GET 200 https://registry.npmjs.org/@eslint%2feslintrc 380ms (cache miss)
3067 silly packumentCache corgi:https://registry.npmjs.org/@eslint%2feslintrc set size:undefined disposed:false
3068 http fetch GET 200 https://registry.npmjs.org/eslint-plugin-jsx-a11y 423ms (cache miss)
3069 silly packumentCache corgi:https://registry.npmjs.org/eslint-plugin-jsx-a11y set size:undefined disposed:false
3070 http fetch GET 200 https://registry.npmjs.org/eslint-plugin-import 474ms (cache miss)
3071 silly packumentCache corgi:https://registry.npmjs.org/eslint-plugin-import set size:undefined disposed:false
3072 http fetch GET 200 https://registry.npmjs.org/eslint-plugin-react 533ms (cache miss)
3073 silly packumentCache corgi:https://registry.npmjs.org/eslint-plugin-react set size:undefined disposed:false
3074 http fetch GET 200 https://registry.npmjs.org/@babel/helpers/-/helpers-7.29.7.tgz 60687ms (cache miss)
3075 http fetch GET 200 https://registry.npmjs.org/eslint 879ms (cache miss)
3076 silly packumentCache corgi:https://registry.npmjs.org/eslint set size:undefined disposed:false
3077 http fetch GET 200 https://registry.npmjs.org/tailwindcss/-/tailwindcss-3.4.19.tgz 61902ms (cache miss)
3078 silly packumentCache corgi:https://registry.npmjs.org/eslint-config-next cache-miss
3079 http fetch GET 200 https://registry.npmjs.org/typescript/-/typescript-5.9.3.tgz 64388ms (cache miss)
3080 http fetch GET 200 https://registry.npmjs.org/eslint-config-next 3211ms (cache miss)
3081 silly packumentCache corgi:https://registry.npmjs.org/eslint-config-next set size:undefined disposed:false
3082 silly packumentCache corgi:https://registry.npmjs.org/eslint-import-resolver-typescript cache-miss
3083 http fetch GET 200 https://registry.npmjs.org/eslint-import-resolver-typescript 1262ms (cache miss)
3084 silly packumentCache corgi:https://registry.npmjs.org/eslint-import-resolver-typescript set size:undefined disposed:false
3085 silly packumentCache corgi:https://registry.npmjs.org/@eslint-community%2feslint-utils cache-miss
3086 silly packumentCache corgi:https://registry.npmjs.org/@typescript-eslint%2feslint-plugin cache-miss
3087 silly packumentCache corgi:https://registry.npmjs.org/@typescript-eslint%2fparser cache-miss
3088 silly packumentCache corgi:https://registry.npmjs.org/eslint-plugin-react-hooks cache-miss
3089 silly packumentCache corgi:https://registry.npmjs.org/@typescript-eslint%2ftype-utils cache-miss
3090 silly packumentCache corgi:https://registry.npmjs.org/@typescript-eslint%2futils cache-miss
3091 http fetch GET 200 https://registry.npmjs.org/@eslint-community%2feslint-utils 1474ms (cache miss)
3092 silly packumentCache corgi:https://registry.npmjs.org/@eslint-community%2feslint-utils set size:undefined disposed:false
3093 http fetch GET 200 https://registry.npmjs.org/@typescript-eslint/scope-manager/-/scope-manager-8.65.0.tgz 71411ms (cache miss)
3094 http fetch GET 200 https://registry.npmjs.org/@typescript-eslint/scope-manager/-/scope-manager-8.65.0.tgz 71347ms (cache miss)
3095 http fetch GET 200 https://registry.npmjs.org/@typescript-eslint%2futils 3022ms (cache miss)
3096 silly packumentCache corgi:https://registry.npmjs.org/@typescript-eslint%2futils set size:undefined disposed:false
3097 http fetch GET 200 https://registry.npmjs.org/eslint-plugin-react-hooks 5698ms (cache miss)
3098 silly packumentCache corgi:https://registry.npmjs.org/eslint-plugin-react-hooks set size:undefined disposed:false
3099 http fetch GET 200 https://registry.npmjs.org/@typescript-eslint%2ftype-utils 6094ms (cache miss)
3100 silly packumentCache corgi:https://registry.npmjs.org/@typescript-eslint%2ftype-utils set size:undefined disposed:false
3101 http fetch GET 200 https://registry.npmjs.org/eslint-plugin-react/-/eslint-plugin-react-7.37.5.tgz 76035ms (cache miss)
3102 http fetch GET 200 https://registry.npmjs.org/@typescript-eslint%2fparser 7264ms (cache miss)
3103 silly packumentCache corgi:https://registry.npmjs.org/@typescript-eslint%2fparser set size:undefined disposed:false
3104 http fetch GET 200 https://registry.npmjs.org/@typescript-eslint%2feslint-plugin 11314ms (cache miss)
3105 silly packumentCache corgi:https://registry.npmjs.org/@typescript-eslint%2feslint-plugin set size:undefined disposed:false
3106 http fetch GET 200 https://registry.npmjs.org/eslint/-/eslint-9.39.5.tgz 84177ms (cache miss)
3107 http fetch GET 200 https://registry.npmjs.org/@typescript-eslint/eslint-plugin/-/eslint-plugin-8.65.0.tgz 85748ms (cache miss)
3108 http fetch GET 200 https://registry.npmjs.org/framer-motion/-/framer-motion-12.43.0.tgz 86499ms (cache miss)
3109 http fetch GET 200 https://registry.npmjs.org/motion-dom/-/motion-dom-12.43.0.tgz 90174ms (cache miss)
3110 http fetch GET 200 https://registry.npmjs.org/@xyflow/react/-/react-12.11.2.tgz 91178ms (cache miss)
3111 http fetch GET 200 https://registry.npmjs.org/jsdom/-/jsdom-25.0.1.tgz 91105ms (cache miss)
3112 http fetch GET 200 https://registry.npmjs.org/caniuse-lite/-/caniuse-lite-1.0.30001806.tgz 94055ms (cache miss)
3113 http fetch GET 200 https://registry.npmjs.org/es-abstract/-/es-abstract-1.24.2.tgz 118382ms (cache miss)
3114 http fetch GET 200 https://registry.npmjs.org/es-abstract/-/es-abstract-1.24.2.tgz 118447ms (cache miss)
3115 http fetch GET 200 https://registry.npmjs.org/es-abstract/-/es-abstract-1.24.2.tgz 118529ms (cache miss)
3116 http fetch GET 200 https://registry.npmjs.org/lucide-react/-/lucide-react-0.468.0.tgz 148373ms (cache miss)
3117 http fetch GET 200 https://registry.npmjs.org/next/-/next-15.5.22.tgz 215373ms (cache miss)
3118 info run sharp@0.34.5 install node_modules/sharp node install/check.js || npm run build
3119 info run sharp@0.34.5 install { code: 0, signal: null }
3120 info run esbuild@0.25.12 postinstall node_modules/esbuild node install.js
3121 info run esbuild@0.21.5 postinstall node_modules/vitest/node_modules/esbuild node install.js
3122 info run esbuild@0.25.12 postinstall { code: 0, signal: null }
3123 info run esbuild@0.21.5 postinstall { code: 0, signal: null }
3124 silly CHANGE node_modules/why-is-node-running
3125 silly REMOVE node_modules/which
3126 silly CHANGE node_modules/vite-node
3127 silly REMOVE node_modules/vite-node/node_modules/@esbuild/win32-x64
3128 silly REMOVE node_modules/vite-node/node_modules/esbuild
3129 silly REMOVE node_modules/safer-buffer
3130 silly CHANGE node_modules/napi-postinstall
3131 silly CHANGE node_modules/loose-envify
3132 silly CHANGE node_modules/esbuild
3133 silly ADD node_modules/esbuild/node_modules/@esbuild/win32-x64
3134 silly CHANGE node_modules/cssesc
3135 silly CHANGE node_modules/acorn
3136 silly CHANGE node_modules/@xyflow/react
3137 silly REMOVE node_modules/@typescript-eslint/visitor-keys
3138 silly REMOVE node_modules/@typescript-eslint/visitor-keys/node_modules/eslint-visitor-keys
3139 silly REMOVE node_modules/@typescript-eslint/typescript-estree
3140 silly REMOVE node_modules/@typescript-eslint/typescript-estree/node_modules/semver
3141 silly REMOVE node_modules/@typescript-eslint/typescript-estree/node_modules/minimatch
3142 silly REMOVE node_modules/@typescript-eslint/typescript-estree/node_modules/brace-expansion
3143 silly REMOVE node_modules/@typescript-eslint/typescript-estree/node_modules/balanced-match
3144 silly REMOVE node_modules/@typescript-eslint/utils
3145 silly CHANGE node_modules/@xyflow/system
3146 silly ADD node_modules/@xyflow/system/node_modules/d3-timer
3147 silly ADD node_modules/@xyflow/system/node_modules/d3-ease
3148 silly ADD node_modules/@xyflow/system/node_modules/d3-transition
3149 silly ADD node_modules/@xyflow/system/node_modules/d3-color
3150 silly ADD node_modules/@xyflow/system/node_modules/d3-dispatch
3151 silly ADD node_modules/@xyflow/system/node_modules/d3-zoom
3152 silly ADD node_modules/@xyflow/system/node_modules/d3-selection
3153 silly ADD node_modules/@xyflow/system/node_modules/d3-interpolate
3154 silly ADD node_modules/@xyflow/system/node_modules/d3-drag
3155 silly ADD node_modules/@xyflow/system/node_modules/@types/d3-zoom
3156 silly ADD node_modules/@xyflow/system/node_modules/@types/d3-transition
3157 silly ADD node_modules/@xyflow/system/node_modules/@types/d3-selection
3158 silly ADD node_modules/@xyflow/system/node_modules/@types/d3-interpolate
3159 silly ADD node_modules/@xyflow/system/node_modules/@types/d3-drag
3160 silly REMOVE node_modules/@typescript-eslint/types
3161 silly REMOVE node_modules/@typescript-eslint/type-utils
3162 silly REMOVE node_modules/@typescript-eslint/tsconfig-utils
3163 silly REMOVE node_modules/@typescript-eslint/scope-manager
3164 silly CHANGE node_modules/@typescript-eslint/parser
3165 silly ADD node_modules/@typescript-eslint/parser/node_modules/balanced-match
3166 silly ADD node_modules/@typescript-eslint/parser/node_modules/brace-expansion
3167 silly ADD node_modules/@typescript-eslint/parser/node_modules/eslint-visitor-keys
3168 silly ADD node_modules/@typescript-eslint/parser/node_modules/ts-api-utils
3169 silly ADD node_modules/@typescript-eslint/parser/node_modules/semver
3170 silly ADD node_modules/@typescript-eslint/parser/node_modules/minimatch
3171 silly ADD node_modules/@typescript-eslint/parser/node_modules/@typescript-eslint/tsconfig-utils
3172 silly ADD node_modules/@typescript-eslint/parser/node_modules/@typescript-eslint/project-service
3173 silly ADD node_modules/@typescript-eslint/parser/node_modules/@typescript-eslint/visitor-keys
3174 silly ADD node_modules/@typescript-eslint/parser/node_modules/@typescript-eslint/typescript-estree
3175 silly ADD node_modules/@typescript-eslint/parser/node_modules/@typescript-eslint/types
3176 silly ADD node_modules/@typescript-eslint/parser/node_modules/@typescript-eslint/scope-manager
3177 silly REMOVE node_modules/@typescript-eslint/project-service
3178 silly CHANGE node_modules/@types/node
3179 silly CHANGE node_modules/@vitejs/plugin-react
3180 silly CHANGE node_modules/@types/react-dom
3181 silly CHANGE node_modules/@typescript-eslint/eslint-plugin
3182 silly ADD node_modules/@typescript-eslint/eslint-plugin/node_modules/balanced-match
3183 silly ADD node_modules/@typescript-eslint/eslint-plugin/node_modules/brace-expansion
3184 silly ADD node_modules/@typescript-eslint/eslint-plugin/node_modules/eslint-visitor-keys
3185 silly ADD node_modules/@typescript-eslint/eslint-plugin/node_modules/semver
3186 silly ADD node_modules/@typescript-eslint/eslint-plugin/node_modules/minimatch
3187 silly ADD node_modules/@typescript-eslint/eslint-plugin/node_modules/@typescript-eslint/tsconfig-utils
3188 silly ADD node_modules/@typescript-eslint/eslint-plugin/node_modules/@typescript-eslint/project-service
3189 silly ADD node_modules/@typescript-eslint/eslint-plugin/node_modules/@typescript-eslint/typescript-estree
3190 silly ADD node_modules/@typescript-eslint/eslint-plugin/node_modules/@typescript-eslint/types
3191 silly ADD node_modules/@typescript-eslint/eslint-plugin/node_modules/ts-api-utils
3192 silly ADD node_modules/@typescript-eslint/eslint-plugin/node_modules/@typescript-eslint/visitor-keys
3193 silly ADD node_modules/@typescript-eslint/eslint-plugin/node_modules/@typescript-eslint/utils
3194 silly ADD node_modules/@typescript-eslint/eslint-plugin/node_modules/@typescript-eslint/type-utils
3195 silly ADD node_modules/@typescript-eslint/eslint-plugin/node_modules/@typescript-eslint/scope-manager
3196 silly CHANGE node_modules/@typescript-eslint/eslint-plugin/node_modules/ignore
3197 silly REMOVE node_modules/@types/d3-interpolate
3198 silly CHANGE node_modules/@types/react
3199 silly ADD node_modules/@types/react/node_modules/csstype
3200 silly REMOVE node_modules/@types/d3-transition
3201 silly CHANGE node_modules/@types/estree
3202 silly REMOVE node_modules/@types/json-schema
3203 silly REMOVE node_modules/@types/d3-drag
3204 silly REMOVE node_modules/@types/d3-selection
3205 silly REMOVE node_modules/@types/d3-zoom
3206 silly CHANGE node_modules/@swc/helpers
3207 silly CHANGE node_modules/@types/babel__core
3208 silly ADD node_modules/@types/babel__core/node_modules/@babel/helper-validator-identifier
3209 silly ADD node_modules/@types/babel__core/node_modules/@babel/helper-string-parser
3210 silly ADD node_modules/@types/babel__core/node_modules/@babel/types
3211 silly ADD node_modules/@types/babel__core/node_modules/@babel/parser
3212 silly REMOVE node_modules/@types/aria-query
3213 silly CHANGE node_modules/@testing-library/dom
3214 silly ADD node_modules/@testing-library/dom/node_modules/ansi-styles
3215 silly ADD node_modules/@testing-library/dom/node_modules/js-tokens
3216 silly ADD node_modules/@testing-library/dom/node_modules/@babel/helper-validator-identifier
3217 silly ADD node_modules/@testing-library/dom/node_modules/pretty-format
3218 silly ADD node_modules/@testing-library/dom/node_modules/lz-string
3219 silly ADD node_modules/@testing-library/dom/node_modules/dom-accessibility-api
3220 silly ADD node_modules/@testing-library/dom/node_modules/@types/aria-query
3221 silly ADD node_modules/@testing-library/dom/node_modules/@babel/code-frame
3222 silly CHANGE node_modules/@rushstack/eslint-patch
3223 silly REMOVE node_modules/@nodelib/fs.scandir
3224 silly CHANGE node_modules/@testing-library/react
3225 silly CHANGE node_modules/@testing-library/jest-dom
3226 silly CHANGE node_modules/@testing-library/jest-dom/node_modules/dom-accessibility-api
3227 silly REMOVE node_modules/@nodelib/fs.walk
3228 silly REMOVE node_modules/@jridgewell/trace-mapping
3229 silly CHANGE node_modules/@next/eslint-plugin-next
3230 silly ADD node_modules/@next/eslint-plugin-next/node_modules/@nodelib/fs.scandir
3231 silly ADD node_modules/@next/eslint-plugin-next/node_modules/glob-parent
3232 silly ADD node_modules/@next/eslint-plugin-next/node_modules/@nodelib/fs.walk
3233 silly ADD node_modules/@next/eslint-plugin-next/node_modules/fast-glob
3234 silly REMOVE node_modules/@jridgewell/resolve-uri
3235 silly REMOVE node_modules/@jridgewell/remapping
3236 silly REMOVE node_modules/@esbuild/win32-x64
3237 silly CHANGE node_modules/@rolldown/pluginutils
3238 silly CHANGE node_modules/@eslint-community/regexpp
3239 silly CHANGE node_modules/@humanfs/node
3240 silly ADD node_modules/@humanfs/node/node_modules/@humanfs/core
3241 silly REMOVE node_modules/@jridgewell/gen-mapping
3242 silly REMOVE node_modules/@img/sharp-win32-x64
3243 silly REMOVE node_modules/@humanfs/core
3244 silly CHANGE node_modules/@eslint-community/eslint-utils
3245 silly CHANGE node_modules/@eslint-community/eslint-utils/node_modules/eslint-visitor-keys
3246 silly REMOVE node_modules/@eslint/object-schema
3247 silly CHANGE node_modules/@humanwhocodes/module-importer
3248 silly CHANGE node_modules/@eslint/core
3249 silly ADD node_modules/@eslint/core/node_modules/@types/json-schema
3250 silly CHANGE node_modules/@humanwhocodes/retry
3251 silly CHANGE node_modules/@eslint/js
3252 silly CHANGE node_modules/@eslint/plugin-kit
3253 silly ADD node_modules/@eslint/plugin-kit/node_modules/levn
3254 silly CHANGE node_modules/@eslint/eslintrc
3255 silly CHANGE node_modules/@eslint/config-helpers
3256 silly CHANGE node_modules/@eslint/config-array
3257 silly ADD node_modules/@eslint/config-array/node_modules/@eslint/object-schema
3258 silly REMOVE node_modules/@asamuzakjp/css-color
3259 silly REMOVE node_modules/@asamuzakjp/css-color/node_modules/lru-cache
3260 silly REMOVE node_modules/@babel/template
3261 silly REMOVE node_modules/@babel/traverse
3262 silly REMOVE node_modules/@babel/types
3263 silly CHANGE node_modules/@adobe/css-tools
3264 silly CHANGE node_modules/@babel/plugin-transform-react-jsx-source
3265 silly ADD node_modules/@babel/plugin-transform-react-jsx-source/node_modules/@babel/helper-plugin-utils
3266 silly CHANGE node_modules/@babel/runtime
3267 silly REMOVE node_modules/@babel/helpers
3268 silly REMOVE node_modules/@babel/parser
3269 silly REMOVE node_modules/@babel/helper-validator-identifier
3270 silly REMOVE node_modules/@babel/helper-validator-option
3271 silly CHANGE node_modules/@babel/plugin-transform-react-jsx-self
3272 silly ADD node_modules/@babel/plugin-transform-react-jsx-self/node_modules/@babel/helper-plugin-utils
3273 silly REMOVE node_modules/@babel/helper-string-parser
3274 silly REMOVE node_modules/@babel/generator
3275 silly REMOVE node_modules/@babel/helper-plugin-utils
3276 silly REMOVE node_modules/@babel/helper-module-imports
3277 silly REMOVE node_modules/@babel/helper-module-transforms
3278 silly REMOVE node_modules/@babel/helper-compilation-targets
3279 silly REMOVE node_modules/@babel/helper-globals
3280 silly REMOVE node_modules/@babel/compat-data
3281 silly CHANGE node_modules/@babel/core
3282 silly ADD node_modules/@babel/core/node_modules/@jridgewell/resolve-uri
3283 silly ADD node_modules/@babel/core/node_modules/@jridgewell/sourcemap-codec
3284 silly ADD node_modules/@babel/core/node_modules/@babel/helper-string-parser
3285 silly ADD node_modules/@babel/core/node_modules/@babel/helper-globals
3286 silly ADD node_modules/@babel/core/node_modules/@babel/helper-module-imports
3287 silly ADD node_modules/@babel/core/node_modules/lru-cache
3288 silly ADD node_modules/@babel/core/node_modules/@babel/helper-validator-option
3289 silly ADD node_modules/@babel/core/node_modules/@babel/compat-data
3290 silly ADD node_modules/@babel/core/node_modules/jsesc
3291 silly ADD node_modules/@babel/core/node_modules/@jridgewell/trace-mapping
3292 silly ADD node_modules/@babel/core/node_modules/@jridgewell/gen-mapping
3293 silly ADD node_modules/@babel/core/node_modules/js-tokens
3294 silly ADD node_modules/@babel/core/node_modules/@babel/helper-validator-identifier
3295 silly ADD node_modules/@babel/core/node_modules/semver
3296 silly ADD node_modules/@babel/core/node_modules/json5
3297 silly ADD node_modules/@babel/core/node_modules/gensync
3298 silly ADD node_modules/@babel/core/node_modules/convert-source-map
3299 silly ADD node_modules/@babel/core/node_modules/@jridgewell/remapping
3300 silly ADD node_modules/@babel/core/node_modules/@babel/types
3301 silly ADD node_modules/@babel/core/node_modules/@babel/traverse
3302 silly ADD node_modules/@babel/core/node_modules/@babel/template
3303 silly ADD node_modules/@babel/core/node_modules/@babel/parser
3304 silly ADD node_modules/@babel/core/node_modules/@babel/helpers
3305 silly ADD node_modules/@babel/core/node_modules/@babel/helper-module-transforms
3306 silly ADD node_modules/@babel/core/node_modules/@babel/helper-compilation-targets
3307 silly ADD node_modules/@babel/core/node_modules/@babel/generator
3308 silly ADD node_modules/@babel/core/node_modules/@babel/code-frame
3309 silly REMOVE node_modules/@babel/code-frame
3310 silly CHANGE node_modules/zustand
3311 silly CHANGE node_modules/ws
3312 silly CHANGE node_modules/whatwg-url
3313 silly CHANGE node_modules/vite
3314 silly ADD node_modules/vite/node_modules/rollup
3315 silly CHANGE node_modules/vite/node_modules/picomatch
3316 silly CHANGE node_modules/vite/node_modules/fdir
3317 silly CHANGE node_modules/vitest
3318 silly ADD node_modules/vitest/node_modules/rollup
3319 silly CHANGE node_modules/vitest/node_modules/@esbuild/win32-x64
3320 silly CHANGE node_modules/vitest/node_modules/@vitest/mocker
3321 silly CHANGE node_modules/vitest/node_modules/vite
3322 silly CHANGE node_modules/vitest/node_modules/esbuild
3323 silly REMOVE node_modules/update-browserslist-db
3324 silly CHANGE node_modules/undici-types
3325 silly REMOVE node_modules/uri-js
3326 silly CHANGE node_modules/typescript
3327 silly REMOVE node_modules/ts-api-utils
3328 silly REMOVE node_modules/tldts-core
3329 silly REMOVE node_modules/tldts
3330 silly CHANGE node_modules/tough-cookie
3331 silly ADD node_modules/tough-cookie/node_modules/tldts-core
3332 silly ADD node_modules/tough-cookie/node_modules/tldts
3333 silly CHANGE node_modules/tailwindcss
3334 silly ADD node_modules/tailwindcss/node_modules/is-core-module
3335 silly ADD node_modules/tailwindcss/node_modules/es-errors
3336 silly ADD node_modules/tailwindcss/node_modules/@nodelib/fs.scandir
3337 silly ADD node_modules/tailwindcss/node_modules/@nodelib/fs.walk
3338 silly ADD node_modules/tailwindcss/node_modules/jiti
3339 silly CHANGE node_modules/tailwindcss/node_modules/fast-glob
3340 silly CHANGE node_modules/tailwindcss/node_modules/fast-glob/node_modules/glob-parent
3341 silly CHANGE node_modules/tailwindcss/node_modules/resolve
3342 silly CHANGE node_modules/styled-jsx
3343 silly REMOVE node_modules/string.prototype.trimend
3344 silly CHANGE node_modules/sucrase
3345 silly ADD node_modules/sucrase/node_modules/@jridgewell/resolve-uri
3346 silly ADD node_modules/sucrase/node_modules/@jridgewell/trace-mapping
3347 silly ADD node_modules/sucrase/node_modules/@jridgewell/sourcemap-codec
3348 silly ADD node_modules/sucrase/node_modules/@jridgewell/gen-mapping
3349 silly CHANGE node_modules/strip-json-comments
3350 silly REMOVE node_modules/string.prototype.trimstart
3351 silly REMOVE node_modules/string.prototype.repeat
3352 silly REMOVE node_modules/string.prototype.includes
3353 silly REMOVE node_modules/string.prototype.trim
3354 silly REMOVE node_modules/string.prototype.matchall
3355 silly REMOVE node_modules/source-map-js
3356 silly CHANGE node_modules/sharp
3357 silly ADD node_modules/sharp/node_modules/@img/sharp-win32-x64
3358 silly CHANGE node_modules/sharp/node_modules/semver
3359 silly REMOVE node_modules/semver
3360 silly CHANGE node_modules/rrweb-cssom
3361 silly REMOVE node_modules/rollup
3362 silly REMOVE node_modules/regexp.prototype.flags
3363 silly CHANGE node_modules/redent
3364 silly CHANGE node_modules/react-refresh
3365 silly CHANGE node_modules/react
3366 silly CHANGE node_modules/react-dom
3367 silly REMOVE node_modules/prop-types
3368 silly REMOVE node_modules/prop-types/node_modules/react-is
3369 silly CHANGE node_modules/postcss-value-parser
3370 silly REMOVE node_modules/pretty-format
3371 silly REMOVE node_modules/pretty-format/node_modules/ansi-styles
3372 silly CHANGE node_modules/postcss-selector-parser
3373 silly CHANGE node_modules/postcss
3374 silly ADD node_modules/postcss/node_modules/source-map-js
3375 silly ADD node_modules/postcss/node_modules/nanoid
3376 silly CHANGE node_modules/picocolors
3377 silly CHANGE node_modules/parse5
3378 silly ADD node_modules/parse5/node_modules/entities
3379 silly CHANGE node_modules/optionator
3380 silly ADD node_modules/optionator/node_modules/levn
3381 silly REMOVE node_modules/object.values
3382 silly REMOVE node_modules/object.assign
3383 silly REMOVE node_modules/object.groupby
3384 silly REMOVE node_modules/object.entries
3385 silly REMOVE node_modules/object.fromentries
3386 silly REMOVE node_modules/node-releases
3387 silly REMOVE node_modules/nanoid
3388 silly CHANGE node_modules/next
3389 silly ADD node_modules/next/node_modules/source-map-js
3390 silly ADD node_modules/next/node_modules/nanoid
3391 silly CHANGE node_modules/next/node_modules/postcss
3392 silly REMOVE node_modules/node-exports-info
3393 silly REMOVE node_modules/levn
3394 silly CHANGE node_modules/motion-dom
3395 silly CHANGE node_modules/minimatch
3396 silly REMOVE node_modules/lz-string
3397 silly REMOVE node_modules/lru-cache
3398 silly CHANGE node_modules/lucide-react
3399 silly REMOVE node_modules/jsx-ast-utils
3400 silly CHANGE node_modules/js-yaml
3401 silly REMOVE node_modules/json5
3402 silly REMOVE node_modules/jiti
3403 silly CHANGE node_modules/jsdom
3404 silly REMOVE node_modules/jsesc
3405 silly CHANGE node_modules/import-fresh
3406 silly CHANGE node_modules/ignore
3407 silly REMOVE node_modules/globalthis
3408 silly CHANGE node_modules/globals
3409 silly REMOVE node_modules/gensync
3410 silly CHANGE node_modules/fraction.js
3411 silly CHANGE node_modules/framer-motion
3412 silly CHANGE node_modules/file-entry-cache
3413 silly REMOVE node_modules/fast-glob
3414 silly REMOVE node_modules/fast-glob/node_modules/glob-parent
3415 silly REMOVE node_modules/fast-json-stable-stringify
3416 silly CHANGE node_modules/fast-deep-equal
3417 silly CHANGE node_modules/espree
3418 silly CHANGE node_modules/esquery
3419 silly CHANGE node_modules/eslint-visitor-keys
3420 silly CHANGE node_modules/eslint-scope
3421 silly CHANGE node_modules/eslint-plugin-react-hooks
3422 silly CHANGE node_modules/eslint-plugin-import
3423 silly ADD node_modules/eslint-plugin-import/node_modules/es-abstract-get
3424 silly ADD node_modules/eslint-plugin-import/node_modules/string.prototype.trimstart
3425 silly ADD node_modules/eslint-plugin-import/node_modules/string.prototype.trim
3426 silly ADD node_modules/eslint-plugin-import/node_modules/regexp.prototype.flags
3427 silly ADD node_modules/eslint-plugin-import/node_modules/object.assign
3428 silly ADD node_modules/eslint-plugin-import/node_modules/object-inspect
3429 silly ADD node_modules/eslint-plugin-import/node_modules/internal-slot
3430 silly ADD node_modules/eslint-plugin-import/node_modules/has-symbols
3431 silly ADD node_modules/eslint-plugin-import/node_modules/has-proto
3432 silly ADD node_modules/eslint-plugin-import/node_modules/globalthis
3433 silly ADD node_modules/eslint-plugin-import/node_modules/function.prototype.name
3434 silly ADD node_modules/eslint-plugin-import/node_modules/es-to-primitive
3435 silly ADD node_modules/eslint-plugin-import/node_modules/arraybuffer.prototype.slice
3436 silly ADD node_modules/eslint-plugin-import/node_modules/function-bind
3437 silly ADD node_modules/eslint-plugin-import/node_modules/call-bind-apply-helpers
3438 silly ADD node_modules/eslint-plugin-import/node_modules/es-errors
3439 silly ADD node_modules/eslint-plugin-import/node_modules/math-intrinsics
3440 silly ADD node_modules/eslint-plugin-import/node_modules/es-object-atoms
3441 silly ADD node_modules/eslint-plugin-import/node_modules/es-abstract
3442 silly ADD node_modules/eslint-plugin-import/node_modules/call-bind
3443 silly ADD node_modules/eslint-plugin-import/node_modules/string.prototype.trimend
3444 silly ADD node_modules/eslint-plugin-import/node_modules/semver
3445 silly ADD node_modules/eslint-plugin-import/node_modules/object.values
3446 silly ADD node_modules/eslint-plugin-import/node_modules/object.groupby
3447 silly ADD node_modules/eslint-plugin-import/node_modules/object.fromentries
3448 silly ADD node_modules/eslint-plugin-import/node_modules/is-core-module
3449 silly ADD node_modules/eslint-plugin-import/node_modules/eslint-module-utils
3450 silly ADD node_modules/eslint-plugin-import/node_modules/array.prototype.flatmap
3451 silly ADD node_modules/eslint-plugin-import/node_modules/array.prototype.flat
3452 silly ADD node_modules/eslint-plugin-import/node_modules/array.prototype.findlastindex
3453 silly ADD node_modules/eslint-plugin-import/node_modules/array-includes
3454 silly CHANGE node_modules/eslint-plugin-import/node_modules/debug
3455 silly REMOVE node_modules/eslint-import-resolver-typescript
3456 silly CHANGE node_modules/eslint-plugin-react
3457 silly ADD node_modules/eslint-plugin-react/node_modules/node-exports-info
3458 silly ADD node_modules/eslint-plugin-react/node_modules/is-core-module
3459 silly ADD node_modules/eslint-plugin-react/node_modules/react-is
3460 silly ADD node_modules/eslint-plugin-react/node_modules/array.prototype.flat
3461 silly ADD node_modules/eslint-plugin-react/node_modules/es-abstract-get
3462 silly ADD node_modules/eslint-plugin-react/node_modules/string.prototype.trimstart
3463 silly ADD node_modules/eslint-plugin-react/node_modules/string.prototype.trimend
3464 silly ADD node_modules/eslint-plugin-react/node_modules/string.prototype.trim
3465 silly ADD node_modules/eslint-plugin-react/node_modules/regexp.prototype.flags
3466 silly ADD node_modules/eslint-plugin-react/node_modules/object.assign
3467 silly ADD node_modules/eslint-plugin-react/node_modules/object-inspect
3468 silly ADD node_modules/eslint-plugin-react/node_modules/internal-slot
3469 silly ADD node_modules/eslint-plugin-react/node_modules/has-symbols
3470 silly ADD node_modules/eslint-plugin-react/node_modules/has-proto
3471 silly ADD node_modules/eslint-plugin-react/node_modules/globalthis
3472 silly ADD node_modules/eslint-plugin-react/node_modules/function.prototype.name
3473 silly ADD node_modules/eslint-plugin-react/node_modules/es-to-primitive
3474 silly ADD node_modules/eslint-plugin-react/node_modules/arraybuffer.prototype.slice
3475 silly ADD node_modules/eslint-plugin-react/node_modules/function-bind
3476 silly ADD node_modules/eslint-plugin-react/node_modules/call-bind-apply-helpers
3477 silly ADD node_modules/eslint-plugin-react/node_modules/es-errors
3478 silly ADD node_modules/eslint-plugin-react/node_modules/math-intrinsics
3479 silly ADD node_modules/eslint-plugin-react/node_modules/es-object-atoms
3480 silly ADD node_modules/eslint-plugin-react/node_modules/es-abstract
3481 silly ADD node_modules/eslint-plugin-react/node_modules/call-bind
3482 silly ADD node_modules/eslint-plugin-react/node_modules/string.prototype.repeat
3483 silly ADD node_modules/eslint-plugin-react/node_modules/string.prototype.matchall
3484 silly ADD node_modules/eslint-plugin-react/node_modules/semver
3485 silly ADD node_modules/eslint-plugin-react/node_modules/resolve
3486 silly ADD node_modules/eslint-plugin-react/node_modules/prop-types
3487 silly ADD node_modules/eslint-plugin-react/node_modules/object.values
3488 silly ADD node_modules/eslint-plugin-react/node_modules/object.fromentries
3489 silly ADD node_modules/eslint-plugin-react/node_modules/object.entries
3490 silly ADD node_modules/eslint-plugin-react/node_modules/jsx-ast-utils
3491 silly ADD node_modules/eslint-plugin-react/node_modules/es-iterator-helpers
3492 silly ADD node_modules/eslint-plugin-react/node_modules/array.prototype.tosorted
3493 silly ADD node_modules/eslint-plugin-react/node_modules/array.prototype.flatmap
3494 silly ADD node_modules/eslint-plugin-react/node_modules/array.prototype.findlast
3495 silly ADD node_modules/eslint-plugin-react/node_modules/array-includes
3496 silly CHANGE node_modules/eslint-plugin-jsx-a11y
3497 silly ADD node_modules/eslint-plugin-jsx-a11y/node_modules/object.values
3498 silly ADD node_modules/eslint-plugin-jsx-a11y/node_modules/array.prototype.flat
3499 silly ADD node_modules/eslint-plugin-jsx-a11y/node_modules/es-abstract-get
3500 silly ADD node_modules/eslint-plugin-jsx-a11y/node_modules/string.prototype.trimstart
3501 silly ADD node_modules/eslint-plugin-jsx-a11y/node_modules/string.prototype.trimend
3502 silly ADD node_modules/eslint-plugin-jsx-a11y/node_modules/string.prototype.trim
3503 silly ADD node_modules/eslint-plugin-jsx-a11y/node_modules/regexp.prototype.flags
3504 silly ADD node_modules/eslint-plugin-jsx-a11y/node_modules/object.assign
3505 silly ADD node_modules/eslint-plugin-jsx-a11y/node_modules/object-inspect
3506 silly ADD node_modules/eslint-plugin-jsx-a11y/node_modules/internal-slot
3507 silly ADD node_modules/eslint-plugin-jsx-a11y/node_modules/has-symbols
3508 silly ADD node_modules/eslint-plugin-jsx-a11y/node_modules/has-proto
3509 silly ADD node_modules/eslint-plugin-jsx-a11y/node_modules/globalthis
3510 silly ADD node_modules/eslint-plugin-jsx-a11y/node_modules/function.prototype.name
3511 silly ADD node_modules/eslint-plugin-jsx-a11y/node_modules/es-to-primitive
3512 silly ADD node_modules/eslint-plugin-jsx-a11y/node_modules/arraybuffer.prototype.slice
3513 silly ADD node_modules/eslint-plugin-jsx-a11y/node_modules/function-bind
3514 silly ADD node_modules/eslint-plugin-jsx-a11y/node_modules/es-errors
3515 silly ADD node_modules/eslint-plugin-jsx-a11y/node_modules/call-bind-apply-helpers
3516 silly ADD node_modules/eslint-plugin-jsx-a11y/node_modules/math-intrinsics
3517 silly ADD node_modules/eslint-plugin-jsx-a11y/node_modules/es-object-atoms
3518 silly ADD node_modules/eslint-plugin-jsx-a11y/node_modules/es-abstract
3519 silly ADD node_modules/eslint-plugin-jsx-a11y/node_modules/call-bind
3520 silly ADD node_modules/eslint-plugin-jsx-a11y/node_modules/string.prototype.includes
3521 silly ADD node_modules/eslint-plugin-jsx-a11y/node_modules/object.fromentries
3522 silly ADD node_modules/eslint-plugin-jsx-a11y/node_modules/jsx-ast-utils
3523 silly ADD node_modules/eslint-plugin-jsx-a11y/node_modules/axobject-query
3524 silly ADD node_modules/eslint-plugin-jsx-a11y/node_modules/axe-core
3525 silly ADD node_modules/eslint-plugin-jsx-a11y/node_modules/array.prototype.flatmap
3526 silly ADD node_modules/eslint-plugin-jsx-a11y/node_modules/array-includes
3527 silly CHANGE node_modules/eslint-plugin-jsx-a11y/node_modules/aria-query
3528 silly CHANGE node_modules/eslint
3529 silly REMOVE node_modules/eslint-module-utils
3530 silly REMOVE node_modules/eslint-module-utils/node_modules/debug
3531 silly CHANGE node_modules/eslint-config-next
3532 silly ADD node_modules/eslint-config-next/node_modules/eslint-import-resolver-typescript
3533 silly REMOVE node_modules/es-to-primitive
3534 silly REMOVE node_modules/es-iterator-helpers
3535 silly REMOVE node_modules/entities
3536 silly REMOVE node_modules/es-abstract-get
3537 silly REMOVE node_modules/electron-to-chromium
3538 silly REMOVE node_modules/dom-accessibility-api
3539 silly REMOVE node_modules/dequal
3540 silly CHANGE node_modules/debug
3541 silly REMOVE node_modules/d3-zoom
3542 silly REMOVE node_modules/d3-drag
3543 silly REMOVE node_modules/d3-timer
3544 silly REMOVE node_modules/d3-selection
3545 silly REMOVE node_modules/d3-transition
3546 silly REMOVE node_modules/d3-interpolate
3547 silly REMOVE node_modules/d3-color
3548 silly REMOVE node_modules/d3-ease
3549 silly REMOVE node_modules/d3-dispatch
3550 silly CHANGE node_modules/cssstyle
3551 silly ADD node_modules/cssstyle/node_modules/lru-cache
3552 silly ADD node_modules/cssstyle/node_modules/@asamuzakjp/css-color
3553 silly CHANGE node_modules/cssstyle/node_modules/rrweb-cssom
3554 silly REMOVE node_modules/csstype
3555 silly CHANGE node_modules/cross-spawn
3556 silly ADD node_modules/cross-spawn/node_modules/which
3557 silly CHANGE node_modules/css.escape
3558 silly REMOVE node_modules/convert-source-map
3559 silly CHANGE node_modules/classcat
3560 silly CHANGE node_modules/chalk
3561 silly CHANGE node_modules/chai
3562 silly ADD node_modules/chai/node_modules/loupe
3563 silly CHANGE node_modules/caniuse-lite
3564 silly CHANGE node_modules/browserslist
3565 silly ADD node_modules/browserslist/node_modules/update-browserslist-db
3566 silly ADD node_modules/browserslist/node_modules/node-releases
3567 silly ADD node_modules/browserslist/node_modules/electron-to-chromium
3568 silly ADD node_modules/browserslist/node_modules/baseline-browser-mapping
3569 silly REMOVE node_modules/baseline-browser-mapping
3570 silly REMOVE node_modules/axobject-query
3571 silly REMOVE node_modules/axe-core
3572 silly CHANGE node_modules/autoprefixer
3573 silly REMOVE node_modules/arraybuffer.prototype.slice
3574 silly REMOVE node_modules/array.prototype.tosorted
3575 silly REMOVE node_modules/array.prototype.flatmap
3576 silly REMOVE node_modules/array.prototype.flat
3577 silly REMOVE node_modules/array.prototype.findlast
3578 silly REMOVE node_modules/array-includes
3579 silly CHANGE node_modules/aria-query
3580 silly ADD node_modules/aria-query/node_modules/dequal
3581 silly REMOVE node_modules/array.prototype.findlastindex
3582 silly CHANGE node_modules/ajv
3583 silly ADD node_modules/ajv/node_modules/uri-js
3584 silly ADD node_modules/ajv/node_modules/fast-json-stable-stringify
3585 warn allow-scripts 4 packages have install scripts not yet covered by allowScripts:
3585 warn allow-scripts   esbuild@0.25.12 (postinstall: node install.js)
3585 warn allow-scripts   unrs-resolver@1.12.2 (postinstall: node postinstall.js)
3585 warn allow-scripts   sharp@0.34.5 (install: node install/check.js || npm run build)
3585 warn allow-scripts   esbuild@0.21.5 (postinstall: node install.js)
3585 warn allow-scripts
3585 warn allow-scripts Run `npm approve-scripts --allow-scripts-pending` to review, or `npm approve-scripts <pkg>` to allow.
3586 verbose cwd D:\Axion\dashboard
3587 verbose os Windows_NT 10.0.26200
3588 verbose node v24.18.0
3589 verbose npm  v11.16.0
3590 verbose exit 0
3591 info ok
